2025-10-06 10:59:58,404 - __main__ - INFO - Starting...
2025-10-06 11:00:50,121 - matplotlib.pyplot - DEBUG - Loaded backend qtagg version 5.15.11.
2025-10-06 11:00:52,863 - ui.main_window - ERROR - Không tìm thấy file cấu hình: /Users/longlh123/Languages/GitHub/IPSOS-VINCENZO-2025/database/dataset_techcombank_config.json
2025-10-06 11:01:22,650 - ui.main_window - ERROR - Không tìm thấy file cấu hình: /Users/longlh123/Languages/GitHub/IPSOS-VINCENZO-2025/database/dataset_techcombank_config.json
2025-10-06 11:02:20,069 - matplotlib.font_manager - DEBUG - findfont: Matching sans\-serif:style=normal:variant=normal:weight=normal:stretch=normal:size=10.0.
2025-10-06 11:02:20,071 - matplotlib.font_manager - DEBUG - findfont: score(FontEntry(fname='/Users/longlh123/Languages/GitHub/IPSOS-VINCENZO-2025/env/lib/python3.10/site-packages/matplotlib/mpl-data/fonts/ttf/STIXNonUniBolIta.ttf', name='STIXNonUnicode', style='italic', variant='normal', weight=700, stretch='normal', size='scalable')) = 11.335
2025-10-06 11:02:20,072 - matplotlib.font_manager - DEBUG - findfont: score(FontEntry(fname='/Users/longlh123/Languages/GitHub/IPSOS-VINCENZO-2025/env/lib/python3.10/site-packages/matplotlib/mpl-data/fonts/ttf/STIXSizTwoSymReg.ttf', name='STIXSizeTwoSym', style='normal', variant='normal', weight=400, stretch='normal', size='scalable')) = 10.05
2025-10-06 11:02:20,072 - matplotlib.font_manager - DEBUG - findfont: score(FontEntry(fname='/Users/longlh123/Languages/GitHub/IPSOS-VINCENZO-2025/env/lib/python3.10/site-packages/matplotlib/mpl-data/fonts/ttf/STIXGeneralItalic.ttf', name='STIXGeneral', style='italic', variant='normal', weight=400, stretch='normal', size='scalable')) = 11.05
2025-10-06 11:02:20,073 - matplotlib.font_manager - DEBUG - findfont: score(FontEntry(fname='/Users/longlh123/Languages/GitHub/IPSOS-VINCENZO-2025/env/lib/python3.10/site-packages/matplotlib/mpl-data/fonts/ttf/STIXSizTwoSymBol.ttf', name='STIXSizeTwoSym', style='normal', variant='normal', weight=700, stretch='normal', size='scalable')) = 10.335
2025-10-06 11:02:20,073 - matplotlib.font_manager - DEBUG - findfont: score(FontEntry(fname='/Users/longlh123/Languages/GitHub/IPSOS-VINCENZO-2025/env/lib/python3.10/site-packages/matplotlib/mpl-data/fonts/ttf/cmtt10.ttf', name='cmtt10', style='normal', variant='normal', weight=400, stretch='normal', size='scalable')) = 10.05
2025-10-06 11:02:20,073 - matplotlib.font_manager - DEBUG - findfont: score(FontEntry(fname='/Users/longlh123/Languages/GitHub/IPSOS-VINCENZO-2025/env/lib/python3.10/site-packages/matplotlib/mpl-data/fonts/ttf/DejaVuSansMono-Oblique.ttf', name='DejaVu Sans Mono', style='oblique', variant='normal', weight=400, stretch='normal', size='scalable')) = 11.05
2025-10-06 11:02:20,074 - matplotlib.font_manager - DEBUG - findfont: score(FontEntry(fname='/Users/longlh123/Languages/GitHub/IPSOS-VINCENZO-2025/env/lib/python3.10/site-packages/matplotlib/mpl-data/fonts/ttf/DejaVuSansMono-BoldOblique.ttf', name='DejaVu Sans Mono', style='oblique', variant='normal', weight=700, stretch='normal', size='scalable')) = 11.335
2025-10-06 11:02:20,074 - matplotlib.font_manager - DEBUG - findfont: score(FontEntry(fname='/Users/longlh123/Languages/GitHub/IPSOS-VINCENZO-2025/env/lib/python3.10/site-packages/matplotlib/mpl-data/fonts/ttf/cmsy10.ttf', name='cmsy10', style='normal', variant='normal', weight=400, stretch='normal', size='scalable')) = 10.05
2025-10-06 11:02:20,074 - matplotlib.font_manager - DEBUG - findfont: score(FontEntry(fname='/Users/longlh123/Languages/GitHub/IPSOS-VINCENZO-2025/env/lib/python3.10/site-packages/matplotlib/mpl-data/fonts/ttf/STIXNonUni.ttf', name='STIXNonUnicode', style='normal', variant='normal', weight=400, stretch='normal', size='scalable')) = 10.05
2025-10-06 11:02:20,075 - matplotlib.font_manager - DEBUG - findfont: score(FontEntry(fname='/Users/longlh123/Languages/GitHub/IPSOS-VINCENZO-2025/env/lib/python3.10/site-packages/matplotlib/mpl-data/fonts/ttf/cmex10.ttf', name='cmex10', style='normal', variant='normal', weight=400, stretch='normal', size='scalable')) = 10.05
2025-10-06 11:02:20,075 - matplotlib.font_manager - DEBUG - findfont: score(FontEntry(fname='/Users/longlh123/Languages/GitHub/IPSOS-VINCENZO-2025/env/lib/python3.10/site-packages/matplotlib/mpl-data/fonts/ttf/DejaVuSerif.ttf', name='DejaVu Serif', style='normal', variant='normal', weight=400, stretch='normal', size='scalable')) = 10.05
2025-10-06 11:02:20,075 - matplotlib.font_manager - DEBUG - findfont: score(FontEntry(fname='/Users/longlh123/Languages/GitHub/IPSOS-VINCENZO-2025/env/lib/python3.10/site-packages/matplotlib/mpl-data/fonts/ttf/STIXSizOneSymReg.ttf', name='STIXSizeOneSym', style='normal', variant='normal', weight=400, stretch='normal', size='scalable')) = 10.05
2025-10-06 11:02:20,075 - matplotlib.font_manager - DEBUG - findfont: score(FontEntry(fname='/Users/longlh123/Languages/GitHub/IPSOS-VINCENZO-2025/env/lib/python3.10/site-packages/matplotlib/mpl-data/fonts/ttf/DejaVuSerifDisplay.ttf', name='DejaVu Serif Display', style='normal', variant='normal', weight=400, stretch='normal', size='scalable')) = 10.05
2025-10-06 11:02:20,076 - matplotlib.font_manager - DEBUG - findfont: score(FontEntry(fname='/Users/longlh123/Languages/GitHub/IPSOS-VINCENZO-2025/env/lib/python3.10/site-packages/matplotlib/mpl-data/fonts/ttf/DejaVuSansMono.ttf', name='DejaVu Sans Mono', style='normal', variant='normal', weight=400, stretch='normal', size='scalable')) = 10.05
2025-10-06 11:02:20,076 - matplotlib.font_manager - DEBUG - findfont: score(FontEntry(fname='/Users/longlh123/Languages/GitHub/IPSOS-VINCENZO-2025/env/lib/python3.10/site-packages/matplotlib/mpl-data/fonts/ttf/cmmi10.ttf', name='cmmi10', style='normal', variant='normal', weight=400, stretch='normal', size='scalable')) = 10.05
2025-10-06 11:02:20,076 - matplotlib.font_manager - DEBUG - findfont: score(FontEntry(fname='/Users/longlh123/Languages/GitHub/IPSOS-VINCENZO-2025/env/lib/python3.10/site-packages/matplotlib/mpl-data/fonts/ttf/DejaVuSans-BoldOblique.ttf', name='DejaVu Sans', style='oblique', variant='normal', weight=700, stretch='normal', size='scalable')) = 1.335
2025-10-06 11:02:20,077 - matplotlib.font_manager - DEBUG - findfont: score(FontEntry(fname='/Users/longlh123/Languages/GitHub/IPSOS-VINCENZO-2025/env/lib/python3.10/site-packages/matplotlib/mpl-data/fonts/ttf/DejaVuSerif-Bold.ttf', name='DejaVu Serif', style='normal', variant='normal', weight=700, stretch='normal', size='scalable')) = 10.335
2025-10-06 11:02:20,077 - matplotlib.font_manager - DEBUG - findfont: score(FontEntry(fname='/Users/longlh123/Languages/GitHub/IPSOS-VINCENZO-2025/env/lib/python3.10/site-packages/matplotlib/mpl-data/fonts/ttf/DejaVuSerif-Italic.ttf', name='DejaVu Serif', style='italic', variant='normal', weight=400, stretch='normal', size='scalable')) = 11.05
2025-10-06 11:02:20,077 - matplotlib.font_manager - DEBUG - findfont: score(FontEntry(fname='/Users/longlh123/Languages/GitHub/IPSOS-VINCENZO-2025/env/lib/python3.10/site-packages/matplotlib/mpl-data/fonts/ttf/DejaVuSans-Bold.ttf', name='DejaVu Sans', style='normal', variant='normal', weight=700, stretch='normal', size='scalable')) = 0.33499999999999996
2025-10-06 11:02:20,077 - matplotlib.font_manager - DEBUG - findfont: score(FontEntry(fname='/Users/longlh123/Languages/GitHub/IPSOS-VINCENZO-2025/env/lib/python3.10/site-packages/matplotlib/mpl-data/fonts/ttf/STIXSizOneSymBol.ttf', name='STIXSizeOneSym', style='normal', variant='normal', weight=700, stretch='normal', size='scalable')) = 10.335
2025-10-06 11:02:20,077 - matplotlib.font_manager - DEBUG - findfont: score(FontEntry(fname='/Users/longlh123/Languages/GitHub/IPSOS-VINCENZO-2025/env/lib/python3.10/site-packages/matplotlib/mpl-data/fonts/ttf/STIXSizThreeSymBol.ttf', name='STIXSizeThreeSym', style='normal', variant='normal', weight=700, stretch='normal', size='scalable')) = 10.335
2025-10-06 11:02:20,078 - matplotlib.font_manager - DEBUG - findfont: score(FontEntry(fname='/Users/longlh123/Languages/GitHub/IPSOS-VINCENZO-2025/env/lib/python3.10/site-packages/matplotlib/mpl-data/fonts/ttf/STIXGeneralBol.ttf', name='STIXGeneral', style='normal', variant='normal', weight=700, stretch='normal', size='scalable')) = 10.335
2025-10-06 11:02:20,078 - matplotlib.font_manager - DEBUG - findfont: score(FontEntry(fname='/Users/longlh123/Languages/GitHub/IPSOS-VINCENZO-2025/env/lib/python3.10/site-packages/matplotlib/mpl-data/fonts/ttf/cmb10.ttf', name='cmb10', style='normal', variant='normal', weight=400, stretch='normal', size='scalable')) = 10.05
2025-10-06 11:02:20,078 - matplotlib.font_manager - DEBUG - findfont: score(FontEntry(fname='/Users/longlh123/Languages/GitHub/IPSOS-VINCENZO-2025/env/lib/python3.10/site-packages/matplotlib/mpl-data/fonts/ttf/STIXGeneral.ttf', name='STIXGeneral', style='normal', variant='normal', weight=400, stretch='normal', size='scalable')) = 10.05
2025-10-06 11:02:20,079 - matplotlib.font_manager - DEBUG - findfont: score(FontEntry(fname='/Users/longlh123/Languages/GitHub/IPSOS-VINCENZO-2025/env/lib/python3.10/site-packages/matplotlib/mpl-data/fonts/ttf/STIXGeneralBolIta.ttf', name='STIXGeneral', style='italic', variant='normal', weight=700, stretch='normal', size='scalable')) = 11.335
2025-10-06 11:02:20,080 - matplotlib.font_manager - DEBUG - findfont: score(FontEntry(fname='/Users/longlh123/Languages/GitHub/IPSOS-VINCENZO-2025/env/lib/python3.10/site-packages/matplotlib/mpl-data/fonts/ttf/STIXSizThreeSymReg.ttf', name='STIXSizeThreeSym', style='normal', variant='normal', weight=400, stretch='normal', size='scalable')) = 10.05
2025-10-06 11:02:20,080 - matplotlib.font_manager - DEBUG - findfont: score(FontEntry(fname='/Users/longlh123/Languages/GitHub/IPSOS-VINCENZO-2025/env/lib/python3.10/site-packages/matplotlib/mpl-data/fonts/ttf/DejaVuSans.ttf', name='DejaVu Sans', style='normal', variant='normal', weight=400, stretch='normal', size='scalable')) = 0.05
2025-10-06 11:02:20,081 - matplotlib.font_manager - DEBUG - findfont: score(FontEntry(fname='/Users/longlh123/Languages/GitHub/IPSOS-VINCENZO-2025/env/lib/python3.10/site-packages/matplotlib/mpl-data/fonts/ttf/STIXNonUniIta.ttf', name='STIXNonUnicode', style='italic', variant='normal', weight=400, stretch='normal', size='scalable')) = 11.05
2025-10-06 11:02:20,081 - matplotlib.font_manager - DEBUG - findfont: score(FontEntry(fname='/Users/longlh123/Languages/GitHub/IPSOS-VINCENZO-2025/env/lib/python3.10/site-packages/matplotlib/mpl-data/fonts/ttf/STIXSizFourSymReg.ttf', name='STIXSizeFourSym', style='normal', variant='normal', weight=400, stretch='normal', size='scalable')) = 10.05
2025-10-06 11:02:20,081 - matplotlib.font_manager - DEBUG - findfont: score(FontEntry(fname='/Users/longlh123/Languages/GitHub/IPSOS-VINCENZO-2025/env/lib/python3.10/site-packages/matplotlib/mpl-data/fonts/ttf/cmss10.ttf', name='cmss10', style='normal', variant='normal', weight=400, stretch='normal', size='scalable')) = 10.05
2025-10-06 11:02:20,082 - matplotlib.font_manager - DEBUG - findfont: score(FontEntry(fname='/Users/longlh123/Languages/GitHub/IPSOS-VINCENZO-2025/env/lib/python3.10/site-packages/matplotlib/mpl-data/fonts/ttf/DejaVuSans-Oblique.ttf', name='DejaVu Sans', style='oblique', variant='normal', weight=400, stretch='normal', size='scalable')) = 1.05
2025-10-06 11:02:20,084 - matplotlib.font_manager - DEBUG - findfont: score(FontEntry(fname='/Users/longlh123/Languages/GitHub/IPSOS-VINCENZO-2025/env/lib/python3.10/site-packages/matplotlib/mpl-data/fonts/ttf/DejaVuSansMono-Bold.ttf', name='DejaVu Sans Mono', style='normal', variant='normal', weight=700, stretch='normal', size='scalable')) = 10.335
2025-10-06 11:02:20,084 - matplotlib.font_manager - DEBUG - findfont: score(FontEntry(fname='/Users/longlh123/Languages/GitHub/IPSOS-VINCENZO-2025/env/lib/python3.10/site-packages/matplotlib/mpl-data/fonts/ttf/cmr10.ttf', name='cmr10', style='normal', variant='normal', weight=400, stretch='normal', size='scalable')) = 10.05
2025-10-06 11:02:20,085 - matplotlib.font_manager - DEBUG - findfont: score(FontEntry(fname='/Users/longlh123/Languages/GitHub/IPSOS-VINCENZO-2025/env/lib/python3.10/site-packages/matplotlib/mpl-data/fonts/ttf/DejaVuSerif-BoldItalic.ttf', name='DejaVu Serif', style='italic', variant='normal', weight=700, stretch='normal', size='scalable')) = 11.335
2025-10-06 11:02:20,085 - matplotlib.font_manager - DEBUG - findfont: score(FontEntry(fname='/Users/longlh123/Languages/GitHub/IPSOS-VINCENZO-2025/env/lib/python3.10/site-packages/matplotlib/mpl-data/fonts/ttf/DejaVuSansDisplay.ttf', name='DejaVu Sans Display', style='normal', variant='normal', weight=400, stretch='normal', size='scalable')) = 10.05
2025-10-06 11:02:20,085 - matplotlib.font_manager - DEBUG - findfont: score(FontEntry(fname='/Users/longlh123/Languages/GitHub/IPSOS-VINCENZO-2025/env/lib/python3.10/site-packages/matplotlib/mpl-data/fonts/ttf/STIXNonUniBol.ttf', name='STIXNonUnicode', style='normal', variant='normal', weight=700, stretch='normal', size='scalable')) = 10.335
2025-10-06 11:02:20,086 - matplotlib.font_manager - DEBUG - findfont: score(FontEntry(fname='/Users/longlh123/Languages/GitHub/IPSOS-VINCENZO-2025/env/lib/python3.10/site-packages/matplotlib/mpl-data/fonts/ttf/STIXSizFiveSymReg.ttf', name='STIXSizeFiveSym', style='normal', variant='normal', weight=400, stretch='normal', size='scalable')) = 10.05
2025-10-06 11:02:20,087 - matplotlib.font_manager - DEBUG - findfont: score(FontEntry(fname='/Users/longlh123/Languages/GitHub/IPSOS-VINCENZO-2025/env/lib/python3.10/site-packages/matplotlib/mpl-data/fonts/ttf/STIXSizFourSymBol.ttf', name='STIXSizeFourSym', style='normal', variant='normal', weight=700, stretch='normal', size='scalable')) = 10.335
2025-10-06 11:02:20,087 - matplotlib.font_manager - DEBUG - findfont: score(FontEntry(fname='/System/Library/Fonts/NewYork.ttf', name='.New York', style='normal', variant='normal', weight=400, stretch='normal', size='scalable')) = 10.05
2025-10-06 11:02:20,088 - matplotlib.font_manager - DEBUG - findfont: score(FontEntry(fname='/System/Library/Fonts/Supplemental/NotoSansPsalterPahlavi-Regular.ttf', name='Noto Sans Psalter Pahlavi', style='normal', variant='normal', weight=400, stretch='normal', size='scalable')) = 10.05
2025-10-06 11:02:20,088 - matplotlib.font_manager - DEBUG - findfont: score(FontEntry(fname='/System/Library/Fonts/Hiragino Sans GB.ttc', name='Hiragino Sans GB', style='normal', variant='normal', weight=300, stretch='normal', size='scalable')) = 10.145
2025-10-06 11:02:20,089 - matplotlib.font_manager - DEBUG - findfont: score(FontEntry(fname='/System/Library/Fonts/Supplemental/Futura.ttc', name='Futura', style='normal', variant='normal', weight=500, stretch='normal', size='scalable')) = 10.145
2025-10-06 11:02:20,089 - matplotlib.font_manager - DEBUG - findfont: score(FontEntry(fname='/Library/Fonts/VKUNM.TTF', name='VNI-Kun', style='normal', variant='normal', weight=400, stretch='normal', size='scalable')) = 10.05
2025-10-06 11:02:20,090 - matplotlib.font_manager - DEBUG - findfont: score(FontEntry(fname='/System/Library/Fonts/Keyboard.ttf', name='.Keyboard', style='normal', variant='normal', weight=100, stretch='normal', size='scalable')) = 10.335
2025-10-06 11:02:20,090 - matplotlib.font_manager - DEBUG - findfont: score(FontEntry(fname='/Library/Fonts/VNAVANB.TTF', name='.VnAvant', style='normal', variant='normal', weight=700, stretch='normal', size='scalable')) = 10.335
2025-10-06 11:02:20,090 - matplotlib.font_manager - DEBUG - findfont: score(FontEntry(fname='/System/Library/Fonts/Supplemental/NotoSansBhaiksuki-Regular.ttf', name='Noto Sans Bhaiksuki', style='normal', variant='normal', weight=400, stretch='normal', size='scalable')) = 10.05
2025-10-06 11:02:20,091 - matplotlib.font_manager - DEBUG - findfont: score(FontEntry(fname='/Library/Fonts/VMURRAYN.TTF', name='VNI-Murray', style='normal', variant='normal', weight=400, stretch='normal', size='scalable')) = 10.05
2025-10-06 11:02:20,091 - matplotlib.font_manager - DEBUG - findfont: score(FontEntry(fname='/Library/Fonts/VHTIMEBI.TTF', name='.VnTimeH', style='italic', variant='normal', weight=700, stretch='normal', size='scalable')) = 11.335
2025-10-06 11:02:20,091 - matplotlib.font_manager - DEBUG - findfont: score(FontEntry(fname='/Library/Fonts/VHARIS.TTF', name='.VnAristoteH', style='normal', variant='normal', weight=500, stretch='normal', size='scalable')) = 10.145
2025-10-06 11:02:20,092 - matplotlib.font_manager - DEBUG - findfont: score(FontEntry(fname='/System/Library/Fonts/Supplemental/Courier New.ttf', name='Courier New', style='normal', variant='normal', weight=400, stretch='normal', size='scalable')) = 10.05
2025-10-06 11:02:20,092 - matplotlib.font_manager - DEBUG - findfont: score(FontEntry(fname='/System/Library/Fonts/Supplemental/NotoSansAdlam-Regular.ttf', name='Noto Sans Adlam', style='normal', variant='normal', weight=400, stretch='normal', size='scalable')) = 10.05
2025-10-06 11:02:20,092 - matplotlib.font_manager - DEBUG - findfont: score(FontEntry(fname='/Library/Fonts/VBROADW.TTF', name='VNI-Broad', style='normal', variant='normal', weight=400, stretch='normal', size='scalable')) = 10.05
2025-10-06 11:02:20,093 - matplotlib.font_manager - DEBUG - findfont: score(FontEntry(fname='/Library/Fonts/VARISON.TTF', name='VNI-Ariston', style='italic', variant='normal', weight=800, stretch='normal', size='scalable')) = 11.43
2025-10-06 11:02:20,093 - matplotlib.font_manager - DEBUG - findfont: score(FontEntry(fname='/System/Library/Fonts/Supplemental/Kailasa.ttc', name='Kailasa', style='normal', variant='normal', weight=400, stretch='normal', size='scalable')) = 10.05
2025-10-06 11:02:20,093 - matplotlib.font_manager - DEBUG - findfont: score(FontEntry(fname='/System/Library/Fonts/NotoSerifMyanmar.ttc', name='Noto Serif Myanmar', style='normal', variant='normal', weight=900, stretch='normal', size='scalable')) = 10.525
2025-10-06 11:02:20,094 - matplotlib.font_manager - DEBUG - findfont: score(FontEntry(fname='/Library/Fonts/VNCENTN.TTF', name='.VnCentury Schoolbook', style='normal', variant='normal', weight=400, stretch='normal', size='scalable')) = 10.05
2025-10-06 11:02:20,094 - matplotlib.font_manager - DEBUG - findfont: score(FontEntry(fname='/System/Library/Fonts/ヒラギノ角ゴシック W0.ttc', name='Hiragino Sans', style='normal', variant='normal', weight=100, stretch='normal', size='scalable')) = 10.335
2025-10-06 11:02:20,094 - matplotlib.font_manager - DEBUG - findfont: score(FontEntry(fname='/Library/Fonts/VVIVI.TTF', name='VNI-Vivi', style='normal', variant='normal', weight=400, stretch='normal', size='scalable')) = 10.05
2025-10-06 11:02:20,094 - matplotlib.font_manager - DEBUG - findfont: score(FontEntry(fname='/Library/Fonts/VHCOMSCI.TTF', name='.VnCommercial ScriptH', style='italic', variant='normal', weight=400, stretch='normal', size='scalable')) = 11.05
2025-10-06 11:02:20,095 - matplotlib.font_manager - DEBUG - findfont: score(FontEntry(fname='/System/Library/Fonts/Supplemental/Herculanum.ttf', name='Herculanum', style='normal', variant='normal', weight=400, stretch='normal', size='scalable')) = 10.05
2025-10-06 11:02:20,095 - matplotlib.font_manager - DEBUG - findfont: score(FontEntry(fname='/System/Library/Fonts/Supplemental/Telugu Sangam MN.ttc', name='Telugu Sangam MN', style='normal', variant='normal', weight=400, stretch='normal', size='scalable')) = 10.05
2025-10-06 11:02:20,095 - matplotlib.font_manager - DEBUG - findfont: score(FontEntry(fname='/Library/Fonts/VREVUE.TTF', name='VNI-Revue', style='normal', variant='normal', weight=700, stretch='normal', size='scalable')) = 10.335
2025-10-06 11:02:20,096 - matplotlib.font_manager - DEBUG - findfont: score(FontEntry(fname='/System/Library/Fonts/Supplemental/PTSerif.ttc', name='PT Serif', style='normal', variant='normal', weight=400, stretch='normal', size='scalable')) = 10.05
2025-10-06 11:02:20,096 - matplotlib.font_manager - DEBUG - findfont: score(FontEntry(fname='/System/Library/Fonts/Supplemental/Savoye LET.ttc', name='Savoye LET', style='normal', variant='normal', weight=400, stretch='normal', size='scalable')) = 10.05
2025-10-06 11:02:20,096 - matplotlib.font_manager - DEBUG - findfont: score(FontEntry(fname='/Library/Fonts/VHELVEN.TTF', name='VNI-Helve', style='normal', variant='normal', weight=400, stretch='normal', size='scalable')) = 10.05
2025-10-06 11:02:20,097 - matplotlib.font_manager - DEBUG - findfont: score(FontEntry(fname='/System/Library/Fonts/Supplemental/Wingdings.ttf', name='Wingdings', style='normal', variant='normal', weight=400, stretch='normal', size='scalable')) = 10.05
2025-10-06 11:02:20,099 - matplotlib.font_manager - DEBUG - findfont: score(FontEntry(fname='/System/Library/Fonts/Supplemental/Arial Narrow Bold Italic.ttf', name='Arial Narrow', style='italic', variant='normal', weight=700, stretch='condensed', size='scalable')) = 11.535
2025-10-06 11:02:20,100 - matplotlib.font_manager - DEBUG - findfont: score(FontEntry(fname='/Library/Fonts/VNCOUR2.TTF', name='.VnCourier', style='normal', variant='normal', weight=400, stretch='normal', size='scalable')) = 10.05
2025-10-06 11:02:20,100 - matplotlib.font_manager - DEBUG - findfont: score(FontEntry(fname='/System/Library/Fonts/Supplemental/GillSans.ttc', name='Gill Sans', style='normal', variant='normal', weight=400, stretch='normal', size='scalable')) = 10.05
2025-10-06 11:02:20,101 - matplotlib.font_manager - DEBUG - findfont: score(FontEntry(fname='/Library/Fonts/VPALATIB.TTF', name='VNI-Palatin', style='normal', variant='normal', weight=700, stretch='normal', size='scalable')) = 10.335
2025-10-06 11:02:20,101 - matplotlib.font_manager - DEBUG - findfont: score(FontEntry(fname='/System/Library/Fonts/Supplemental/Malayalam MN.ttc', name='Malayalam MN', style='normal', variant='normal', weight=400, stretch='normal', size='scalable')) = 10.05
2025-10-06 11:02:20,102 - matplotlib.font_manager - DEBUG - findfont: score(FontEntry(fname='/Library/Fonts/VHELVEB.TTF', name='VNI-Helve', style='normal', variant='normal', weight=700, stretch='normal', size='scalable')) = 10.335
2025-10-06 11:02:20,102 - matplotlib.font_manager - DEBUG - findfont: score(FontEntry(fname='/Library/Fonts/VHAVANI.TTF', name='.VnAvantH', style='italic', variant='normal', weight=400, stretch='normal', size='scalable')) = 11.05
2025-10-06 11:02:20,103 - matplotlib.font_manager - DEBUG - findfont: score(FontEntry(fname='/Library/Fonts/vniviettay.ttf', name='VNI-Viettay', style='normal', variant='normal', weight=400, stretch='normal', size='scalable')) = 10.05
2025-10-06 11:02:20,103 - matplotlib.font_manager - DEBUG - findfont: score(FontEntry(fname='/System/Library/Fonts/Supplemental/NotoSansCaucasianAlbanian-Regular.ttf', name='Noto Sans Caucasian Albanian', style='normal', variant='normal', weight=400, stretch='normal', size='scalable')) = 10.05
2025-10-06 11:02:20,104 - matplotlib.font_manager - DEBUG - findfont: score(FontEntry(fname='/System/Library/Fonts/NotoSansMyanmar.ttc', name='Noto Sans Myanmar', style='normal', variant='normal', weight=900, stretch='normal', size='scalable')) = 10.525
2025-10-06 11:02:20,104 - matplotlib.font_manager - DEBUG - findfont: score(FontEntry(fname='/Library/Fonts/VHCENTB.TTF', name='.VnCentury SchoolbookH', style='normal', variant='normal', weight=700, stretch='normal', size='scalable')) = 10.335
2025-10-06 11:02:20,104 - matplotlib.font_manager - DEBUG - findfont: score(FontEntry(fname='/System/Library/Fonts/Supplemental/Kokonor.ttf', name='Kokonor', style='normal', variant='normal', weight=400, stretch='normal', size='scalable')) = 10.05
2025-10-06 11:02:20,105 - matplotlib.font_manager - DEBUG - findfont: score(FontEntry(fname='/Library/Fonts/VNARIABI.TTF', name='.VnArial', style='italic', variant='normal', weight=700, stretch='normal', size='scalable')) = 11.335
2025-10-06 11:02:20,105 - matplotlib.font_manager - DEBUG - findfont: score(FontEntry(fname='/Library/Fonts/VTIMESN.TTF', name='VNI-Times', style='normal', variant='normal', weight=400, stretch='normal', size='scalable')) = 10.05
2025-10-06 11:02:20,105 - matplotlib.font_manager - DEBUG - findfont: score(FontEntry(fname='/System/Library/Fonts/Supplemental/STIXIntUpDBol.otf', name='STIXIntegralsUpD', style='normal', variant='normal', weight=700, stretch='normal', size='scalable')) = 10.335
2025-10-06 11:02:20,105 - matplotlib.font_manager - DEBUG - findfont: score(FontEntry(fname='/Library/Fonts/VNARIAL.TTF', name='.VnArial', style='normal', variant='normal', weight=400, stretch='normal', size='scalable')) = 10.05
2025-10-06 11:02:20,106 - matplotlib.font_manager - DEBUG - findfont: score(FontEntry(fname='/System/Library/Fonts/Supplemental/NotoSansNewTaiLue-Regular.ttf', name='Noto Sans New Tai Lue', style='normal', variant='normal', weight=400, stretch='normal', size='scalable')) = 10.05
2025-10-06 11:02:20,106 - matplotlib.font_manager - DEBUG - findfont: score(FontEntry(fname='/System/Library/Fonts/Supplemental/Bodoni 72 OS.ttc', name='Bodoni 72 Oldstyle', style='normal', variant='normal', weight=400, stretch='normal', size='scalable')) = 10.05
2025-10-06 11:02:20,106 - matplotlib.font_manager - DEBUG - findfont: score(FontEntry(fname='/System/Library/Fonts/Supplemental/PTSerifCaption.ttc', name='PT Serif Caption', style='normal', variant='normal', weight=400, stretch='normal', size='scalable')) = 10.05
2025-10-06 11:02:20,106 - matplotlib.font_manager - DEBUG - findfont: score(FontEntry(fname='/Library/Fonts/VDUFFY.TTF', name='VNI-Duff', style='normal', variant='normal', weight=400, stretch='normal', size='scalable')) = 10.05
2025-10-06 11:02:20,107 - matplotlib.font_manager - DEBUG - findfont: score(FontEntry(fname='/System/Library/Fonts/ヒラギノ角ゴシック W9.ttc', name='Hiragino Sans', style='normal', variant='normal', weight=900, stretch='normal', size='scalable')) = 10.525
2025-10-06 11:02:20,107 - matplotlib.font_manager - DEBUG - findfont: score(FontEntry(fname='/Library/Fonts/VHREVU.TTF', name='.VnRevueH', style='normal', variant='normal', weight=500, stretch='normal', size='scalable')) = 10.145
2025-10-06 11:02:20,108 - matplotlib.font_manager - DEBUG - findfont: score(FontEntry(fname='/Library/Fonts/VHKOALA.TTF', name='.VnKoalaH', style='normal', variant='normal', weight=400, stretch='normal', size='scalable')) = 10.05
2025-10-06 11:02:20,108 - matplotlib.font_manager - DEBUG - findfont: score(FontEntry(fname='/System/Library/Fonts/Supplemental/NotoSansThaana-Regular.ttf', name='Noto Sans Thaana', style='normal', variant='normal', weight=400, stretch='normal', size='scalable')) = 10.05
2025-10-06 11:02:20,108 - matplotlib.font_manager - DEBUG - findfont: score(FontEntry(fname='/Library/Fonts/VPRESENT.TTF', name='VNI-Present', style='normal', variant='normal', weight=400, stretch='normal', size='scalable')) = 10.05
2025-10-06 11:02:20,109 - matplotlib.font_manager - DEBUG - findfont: score(FontEntry(fname='/System/Library/Fonts/Supplemental/Bodoni 72.ttc', name='Bodoni 72', style='normal', variant='normal', weight=400, stretch='normal', size='scalable')) = 10.05
2025-10-06 11:02:20,109 - matplotlib.font_manager - DEBUG - findfont: score(FontEntry(fname='/Library/Fonts/VHELVCB.TTF', name='VNI-Helve-Condense', style='normal', variant='normal', weight=700, stretch='condensed', size='scalable')) = 10.535
2025-10-06 11:02:20,109 - matplotlib.font_manager - DEBUG - findfont: score(FontEntry(fname='/System/Library/Fonts/Apple Braille Pinpoint 6 Dot.ttf', name='Apple Braille', style='normal', variant='normal', weight=400, stretch='normal', size='scalable')) = 10.05
2025-10-06 11:02:20,110 - matplotlib.font_manager - DEBUG - findfont: score(FontEntry(fname='/System/Library/Fonts/Supplemental/Malayalam Sangam MN.ttc', name='Malayalam Sangam MN', style='normal', variant='normal', weight=400, stretch='normal', size='scalable')) = 10.05
2025-10-06 11:02:20,110 - matplotlib.font_manager - DEBUG - findfont: score(FontEntry(fname='/System/Library/Fonts/Supplemental/NotoSansSyriac-Regular.ttf', name='Noto Sans Syriac', style='normal', variant='normal', weight=400, stretch='normal', size='scalable')) = 10.05
2025-10-06 11:02:20,110 - matplotlib.font_manager - DEBUG - findfont: score(FontEntry(fname='/System/Library/Fonts/Supplemental/DIN Condensed Bold.ttf', name='DIN Condensed', style='normal', variant='normal', weight=700, stretch='condensed', size='scalable')) = 10.535
2025-10-06 11:02:20,111 - matplotlib.font_manager - DEBUG - findfont: score(FontEntry(fname='/Library/Fonts/VNAVAN.TTF', name='.VnAvant', style='normal', variant='normal', weight=400, stretch='normal', size='scalable')) = 10.05
2025-10-06 11:02:20,111 - matplotlib.font_manager - DEBUG - findfont: score(FontEntry(fname='/System/Library/Fonts/Supplemental/NotoSansTifinagh-Regular.ttf', name='Noto Sans Tifinagh', style='normal', variant='normal', weight=400, stretch='normal', size='scalable')) = 10.05
2025-10-06 11:02:20,111 - matplotlib.font_manager - DEBUG - findfont: score(FontEntry(fname='/System/Library/Fonts/ヒラギノ角ゴシック W5.ttc', name='Hiragino Sans', style='normal', variant='normal', weight=500, stretch='normal', size='scalable')) = 10.145
2025-10-06 11:02:20,111 - matplotlib.font_manager - DEBUG - findfont: score(FontEntry(fname='/System/Library/Fonts/Supplemental/Krungthep.ttf', name='Krungthep', style='normal', variant='normal', weight=400, stretch='normal', size='scalable')) = 10.05
2025-10-06 11:02:20,112 - matplotlib.font_manager - DEBUG - findfont: score(FontEntry(fname='/System/Library/Fonts/Supplemental/NotoSansPahawhHmong-Regular.ttf', name='Noto Sans Pahawh Hmong', style='normal', variant='normal', weight=400, stretch='normal', size='scalable')) = 10.05
2025-10-06 11:02:20,112 - matplotlib.font_manager - DEBUG - findfont: score(FontEntry(fname='/Library/Fonts/VNCOOP.TTF', name='.VnCooper', style='normal', variant='normal', weight=500, stretch='normal', size='scalable')) = 10.145
2025-10-06 11:02:20,116 - matplotlib.font_manager - DEBUG - findfont: score(FontEntry(fname='/Library/Fonts/VKORINB.TTF', name='VNI-Korin', style='normal', variant='normal', weight=700, stretch='normal', size='scalable')) = 10.335
2025-10-06 11:02:20,117 - matplotlib.font_manager - DEBUG - findfont: score(FontEntry(fname='/Library/Fonts/VAZTEK.TTF', name='VNI-Aztek', style='normal', variant='normal', weight=700, stretch='normal', size='scalable')) = 10.335
2025-10-06 11:02:20,117 - matplotlib.font_manager - DEBUG - findfont: score(FontEntry(fname='/System/Library/Fonts/SFArabic.ttf', name='.SF Arabic', style='normal', variant='normal', weight=400, stretch='normal', size='scalable')) = 10.05
2025-10-06 11:02:20,117 - matplotlib.font_manager - DEBUG - findfont: score(FontEntry(fname='/System/Library/Fonts/ヒラギノ角ゴシック W2.ttc', name='Hiragino Sans', style='normal', variant='normal', weight=250, stretch='normal', size='scalable')) = 10.1925
2025-10-06 11:02:20,118 - matplotlib.font_manager - DEBUG - findfont: score(FontEntry(fname='/Library/Fonts/VHTIFH.TTF', name='.VnTifani HeavyH', style='normal', variant='normal', weight=400, stretch='normal', size='scalable')) = 10.05
2025-10-06 11:02:20,118 - matplotlib.font_manager - DEBUG - findfont: score(FontEntry(fname='/System/Library/Fonts/Supplemental/Trebuchet MS.ttf', name='Trebuchet MS', style='normal', variant='normal', weight=400, stretch='normal', size='scalable')) = 10.05
2025-10-06 11:02:20,119 - matplotlib.font_manager - DEBUG - findfont: score(FontEntry(fname='/System/Library/Fonts/Supplemental/Times New Roman.ttf', name='Times New Roman', style='normal', variant='normal', weight=400, stretch='normal', size='scalable')) = 10.05
2025-10-06 11:02:20,119 - matplotlib.font_manager - DEBUG - findfont: score(FontEntry(fname='/System/Library/Fonts/Supplemental/Didot.ttc', name='Didot', style='normal', variant='normal', weight=400, stretch='normal', size='scalable')) = 10.05
2025-10-06 11:02:20,119 - matplotlib.font_manager - DEBUG - findfont: score(FontEntry(fname='/System/Library/Fonts/Supplemental/Gurmukhi.ttf', name='Gurmukhi MT', style='normal', variant='normal', weight=500, stretch='normal', size='scalable')) = 10.145
2025-10-06 11:02:20,120 - matplotlib.font_manager - DEBUG - findfont: score(FontEntry(fname='/Library/Fonts/VGOUDYN.TTF', name='VNI-Goudy', style='normal', variant='normal', weight=400, stretch='normal', size='scalable')) = 10.05
2025-10-06 11:02:20,120 - matplotlib.font_manager - DEBUG - findfont: score(FontEntry(fname='/System/Library/Fonts/ヒラギノ角ゴシック W6.ttc', name='Hiragino Sans', style='normal', variant='normal', weight=600, stretch='normal', size='scalable')) = 10.24
2025-10-06 11:02:20,121 - matplotlib.font_manager - DEBUG - findfont: score(FontEntry(fname='/Library/Fonts/VNICAMBO.TTF', name='VNI Cambodia', style='normal', variant='normal', weight=400, stretch='normal', size='scalable')) = 10.05
2025-10-06 11:02:20,121 - matplotlib.font_manager - DEBUG - findfont: score(FontEntry(fname='/Library/Fonts/VLITHOS.TTF', name='VNI-Lithos', style='normal', variant='normal', weight=700, stretch='normal', size='scalable')) = 10.335
2025-10-06 11:02:20,122 - matplotlib.font_manager - DEBUG - findfont: score(FontEntry(fname='/Library/Fonts/VGARAMN.TTF', name='VNI-Garam', style='normal', variant='normal', weight=400, stretch='normal', size='scalable')) = 10.05
2025-10-06 11:02:20,122 - matplotlib.font_manager - DEBUG - findfont: score(FontEntry(fname='/Library/Fonts/VN3D.TTF', name='.Vn3DH', style='normal', variant='normal', weight=400, stretch='normal', size='scalable')) = 10.05
2025-10-06 11:02:20,123 - matplotlib.font_manager - DEBUG - findfont: score(FontEntry(fname='/System/Library/Fonts/Supplemental/Oriya MN.ttc', name='Oriya MN', style='normal', variant='normal', weight=400, stretch='normal', size='scalable')) = 10.05
2025-10-06 11:02:20,123 - matplotlib.font_manager - DEBUG - findfont: score(FontEntry(fname='/Library/Fonts/VNTIMEI.TTF', name='.VnTime', style='italic', variant='normal', weight=400, stretch='normal', size='scalable')) = 11.05
2025-10-06 11:02:20,123 - matplotlib.font_manager - DEBUG - findfont: score(FontEntry(fname='/Library/Fonts/VNCENTB.TTF', name='.VnCentury Schoolbook', style='normal', variant='normal', weight=700, stretch='normal', size='scalable')) = 10.335
2025-10-06 11:02:20,124 - matplotlib.font_manager - DEBUG - findfont: score(FontEntry(fname='/System/Library/Fonts/Supplemental/Mishafi.ttf', name='Mishafi', style='normal', variant='normal', weight=400, stretch='normal', size='scalable')) = 10.05
2025-10-06 11:02:20,124 - matplotlib.font_manager - DEBUG - findfont: score(FontEntry(fname='/Library/Fonts/VAPTIMN.TTF', name='VNI-Aptima', style='normal', variant='normal', weight=400, stretch='normal', size='scalable')) = 10.05
2025-10-06 11:02:20,125 - matplotlib.font_manager - DEBUG - findfont: score(FontEntry(fname='/System/Library/Fonts/Supplemental/NotoSansMeeteiMayek-Regular.ttf', name='Noto Sans Meetei Mayek', style='normal', variant='normal', weight=400, stretch='normal', size='scalable')) = 10.05
2025-10-06 11:02:20,125 - matplotlib.font_manager - DEBUG - findfont: score(FontEntry(fname='/System/Library/Fonts/Supplemental/NotoSansTaiLe-Regular.ttf', name='Noto Sans Tai Le', style='normal', variant='normal', weight=400, stretch='normal', size='scalable')) = 10.05
2025-10-06 11:02:20,125 - matplotlib.font_manager - DEBUG - findfont: score(FontEntry(fname='/System/Library/Fonts/ThonburiUI.ttc', name='.ThonburiUI', style='normal', variant='normal', weight=400, stretch='normal', size='scalable')) = 10.05
2025-10-06 11:02:20,125 - matplotlib.font_manager - DEBUG - findfont: score(FontEntry(fname='/Library/Fonts/VNTIME.TTF', name='.VnTime', style='normal', variant='normal', weight=400, stretch='normal', size='scalable')) = 10.05
2025-10-06 11:02:20,125 - matplotlib.font_manager - DEBUG - findfont: score(FontEntry(fname='/Library/Fonts/VBOOKMI.TTF', name='VNI-Book', style='italic', variant='normal', weight=400, stretch='normal', size='scalable')) = 11.05
2025-10-06 11:02:20,126 - matplotlib.font_manager - DEBUG - findfont: score(FontEntry(fname='/Library/Fonts/VZAP.TTF', name='VNI-Zap', style='italic', variant='normal', weight=400, stretch='normal', size='scalable')) = 11.05
2025-10-06 11:02:20,126 - matplotlib.font_manager - DEBUG - findfont: score(FontEntry(fname='/System/Library/Fonts/Supplemental/Nadeem.ttc', name='Nadeem', style='normal', variant='normal', weight=400, stretch='normal', size='scalable')) = 10.05
2025-10-06 11:02:20,126 - matplotlib.font_manager - DEBUG - findfont: score(FontEntry(fname='/Library/Fonts/VNFREE.TTF', name='.VnFree', style='normal', variant='normal', weight=500, stretch='normal', size='scalable')) = 10.145
2025-10-06 11:02:20,127 - matplotlib.font_manager - DEBUG - findfont: score(FontEntry(fname='/Library/Fonts/VAVON.TTF', name='VNI-Avo', style='normal', variant='normal', weight=400, stretch='normal', size='scalable')) = 10.05
2025-10-06 11:02:20,127 - matplotlib.font_manager - DEBUG - findfont: score(FontEntry(fname='/System/Library/Fonts/Supplemental/STIXNonUniBol.otf', name='STIXNonUnicode', style='normal', variant='normal', weight=700, stretch='normal', size='scalable')) = 10.335
2025-10-06 11:02:20,127 - matplotlib.font_manager - DEBUG - findfont: score(FontEntry(fname='/Library/Fonts/VAVOBI.TTF', name='VNI-Avo', style='italic', variant='normal', weight=700, stretch='normal', size='scalable')) = 11.335
2025-10-06 11:02:20,127 - matplotlib.font_manager - DEBUG - findfont: score(FontEntry(fname='/System/Library/Fonts/Supplemental/NotoSansTaiTham-Regular.ttf', name='Noto Sans Tai Tham', style='normal', variant='normal', weight=400, stretch='normal', size='scalable')) = 10.05
2025-10-06 11:02:20,128 - matplotlib.font_manager - DEBUG - findfont: score(FontEntry(fname='/System/Library/Fonts/Apple Symbols.ttf', name='Apple Symbols', style='normal', variant='normal', weight=400, stretch='normal', size='scalable')) = 10.05
2025-10-06 11:02:20,128 - matplotlib.font_manager - DEBUG - findfont: score(FontEntry(fname='/System/Library/Fonts/Supplemental/Arial Black.ttf', name='Arial Black', style='normal', variant='normal', weight=900, stretch='normal', size='scalable')) = 10.525
2025-10-06 11:02:20,128 - matplotlib.font_manager - DEBUG - findfont: score(FontEntry(fname='/Library/Fonts/VINHAN.TTF', name='Vinhan', style='normal', variant='normal', weight=700, stretch='normal', size='scalable')) = 10.335
2025-10-06 11:02:20,129 - matplotlib.font_manager - DEBUG - findfont: score(FontEntry(fname='/Library/Fonts/VCOURIB.TTF', name='VNI-Couri', style='normal', variant='normal', weight=700, stretch='normal', size='scalable')) = 10.335
2025-10-06 11:02:20,129 - matplotlib.font_manager - DEBUG - findfont: score(FontEntry(fname='/System/Library/Fonts/MuktaMahee.ttc', name='Mukta Mahee', style='normal', variant='normal', weight=400, stretch='normal', size='scalable')) = 10.05
2025-10-06 11:02:20,129 - matplotlib.font_manager - DEBUG - findfont: score(FontEntry(fname='/Library/Fonts/VBANDIT.TTF', name='VNI-Bandit', style='italic', variant='normal', weight=700, stretch='normal', size='scalable')) = 11.335
2025-10-06 11:02:20,130 - matplotlib.font_manager - DEBUG - findfont: score(FontEntry(fname='/Library/Fonts/VKORINI.TTF', name='VNI-Korin', style='italic', variant='normal', weight=400, stretch='normal', size='scalable')) = 11.05
2025-10-06 11:02:20,130 - matplotlib.font_manager - DEBUG - findfont: score(FontEntry(fname='/System/Library/Fonts/Palatino.ttc', name='Palatino', style='normal', variant='normal', weight=400, stretch='normal', size='scalable')) = 10.05
2025-10-06 11:02:20,130 - matplotlib.font_manager - DEBUG - findfont: score(FontEntry(fname='/System/Library/Fonts/Supplemental/NotoSansOldTurkic-Regular.ttf', name='Noto Sans Old Turkic', style='normal', variant='normal', weight=400, stretch='normal', size='scalable')) = 10.05
2025-10-06 11:02:20,131 - matplotlib.font_manager - DEBUG - findfont: score(FontEntry(fname='/System/Library/Fonts/NewYorkItalic.ttf', name='.New York', style='italic', variant='normal', weight=400, stretch='normal', size='scalable')) = 11.05
2025-10-06 11:02:20,131 - matplotlib.font_manager - DEBUG - findfont: score(FontEntry(fname='/System/Library/Fonts/Supplemental/AlBayan.ttc', name='Al Bayan', style='normal', variant='normal', weight=400, stretch='normal', size='scalable')) = 10.05
2025-10-06 11:02:20,131 - matplotlib.font_manager - DEBUG - findfont: score(FontEntry(fname='/Library/Fonts/VNARIALI.TTF', name='.VnArial', style='italic', variant='normal', weight=400, stretch='normal', size='scalable')) = 11.05
2025-10-06 11:02:20,132 - matplotlib.font_manager - DEBUG - findfont: score(FontEntry(fname='/System/Library/Fonts/Supplemental/BigCaslon.ttf', name='Big Caslon', style='normal', variant='normal', weight=500, stretch='normal', size='scalable')) = 10.145
2025-10-06 11:02:20,132 - matplotlib.font_manager - DEBUG - findfont: score(FontEntry(fname='/System/Library/Fonts/Supplemental/NotoSansPhagsPa-Regular.ttf', name='Noto Sans PhagsPa', style='normal', variant='normal', weight=400, stretch='normal', size='scalable')) = 10.05
2025-10-06 11:02:20,133 - matplotlib.font_manager - DEBUG - findfont: score(FontEntry(fname='/Library/Fonts/VNTEKN.TTF', name='.VnTeknical', style='normal', variant='normal', weight=400, stretch='normal', size='scalable')) = 10.05
2025-10-06 11:02:20,133 - matplotlib.font_manager - DEBUG - findfont: score(FontEntry(fname='/System/Library/Fonts/Supplemental/InaiMathi-MN.ttc', name='InaiMathi', style='normal', variant='normal', weight=400, stretch='normal', size='scalable')) = 10.05
2025-10-06 11:02:20,134 - matplotlib.font_manager - DEBUG - findfont: score(FontEntry(fname='/Library/Fonts/vnimatisse.ttf', name='VNI-Matisse', style='normal', variant='normal', weight=400, stretch='normal', size='scalable')) = 10.05
2025-10-06 11:02:20,134 - matplotlib.font_manager - DEBUG - findfont: score(FontEntry(fname='/System/Library/Fonts/Supplemental/Silom.ttf', name='Silom', style='normal', variant='normal', weight=400, stretch='normal', size='scalable')) = 10.05
2025-10-06 11:02:20,134 - matplotlib.font_manager - DEBUG - findfont: score(FontEntry(fname='/Library/Fonts/VHGOTH.TTF', name='.VnGothicH', style='normal', variant='normal', weight=400, stretch='normal', size='scalable')) = 10.05
2025-10-06 11:02:20,135 - matplotlib.font_manager - DEBUG - findfont: score(FontEntry(fname='/Library/Fonts/VNCLARE.TTF', name='.VnClarendon', style='normal', variant='normal', weight=400, stretch='normal', size='scalable')) = 10.05
2025-10-06 11:02:20,135 - matplotlib.font_manager - DEBUG - findfont: score(FontEntry(fname='/Library/Fonts/VNPRES.TTF', name='.VnPresent', style='normal', variant='normal', weight=500, stretch='normal', size='scalable')) = 10.145
2025-10-06 11:02:20,136 - matplotlib.font_manager - DEBUG - findfont: score(FontEntry(fname='/Library/Fonts/VHBLACK.TTF', name='.VnBlackH', style='normal', variant='normal', weight=400, stretch='normal', size='scalable')) = 10.05
2025-10-06 11:02:20,136 - matplotlib.font_manager - DEBUG - findfont: score(FontEntry(fname='/Library/Fonts/VNARIANI.TTF', name='.VnArial Narrow', style='italic', variant='normal', weight=400, stretch='condensed', size='scalable')) = 11.25
2025-10-06 11:02:20,137 - matplotlib.font_manager - DEBUG - findfont: score(FontEntry(fname='/System/Library/Fonts/Supplemental/Academy Engraved LET Fonts.ttf', name='Academy Engraved LET', style='normal', variant='normal', weight=400, stretch='normal', size='scalable')) = 10.05
2025-10-06 11:02:20,137 - matplotlib.font_manager - DEBUG - findfont: score(FontEntry(fname='/System/Library/Fonts/Supplemental/NotoSerifNyiakengPuachueHmong-Regular.ttf', name='Noto Serif Hmong Nyiakeng', style='normal', variant='normal', weight=400, stretch='normal', size='scalable')) = 10.05
2025-10-06 11:02:20,137 - matplotlib.font_manager - DEBUG - findfont: score(FontEntry(fname='/System/Library/Fonts/Supplemental/Mishafi Gold.ttf', name='Mishafi Gold', style='normal', variant='normal', weight=400, stretch='normal', size='scalable')) = 10.05
2025-10-06 11:02:20,138 - matplotlib.font_manager - DEBUG - findfont: score(FontEntry(fname='/System/Library/Fonts/Supplemental/Luminari.ttf', name='Luminari', style='normal', variant='normal', weight=400, stretch='normal', size='scalable')) = 10.05
2025-10-06 11:02:20,138 - matplotlib.font_manager - DEBUG - findfont: score(FontEntry(fname='/Library/Fonts/vnibriquet.ttf', name='VNI-Briquet', style='normal', variant='normal', weight=400, stretch='normal', size='scalable')) = 10.05
2025-10-06 11:02:20,138 - matplotlib.font_manager - DEBUG - findfont: score(FontEntry(fname='/System/Library/Fonts/Supplemental/Bradley Hand Bold.ttf', name='Bradley Hand', style='normal', variant='normal', weight=700, stretch='normal', size='scalable')) = 10.335
2025-10-06 11:02:20,138 - matplotlib.font_manager - DEBUG - findfont: score(FontEntry(fname='/System/Library/Fonts/Supplemental/Trebuchet MS Bold.ttf', name='Trebuchet MS', style='normal', variant='normal', weight=700, stretch='normal', size='scalable')) = 10.335
2025-10-06 11:02:20,140 - matplotlib.font_manager - DEBUG - findfont: score(FontEntry(fname='/Library/Fonts/VKUNN.TTF', name='VNI-Kun', style='normal', variant='normal', weight=400, stretch='normal', size='scalable')) = 10.05
2025-10-06 11:02:20,140 - matplotlib.font_manager - DEBUG - findfont: score(FontEntry(fname='/System/Library/Fonts/Supplemental/Shree714.ttc', name='Shree Devanagari 714', style='normal', variant='normal', weight=400, stretch='normal', size='scalable')) = 10.05
2025-10-06 11:02:20,141 - matplotlib.font_manager - DEBUG - findfont: score(FontEntry(fname='/System/Library/Fonts/Supplemental/Raanana.ttc', name='Raanana', style='normal', variant='normal', weight=400, stretch='normal', size='scalable')) = 10.05
2025-10-06 11:02:20,141 - matplotlib.font_manager - DEBUG - findfont: score(FontEntry(fname='/System/Library/Fonts/LucidaGrande.ttc', name='Lucida Grande', style='normal', variant='normal', weight=500, stretch='normal', size='scalable')) = 2.872272727272727
2025-10-06 11:02:20,142 - matplotlib.font_manager - DEBUG - findfont: score(FontEntry(fname='/System/Library/Fonts/Supplemental/STIXNonUniBolIta.otf', name='STIXNonUnicode', style='italic', variant='normal', weight=700, stretch='normal', size='scalable')) = 11.335
2025-10-06 11:02:20,142 - matplotlib.font_manager - DEBUG - findfont: score(FontEntry(fname='/Library/Fonts/VNARIALN.TTF', name='.VnArial Narrow', style='normal', variant='normal', weight=400, stretch='condensed', size='scalable')) = 10.25
2025-10-06 11:02:20,143 - matplotlib.font_manager - DEBUG - findfont: score(FontEntry(fname='/System/Library/Fonts/Supplemental/Cochin.ttc', name='Cochin', style='normal', variant='normal', weight=500, stretch='normal', size='scalable')) = 10.145
2025-10-06 11:02:20,144 - matplotlib.font_manager - DEBUG - findfont: score(FontEntry(fname='/System/Library/Fonts/Supplemental/NotoSansTirhuta-Regular.ttf', name='Noto Sans Tirhuta', style='normal', variant='normal', weight=400, stretch='normal', size='scalable')) = 10.05
2025-10-06 11:02:20,144 - matplotlib.font_manager - DEBUG - findfont: score(FontEntry(fname='/Library/Fonts/VMURRAYB.TTF', name='VNI-Murray', style='normal', variant='normal', weight=700, stretch='normal', size='scalable')) = 10.335
2025-10-06 11:02:20,145 - matplotlib.font_manager - DEBUG - findfont: score(FontEntry(fname='/System/Library/Fonts/STHeiti Light.ttc', name='Heiti TC', style='normal', variant='normal', weight=300, stretch='normal', size='scalable')) = 10.145
2025-10-06 11:02:20,146 - matplotlib.font_manager - DEBUG - findfont: score(FontEntry(fname='/System/Library/Fonts/Supplemental/NotoSansOsmanya-Regular.ttf', name='Noto Sans Osmanya', style='normal', variant='normal', weight=400, stretch='normal', size='scalable')) = 10.05
2025-10-06 11:02:20,146 - matplotlib.font_manager - DEBUG - findfont: score(FontEntry(fname='/Library/Fonts/VBRUSH.TTF', name='VNI-Brush', style='italic', variant='normal', weight=400, stretch='normal', size='scalable')) = 11.05
2025-10-06 11:02:20,147 - matplotlib.font_manager - DEBUG - findfont: score(FontEntry(fname='/System/Library/Fonts/Supplemental/STIXIntSmReg.otf', name='STIXIntegralsSm', style='normal', variant='normal', weight=400, stretch='normal', size='scalable')) = 10.05
2025-10-06 11:02:20,147 - matplotlib.font_manager - DEBUG - findfont: score(FontEntry(fname='/System/Library/Fonts/Supplemental/Kannada MN.ttc', name='Kannada MN', style='normal', variant='normal', weight=400, stretch='normal', size='scalable')) = 10.05
2025-10-06 11:02:20,147 - matplotlib.font_manager - DEBUG - findfont: score(FontEntry(fname='/System/Library/Fonts/Apple Braille.ttf', name='Apple Braille', style='normal', variant='normal', weight=400, stretch='normal', size='scalable')) = 10.05
2025-10-06 11:02:20,147 - matplotlib.font_manager - DEBUG - findfont: score(FontEntry(fname='/Library/Fonts/VNTIMEB.TTF', name='.VnTime', style='normal', variant='normal', weight=700, stretch='normal', size='scalable')) = 10.335
2025-10-06 11:02:20,148 - matplotlib.font_manager - DEBUG - findfont: score(FontEntry(fname='/System/Library/Fonts/Supplemental/GujaratiMT.ttc', name='Gujarati MT', style='normal', variant='normal', weight=400, stretch='normal', size='scalable')) = 10.05
2025-10-06 11:02:20,148 - matplotlib.font_manager - DEBUG - findfont: score(FontEntry(fname='/Library/Fonts/VHLINCOL.TTF', name='.VnLincolnH', style='normal', variant='normal', weight=400, stretch='normal', size='scalable')) = 10.05
2025-10-06 11:02:20,149 - matplotlib.font_manager - DEBUG - findfont: score(FontEntry(fname='/Library/Fonts/VHPARK.TTF', name='.VnParkH', style='normal', variant='normal', weight=500, stretch='normal', size='scalable')) = 10.145
2025-10-06 11:02:20,149 - matplotlib.font_manager - DEBUG - findfont: score(FontEntry(fname='/System/Library/Fonts/Supplemental/AppleMyungjo.ttf', name='AppleMyungjo', style='normal', variant='normal', weight=400, stretch='normal', size='scalable')) = 10.05
2025-10-06 11:02:20,150 - matplotlib.font_manager - DEBUG - findfont: score(FontEntry(fname='/System/Library/Fonts/Supplemental/Devanagari Sangam MN.ttc', name='Devanagari Sangam MN', style='normal', variant='normal', weight=400, stretch='normal', size='scalable')) = 10.05
2025-10-06 11:02:20,151 - matplotlib.font_manager - DEBUG - findfont: score(FontEntry(fname='/Library/Fonts/VHANTIQ.TTF', name='.VnBook-AntiquaH', style='normal', variant='normal', weight=400, stretch='normal', size='scalable')) = 10.05
2025-10-06 11:02:20,151 - matplotlib.font_manager - DEBUG - findfont: score(FontEntry(fname='/System/Library/Fonts/Supplemental/Georgia Bold.ttf', name='Georgia', style='normal', variant='normal', weight=700, stretch='normal', size='scalable')) = 10.335
2025-10-06 11:02:20,152 - matplotlib.font_manager - DEBUG - findfont: score(FontEntry(fname='/System/Library/Fonts/GeezaPro.ttc', name='Geeza Pro', style='normal', variant='normal', weight=400, stretch='normal', size='scalable')) = 10.05
2025-10-06 11:02:20,152 - matplotlib.font_manager - DEBUG - findfont: score(FontEntry(fname='/Library/Fonts/VNREVU.TTF', name='.VnRevue', style='normal', variant='normal', weight=500, stretch='normal', size='scalable')) = 10.145
2025-10-06 11:02:20,153 - matplotlib.font_manager - DEBUG - findfont: score(FontEntry(fname='/Library/Fonts/VJAMAI.TTF', name='VNI-Jamai', style='italic', variant='normal', weight=700, stretch='normal', size='scalable')) = 11.335
2025-10-06 11:02:20,153 - matplotlib.font_manager - DEBUG - findfont: score(FontEntry(fname='/System/Library/Fonts/Supplemental/STIXTwoMath.otf', name='STIX Two Math', style='normal', variant='normal', weight=400, stretch='normal', size='scalable')) = 10.05
2025-10-06 11:02:20,154 - matplotlib.font_manager - DEBUG - findfont: score(FontEntry(fname='/System/Library/Fonts/Avenir.ttc', name='Avenir', style='normal', variant='normal', weight=400, stretch='normal', size='scalable')) = 10.05
2025-10-06 11:02:20,154 - matplotlib.font_manager - DEBUG - findfont: score(FontEntry(fname='/System/Library/Fonts/SFArabicRounded.ttf', name='.SF Arabic Rounded', style='normal', variant='normal', weight=400, stretch='normal', size='scalable')) = 10.05
2025-10-06 11:02:20,276 - matplotlib.font_manager - DEBUG - findfont: score(FontEntry(fname='/System/Library/Fonts/AquaKana.ttc', name='.Aqua Kana', style='normal', variant='normal', weight=300, stretch='normal', size='scalable')) = 10.145
2025-10-06 11:02:20,276 - matplotlib.font_manager - DEBUG - findfont: score(FontEntry(fname='/System/Library/Fonts/AppleSDGothicNeo.ttc', name='Apple SD Gothic Neo', style='normal', variant='normal', weight=400, stretch='normal', size='scalable')) = 10.05
2025-10-06 11:02:20,277 - matplotlib.font_manager - DEBUG - findfont: score(FontEntry(fname='/System/Library/Fonts/Supplemental/NotoSansOldPermic-Regular.ttf', name='Noto Sans Old Permic', style='normal', variant='normal', weight=400, stretch='normal', size='scalable')) = 10.05
2025-10-06 11:02:20,277 - matplotlib.font_manager - DEBUG - findfont: score(FontEntry(fname='/System/Library/Fonts/Supplemental/Trebuchet MS Italic.ttf', name='Trebuchet MS', style='italic', variant='normal', weight=400, stretch='normal', size='scalable')) = 11.05
2025-10-06 11:02:20,279 - matplotlib.font_manager - DEBUG - findfont: score(FontEntry(fname='/System/Library/Fonts/Supplemental/NotoSerifBalinese-Regular.ttf', name='Noto Serif Balinese', style='normal', variant='normal', weight=400, stretch='normal', size='scalable')) = 10.05
2025-10-06 11:02:20,279 - matplotlib.font_manager - DEBUG - findfont: score(FontEntry(fname='/System/Library/Fonts/Kohinoor.ttc', name='Kohinoor Devanagari', style='normal', variant='normal', weight=400, stretch='normal', size='scalable')) = 10.05
2025-10-06 11:02:20,279 - matplotlib.font_manager - DEBUG - findfont: score(FontEntry(fname='/System/Library/Fonts/Supplemental/STIXGeneral.otf', name='STIXGeneral', style='normal', variant='normal', weight=400, stretch='normal', size='scalable')) = 10.05
2025-10-06 11:02:20,280 - matplotlib.font_manager - DEBUG - findfont: score(FontEntry(fname='/System/Library/Fonts/Supplemental/STIXNonUniIta.otf', name='STIXNonUnicode', style='italic', variant='normal', weight=400, stretch='normal', size='scalable')) = 11.05
2025-10-06 11:02:20,280 - matplotlib.font_manager - DEBUG - findfont: score(FontEntry(fname='/System/Library/Fonts/Supplemental/NotoSansMeroitic-Regular.ttf', name='Noto Sans Meroitic', style='normal', variant='normal', weight=400, stretch='normal', size='scalable')) = 10.05
2025-10-06 11:02:20,280 - matplotlib.font_manager - DEBUG - findfont: score(FontEntry(fname='/System/Library/Fonts/Supplemental/Verdana Bold.ttf', name='Verdana', style='normal', variant='normal', weight=700, stretch='normal', size='scalable')) = 3.9713636363636367
2025-10-06 11:02:20,281 - matplotlib.font_manager - DEBUG - findfont: score(FontEntry(fname='/Library/Fonts/VHCOURB.TTF', name='.VnCourier NewH', style='normal', variant='normal', weight=700, stretch='normal', size='scalable')) = 10.335
2025-10-06 11:02:20,281 - matplotlib.font_manager - DEBUG - findfont: score(FontEntry(fname='/System/Library/Fonts/KohinoorGujarati.ttc', name='Kohinoor Gujarati', style='normal', variant='normal', weight=700, stretch='normal', size='scalable')) = 10.335
2025-10-06 11:02:20,281 - matplotlib.font_manager - DEBUG - findfont: score(FontEntry(fname='/System/Library/Fonts/Apple Braille Outline 8 Dot.ttf', name='Apple Braille', style='normal', variant='normal', weight=400, stretch='normal', size='scalable')) = 10.05
2025-10-06 11:02:20,282 - matplotlib.font_manager - DEBUG - findfont: score(FontEntry(fname='/System/Library/Fonts/Supplemental/Arial Narrow Italic.ttf', name='Arial Narrow', style='italic', variant='normal', weight=400, stretch='condensed', size='scalable')) = 11.25
2025-10-06 11:02:20,282 - matplotlib.font_manager - DEBUG - findfont: score(FontEntry(fname='/System/Library/Fonts/Supplemental/KufiStandardGK.ttc', name='KufiStandardGK', style='normal', variant='normal', weight=400, stretch='normal', size='scalable')) = 10.05
2025-10-06 11:02:20,282 - matplotlib.font_manager - DEBUG - findfont: score(FontEntry(fname='/System/Library/Fonts/Supplemental/Trattatello.ttf', name='Trattatello', style='normal', variant='normal', weight=400, stretch='normal', size='scalable')) = 10.05
2025-10-06 11:02:20,283 - matplotlib.font_manager - DEBUG - findfont: score(FontEntry(fname='/System/Library/Fonts/Avenir Next Condensed.ttc', name='Avenir Next Condensed', style='normal', variant='normal', weight=700, stretch='condensed', size='scalable')) = 10.535
2025-10-06 11:02:20,283 - matplotlib.font_manager - DEBUG - findfont: score(FontEntry(fname='/System/Library/Fonts/Supplemental/NotoSansSharada-Regular.ttf', name='Noto Sans Sharada', style='normal', variant='normal', weight=400, stretch='normal', size='scalable')) = 10.05
2025-10-06 11:02:20,284 - matplotlib.font_manager - DEBUG - findfont: score(FontEntry(fname='/System/Library/Fonts/Supplemental/STIXGeneralBol.otf', name='STIXGeneral', style='normal', variant='normal', weight=700, stretch='normal', size='scalable')) = 10.335
2025-10-06 11:02:20,284 - matplotlib.font_manager - DEBUG - findfont: score(FontEntry(fname='/System/Library/Fonts/Supplemental/Georgia Bold Italic.ttf', name='Georgia', style='italic', variant='normal', weight=700, stretch='normal', size='scalable')) = 11.335
2025-10-06 11:02:20,284 - matplotlib.font_manager - DEBUG - findfont: score(FontEntry(fname='/Library/Fonts/VMARIAGE.TTF', name='VNI-Maria', style='normal', variant='normal', weight=400, stretch='normal', size='scalable')) = 10.05
2025-10-06 11:02:20,284 - matplotlib.font_manager - DEBUG - findfont: score(FontEntry(fname='/System/Library/Fonts/Supplemental/Sathu.ttf', name='Sathu', style='normal', variant='normal', weight=400, stretch='normal', size='scalable')) = 10.05
2025-10-06 11:02:20,285 - matplotlib.font_manager - DEBUG - findfont: score(FontEntry(fname='/System/Library/Fonts/Supplemental/NotoSansPhoenician-Regular.ttf', name='Noto Sans Phoenician', style='normal', variant='normal', weight=400, stretch='normal', size='scalable')) = 10.05
2025-10-06 11:02:20,285 - matplotlib.font_manager - DEBUG - findfont: score(FontEntry(fname='/System/Library/Fonts/Supplemental/Arial Rounded Bold.ttf', name='Arial Rounded MT Bold', style='normal', variant='normal', weight=400, stretch='normal', size='scalable')) = 10.05
2025-10-06 11:02:20,285 - matplotlib.font_manager - DEBUG - findfont: score(FontEntry(fname='/Library/Fonts/VNGOTHIC.TTF', name='.VnGothic', style='normal', variant='normal', weight=400, stretch='normal', size='scalable')) = 10.05
2025-10-06 11:02:20,285 - matplotlib.font_manager - DEBUG - findfont: score(FontEntry(fname='/Library/Fonts/VNSTAMP.TTF', name='.VnStamp', style='normal', variant='normal', weight=400, stretch='normal', size='scalable')) = 10.05
2025-10-06 11:02:20,286 - matplotlib.font_manager - DEBUG - findfont: score(FontEntry(fname='/System/Library/Fonts/Supplemental/NotoSansTagalog-Regular.ttf', name='Noto Sans Tagalog', style='normal', variant='normal', weight=400, stretch='normal', size='scalable')) = 10.05
2025-10-06 11:02:20,286 - matplotlib.font_manager - DEBUG - findfont: score(FontEntry(fname='/Library/Fonts/VHCENTN.TTF', name='.VnCentury SchoolbookH', style='normal', variant='normal', weight=400, stretch='normal', size='scalable')) = 10.05
2025-10-06 11:02:20,286 - matplotlib.font_manager - DEBUG - findfont: score(FontEntry(fname='/Library/Fonts/VNAVANI.TTF', name='.VnAvant', style='italic', variant='normal', weight=400, stretch='normal', size='scalable')) = 11.05
2025-10-06 11:02:20,286 - matplotlib.font_manager - DEBUG - findfont: score(FontEntry(fname='/System/Library/Fonts/Supplemental/Damascus.ttc', name='Damascus', style='normal', variant='normal', weight=400, stretch='normal', size='scalable')) = 10.05
2025-10-06 11:02:20,286 - matplotlib.font_manager - DEBUG - findfont: score(FontEntry(fname='/Library/Fonts/VHCORVI.TTF', name='.VnMonotype corsivaH', style='italic', variant='normal', weight=400, stretch='normal', size='scalable')) = 11.05
2025-10-06 11:02:20,287 - matplotlib.font_manager - DEBUG - findfont: score(FontEntry(fname='/System/Library/Fonts/Supplemental/Phosphate.ttc', name='Phosphate', style='normal', variant='normal', weight=400, stretch='normal', size='scalable')) = 10.05
2025-10-06 11:02:20,287 - matplotlib.font_manager - DEBUG - findfont: score(FontEntry(fname='/System/Library/Fonts/Supplemental/NotoSansMiao-Regular.ttf', name='Noto Sans Miao', style='normal', variant='normal', weight=400, stretch='normal', size='scalable')) = 10.05
2025-10-06 11:02:20,287 - matplotlib.font_manager - DEBUG - findfont: score(FontEntry(fname='/Library/Fonts/vnibaybuom.ttf', name='VNI-Baybuom', style='normal', variant='normal', weight=400, stretch='normal', size='scalable')) = 10.05
2025-10-06 11:02:20,287 - matplotlib.font_manager - DEBUG - findfont: score(FontEntry(fname='/System/Library/Fonts/Supplemental/NotoSansInscriptionalPahlavi-Regular.ttf', name='Noto Sans Inscriptional Pahlavi', style='normal', variant='normal', weight=400, stretch='normal', size='scalable')) = 10.05
2025-10-06 11:02:20,287 - matplotlib.font_manager - DEBUG - findfont: score(FontEntry(fname='/System/Library/Fonts/Supplemental/NotoSansModi-Regular.ttf', name='Noto Sans Modi', style='normal', variant='normal', weight=400, stretch='normal', size='scalable')) = 10.05
2025-10-06 11:02:20,287 - matplotlib.font_manager - DEBUG - findfont: score(FontEntry(fname='/Library/Fonts/VNEXOTIC.TTF', name='.VnExotic', style='normal', variant='normal', weight=400, stretch='normal', size='scalable')) = 10.05
2025-10-06 11:02:20,288 - matplotlib.font_manager - DEBUG - findfont: score(FontEntry(fname='/Library/Fonts/VHELVEBI.TTF', name='VNI-Helve', style='italic', variant='normal', weight=700, stretch='normal', size='scalable')) = 11.335
2025-10-06 11:02:20,288 - matplotlib.font_manager - DEBUG - findfont: score(FontEntry(fname='/System/Library/Fonts/Supplemental/NotoSansWancho-Regular.ttf', name='Noto Sans Wancho', style='normal', variant='normal', weight=400, stretch='normal', size='scalable')) = 10.05
2025-10-06 11:02:20,288 - matplotlib.font_manager - DEBUG - findfont: score(FontEntry(fname='/System/Library/Fonts/Supplemental/NotoSansLydian-Regular.ttf', name='Noto Sans Lydian', style='normal', variant='normal', weight=400, stretch='normal', size='scalable')) = 10.05
2025-10-06 11:02:20,289 - matplotlib.font_manager - DEBUG - findfont: score(FontEntry(fname='/System/Library/Fonts/SFNSRounded.ttf', name='.SF NS Rounded', style='normal', variant='normal', weight=400, stretch='normal', size='scalable')) = 10.05
2025-10-06 11:02:20,289 - matplotlib.font_manager - DEBUG - findfont: score(FontEntry(fname='/Library/Fonts/VHLINUS.TTF', name='.VnLinusH', style='normal', variant='normal', weight=400, stretch='normal', size='scalable')) = 10.05
2025-10-06 11:02:20,289 - matplotlib.font_manager - DEBUG - findfont: score(FontEntry(fname='/System/Library/Fonts/Courier.ttc', name='Courier', style='normal', variant='normal', weight=400, stretch='normal', size='scalable')) = 10.05
2025-10-06 11:02:20,289 - matplotlib.font_manager - DEBUG - findfont: score(FontEntry(fname='/Library/Fonts/VHARABIA.TTF', name='.VnArabiaH', style='normal', variant='normal', weight=400, stretch='normal', size='scalable')) = 10.05
2025-10-06 11:02:20,289 - matplotlib.font_manager - DEBUG - findfont: score(FontEntry(fname='/System/Library/Fonts/Supplemental/NotoSansLycian-Regular.ttf', name='Noto Sans Lycian', style='normal', variant='normal', weight=400, stretch='normal', size='scalable')) = 10.05
2025-10-06 11:02:20,290 - matplotlib.font_manager - DEBUG - findfont: score(FontEntry(fname='/System/Library/Fonts/MarkerFelt.ttc', name='Marker Felt', style='normal', variant='normal', weight=400, stretch='normal', size='scalable')) = 10.05
2025-10-06 11:02:20,290 - matplotlib.font_manager - DEBUG - findfont: score(FontEntry(fname='/System/Library/Fonts/Supplemental/Verdana.ttf', name='Verdana', style='normal', variant='normal', weight=400, stretch='normal', size='scalable')) = 3.6863636363636365
2025-10-06 11:02:20,290 - matplotlib.font_manager - DEBUG - findfont: score(FontEntry(fname='/System/Library/Fonts/Supplemental/Ayuthaya.ttf', name='Ayuthaya', style='normal', variant='normal', weight=400, stretch='normal', size='scalable')) = 10.05
2025-10-06 11:02:20,290 - matplotlib.font_manager - DEBUG - findfont: score(FontEntry(fname='/Library/Fonts/VNBODO.TTF', name='.VnBodoni', style='normal', variant='normal', weight=400, stretch='normal', size='scalable')) = 10.05
2025-10-06 11:02:20,290 - matplotlib.font_manager - DEBUG - findfont: score(FontEntry(fname='/Library/Fonts/VAVOI.TTF', name='VNI-Avo', style='italic', variant='normal', weight=400, stretch='normal', size='scalable')) = 11.05
2025-10-06 11:02:20,290 - matplotlib.font_manager - DEBUG - findfont: score(FontEntry(fname='/Library/Fonts/VSCRIPT.TTF', name='VNI-Script', style='italic', variant='normal', weight=100, stretch='normal', size='scalable')) = 11.335
2025-10-06 11:02:20,291 - matplotlib.font_manager - DEBUG - findfont: score(FontEntry(fname='/System/Library/Fonts/Supplemental/Wingdings 2.ttf', name='Wingdings 2', style='normal', variant='normal', weight=400, stretch='normal', size='scalable')) = 10.05
2025-10-06 11:02:20,291 - matplotlib.font_manager - DEBUG - findfont: score(FontEntry(fname='/System/Library/Fonts/Supplemental/NotoSansJavanese-Regular.otf', name='Noto Sans Javanese', style='normal', variant='normal', weight=400, stretch='normal', size='scalable')) = 10.05
2025-10-06 11:02:20,291 - matplotlib.font_manager - DEBUG - findfont: score(FontEntry(fname='/System/Library/Fonts/ヒラギノ角ゴシック W4.ttc', name='Hiragino Sans', style='normal', variant='normal', weight=400, stretch='normal', size='scalable')) = 10.05
2025-10-06 11:02:20,291 - matplotlib.font_manager - DEBUG - findfont: score(FontEntry(fname='/System/Library/Fonts/Supplemental/STIXSizTwoSymReg.otf', name='STIXSizeTwoSym', style='normal', variant='normal', weight=400, stretch='normal', size='scalable')) = 10.05
2025-10-06 11:02:20,292 - matplotlib.font_manager - DEBUG - findfont: score(FontEntry(fname='/System/Library/Fonts/SFNSMono.ttf', name='.SF NS Mono', style='normal', variant='normal', weight=295, stretch='normal', size='scalable')) = 10.14975
2025-10-06 11:02:20,294 - matplotlib.font_manager - DEBUG - findfont: score(FontEntry(fname='/Library/Fonts/VPALATI.TTF', name='VNI-Palatin', style='italic', variant='normal', weight=400, stretch='normal', size='scalable')) = 11.05
2025-10-06 11:02:20,295 - matplotlib.font_manager - DEBUG - findfont: score(FontEntry(fname='/System/Library/Fonts/Supplemental/Times New Roman Italic.ttf', name='Times New Roman', style='italic', variant='normal', weight=400, stretch='normal', size='scalable')) = 11.05
2025-10-06 11:02:20,296 - matplotlib.font_manager - DEBUG - findfont: score(FontEntry(fname='/System/Library/Fonts/ヒラギノ角ゴシック W1.ttc', name='Hiragino Sans', style='normal', variant='normal', weight=200, stretch='normal', size='scalable')) = 10.24
2025-10-06 11:02:20,296 - matplotlib.font_manager - DEBUG - findfont: score(FontEntry(fname='/Library/Fonts/VNKOALA.TTF', name='.VnKoala', style='normal', variant='normal', weight=400, stretch='normal', size='scalable')) = 10.05
2025-10-06 11:02:20,307 - matplotlib.font_manager - DEBUG - findfont: score(FontEntry(fname='/System/Library/Fonts/Supplemental/Mshtakan.ttc', name='Mshtakan', style='normal', variant='normal', weight=400, stretch='normal', size='scalable')) = 10.05
2025-10-06 11:02:20,308 - matplotlib.font_manager - DEBUG - findfont: score(FontEntry(fname='/Library/Fonts/VLINUSN.TTF', name='VNI-Linus', style='normal', variant='normal', weight=400, stretch='normal', size='scalable')) = 10.05
2025-10-06 11:02:20,308 - matplotlib.font_manager - DEBUG - findfont: score(FontEntry(fname='/Library/Fonts/VFATSO.TTF', name='VNI-Fato', style='normal', variant='normal', weight=700, stretch='normal', size='scalable')) = 10.335
2025-10-06 11:02:20,308 - matplotlib.font_manager - DEBUG - findfont: score(FontEntry(fname='/System/Library/Fonts/Supplemental/DevanagariMT.ttc', name='Devanagari MT', style='normal', variant='normal', weight=400, stretch='normal', size='scalable')) = 10.05
2025-10-06 11:02:20,308 - matplotlib.font_manager - DEBUG - findfont: score(FontEntry(fname='/Library/Fonts/vnithufap.ttf', name='VNI-HLThuphap', style='normal', variant='normal', weight=400, stretch='normal', size='scalable')) = 10.05
2025-10-06 11:02:20,309 - matplotlib.font_manager - DEBUG - findfont: score(FontEntry(fname='/Library/Fonts/VNSOUTHB.TTF', name='.VnSouthern', style='normal', variant='normal', weight=700, stretch='normal', size='scalable')) = 10.335
2025-10-06 11:02:20,309 - matplotlib.font_manager - DEBUG - findfont: score(FontEntry(fname='/Library/Fonts/VHFREE.TTF', name='.VnFreeH', style='normal', variant='normal', weight=500, stretch='normal', size='scalable')) = 10.145
2025-10-06 11:02:20,309 - matplotlib.font_manager - DEBUG - findfont: score(FontEntry(fname='/System/Library/Fonts/Supplemental/ChalkboardSE.ttc', name='Chalkboard SE', style='normal', variant='normal', weight=400, stretch='normal', size='scalable')) = 10.05
2025-10-06 11:02:20,310 - matplotlib.font_manager - DEBUG - findfont: score(FontEntry(fname='/System/Library/Fonts/ヒラギノ角ゴシック W8.ttc', name='Hiragino Sans', style='normal', variant='normal', weight=800, stretch='normal', size='scalable')) = 10.43
2025-10-06 11:02:20,310 - matplotlib.font_manager - DEBUG - findfont: score(FontEntry(fname='/System/Library/Fonts/Supplemental/Skia.ttf', name='Skia', style='normal', variant='normal', weight=5, stretch='normal', size='scalable')) = 10.42525
2025-10-06 11:02:20,310 - matplotlib.font_manager - DEBUG - findfont: score(FontEntry(fname='/System/Library/Fonts/Supplemental/Times New Roman Bold Italic.ttf', name='Times New Roman', style='italic', variant='normal', weight=700, stretch='normal', size='scalable')) = 11.335
2025-10-06 11:02:20,310 - matplotlib.font_manager - DEBUG - findfont: score(FontEntry(fname='/System/Library/Fonts/Times.ttc', name='Times', style='normal', variant='normal', weight=400, stretch='normal', size='scalable')) = 10.05
2025-10-06 11:02:20,311 - matplotlib.font_manager - DEBUG - findfont: score(FontEntry(fname='/System/Library/Fonts/Supplemental/Courier New Bold Italic.ttf', name='Courier New', style='italic', variant='normal', weight=700, stretch='normal', size='scalable')) = 11.335
2025-10-06 11:02:20,311 - matplotlib.font_manager - DEBUG - findfont: score(FontEntry(fname='/System/Library/Fonts/Supplemental/Khmer Sangam MN.ttf', name='Khmer Sangam MN', style='normal', variant='normal', weight=400, stretch='normal', size='scalable')) = 10.05
2025-10-06 11:02:20,311 - matplotlib.font_manager - DEBUG - findfont: score(FontEntry(fname='/System/Library/Fonts/Supplemental/Lao MN.ttc', name='Lao MN', style='normal', variant='normal', weight=400, stretch='normal', size='scalable')) = 10.05
2025-10-06 11:02:20,312 - matplotlib.font_manager - DEBUG - findfont: score(FontEntry(fname='/Library/Fonts/VHSOUTH.TTF', name='.VnSouthernH', style='normal', variant='normal', weight=400, stretch='normal', size='scalable')) = 10.05
2025-10-06 11:02:20,312 - matplotlib.font_manager - DEBUG - findfont: score(FontEntry(fname='/System/Library/Fonts/Supplemental/ITFDevanagari.ttc', name='ITF Devanagari', style='normal', variant='normal', weight=400, stretch='normal', size='scalable')) = 10.05
2025-10-06 11:02:20,312 - matplotlib.font_manager - DEBUG - findfont: score(FontEntry(fname='/System/Library/Fonts/Supplemental/NotoSansMarchen-Regular.ttf', name='Noto Sans Marchen', style='normal', variant='normal', weight=400, stretch='normal', size='scalable')) = 10.05
2025-10-06 11:02:20,312 - matplotlib.font_manager - DEBUG - findfont: score(FontEntry(fname='/System/Library/Fonts/Avenir Next.ttc', name='Avenir Next', style='normal', variant='normal', weight=700, stretch='normal', size='scalable')) = 10.335
2025-10-06 11:02:20,313 - matplotlib.font_manager - DEBUG - findfont: score(FontEntry(fname='/System/Library/Fonts/Supplemental/Andale Mono.ttf', name='Andale Mono', style='normal', variant='normal', weight=400, stretch='normal', size='scalable')) = 10.05
2025-10-06 11:02:20,313 - matplotlib.font_manager - DEBUG - findfont: score(FontEntry(fname='/Library/Fonts/VCOURIBI.TTF', name='VNI-Couri', style='italic', variant='normal', weight=700, stretch='normal', size='scalable')) = 11.335
2025-10-06 11:02:20,313 - matplotlib.font_manager - DEBUG - findfont: score(FontEntry(fname='/System/Library/Fonts/Supplemental/NotoSansHanunoo-Regular.ttf', name='Noto Sans Hanunoo', style='normal', variant='normal', weight=400, stretch='normal', size='scalable')) = 10.05
2025-10-06 11:02:20,314 - matplotlib.font_manager - DEBUG - findfont: score(FontEntry(fname='/Library/Fonts/VHELVCI.TTF', name='VNI-Helve-Condense', style='italic', variant='normal', weight=400, stretch='condensed', size='scalable')) = 11.25
2025-10-06 11:02:20,314 - matplotlib.font_manager - DEBUG - findfont: score(FontEntry(fname='/System/Library/Fonts/Supplemental/NotoSansCuneiform-Regular.ttf', name='Noto Sans Cuneiform', style='normal', variant='normal', weight=400, stretch='normal', size='scalable')) = 10.05
2025-10-06 11:02:20,314 - matplotlib.font_manager - DEBUG - findfont: score(FontEntry(fname='/System/Library/Fonts/Supplemental/Corsiva.ttc', name='Corsiva Hebrew', style='normal', variant='normal', weight=400, stretch='normal', size='scalable')) = 10.05
2025-10-06 11:02:20,314 - matplotlib.font_manager - DEBUG - findfont: score(FontEntry(fname='/System/Library/Fonts/Supplemental/NotoSansPauCinHau-Regular.ttf', name='Noto Sans Pau Cin Hau', style='normal', variant='normal', weight=400, stretch='normal', size='scalable')) = 10.05
2025-10-06 11:02:20,314 - matplotlib.font_manager - DEBUG - findfont: score(FontEntry(fname='/Library/Fonts/VAPTIMBI.TTF', name='VNI-Aptima', style='italic', variant='normal', weight=700, stretch='normal', size='scalable')) = 11.335
2025-10-06 11:02:20,314 - matplotlib.font_manager - DEBUG - findfont: score(FontEntry(fname='/System/Library/Fonts/Supplemental/NotoSansVai-Regular.ttf', name='Noto Sans Vai', style='normal', variant='normal', weight=400, stretch='normal', size='scalable')) = 10.05
2025-10-06 11:02:20,315 - matplotlib.font_manager - DEBUG - findfont: score(FontEntry(fname='/System/Library/Fonts/Supplemental/Khmer MN.ttc', name='Khmer MN', style='normal', variant='normal', weight=400, stretch='normal', size='scalable')) = 10.05
2025-10-06 11:02:20,315 - matplotlib.font_manager - DEBUG - findfont: score(FontEntry(fname='/System/Library/Fonts/Supplemental/DIN Alternate Bold.ttf', name='DIN Alternate', style='normal', variant='normal', weight=700, stretch='normal', size='scalable')) = 10.335
2025-10-06 11:02:20,315 - matplotlib.font_manager - DEBUG - findfont: score(FontEntry(fname='/Library/Fonts/VHMEMO.TTF', name='.VnMemorandumH', style='normal', variant='normal', weight=400, stretch='normal', size='scalable')) = 10.05
2025-10-06 11:02:20,315 - matplotlib.font_manager - DEBUG - findfont: score(FontEntry(fname='/System/Library/Fonts/Supplemental/NotoSansSiddham-Regular.ttf', name='Noto Sans Siddham', style='normal', variant='normal', weight=400, stretch='normal', size='scalable')) = 10.05
2025-10-06 11:02:20,316 - matplotlib.font_manager - DEBUG - findfont: score(FontEntry(fname='/System/Library/Fonts/Supplemental/NotoSansGunjalaGondi-Regular.otf', name='Noto Sans Gunjala Gondi', style='normal', variant='normal', weight=400, stretch='normal', size='scalable')) = 10.05
2025-10-06 11:02:20,317 - matplotlib.font_manager - DEBUG - findfont: score(FontEntry(fname='/System/Library/Fonts/Monaco.ttf', name='Monaco', style='normal', variant='normal', weight=400, stretch='normal', size='scalable')) = 10.05
2025-10-06 11:02:20,317 - matplotlib.font_manager - DEBUG - findfont: score(FontEntry(fname='/System/Library/Fonts/Supplemental/Arial Narrow Bold.ttf', name='Arial Narrow', style='normal', variant='normal', weight=700, stretch='condensed', size='scalable')) = 10.535
2025-10-06 11:02:20,319 - matplotlib.font_manager - DEBUG - findfont: score(FontEntry(fname='/System/Library/Fonts/Supplemental/NotoSansPalmyrene-Regular.ttf', name='Noto Sans Palmyrene', style='normal', variant='normal', weight=400, stretch='normal', size='scalable')) = 10.05
2025-10-06 11:02:20,319 - matplotlib.font_manager - DEBUG - findfont: score(FontEntry(fname='/System/Library/Fonts/SFCompactRounded.ttf', name='.SF Compact Rounded', style='normal', variant='normal', weight=400, stretch='normal', size='scalable')) = 10.05
2025-10-06 11:02:20,320 - matplotlib.font_manager - DEBUG - findfont: score(FontEntry(fname='/Library/Fonts/VTEKTI.TTF', name='VNI-Tekon', style='italic', variant='normal', weight=400, stretch='normal', size='scalable')) = 11.05
2025-10-06 11:02:20,320 - matplotlib.font_manager - DEBUG - findfont: score(FontEntry(fname='/Library/Fonts/VHARIALN.TTF', name='.VnArial NarrowH', style='normal', variant='normal', weight=400, stretch='condensed', size='scalable')) = 10.25
2025-10-06 11:02:20,321 - matplotlib.font_manager - DEBUG - findfont: score(FontEntry(fname='/Library/Fonts/VPARK.TTF', name='VNI-Park', style='normal', variant='normal', weight=400, stretch='normal', size='scalable')) = 10.05
2025-10-06 11:02:20,322 - matplotlib.font_manager - DEBUG - findfont: score(FontEntry(fname='/Library/Fonts/VNIDOS.TTF', name='VNI-DOS Sample Font ', style='normal', variant='normal', weight=400, stretch='normal', size='scalable')) = 10.05
2025-10-06 11:02:20,322 - matplotlib.font_manager - DEBUG - findfont: score(FontEntry(fname='/System/Library/Fonts/Menlo.ttc', name='Menlo', style='normal', variant='normal', weight=400, stretch='normal', size='scalable')) = 10.05
2025-10-06 11:02:20,322 - matplotlib.font_manager - DEBUG - findfont: score(FontEntry(fname='/System/Library/Fonts/Supplemental/Georgia.ttf', name='Georgia', style='normal', variant='normal', weight=400, stretch='normal', size='scalable')) = 10.05
2025-10-06 11:02:20,322 - matplotlib.font_manager - DEBUG - findfont: score(FontEntry(fname='/System/Library/Fonts/Supplemental/NotoSansOldSouthArabian-Regular.ttf', name='Noto Sans Old South Arabian', style='normal', variant='normal', weight=400, stretch='normal', size='scalable')) = 10.05
2025-10-06 11:02:20,322 - matplotlib.font_manager - DEBUG - findfont: score(FontEntry(fname='/System/Library/Fonts/Supplemental/NotoSansBuginese-Regular.ttf', name='Noto Sans Buginese', style='normal', variant='normal', weight=400, stretch='normal', size='scalable')) = 10.05
2025-10-06 11:02:20,323 - matplotlib.font_manager - DEBUG - findfont: score(FontEntry(fname='/System/Library/Fonts/Supplemental/Verdana Italic.ttf', name='Verdana', style='italic', variant='normal', weight=400, stretch='normal', size='scalable')) = 4.6863636363636365
2025-10-06 11:02:20,323 - matplotlib.font_manager - DEBUG - findfont: score(FontEntry(fname='/System/Library/Fonts/Supplemental/NotoSansNabataean-Regular.ttf', name='Noto Sans Nabataean', style='normal', variant='normal', weight=400, stretch='normal', size='scalable')) = 10.05
2025-10-06 11:02:20,324 - matplotlib.font_manager - DEBUG - findfont: score(FontEntry(fname='/System/Library/Fonts/Supplemental/Farisi.ttf', name='Farisi', style='normal', variant='normal', weight=400, stretch='normal', size='scalable')) = 10.05
2025-10-06 11:02:20,324 - matplotlib.font_manager - DEBUG - findfont: score(FontEntry(fname='/System/Library/Fonts/Supplemental/STIXNonUni.otf', name='STIXNonUnicode', style='normal', variant='normal', weight=400, stretch='normal', size='scalable')) = 10.05
2025-10-06 11:02:20,324 - matplotlib.font_manager - DEBUG - findfont: score(FontEntry(fname='/System/Library/Fonts/Supplemental/NotoSansKaithi-Regular.ttf', name='Noto Sans Kaithi', style='normal', variant='normal', weight=400, stretch='normal', size='scalable')) = 10.05
2025-10-06 11:02:20,325 - matplotlib.font_manager - DEBUG - findfont: score(FontEntry(fname='/System/Library/Fonts/Supplemental/Arial Italic.ttf', name='Arial', style='italic', variant='normal', weight=400, stretch='normal', size='scalable')) = 7.413636363636363
2025-10-06 11:02:20,325 - matplotlib.font_manager - DEBUG - findfont: score(FontEntry(fname='/System/Library/Fonts/Supplemental/NotoSansBuhid-Regular.ttf', name='Noto Sans Buhid', style='normal', variant='normal', weight=400, stretch='normal', size='scalable')) = 10.05
2025-10-06 11:02:20,325 - matplotlib.font_manager - DEBUG - findfont: score(FontEntry(fname='/System/Library/Fonts/Supplemental/NotoSansSundanese-Regular.ttf', name='Noto Sans Sundanese', style='normal', variant='normal', weight=400, stretch='normal', size='scalable')) = 10.05
2025-10-06 11:02:20,325 - matplotlib.font_manager - DEBUG - findfont: score(FontEntry(fname='/System/Library/Fonts/Supplemental/Wingdings 3.ttf', name='Wingdings 3', style='normal', variant='normal', weight=400, stretch='normal', size='scalable')) = 10.05
2025-10-06 11:02:20,326 - matplotlib.font_manager - DEBUG - findfont: score(FontEntry(fname='/System/Library/Fonts/Supplemental/Sana.ttc', name='Sana', style='normal', variant='normal', weight=400, stretch='normal', size='scalable')) = 10.05
2025-10-06 11:02:20,326 - matplotlib.font_manager - DEBUG - findfont: score(FontEntry(fname='/Library/Fonts/VCORONET.TTF', name='VNI-Coronet', style='italic', variant='normal', weight=700, stretch='normal', size='scalable')) = 11.335
2025-10-06 11:02:20,326 - matplotlib.font_manager - DEBUG - findfont: score(FontEntry(fname='/System/Library/Fonts/Supplemental/NotoSerifAhom-Regular.ttf', name='Noto Serif Ahom', style='normal', variant='normal', weight=400, stretch='normal', size='scalable')) = 10.05
2025-10-06 11:02:20,327 - matplotlib.font_manager - DEBUG - findfont: score(FontEntry(fname='/Library/Fonts/VNLINUS.TTF', name='.VnLinus', style='normal', variant='normal', weight=400, stretch='normal', size='scalable')) = 10.05
2025-10-06 11:02:20,327 - matplotlib.font_manager - DEBUG - findfont: score(FontEntry(fname='/Library/Fonts/VNBAHAB.TTF', name='.VnBahamasB', style='normal', variant='normal', weight=700, stretch='normal', size='scalable')) = 10.335
2025-10-06 11:02:20,327 - matplotlib.font_manager - DEBUG - findfont: score(FontEntry(fname='/System/Library/Fonts/Supplemental/NotoSansMongolian-Regular.ttf', name='Noto Sans Mongolian', style='normal', variant='normal', weight=400, stretch='normal', size='scalable')) = 10.05
2025-10-06 11:02:20,328 - matplotlib.font_manager - DEBUG - findfont: score(FontEntry(fname='/System/Library/Fonts/Supplemental/NotoSansOsage-Regular.ttf', name='Noto Sans Osage', style='normal', variant='normal', weight=400, stretch='normal', size='scalable')) = 10.05
2025-10-06 11:02:20,328 - matplotlib.font_manager - DEBUG - findfont: score(FontEntry(fname='/System/Library/Fonts/HelveticaNeue.ttc', name='Helvetica Neue', style='normal', variant='normal', weight=400, stretch='normal', size='scalable')) = 10.05
2025-10-06 11:02:20,328 - matplotlib.font_manager - DEBUG - findfont: score(FontEntry(fname='/System/Library/Fonts/Supplemental/Telugu MN.ttc', name='Telugu MN', style='normal', variant='normal', weight=400, stretch='normal', size='scalable')) = 10.05
2025-10-06 11:02:20,329 - matplotlib.font_manager - DEBUG - findfont: score(FontEntry(fname='/Library/Fonts/VHARIALI.TTF', name='.VnArialH', style='italic', variant='normal', weight=400, stretch='normal', size='scalable')) = 11.05
2025-10-06 11:02:20,329 - matplotlib.font_manager - DEBUG - findfont: score(FontEntry(fname='/Library/Fonts/VNLINCOL.TTF', name='.VnLincoln', style='normal', variant='normal', weight=400, stretch='normal', size='scalable')) = 10.05
2025-10-06 11:02:20,329 - matplotlib.font_manager - DEBUG - findfont: score(FontEntry(fname='/Library/Fonts/VFREE.TTF', name='VNI-Free', style='normal', variant='normal', weight=400, stretch='normal', size='scalable')) = 10.05
2025-10-06 11:02:20,329 - matplotlib.font_manager - DEBUG - findfont: score(FontEntry(fname='/Library/Fonts/VGOUDYI.TTF', name='VNI-Goudy', style='italic', variant='normal', weight=400, stretch='normal', size='scalable')) = 11.05
2025-10-06 11:02:20,329 - matplotlib.font_manager - DEBUG - findfont: score(FontEntry(fname='/System/Library/Fonts/NotoSansKannada.ttc', name='Noto Sans Kannada', style='normal', variant='normal', weight=900, stretch='normal', size='scalable')) = 10.525
2025-10-06 11:02:20,330 - matplotlib.font_manager - DEBUG - findfont: score(FontEntry(fname='/System/Library/Fonts/Supplemental/Hoefler Text Ornaments.ttf', name='Hoefler Text', style='normal', variant='normal', weight=400, stretch='normal', size='scalable')) = 10.05
2025-10-06 11:02:20,330 - matplotlib.font_manager - DEBUG - findfont: score(FontEntry(fname='/System/Library/Fonts/Supplemental/NotoSansElbasan-Regular.ttf', name='Noto Sans Elbasan', style='normal', variant='normal', weight=400, stretch='normal', size='scalable')) = 10.05
2025-10-06 11:02:20,330 - matplotlib.font_manager - DEBUG - findfont: score(FontEntry(fname='/System/Library/Fonts/Supplemental/Gurmukhi MN.ttc', name='Gurmukhi MN', style='normal', variant='normal', weight=400, stretch='normal', size='scalable')) = 10.05
2025-10-06 11:02:20,330 - matplotlib.font_manager - DEBUG - findfont: score(FontEntry(fname='/System/Library/Fonts/Supplemental/NotoSansCypriot-Regular.ttf', name='Noto Sans Cypriot', style='normal', variant='normal', weight=400, stretch='normal', size='scalable')) = 10.05
2025-10-06 11:02:20,331 - matplotlib.font_manager - DEBUG - findfont: score(FontEntry(fname='/Library/Fonts/VMELIB.TTF', name='VNI-Meli', style='normal', variant='normal', weight=700, stretch='normal', size='scalable')) = 10.335
2025-10-06 11:02:20,331 - matplotlib.font_manager - DEBUG - findfont: score(FontEntry(fname='/System/Library/Fonts/STHeiti Medium.ttc', name='Heiti TC', style='normal', variant='normal', weight=400, stretch='normal', size='scalable')) = 10.05
2025-10-06 11:02:20,331 - matplotlib.font_manager - DEBUG - findfont: score(FontEntry(fname='/Library/Fonts/VNANTIQB.TTF', name='.VnBook-Antiqua', style='normal', variant='normal', weight=700, stretch='normal', size='scalable')) = 10.335
2025-10-06 11:02:20,331 - matplotlib.font_manager - DEBUG - findfont: score(FontEntry(fname='/System/Library/Fonts/Supplemental/STIXSizTwoSymBol.otf', name='STIXSizeTwoSym', style='normal', variant='normal', weight=700, stretch='normal', size='scalable')) = 10.335
2025-10-06 11:02:20,331 - matplotlib.font_manager - DEBUG - findfont: score(FontEntry(fname='/Library/Fonts/VNARIS.TTF', name='.VnAristote', style='normal', variant='normal', weight=500, stretch='normal', size='scalable')) = 10.145
2025-10-06 11:02:20,332 - matplotlib.font_manager - DEBUG - findfont: score(FontEntry(fname='/System/Library/Fonts/Supplemental/NotoSansNewa-Regular.ttf', name='Noto Sans Newa', style='normal', variant='normal', weight=400, stretch='normal', size='scalable')) = 10.05
2025-10-06 11:02:20,332 - matplotlib.font_manager - DEBUG - findfont: score(FontEntry(fname='/Library/Fonts/VBOOKMBI.TTF', name='VNI-Book', style='italic', variant='normal', weight=700, stretch='normal', size='scalable')) = 11.335
2025-10-06 11:02:20,332 - matplotlib.font_manager - DEBUG - findfont: score(FontEntry(fname='/Library/Fonts/VKUNBI.TTF', name='VNI-Kun', style='italic', variant='normal', weight=700, stretch='normal', size='scalable')) = 11.335
2025-10-06 11:02:20,332 - matplotlib.font_manager - DEBUG - findfont: score(FontEntry(fname='/System/Library/Fonts/Supplemental/STIXGeneralBolIta.otf', name='STIXGeneral', style='italic', variant='normal', weight=700, stretch='normal', size='scalable')) = 11.335
2025-10-06 11:02:20,332 - matplotlib.font_manager - DEBUG - findfont: score(FontEntry(fname='/System/Library/Fonts/Supplemental/PartyLET-plain.ttf', name='Party LET', style='normal', variant='normal', weight=400, stretch='normal', size='scalable')) = 10.05
2025-10-06 11:02:20,332 - matplotlib.font_manager - DEBUG - findfont: score(FontEntry(fname='/System/Library/Fonts/Supplemental/Diwan Kufi.ttc', name='Diwan Kufi', style='normal', variant='normal', weight=400, stretch='normal', size='scalable')) = 10.05
2025-10-06 11:02:20,333 - matplotlib.font_manager - DEBUG - findfont: score(FontEntry(fname='/Library/Fonts/VHVOGU.TTF', name='.VnVogueH', style='normal', variant='normal', weight=500, stretch='normal', size='scalable')) = 10.145
2025-10-06 11:02:20,333 - matplotlib.font_manager - DEBUG - findfont: score(FontEntry(fname='/Library/Fonts/VHMUSTI.TTF', name='.VnMysticalH', style='normal', variant='normal', weight=400, stretch='normal', size='scalable')) = 10.05
2025-10-06 11:02:20,334 - matplotlib.font_manager - DEBUG - findfont: score(FontEntry(fname='/System/Library/Fonts/Supplemental/AmericanTypewriter.ttc', name='American Typewriter', style='normal', variant='normal', weight=400, stretch='normal', size='scalable')) = 10.05
2025-10-06 11:02:20,334 - matplotlib.font_manager - DEBUG - findfont: score(FontEntry(fname='/Library/Fonts/VHARIABI.TTF', name='.VnArialH', style='italic', variant='normal', weight=700, stretch='normal', size='scalable')) = 11.335
2025-10-06 11:02:20,335 - matplotlib.font_manager - DEBUG - findfont: score(FontEntry(fname='/System/Library/Fonts/Supplemental/STIXIntUpBol.otf', name='STIXIntegralsUp', style='normal', variant='normal', weight=700, stretch='normal', size='scalable')) = 10.335
2025-10-06 11:02:20,336 - matplotlib.font_manager - DEBUG - findfont: score(FontEntry(fname='/System/Library/Fonts/Supplemental/NotoSansImperialAramaic-Regular.ttf', name='Noto Sans Imperial Aramaic', style='normal', variant='normal', weight=400, stretch='normal', size='scalable')) = 10.05
2025-10-06 11:02:20,336 - matplotlib.font_manager - DEBUG - findfont: score(FontEntry(fname='/System/Library/Fonts/Supplemental/NotoSansEgyptianHieroglyphs-Regular.ttf', name='Noto Sans Egyptian Hieroglyphs', style='normal', variant='normal', weight=400, stretch='normal', size='scalable')) = 10.05
2025-10-06 11:02:20,337 - matplotlib.font_manager - DEBUG - findfont: score(FontEntry(fname='/System/Library/Fonts/Supplemental/Bangla MN.ttc', name='Bangla MN', style='normal', variant='normal', weight=400, stretch='normal', size='scalable')) = 10.05
2025-10-06 11:02:20,337 - matplotlib.font_manager - DEBUG - findfont: score(FontEntry(fname='/System/Library/Fonts/Supplemental/NotoSansUgaritic-Regular.ttf', name='Noto Sans Ugaritic', style='normal', variant='normal', weight=400, stretch='normal', size='scalable')) = 10.05
2025-10-06 11:02:20,338 - matplotlib.font_manager - DEBUG - findfont: score(FontEntry(fname='/System/Library/Fonts/Supplemental/Oriya Sangam MN.ttc', name='Oriya Sangam MN', style='normal', variant='normal', weight=400, stretch='normal', size='scalable')) = 10.05
2025-10-06 11:02:20,338 - matplotlib.font_manager - DEBUG - findfont: score(FontEntry(fname='/System/Library/Fonts/Supplemental/Apple Chancery.ttf', name='Apple Chancery', style='normal', variant='normal', weight=0, stretch='normal', size='scalable')) = 10.43
2025-10-06 11:02:20,339 - matplotlib.font_manager - DEBUG - findfont: score(FontEntry(fname='/System/Library/Fonts/Supplemental/Microsoft Sans Serif.ttf', name='Microsoft Sans Serif', style='normal', variant='normal', weight=400, stretch='normal', size='scalable')) = 10.05
2025-10-06 11:02:20,339 - matplotlib.font_manager - DEBUG - findfont: score(FontEntry(fname='/Library/Fonts/VDURHAM.TTF', name='VNI-Dur', style='normal', variant='normal', weight=700, stretch='normal', size='scalable')) = 10.335
2025-10-06 11:02:20,340 - matplotlib.font_manager - DEBUG - findfont: score(FontEntry(fname='/System/Library/Fonts/SFNS.ttf', name='System Font', style='normal', variant='normal', weight=400, stretch='normal', size='scalable')) = 10.05
2025-10-06 11:02:20,340 - matplotlib.font_manager - DEBUG - findfont: score(FontEntry(fname='/System/Library/Fonts/Supplemental/Tamil MN.ttc', name='Tamil MN', style='normal', variant='normal', weight=400, stretch='normal', size='scalable')) = 10.05
2025-10-06 11:02:20,341 - matplotlib.font_manager - DEBUG - findfont: score(FontEntry(fname='/System/Library/Fonts/SFCompactItalic.ttf', name='.SF Compact', style='italic', variant='normal', weight=1000, stretch='normal', size='scalable')) = 11.62
2025-10-06 11:02:20,341 - matplotlib.font_manager - DEBUG - findfont: score(FontEntry(fname='/Library/Fonts/VALLERGO.TTF', name='VNI-Allegie', style='italic', variant='normal', weight=400, stretch='normal', size='scalable')) = 11.05
2025-10-06 11:02:20,341 - matplotlib.font_manager - DEBUG - findfont: score(FontEntry(fname='/System/Library/Fonts/Supplemental/Courier New Bold.ttf', name='Courier New', style='normal', variant='normal', weight=700, stretch='normal', size='scalable')) = 10.335
2025-10-06 11:02:20,342 - matplotlib.font_manager - DEBUG - findfont: score(FontEntry(fname='/Library/Fonts/VFRANKO.TTF', name='VNI-Franko', style='normal', variant='normal', weight=400, stretch='normal', size='scalable')) = 10.05
2025-10-06 11:02:20,342 - matplotlib.font_manager - DEBUG - findfont: score(FontEntry(fname='/System/Library/Fonts/Supplemental/Songti.ttc', name='Songti SC', style='normal', variant='normal', weight=900, stretch='normal', size='scalable')) = 10.525
2025-10-06 11:02:20,343 - matplotlib.font_manager - DEBUG - findfont: score(FontEntry(fname='/System/Library/Fonts/Supplemental/Al Tarikh.ttc', name='Al Tarikh', style='normal', variant='normal', weight=400, stretch='normal', size='scalable')) = 10.05
2025-10-06 11:02:20,343 - matplotlib.font_manager - DEBUG - findfont: score(FontEntry(fname='/System/Library/Fonts/Supplemental/Comic Sans MS Bold.ttf', name='Comic Sans MS', style='normal', variant='normal', weight=700, stretch='normal', size='scalable')) = 10.335
2025-10-06 11:02:20,344 - matplotlib.font_manager - DEBUG - findfont: score(FontEntry(fname='/System/Library/Fonts/Supplemental/Arial Unicode.ttf', name='Arial Unicode MS', style='normal', variant='normal', weight=400, stretch='normal', size='scalable')) = 10.05
2025-10-06 11:02:20,344 - matplotlib.font_manager - DEBUG - findfont: score(FontEntry(fname='/System/Library/Fonts/Supplemental/NotoSansCarian-Regular.ttf', name='Noto Sans Carian', style='normal', variant='normal', weight=400, stretch='normal', size='scalable')) = 10.05
2025-10-06 11:02:20,344 - matplotlib.font_manager - DEBUG - findfont: score(FontEntry(fname='/System/Library/Fonts/Supplemental/Arial Narrow.ttf', name='Arial Narrow', style='normal', variant='normal', weight=400, stretch='condensed', size='scalable')) = 10.25
2025-10-06 11:02:20,345 - matplotlib.font_manager - DEBUG - findfont: score(FontEntry(fname='/System/Library/Fonts/Helvetica.ttc', name='Helvetica', style='normal', variant='normal', weight=400, stretch='normal', size='scalable')) = 7.322727272727273
2025-10-06 11:02:20,345 - matplotlib.font_manager - DEBUG - findfont: score(FontEntry(fname='/System/Library/Fonts/Supplemental/NotoSansMultani-Regular.ttf', name='Noto Sans Multani', style='normal', variant='normal', weight=400, stretch='normal', size='scalable')) = 10.05
2025-10-06 11:02:20,345 - matplotlib.font_manager - DEBUG - findfont: score(FontEntry(fname='/Library/Fonts/VHCENTBI.TTF', name='.VnCentury SchoolbookH', style='italic', variant='normal', weight=700, stretch='normal', size='scalable')) = 11.335
2025-10-06 11:02:20,345 - matplotlib.font_manager - DEBUG - findfont: score(FontEntry(fname='/System/Library/Fonts/Supplemental/STIXVar.otf', name='STIXVariants', style='normal', variant='normal', weight=400, stretch='normal', size='scalable')) = 10.05
2025-10-06 11:02:20,346 - matplotlib.font_manager - DEBUG - findfont: score(FontEntry(fname='/Library/Fonts/VHPRES.TTF', name='.VnPresentH', style='normal', variant='normal', weight=500, stretch='normal', size='scalable')) = 10.145
2025-10-06 11:02:20,346 - matplotlib.font_manager - DEBUG - findfont: score(FontEntry(fname='/System/Library/Fonts/Supplemental/NotoSerifYezidi-Regular.otf', name='Noto Serif Yezidi', style='normal', variant='normal', weight=400, stretch='normal', size='scalable')) = 10.05
2025-10-06 11:02:20,347 - matplotlib.font_manager - DEBUG - findfont: score(FontEntry(fname='/Library/Fonts/VMELII.TTF', name='VNI-Meli', style='italic', variant='normal', weight=400, stretch='normal', size='scalable')) = 11.05
2025-10-06 11:02:20,348 - matplotlib.font_manager - DEBUG - findfont: score(FontEntry(fname='/System/Library/Fonts/Supplemental/NotoSansSoraSompeng-Regular.ttf', name='Noto Sans Sora Sompeng', style='normal', variant='normal', weight=400, stretch='normal', size='scalable')) = 10.05
2025-10-06 11:02:20,348 - matplotlib.font_manager - DEBUG - findfont: score(FontEntry(fname='/Library/Fonts/VNLUCIDA.TTF', name='.VnLucida sans', style='normal', variant='normal', weight=400, stretch='normal', size='scalable')) = 10.05
2025-10-06 11:02:20,349 - matplotlib.font_manager - DEBUG - findfont: score(FontEntry(fname='/Library/Fonts/VNSOUTHD.TTF', name='.VnSouthern', style='italic', variant='normal', weight=700, stretch='normal', size='scalable')) = 11.335
2025-10-06 11:02:20,349 - matplotlib.font_manager - DEBUG - findfont: score(FontEntry(fname='/System/Library/Fonts/Supplemental/Webdings.ttf', name='Webdings', style='normal', variant='normal', weight=400, stretch='normal', size='scalable')) = 10.05
2025-10-06 11:02:20,350 - matplotlib.font_manager - DEBUG - findfont: score(FontEntry(fname='/System/Library/Fonts/Supplemental/Arial.ttf', name='Arial', style='normal', variant='normal', weight=400, stretch='normal', size='scalable')) = 6.413636363636363
2025-10-06 11:02:20,351 - matplotlib.font_manager - DEBUG - findfont: score(FontEntry(fname='/Library/Fonts/VHBODO.TTF', name='.VnBodoniH', style='normal', variant='normal', weight=400, stretch='normal', size='scalable')) = 10.05
2025-10-06 11:02:20,351 - matplotlib.font_manager - DEBUG - findfont: score(FontEntry(fname='/Library/Fonts/VCOOPERB.TTF', name='VNI-Cooper', style='normal', variant='normal', weight=900, stretch='normal', size='scalable')) = 10.525
2025-10-06 11:02:20,351 - matplotlib.font_manager - DEBUG - findfont: score(FontEntry(fname='/Library/Fonts/VNPARK.TTF', name='.VnPark', style='normal', variant='normal', weight=500, stretch='normal', size='scalable')) = 10.145
2025-10-06 11:02:20,351 - matplotlib.font_manager - DEBUG - findfont: score(FontEntry(fname='/System/Library/Fonts/Supplemental/STIXSizOneSymReg.otf', name='STIXSizeOneSym', style='normal', variant='normal', weight=400, stretch='normal', size='scalable')) = 10.05
2025-10-06 11:02:20,351 - matplotlib.font_manager - DEBUG - findfont: score(FontEntry(fname='/System/Library/Fonts/Supplemental/Beirut.ttc', name='Beirut', style='normal', variant='normal', weight=700, stretch='normal', size='scalable')) = 10.335
2025-10-06 11:02:20,352 - matplotlib.font_manager - DEBUG - findfont: score(FontEntry(fname='/System/Library/Fonts/Supplemental/Iowan Old Style.ttc', name='Iowan Old Style', style='normal', variant='normal', weight=400, stretch='normal', size='scalable')) = 10.05
2025-10-06 11:02:20,352 - matplotlib.font_manager - DEBUG - findfont: score(FontEntry(fname='/System/Library/Fonts/Supplemental/NotoSansCoptic-Regular.ttf', name='Noto Sans Coptic', style='normal', variant='normal', weight=400, stretch='normal', size='scalable')) = 10.05
2025-10-06 11:02:20,353 - matplotlib.font_manager - DEBUG - findfont: score(FontEntry(fname='/Library/Fonts/VNIGREEC.TTF', name='VNI Greece', style='normal', variant='normal', weight=400, stretch='normal', size='scalable')) = 10.05
2025-10-06 11:02:20,353 - matplotlib.font_manager - DEBUG - findfont: score(FontEntry(fname='/System/Library/Fonts/Supplemental/Kefa.ttc', name='Kefa', style='normal', variant='normal', weight=400, stretch='normal', size='scalable')) = 10.05
2025-10-06 11:02:20,353 - matplotlib.font_manager - DEBUG - findfont: score(FontEntry(fname='/Library/Fonts/VPALABI.TTF', name='VNI-Palatin', style='italic', variant='normal', weight=700, stretch='normal', size='scalable')) = 11.335
2025-10-06 11:02:20,354 - matplotlib.font_manager - DEBUG - findfont: score(FontEntry(fname='/Library/Fonts/VSWISEC.TTF', name='VNI-Swiss-Condense', style='normal', variant='normal', weight=400, stretch='condensed', size='scalable')) = 10.25
2025-10-06 11:02:20,354 - matplotlib.font_manager - DEBUG - findfont: score(FontEntry(fname='/System/Library/Fonts/Supplemental/STIXSizFourSymReg.otf', name='STIXSizeFourSym', style='normal', variant='normal', weight=400, stretch='normal', size='scalable')) = 10.05
2025-10-06 11:02:20,354 - matplotlib.font_manager - DEBUG - findfont: score(FontEntry(fname='/System/Library/Fonts/Supplemental/Rockwell.ttc', name='Rockwell', style='normal', variant='normal', weight=400, stretch='normal', size='scalable')) = 10.05
2025-10-06 11:02:20,354 - matplotlib.font_manager - DEBUG - findfont: score(FontEntry(fname='/Library/Fonts/VHCLARE.TTF', name='.VnClarendonH', style='normal', variant='normal', weight=400, stretch='normal', size='scalable')) = 10.05
2025-10-06 11:02:20,355 - matplotlib.font_manager - DEBUG - findfont: score(FontEntry(fname='/System/Library/Fonts/Supplemental/NotoSansManichaean-Regular.ttf', name='Noto Sans Manichaean', style='normal', variant='normal', weight=400, stretch='normal', size='scalable')) = 10.05
2025-10-06 11:02:20,355 - matplotlib.font_manager - DEBUG - findfont: score(FontEntry(fname='/Library/Fonts/vniongdo.ttf', name='.TMC-Ong Do', style='normal', variant='normal', weight=400, stretch='normal', size='scalable')) = 10.05
2025-10-06 11:02:20,355 - matplotlib.font_manager - DEBUG - findfont: score(FontEntry(fname='/System/Library/Fonts/Supplemental/STIXIntUpSmReg.otf', name='STIXIntegralsUpSm', style='normal', variant='normal', weight=400, stretch='normal', size='scalable')) = 10.05
2025-10-06 11:02:20,356 - matplotlib.font_manager - DEBUG - findfont: score(FontEntry(fname='/Library/Fonts/VNHELVS.TTF', name='.VnHelvetIns', style='normal', variant='normal', weight=500, stretch='normal', size='scalable')) = 10.145
2025-10-06 11:02:20,356 - matplotlib.font_manager - DEBUG - findfont: score(FontEntry(fname='/System/Library/Fonts/Supplemental/PTMono.ttc', name='PT Mono', style='normal', variant='normal', weight=700, stretch='normal', size='scalable')) = 10.335
2025-10-06 11:02:20,356 - matplotlib.font_manager - DEBUG - findfont: score(FontEntry(fname='/System/Library/Fonts/Supplemental/Trebuchet MS Bold Italic.ttf', name='Trebuchet MS', style='italic', variant='normal', weight=700, stretch='normal', size='scalable')) = 11.335
2025-10-06 11:02:20,356 - matplotlib.font_manager - DEBUG - findfont: score(FontEntry(fname='/Library/Fonts/VHAVAN.TTF', name='.VnAvantH', style='normal', variant='normal', weight=400, stretch='normal', size='scalable')) = 10.05
2025-10-06 11:02:20,357 - matplotlib.font_manager - DEBUG - findfont: score(FontEntry(fname='/System/Library/Fonts/Supplemental/NotoSansGlagolitic-Regular.ttf', name='Noto Sans Glagolitic', style='normal', variant='normal', weight=400, stretch='normal', size='scalable')) = 10.05
2025-10-06 11:02:20,357 - matplotlib.font_manager - DEBUG - findfont: score(FontEntry(fname='/Library/Fonts/VNSOUTHI.TTF', name='.VnSouthern', style='italic', variant='normal', weight=400, stretch='normal', size='scalable')) = 11.05
2025-10-06 11:02:20,358 - matplotlib.font_manager - DEBUG - findfont: score(FontEntry(fname='/System/Library/Fonts/Supplemental/Brush Script.ttf', name='Brush Script MT', style='italic', variant='normal', weight=400, stretch='normal', size='scalable')) = 11.05
2025-10-06 11:02:20,358 - matplotlib.font_manager - DEBUG - findfont: score(FontEntry(fname='/System/Library/Fonts/Supplemental/NotoSansBrahmi-Regular.ttf', name='Noto Sans Brahmi', style='normal', variant='normal', weight=400, stretch='normal', size='scalable')) = 10.05
2025-10-06 11:02:20,358 - matplotlib.font_manager - DEBUG - findfont: score(FontEntry(fname='/System/Library/Fonts/Supplemental/Tahoma Bold.ttf', name='Tahoma', style='normal', variant='normal', weight=700, stretch='normal', size='scalable')) = 10.335
2025-10-06 11:02:20,358 - matplotlib.font_manager - DEBUG - findfont: score(FontEntry(fname='/Library/Fonts/Arial Unicode.ttf', name='Arial Unicode MS', style='normal', variant='normal', weight=400, stretch='normal', size='scalable')) = 10.05
2025-10-06 11:02:20,358 - matplotlib.font_manager - DEBUG - findfont: score(FontEntry(fname='/Library/Fonts/VHELVCBI.TTF', name='VNI-Helve-Condense', style='italic', variant='normal', weight=700, stretch='condensed', size='scalable')) = 11.535
2025-10-06 11:02:20,359 - matplotlib.font_manager - DEBUG - findfont: score(FontEntry(fname='/System/Library/Fonts/NotoSansArmenian.ttc', name='Noto Sans Armenian', style='normal', variant='normal', weight=900, stretch='normal', size='scalable')) = 10.525
2025-10-06 11:02:20,359 - matplotlib.font_manager - DEBUG - findfont: score(FontEntry(fname='/Library/Fonts/VSWISC.TTF', name='VNI-Swiss-Condense', style='normal', variant='normal', weight=700, stretch='condensed', size='scalable')) = 10.535
2025-10-06 11:02:20,359 - matplotlib.font_manager - DEBUG - findfont: score(FontEntry(fname='/Library/Fonts/VNCENTI.TTF', name='.VnCentury Schoolbook', style='italic', variant='normal', weight=400, stretch='normal', size='scalable')) = 11.05
2025-10-06 11:02:20,360 - matplotlib.font_manager - DEBUG - findfont: score(FontEntry(fname='/System/Library/Fonts/Supplemental/NotoSansYi-Regular.ttf', name='Noto Sans Yi', style='normal', variant='normal', weight=400, stretch='normal', size='scalable')) = 10.05
2025-10-06 11:02:20,360 - matplotlib.font_manager - DEBUG - findfont: score(FontEntry(fname='/System/Library/Fonts/Noteworthy.ttc', name='Noteworthy', style='normal', variant='normal', weight=300, stretch='normal', size='scalable')) = 10.145
2025-10-06 11:02:20,361 - matplotlib.font_manager - DEBUG - findfont: score(FontEntry(fname='/System/Library/Fonts/Supplemental/Al Nile.ttc', name='Al Nile', style='normal', variant='normal', weight=400, stretch='normal', size='scalable')) = 10.05
2025-10-06 11:02:20,361 - matplotlib.font_manager - DEBUG - findfont: score(FontEntry(fname='/Library/Fonts/VBODONP.TTF', name='VNI-Bodon-Poster', style='normal', variant='normal', weight=700, stretch='normal', size='scalable')) = 10.335
2025-10-06 11:02:20,362 - matplotlib.font_manager - DEBUG - findfont: score(FontEntry(fname='/System/Library/Fonts/Supplemental/NotoSansKhudawadi-Regular.ttf', name='Noto Sans Khudawadi', style='normal', variant='normal', weight=400, stretch='normal', size='scalable')) = 10.05
2025-10-06 11:02:20,362 - matplotlib.font_manager - DEBUG - findfont: score(FontEntry(fname='/System/Library/Fonts/Supplemental/SuperClarendon.ttc', name='Superclarendon', style='normal', variant='normal', weight=400, stretch='normal', size='scalable')) = 10.05
2025-10-06 11:02:20,363 - matplotlib.font_manager - DEBUG - findfont: score(FontEntry(fname='/System/Library/Fonts/Supplemental/Arial Bold.ttf', name='Arial', style='normal', variant='normal', weight=700, stretch='normal', size='scalable')) = 6.698636363636363
2025-10-06 11:02:20,364 - matplotlib.font_manager - DEBUG - findfont: score(FontEntry(fname='/System/Library/Fonts/Symbol.ttf', name='Symbol', style='normal', variant='normal', weight=400, stretch='normal', size='scalable')) = 10.05
2025-10-06 11:02:20,365 - matplotlib.font_manager - DEBUG - findfont: score(FontEntry(fname='/System/Library/Fonts/Supplemental/Chalkboard.ttc', name='Chalkboard', style='normal', variant='normal', weight=400, stretch='normal', size='scalable')) = 10.05
2025-10-06 11:02:20,365 - matplotlib.font_manager - DEBUG - findfont: score(FontEntry(fname='/Library/Fonts/VKORIN.TTF', name='VNI-Korin', style='normal', variant='normal', weight=400, stretch='normal', size='scalable')) = 10.05
2025-10-06 11:02:20,366 - matplotlib.font_manager - DEBUG - findfont: score(FontEntry(fname='/Library/Fonts/VGARAMB.TTF', name='VNI-Garam', style='normal', variant='normal', weight=700, stretch='normal', size='scalable')) = 10.335
2025-10-06 11:02:20,366 - matplotlib.font_manager - DEBUG - findfont: score(FontEntry(fname='/System/Library/Fonts/Supplemental/NotoSansSaurashtra-Regular.ttf', name='Noto Sans Saurashtra', style='normal', variant='normal', weight=400, stretch='normal', size='scalable')) = 10.05
2025-10-06 11:02:20,366 - matplotlib.font_manager - DEBUG - findfont: score(FontEntry(fname='/System/Library/Fonts/ヒラギノ角ゴシック W7.ttc', name='Hiragino Sans', style='normal', variant='normal', weight=700, stretch='normal', size='scalable')) = 10.335
2025-10-06 11:02:20,367 - matplotlib.font_manager - DEBUG - findfont: score(FontEntry(fname='/System/Library/Fonts/Supplemental/Bodoni Ornaments.ttf', name='Bodoni Ornaments', style='normal', variant='normal', weight=400, stretch='normal', size='scalable')) = 10.05
2025-10-06 11:02:20,367 - matplotlib.font_manager - DEBUG - findfont: score(FontEntry(fname='/System/Library/Fonts/Supplemental/Comic Sans MS.ttf', name='Comic Sans MS', style='normal', variant='normal', weight=400, stretch='normal', size='scalable')) = 10.05
2025-10-06 11:02:20,367 - matplotlib.font_manager - DEBUG - findfont: score(FontEntry(fname='/Library/Fonts/VNMEMO.TTF', name='.VnMemorandum', style='normal', variant='normal', weight=400, stretch='normal', size='scalable')) = 10.05
2025-10-06 11:02:20,368 - matplotlib.font_manager - DEBUG - findfont: score(FontEntry(fname='/Library/Fonts/VNCOURBI.TTF', name='.VnCourier New', style='italic', variant='normal', weight=700, stretch='normal', size='scalable')) = 11.335
2025-10-06 11:02:20,368 - matplotlib.font_manager - DEBUG - findfont: score(FontEntry(fname='/Library/Fonts/VSOUVBI.TTF', name='VNI-Souvir', style='italic', variant='normal', weight=700, stretch='normal', size='scalable')) = 11.335
2025-10-06 11:02:20,368 - matplotlib.font_manager - DEBUG - findfont: score(FontEntry(fname='/Library/Fonts/VCOMMERC.TTF', name='VNI-Commerce', style='italic', variant='normal', weight=700, stretch='normal', size='scalable')) = 11.335
2025-10-06 11:02:20,368 - matplotlib.font_manager - DEBUG - findfont: score(FontEntry(fname='/System/Library/Fonts/Supplemental/SignPainter.ttc', name='SignPainter', style='normal', variant='normal', weight=400, stretch='normal', size='scalable')) = 10.05
2025-10-06 11:02:20,369 - matplotlib.font_manager - DEBUG - findfont: score(FontEntry(fname='/Library/Fonts/VHTIMEI.TTF', name='.VnTimeH', style='italic', variant='normal', weight=400, stretch='normal', size='scalable')) = 11.05
2025-10-06 11:02:20,369 - matplotlib.font_manager - DEBUG - findfont: score(FontEntry(fname='/Library/Fonts/vnithufap3.ttf', name='VNI-Thufap3', style='normal', variant='normal', weight=400, stretch='normal', size='scalable')) = 10.05
2025-10-06 11:02:20,369 - matplotlib.font_manager - DEBUG - findfont: score(FontEntry(fname='/Library/Fonts/VAWCHON.TTF', name='VNI-Awchon', style='normal', variant='normal', weight=700, stretch='normal', size='scalable')) = 10.335
2025-10-06 11:02:20,370 - matplotlib.font_manager - DEBUG - findfont: score(FontEntry(fname='/Library/Fonts/VHARIALB.TTF', name='.VnArialH', style='normal', variant='normal', weight=700, stretch='normal', size='scalable')) = 10.335
2025-10-06 11:02:20,370 - matplotlib.font_manager - DEBUG - findfont: score(FontEntry(fname='/Library/Fonts/VBODON.TTF', name='VNI-Bodon', style='normal', variant='normal', weight=400, stretch='normal', size='scalable')) = 10.05
2025-10-06 11:02:20,370 - matplotlib.font_manager - DEBUG - findfont: score(FontEntry(fname='/System/Library/Fonts/Supplemental/Seravek.ttc', name='Seravek', style='normal', variant='normal', weight=400, stretch='normal', size='scalable')) = 10.05
2025-10-06 11:02:20,370 - matplotlib.font_manager - DEBUG - findfont: score(FontEntry(fname='/Library/Fonts/VNIRUSSI.TTF', name='VNI Russia', style='normal', variant='normal', weight=400, stretch='normal', size='scalable')) = 10.05
2025-10-06 11:02:20,371 - matplotlib.font_manager - DEBUG - findfont: score(FontEntry(fname='/System/Library/Fonts/Supplemental/NotoSansLimbu-Regular.ttf', name='Noto Sans Limbu', style='normal', variant='normal', weight=400, stretch='normal', size='scalable')) = 10.05
2025-10-06 11:02:20,371 - matplotlib.font_manager - DEBUG - findfont: score(FontEntry(fname='/Library/Fonts/VHBAHAB.TTF', name='.VnBahamasBH', style='normal', variant='normal', weight=700, stretch='normal', size='scalable')) = 10.335
2025-10-06 11:02:20,372 - matplotlib.font_manager - DEBUG - findfont: score(FontEntry(fname='/System/Library/Fonts/NotoNastaliq.ttc', name='Noto Nastaliq Urdu', style='normal', variant='normal', weight=400, stretch='normal', size='scalable')) = 10.05
2025-10-06 11:02:20,372 - matplotlib.font_manager - DEBUG - findfont: score(FontEntry(fname='/System/Library/Fonts/Supplemental/Baghdad.ttc', name='Baghdad', style='normal', variant='normal', weight=400, stretch='normal', size='scalable')) = 10.05
2025-10-06 11:02:20,372 - matplotlib.font_manager - DEBUG - findfont: score(FontEntry(fname='/Library/Fonts/VNTIFH.TTF', name='.VnTifani Heavy', style='normal', variant='normal', weight=400, stretch='normal', size='scalable')) = 10.05
2025-10-06 11:02:20,372 - matplotlib.font_manager - DEBUG - findfont: score(FontEntry(fname='/Library/Fonts/vnithuphapslogan.ttf', name='VNI-Slogan', style='normal', variant='normal', weight=400, stretch='normal', size='scalable')) = 10.05
2025-10-06 11:02:20,372 - matplotlib.font_manager - DEBUG - findfont: score(FontEntry(fname='/System/Library/Fonts/Supplemental/Athelas.ttc', name='Athelas', style='normal', variant='normal', weight=400, stretch='normal', size='scalable')) = 10.05
2025-10-06 11:02:20,372 - matplotlib.font_manager - DEBUG - findfont: score(FontEntry(fname='/System/Library/Fonts/Supplemental/Bodoni 72 Smallcaps Book.ttf', name='Bodoni 72 Smallcaps', style='normal', variant='normal', weight=400, stretch='normal', size='scalable')) = 10.05
2025-10-06 11:02:20,373 - matplotlib.font_manager - DEBUG - findfont: score(FontEntry(fname='/System/Library/Fonts/Supplemental/STIXSizThreeSymReg.otf', name='STIXSizeThreeSym', style='normal', variant='normal', weight=400, stretch='normal', size='scalable')) = 10.05
2025-10-06 11:02:20,373 - matplotlib.font_manager - DEBUG - findfont: score(FontEntry(fname='/System/Library/Fonts/Supplemental/NotoSansGothic-Regular.ttf', name='Noto Sans Gothic', style='normal', variant='normal', weight=400, stretch='normal', size='scalable')) = 10.05
2025-10-06 11:02:20,373 - matplotlib.font_manager - DEBUG - findfont: score(FontEntry(fname='/System/Library/Fonts/Supplemental/Sinhala Sangam MN.ttc', name='Sinhala Sangam MN', style='normal', variant='normal', weight=400, stretch='normal', size='scalable')) = 10.05
2025-10-06 11:02:20,373 - matplotlib.font_manager - DEBUG - findfont: score(FontEntry(fname='/Library/Fonts/VNCOUR.TTF', name='.VnCourier New', style='normal', variant='normal', weight=400, stretch='normal', size='scalable')) = 10.05
2025-10-06 11:02:20,373 - matplotlib.font_manager - DEBUG - findfont: score(FontEntry(fname='/Library/Fonts/VNCOURI.TTF', name='.VnCourier New', style='italic', variant='normal', weight=400, stretch='normal', size='scalable')) = 11.05
2025-10-06 11:02:20,374 - matplotlib.font_manager - DEBUG - findfont: score(FontEntry(fname='/System/Library/Fonts/Supplemental/Marion.ttc', name='Marion', style='normal', variant='normal', weight=400, stretch='normal', size='scalable')) = 10.05
2025-10-06 11:02:20,374 - matplotlib.font_manager - DEBUG - findfont: score(FontEntry(fname='/Library/Fonts/VBODONBI.TTF', name='VNI-Bodon', style='italic', variant='normal', weight=700, stretch='normal', size='scalable')) = 11.335
2025-10-06 11:02:20,374 - matplotlib.font_manager - DEBUG - findfont: score(FontEntry(fname='/Library/Fonts/VNUNIV.TTF', name='.VnUniverse', style='normal', variant='normal', weight=400, stretch='normal', size='scalable')) = 10.05
2025-10-06 11:02:20,374 - matplotlib.font_manager - DEBUG - findfont: score(FontEntry(fname='/System/Library/Fonts/Supplemental/NotoSansLinearA-Regular.ttf', name='Noto Sans Linear A', style='normal', variant='normal', weight=400, stretch='normal', size='scalable')) = 10.05
2025-10-06 11:02:20,374 - matplotlib.font_manager - DEBUG - findfont: score(FontEntry(fname='/System/Library/Fonts/Supplemental/Arial Bold Italic.ttf', name='Arial', style='italic', variant='normal', weight=700, stretch='normal', size='scalable')) = 7.698636363636363
2025-10-06 11:02:20,375 - matplotlib.font_manager - DEBUG - findfont: score(FontEntry(fname='/System/Library/Fonts/Supplemental/SnellRoundhand.ttc', name='Snell Roundhand', style='normal', variant='normal', weight=500, stretch='normal', size='scalable')) = 10.145
2025-10-06 11:02:20,375 - matplotlib.font_manager - DEBUG - findfont: score(FontEntry(fname='/Library/Fonts/VCENTBI.TTF', name='VNI-Centur', style='italic', variant='normal', weight=700, stretch='normal', size='scalable')) = 11.335
2025-10-06 11:02:20,375 - matplotlib.font_manager - DEBUG - findfont: score(FontEntry(fname='/System/Library/Fonts/Supplemental/NotoSansMahajani-Regular.ttf', name='Noto Sans Mahajani', style='normal', variant='normal', weight=400, stretch='normal', size='scalable')) = 10.05
2025-10-06 11:02:20,376 - matplotlib.font_manager - DEBUG - findfont: score(FontEntry(fname='/Library/Fonts/VBODONII.TTF', name='VNI-Bodon', style='italic', variant='normal', weight=400, stretch='normal', size='scalable')) = 11.05
2025-10-06 11:02:20,376 - matplotlib.font_manager - DEBUG - findfont: score(FontEntry(fname='/System/Library/Fonts/Supplemental/STIXIntUpDReg.otf', name='STIXIntegralsUpD', style='normal', variant='normal', weight=400, stretch='normal', size='scalable')) = 10.05
2025-10-06 11:02:20,376 - matplotlib.font_manager - DEBUG - findfont: score(FontEntry(fname='/Library/Fonts/vnithufap2.ttf', name='VNI-Thufap2', style='normal', variant='normal', weight=400, stretch='normal', size='scalable')) = 10.05
2025-10-06 11:02:20,376 - matplotlib.font_manager - DEBUG - findfont: score(FontEntry(fname='/System/Library/Fonts/ヒラギノ角ゴシック W3.ttc', name='Hiragino Sans', style='normal', variant='normal', weight=300, stretch='normal', size='scalable')) = 10.145
2025-10-06 11:02:20,377 - matplotlib.font_manager - DEBUG - findfont: score(FontEntry(fname='/System/Library/Fonts/ヒラギノ明朝 ProN.ttc', name='Hiragino Mincho ProN', style='normal', variant='normal', weight=300, stretch='normal', size='scalable')) = 10.145
2025-10-06 11:02:20,377 - matplotlib.font_manager - DEBUG - findfont: score(FontEntry(fname='/System/Library/Fonts/Supplemental/Chalkduster.ttf', name='Chalkduster', style='normal', variant='normal', weight=400, stretch='normal', size='scalable')) = 10.05
2025-10-06 11:02:20,377 - matplotlib.font_manager - DEBUG - findfont: score(FontEntry(fname='/System/Library/Fonts/Geneva.ttf', name='Geneva', style='normal', variant='normal', weight=400, stretch='normal', size='scalable')) = 4.595454545454545
2025-10-06 11:02:20,378 - matplotlib.font_manager - DEBUG - findfont: score(FontEntry(fname='/System/Library/Fonts/Supplemental/Waseem.ttc', name='Waseem', style='normal', variant='normal', weight=400, stretch='normal', size='scalable')) = 10.05
2025-10-06 11:02:20,378 - matplotlib.font_manager - DEBUG - findfont: score(FontEntry(fname='/Library/Fonts/VAPTIMB.TTF', name='VNI-Aptima', style='normal', variant='normal', weight=700, stretch='normal', size='scalable')) = 10.335
2025-10-06 11:02:20,378 - matplotlib.font_manager - DEBUG - findfont: score(FontEntry(fname='/Library/Fonts/VNCOMSI.TTF', name='.VnCommercial Script', style='italic', variant='normal', weight=400, stretch='normal', size='scalable')) = 11.05
2025-10-06 11:02:20,379 - matplotlib.font_manager - DEBUG - findfont: score(FontEntry(fname='/Library/Fonts/VNCORSI.TTF', name='.VnMonotype corsiva', style='italic', variant='normal', weight=400, stretch='normal', size='scalable')) = 11.05
2025-10-06 11:02:20,380 - matplotlib.font_manager - DEBUG - findfont: score(FontEntry(fname='/System/Library/Fonts/Supplemental/DecoTypeNaskh.ttc', name='DecoType Naskh', style='normal', variant='normal', weight=400, stretch='normal', size='scalable')) = 10.05
2025-10-06 11:02:20,380 - matplotlib.font_manager - DEBUG - findfont: score(FontEntry(fname='/System/Library/Fonts/Supplemental/NotoSansCham-Regular.ttf', name='Noto Sans Cham', style='normal', variant='normal', weight=400, stretch='normal', size='scalable')) = 10.05
2025-10-06 11:02:20,382 - matplotlib.font_manager - DEBUG - findfont: score(FontEntry(fname='/System/Library/Fonts/Supplemental/Bangla Sangam MN.ttc', name='Bangla Sangam MN', style='normal', variant='normal', weight=400, stretch='normal', size='scalable')) = 10.05
2025-10-06 11:02:20,382 - matplotlib.font_manager - DEBUG - findfont: score(FontEntry(fname='/System/Library/Fonts/Supplemental/STIXIntDReg.otf', name='STIXIntegralsD', style='normal', variant='normal', weight=400, stretch='normal', size='scalable')) = 10.05
2025-10-06 11:02:20,383 - matplotlib.font_manager - DEBUG - findfont: score(FontEntry(fname='/Library/Fonts/VCOURII.TTF', name='VNI-Couri', style='italic', variant='normal', weight=400, stretch='normal', size='scalable')) = 11.05
2025-10-06 11:02:20,383 - matplotlib.font_manager - DEBUG - findfont: score(FontEntry(fname='/System/Library/Fonts/Supplemental/STIXGeneralItalic.otf', name='STIXGeneral', style='italic', variant='normal', weight=400, stretch='normal', size='scalable')) = 11.05
2025-10-06 11:02:20,384 - matplotlib.font_manager - DEBUG - findfont: score(FontEntry(fname='/System/Library/Fonts/Supplemental/NotoSansSylotiNagri-Regular.ttf', name='Noto Sans Syloti Nagri', style='normal', variant='normal', weight=400, stretch='normal', size='scalable')) = 10.05
2025-10-06 11:02:20,384 - matplotlib.font_manager - DEBUG - findfont: score(FontEntry(fname='/System/Library/Fonts/Supplemental/STIXVarBol.otf', name='STIXVariants', style='normal', variant='normal', weight=700, stretch='normal', size='scalable')) = 10.335
2025-10-06 11:02:20,384 - matplotlib.font_manager - DEBUG - findfont: score(FontEntry(fname='/Library/Fonts/VNINET.TTF', name='VNI-Internet Mail', style='normal', variant='normal', weight=400, stretch='normal', size='scalable')) = 10.05
2025-10-06 11:02:20,385 - matplotlib.font_manager - DEBUG - findfont: score(FontEntry(fname='/Library/Fonts/VTIMESBI.TTF', name='VNI-Times', style='italic', variant='normal', weight=700, stretch='normal', size='scalable')) = 11.335
2025-10-06 11:02:20,385 - matplotlib.font_manager - DEBUG - findfont: score(FontEntry(fname='/System/Library/Fonts/SFNSItalic.ttf', name='System Font', style='italic', variant='normal', weight=400, stretch='normal', size='scalable')) = 11.05
2025-10-06 11:02:20,385 - matplotlib.font_manager - DEBUG - findfont: score(FontEntry(fname='/Library/Fonts/VHTIME.TTF', name='.VnTimeH', style='normal', variant='normal', weight=400, stretch='normal', size='scalable')) = 10.05
2025-10-06 11:02:20,386 - matplotlib.font_manager - DEBUG - findfont: score(FontEntry(fname='/Library/Fonts/VMELIBI.TTF', name='VNI-Meli', style='italic', variant='normal', weight=700, stretch='normal', size='scalable')) = 11.335
2025-10-06 11:02:20,386 - matplotlib.font_manager - DEBUG - findfont: score(FontEntry(fname='/System/Library/Fonts/Supplemental/STIXSizFourSymBol.otf', name='STIXSizeFourSym', style='normal', variant='normal', weight=700, stretch='normal', size='scalable')) = 10.335
2025-10-06 11:02:20,386 - matplotlib.font_manager - DEBUG - findfont: score(FontEntry(fname='/System/Library/Fonts/Supplemental/STIXTwoText-Italic.ttf', name='STIX Two Text', style='italic', variant='normal', weight=400, stretch='normal', size='scalable')) = 11.05
2025-10-06 11:02:20,387 - matplotlib.font_manager - DEBUG - findfont: score(FontEntry(fname='/System/Library/Fonts/Supplemental/Gurmukhi Sangam MN.ttc', name='Gurmukhi Sangam MN', style='normal', variant='normal', weight=400, stretch='normal', size='scalable')) = 10.05
2025-10-06 11:02:20,387 - matplotlib.font_manager - DEBUG - findfont: score(FontEntry(fname='/System/Library/Fonts/Apple Braille Outline 6 Dot.ttf', name='Apple Braille', style='normal', variant='normal', weight=400, stretch='normal', size='scalable')) = 10.05
2025-10-06 11:02:20,388 - matplotlib.font_manager - DEBUG - findfont: score(FontEntry(fname='/System/Library/Fonts/Supplemental/Georgia Italic.ttf', name='Georgia', style='italic', variant='normal', weight=400, stretch='normal', size='scalable')) = 11.05
2025-10-06 11:02:20,388 - matplotlib.font_manager - DEBUG - findfont: score(FontEntry(fname='/Library/Fonts/VNSHELL.TTF', name='.VnShelley Allegro', style='normal', variant='normal', weight=400, stretch='normal', size='scalable')) = 10.05
2025-10-06 11:02:20,388 - matplotlib.font_manager - DEBUG - findfont: score(FontEntry(fname='/System/Library/Fonts/Supplemental/NotoSansTakri-Regular.ttf', name='Noto Sans Takri', style='normal', variant='normal', weight=400, stretch='normal', size='scalable')) = 10.05
2025-10-06 11:02:20,388 - matplotlib.font_manager - DEBUG - findfont: score(FontEntry(fname='/System/Library/Fonts/Supplemental/NotoSansWarangCiti-Regular.ttf', name='Noto Sans Warang Citi', style='normal', variant='normal', weight=400, stretch='normal', size='scalable')) = 10.05
2025-10-06 11:02:20,388 - matplotlib.font_manager - DEBUG - findfont: score(FontEntry(fname='/Library/Fonts/VNARIANB.TTF', name='.VnArial Narrow', style='normal', variant='normal', weight=700, stretch='condensed', size='scalable')) = 10.535
2025-10-06 11:02:20,389 - matplotlib.font_manager - DEBUG - findfont: score(FontEntry(fname='/Library/Fonts/VCENTB.TTF', name='VNI-Centur', style='normal', variant='normal', weight=700, stretch='normal', size='scalable')) = 10.335
2025-10-06 11:02:20,389 - matplotlib.font_manager - DEBUG - findfont: score(FontEntry(fname='/Library/Fonts/VAGRB.TTF', name='VNI-Vari', style='normal', variant='normal', weight=700, stretch='normal', size='scalable')) = 10.335
2025-10-06 11:02:20,389 - matplotlib.font_manager - DEBUG - findfont: score(FontEntry(fname='/Library/Fonts/VNARIALB.TTF', name='.VnArial', style='normal', variant='normal', weight=700, stretch='normal', size='scalable')) = 10.335
2025-10-06 11:02:20,389 - matplotlib.font_manager - DEBUG - findfont: score(FontEntry(fname='/System/Library/Fonts/Supplemental/Courier New Italic.ttf', name='Courier New', style='italic', variant='normal', weight=400, stretch='normal', size='scalable')) = 11.05
2025-10-06 11:02:20,389 - matplotlib.font_manager - DEBUG - findfont: score(FontEntry(fname='/System/Library/Fonts/Supplemental/Tahoma.ttf', name='Tahoma', style='normal', variant='normal', weight=400, stretch='normal', size='scalable')) = 10.05
2025-10-06 11:02:20,390 - matplotlib.font_manager - DEBUG - findfont: score(FontEntry(fname='/Library/Fonts/VSOUVB.TTF', name='VNI-Souvir', style='normal', variant='normal', weight=700, stretch='normal', size='scalable')) = 10.335
2025-10-06 11:02:20,390 - matplotlib.font_manager - DEBUG - findfont: score(FontEntry(fname='/Library/Fonts/VTEKTN.TTF', name='VNI-Tekon', style='normal', variant='normal', weight=400, stretch='normal', size='scalable')) = 10.05
2025-10-06 11:02:20,390 - matplotlib.font_manager - DEBUG - findfont: score(FontEntry(fname='/Library/Fonts/VCOURI.TTF', name='VNI-Couri', style='normal', variant='normal', weight=400, stretch='normal', size='scalable')) = 10.05
2025-10-06 11:02:20,390 - matplotlib.font_manager - DEBUG - findfont: score(FontEntry(fname='/Library/Fonts/VTIMESI.TTF', name='VNI-Times', style='italic', variant='normal', weight=400, stretch='normal', size='scalable')) = 11.05
2025-10-06 11:02:20,390 - matplotlib.font_manager - DEBUG - findfont: score(FontEntry(fname='/Library/Fonts/VBOOKMN.TTF', name='VNI-Book', style='normal', variant='normal', weight=400, stretch='normal', size='scalable')) = 10.05
2025-10-06 11:02:20,391 - matplotlib.font_manager - DEBUG - findfont: score(FontEntry(fname='/Library/Fonts/VBODONB.TTF', name='VNI-Bodon', style='normal', variant='normal', weight=700, stretch='normal', size='scalable')) = 10.335
2025-10-06 11:02:20,391 - matplotlib.font_manager - DEBUG - findfont: score(FontEntry(fname='/Library/Fonts/VHELVEI.TTF', name='VNI-Helve', style='italic', variant='normal', weight=400, stretch='normal', size='scalable')) = 11.05
2025-10-06 11:02:20,391 - matplotlib.font_manager - DEBUG - findfont: score(FontEntry(fname='/Library/Fonts/VNANTIQ.TTF', name='.VnBook-Antiqua', style='normal', variant='normal', weight=400, stretch='normal', size='scalable')) = 10.05
2025-10-06 11:02:20,391 - matplotlib.font_manager - DEBUG - findfont: score(FontEntry(fname='/System/Library/Fonts/Supplemental/Hoefler Text.ttc', name='Hoefler Text', style='normal', variant='normal', weight=400, stretch='normal', size='scalable')) = 10.05
2025-10-06 11:02:20,392 - matplotlib.font_manager - DEBUG - findfont: score(FontEntry(fname='/Library/Fonts/VAUCHON.TTF', name='VNI-Auchon', style='normal', variant='normal', weight=700, stretch='normal', size='scalable')) = 10.335
2025-10-06 11:02:20,392 - matplotlib.font_manager - DEBUG - findfont: score(FontEntry(fname='/Library/Fonts/VNCOURB.TTF', name='.VnCourier New', style='normal', variant='normal', weight=700, stretch='normal', size='scalable')) = 10.335
2025-10-06 11:02:20,392 - matplotlib.font_manager - DEBUG - findfont: score(FontEntry(fname='/System/Library/Fonts/Supplemental/STIXIntUpSmBol.otf', name='STIXIntegralsUpSm', style='normal', variant='normal', weight=700, stretch='normal', size='scalable')) = 10.335
2025-10-06 11:02:20,392 - matplotlib.font_manager - DEBUG - findfont: score(FontEntry(fname='/System/Library/Fonts/Apple Braille Pinpoint 8 Dot.ttf', name='Apple Braille', style='normal', variant='normal', weight=400, stretch='normal', size='scalable')) = 10.05
2025-10-06 11:02:20,392 - matplotlib.font_manager - DEBUG - findfont: score(FontEntry(fname='/Library/Fonts/VCENTN.TTF', name='VNI-Centur', style='normal', variant='normal', weight=400, stretch='normal', size='scalable')) = 10.05
2025-10-06 11:02:20,393 - matplotlib.font_manager - DEBUG - findfont: score(FontEntry(fname='/System/Library/Fonts/Supplemental/EuphemiaCAS.ttc', name='Euphemia UCAS', style='normal', variant='normal', weight=400, stretch='normal', size='scalable')) = 10.05
2025-10-06 11:02:20,393 - matplotlib.font_manager - DEBUG - findfont: score(FontEntry(fname='/Library/Fonts/VMELIN.TTF', name='VNI-Meli', style='normal', variant='normal', weight=400, stretch='normal', size='scalable')) = 10.05
2025-10-06 11:02:20,393 - matplotlib.font_manager - DEBUG - findfont: score(FontEntry(fname='/System/Library/Fonts/Supplemental/Papyrus.ttc', name='Papyrus', style='normal', variant='normal', weight=400, stretch='condensed', size='scalable')) = 10.25
2025-10-06 11:02:20,393 - matplotlib.font_manager - DEBUG - findfont: score(FontEntry(fname='/System/Library/Fonts/Supplemental/NotoSansCanadianAboriginal-Regular.otf', name='Noto Sans Canadian Aboriginal', style='normal', variant='normal', weight=400, stretch='normal', size='scalable')) = 10.05
2025-10-06 11:02:20,393 - matplotlib.font_manager - DEBUG - findfont: score(FontEntry(fname='/Library/Fonts/VHOBO.TTF', name='VNI-Hobo', style='normal', variant='normal', weight=400, stretch='normal', size='scalable')) = 10.05
2025-10-06 11:02:20,394 - matplotlib.font_manager - DEBUG - findfont: score(FontEntry(fname='/System/Library/Fonts/ArialHB.ttc', name='Arial Hebrew', style='normal', variant='normal', weight=400, stretch='normal', size='scalable')) = 10.05
2025-10-06 11:02:20,394 - matplotlib.font_manager - DEBUG - findfont: score(FontEntry(fname='/Library/Fonts/VHAVANBI.TTF', name='.VnAvantH', style='italic', variant='normal', weight=700, stretch='normal', size='scalable')) = 11.335
2025-10-06 11:02:20,394 - matplotlib.font_manager - DEBUG - findfont: score(FontEntry(fname='/System/Library/Fonts/Supplemental/STIXSizThreeSymBol.otf', name='STIXSizeThreeSym', style='normal', variant='normal', weight=700, stretch='normal', size='scalable')) = 10.335
2025-10-06 11:02:20,394 - matplotlib.font_manager - DEBUG - findfont: score(FontEntry(fname='/System/Library/Fonts/Supplemental/AppleGothic.ttf', name='AppleGothic', style='normal', variant='normal', weight=400, stretch='normal', size='scalable')) = 10.05
2025-10-06 11:02:20,394 - matplotlib.font_manager - DEBUG - findfont: score(FontEntry(fname='/System/Library/Fonts/Supplemental/NotoSansLisu-Regular.ttf', name='Noto Sans Lisu', style='normal', variant='normal', weight=400, stretch='normal', size='scalable')) = 10.05
2025-10-06 11:02:20,395 - matplotlib.font_manager - DEBUG - findfont: score(FontEntry(fname='/Library/Fonts/VAVOB.TTF', name='VNI-Avo', style='normal', variant='normal', weight=700, stretch='normal', size='scalable')) = 10.335
2025-10-06 11:02:20,395 - matplotlib.font_manager - DEBUG - findfont: score(FontEntry(fname='/Library/Fonts/VTIMESB.TTF', name='VNI-Times', style='normal', variant='normal', weight=700, stretch='normal', size='scalable')) = 10.335
2025-10-06 11:02:20,395 - matplotlib.font_manager - DEBUG - findfont: score(FontEntry(fname='/System/Library/Fonts/Supplemental/NotoSansOldNorthArabian-Regular.ttf', name='Noto Sans Old North Arabian', style='normal', variant='normal', weight=400, stretch='normal', size='scalable')) = 10.05
2025-10-06 11:02:20,395 - matplotlib.font_manager - DEBUG - findfont: score(FontEntry(fname='/System/Library/Fonts/Supplemental/STIXIntDBol.otf', name='STIXIntegralsD', style='normal', variant='normal', weight=700, stretch='normal', size='scalable')) = 10.335
2025-10-06 11:02:20,395 - matplotlib.font_manager - DEBUG - findfont: score(FontEntry(fname='/System/Library/Fonts/Supplemental/NotoSansLepcha-Regular.ttf', name='Noto Sans Lepcha', style='normal', variant='normal', weight=400, stretch='normal', size='scalable')) = 10.05
2025-10-06 11:02:20,395 - matplotlib.font_manager - DEBUG - findfont: score(FontEntry(fname='/System/Library/Fonts/Supplemental/Farah.ttc', name='Farah', style='normal', variant='normal', weight=400, stretch='normal', size='scalable')) = 10.05
2025-10-06 11:02:20,396 - matplotlib.font_manager - DEBUG - findfont: score(FontEntry(fname='/System/Library/Fonts/PingFang.ttc', name='PingFang HK', style='normal', variant='normal', weight=400, stretch='normal', size='scalable')) = 10.05
2025-10-06 11:02:20,396 - matplotlib.font_manager - DEBUG - findfont: score(FontEntry(fname='/Library/Fonts/VJUNI.TTF', name='VNI-Juni', style='normal', variant='normal', weight=400, stretch='normal', size='scalable')) = 10.05
2025-10-06 11:02:20,396 - matplotlib.font_manager - DEBUG - findfont: score(FontEntry(fname='/System/Library/Fonts/Supplemental/NotoSansTagbanwa-Regular.ttf', name='Noto Sans Tagbanwa', style='normal', variant='normal', weight=400, stretch='normal', size='scalable')) = 10.05
2025-10-06 11:02:20,396 - matplotlib.font_manager - DEBUG - findfont: score(FontEntry(fname='/System/Library/Fonts/KohinoorTelugu.ttc', name='Kohinoor Telugu', style='normal', variant='normal', weight=400, stretch='normal', size='scalable')) = 10.05
2025-10-06 11:02:20,397 - matplotlib.font_manager - DEBUG - findfont: score(FontEntry(fname='/System/Library/Fonts/Supplemental/NotoSansOldPersian-Regular.ttf', name='Noto Sans Old Persian', style='normal', variant='normal', weight=400, stretch='normal', size='scalable')) = 10.05
2025-10-06 11:02:20,397 - matplotlib.font_manager - DEBUG - findfont: score(FontEntry(fname='/System/Library/Fonts/Supplemental/NotoSansBamum-Regular.ttf', name='Noto Sans Bamum', style='normal', variant='normal', weight=400, stretch='normal', size='scalable')) = 10.05
2025-10-06 11:02:20,397 - matplotlib.font_manager - DEBUG - findfont: score(FontEntry(fname='/System/Library/Fonts/Supplemental/PlantagenetCherokee.ttf', name='Plantagenet Cherokee', style='normal', variant='normal', weight=400, stretch='normal', size='scalable')) = 10.05
2025-10-06 11:02:20,397 - matplotlib.font_manager - DEBUG - findfont: score(FontEntry(fname='/System/Library/Fonts/Supplemental/NotoSansAvestan-Regular.ttf', name='Noto Sans Avestan', style='normal', variant='normal', weight=400, stretch='normal', size='scalable')) = 10.05
2025-10-06 11:02:20,397 - matplotlib.font_manager - DEBUG - findfont: score(FontEntry(fname='/System/Library/Fonts/Supplemental/NotoSansMandaic-Regular.ttf', name='Noto Sans Mandaic', style='normal', variant='normal', weight=400, stretch='normal', size='scalable')) = 10.05
2025-10-06 11:02:20,398 - matplotlib.font_manager - DEBUG - findfont: score(FontEntry(fname='/System/Library/Fonts/KohinoorBangla.ttc', name='Kohinoor Bangla', style='normal', variant='normal', weight=400, stretch='normal', size='scalable')) = 10.05
2025-10-06 11:02:20,398 - matplotlib.font_manager - DEBUG - findfont: score(FontEntry(fname='/System/Library/Fonts/Supplemental/NotoSansKhojki-Regular.ttf', name='Noto Sans Khojki', style='normal', variant='normal', weight=400, stretch='normal', size='scalable')) = 10.05
2025-10-06 11:02:20,398 - matplotlib.font_manager - DEBUG - findfont: score(FontEntry(fname='/System/Library/Fonts/Supplemental/Baskerville.ttc', name='Baskerville', style='normal', variant='normal', weight=400, stretch='normal', size='scalable')) = 10.05
2025-10-06 11:02:20,398 - matplotlib.font_manager - DEBUG - findfont: score(FontEntry(fname='/Library/Fonts/VNVOGU.TTF', name='.VnVogue', style='normal', variant='normal', weight=500, stretch='normal', size='scalable')) = 10.145
2025-10-06 11:02:20,398 - matplotlib.font_manager - DEBUG - findfont: score(FontEntry(fname='/Library/Fonts/VHCENTI.TTF', name='.VnCentury SchoolbookH', style='italic', variant='normal', weight=400, stretch='normal', size='scalable')) = 11.05
2025-10-06 11:02:20,399 - matplotlib.font_manager - DEBUG - findfont: score(FontEntry(fname='/System/Library/Fonts/Optima.ttc', name='Optima', style='normal', variant='normal', weight=400, stretch='normal', size='scalable')) = 10.05
2025-10-06 11:02:20,399 - matplotlib.font_manager - DEBUG - findfont: score(FontEntry(fname='/Library/Fonts/VHEXOTIC.TTF', name='.VnExoticH', style='normal', variant='normal', weight=400, stretch='normal', size='scalable')) = 10.05
2025-10-06 11:02:20,399 - matplotlib.font_manager - DEBUG - findfont: score(FontEntry(fname='/Library/Fonts/VHHELS.TTF', name='.VnHelvetInsH', style='normal', variant='normal', weight=500, stretch='normal', size='scalable')) = 10.145
2025-10-06 11:02:20,400 - matplotlib.font_manager - DEBUG - findfont: score(FontEntry(fname='/System/Library/Fonts/Supplemental/NotoSansMasaramGondi-Regular.otf', name='Noto Sans Masaram Gondi', style='normal', variant='normal', weight=400, stretch='normal', size='scalable')) = 10.05
2025-10-06 11:02:20,401 - matplotlib.font_manager - DEBUG - findfont: score(FontEntry(fname='/System/Library/Fonts/Supplemental/Gujarati Sangam MN.ttc', name='Gujarati Sangam MN', style='normal', variant='normal', weight=400, stretch='normal', size='scalable')) = 10.05
2025-10-06 11:02:20,401 - matplotlib.font_manager - DEBUG - findfont: score(FontEntry(fname='/System/Library/Fonts/Supplemental/STIXSizFiveSymReg.otf', name='STIXSizeFiveSym', style='normal', variant='normal', weight=400, stretch='normal', size='scalable')) = 10.05
2025-10-06 11:02:20,402 - matplotlib.font_manager - DEBUG - findfont: score(FontEntry(fname='/Library/Fonts/VDOMCAS.TTF', name='VNI-Dom', style='normal', variant='normal', weight=400, stretch='normal', size='scalable')) = 10.05
2025-10-06 11:02:20,403 - matplotlib.font_manager - DEBUG - findfont: score(FontEntry(fname='/System/Library/Fonts/Supplemental/Zapfino.ttf', name='Zapfino', style='normal', variant='normal', weight=400, stretch='normal', size='scalable')) = 10.05
2025-10-06 11:02:20,403 - matplotlib.font_manager - DEBUG - findfont: score(FontEntry(fname='/System/Library/Fonts/Supplemental/Myanmar Sangam MN.ttc', name='Myanmar Sangam MN', style='normal', variant='normal', weight=400, stretch='normal', size='scalable')) = 10.05
2025-10-06 11:02:20,403 - matplotlib.font_manager - DEBUG - findfont: score(FontEntry(fname='/System/Library/Fonts/Supplemental/Impact.ttf', name='Impact', style='normal', variant='normal', weight=400, stretch='normal', size='scalable')) = 10.05
2025-10-06 11:02:20,404 - matplotlib.font_manager - DEBUG - findfont: score(FontEntry(fname='/System/Library/Fonts/Supplemental/Sinhala MN.ttc', name='Sinhala MN', style='normal', variant='normal', weight=400, stretch='normal', size='scalable')) = 10.05
2025-10-06 11:02:20,404 - matplotlib.font_manager - DEBUG - findfont: score(FontEntry(fname='/System/Library/Fonts/Supplemental/Lao Sangam MN.ttf', name='Lao Sangam MN', style='normal', variant='normal', weight=400, stretch='normal', size='scalable')) = 10.05
2025-10-06 11:02:20,404 - matplotlib.font_manager - DEBUG - findfont: score(FontEntry(fname='/System/Library/Fonts/ZapfDingbats.ttf', name='Zapf Dingbats', style='normal', variant='normal', weight=400, stretch='normal', size='scalable')) = 10.05
2025-10-06 11:02:20,404 - matplotlib.font_manager - DEBUG - findfont: score(FontEntry(fname='/Library/Fonts/VTOPHAT.TTF', name='VNI-Top', style='normal', variant='normal', weight=400, stretch='normal', size='scalable')) = 10.05
2025-10-06 11:02:20,404 - matplotlib.font_manager - DEBUG - findfont: score(FontEntry(fname='/System/Library/Fonts/Supplemental/STIXIntUpReg.otf', name='STIXIntegralsUp', style='normal', variant='normal', weight=400, stretch='normal', size='scalable')) = 10.05
2025-10-06 11:02:20,405 - matplotlib.font_manager - DEBUG - findfont: score(FontEntry(fname='/System/Library/Fonts/Supplemental/NotoSansRejang-Regular.ttf', name='Noto Sans Rejang', style='normal', variant='normal', weight=400, stretch='normal', size='scalable')) = 10.05
2025-10-06 11:02:20,405 - matplotlib.font_manager - DEBUG - findfont: score(FontEntry(fname='/Library/Fonts/VPALATIN.TTF', name='VNI-Palatin', style='normal', variant='normal', weight=400, stretch='normal', size='scalable')) = 10.05
2025-10-06 11:02:20,405 - matplotlib.font_manager - DEBUG - findfont: score(FontEntry(fname='/System/Library/Fonts/Supplemental/NotoSansOldItalic-Regular.ttf', name='Noto Sans Old Italic', style='italic', variant='normal', weight=400, stretch='normal', size='scalable')) = 11.05
2025-10-06 11:02:20,405 - matplotlib.font_manager - DEBUG - findfont: score(FontEntry(fname='/System/Library/Fonts/Supplemental/NotoSansMendeKikakui-Regular.ttf', name='Noto Sans Mende Kikakui', style='normal', variant='normal', weight=400, stretch='normal', size='scalable')) = 10.05
2025-10-06 11:02:20,405 - matplotlib.font_manager - DEBUG - findfont: score(FontEntry(fname='/System/Library/Fonts/Supplemental/Times New Roman Bold.ttf', name='Times New Roman', style='normal', variant='normal', weight=700, stretch='normal', size='scalable')) = 10.335
2025-10-06 11:02:20,405 - matplotlib.font_manager - DEBUG - findfont: score(FontEntry(fname='/System/Library/Fonts/SFCompact.ttf', name='.SF Compact', style='normal', variant='normal', weight=1000, stretch='normal', size='scalable')) = 10.62
2025-10-06 11:02:20,406 - matplotlib.font_manager - DEBUG - findfont: score(FontEntry(fname='/System/Library/Fonts/Supplemental/NotoSansBassaVah-Regular.ttf', name='Noto Sans Bassa Vah', style='normal', variant='normal', weight=400, stretch='normal', size='scalable')) = 10.05
2025-10-06 11:02:20,406 - matplotlib.font_manager - DEBUG - findfont: score(FontEntry(fname='/System/Library/Fonts/Supplemental/Tamil Sangam MN.ttc', name='Tamil Sangam MN', style='normal', variant='normal', weight=400, stretch='normal', size='scalable')) = 10.05
2025-10-06 11:02:20,406 - matplotlib.font_manager - DEBUG - findfont: score(FontEntry(fname='/System/Library/Fonts/NotoSansOriya.ttc', name='Noto Sans Oriya', style='normal', variant='normal', weight=400, stretch='normal', size='scalable')) = 10.05
2025-10-06 11:02:20,406 - matplotlib.font_manager - DEBUG - findfont: score(FontEntry(fname='/Library/Fonts/VTUBE.TTF', name='VNI-Tubes', style='normal', variant='normal', weight=400, stretch='normal', size='scalable')) = 10.05
2025-10-06 11:02:20,406 - matplotlib.font_manager - DEBUG - findfont: score(FontEntry(fname='/System/Library/Fonts/ヒラギノ丸ゴ ProN W4.ttc', name='Hiragino Maru Gothic Pro', style='normal', variant='normal', weight=400, stretch='normal', size='scalable')) = 10.05
2025-10-06 11:02:20,407 - matplotlib.font_manager - DEBUG - findfont: score(FontEntry(fname='/System/Library/Fonts/Supplemental/Diwan Thuluth.ttf', name='Diwan Thuluth', style='normal', variant='normal', weight=400, stretch='normal', size='scalable')) = 10.05
2025-10-06 11:02:20,407 - matplotlib.font_manager - DEBUG - findfont: score(FontEntry(fname='/System/Library/Fonts/Supplemental/Galvji.ttc', name='Galvji', style='normal', variant='normal', weight=400, stretch='normal', size='scalable')) = 10.05
2025-10-06 11:02:20,407 - matplotlib.font_manager - DEBUG - findfont: score(FontEntry(fname='/System/Library/Fonts/Supplemental/SukhumvitSet.ttc', name='Sukhumvit Set', style='normal', variant='normal', weight=250, stretch='normal', size='scalable')) = 10.1925
2025-10-06 11:02:20,407 - matplotlib.font_manager - DEBUG - findfont: score(FontEntry(fname='/System/Library/Fonts/Supplemental/NotoSansLinearB-Regular.ttf', name='Noto Sans Linear B', style='normal', variant='normal', weight=400, stretch='normal', size='scalable')) = 10.05
2025-10-06 11:02:20,407 - matplotlib.font_manager - DEBUG - findfont: score(FontEntry(fname='/System/Library/Fonts/Supplemental/NotoSansChakma-Regular.ttf', name='Noto Sans Chakma', style='normal', variant='normal', weight=400, stretch='normal', size='scalable')) = 10.05
2025-10-06 11:02:20,408 - matplotlib.font_manager - DEBUG - findfont: score(FontEntry(fname='/Library/Fonts/VHELVCN.TTF', name='VNI-Helve-Condense', style='normal', variant='normal', weight=400, stretch='condensed', size='scalable')) = 10.25
2025-10-06 11:02:20,408 - matplotlib.font_manager - DEBUG - findfont: score(FontEntry(fname='/System/Library/Fonts/Supplemental/PTSans.ttc', name='PT Sans', style='normal', variant='normal', weight=400, stretch='normal', size='scalable')) = 10.05
2025-10-06 11:02:20,408 - matplotlib.font_manager - DEBUG - findfont: score(FontEntry(fname='/Library/Fonts/VNIWIN.TTF', name='VNI-WIN Sample Font', style='normal', variant='normal', weight=400, stretch='normal', size='scalable')) = 10.05
2025-10-06 11:02:20,408 - matplotlib.font_manager - DEBUG - findfont: score(FontEntry(fname='/Library/Fonts/VNILAOS_.TTF', name='VNI Laos', style='normal', variant='normal', weight=400, stretch='normal', size='scalable')) = 10.05
2025-10-06 11:02:20,408 - matplotlib.font_manager - DEBUG - findfont: score(FontEntry(fname='/Library/Fonts/VHAVANB.TTF', name='.VnAvantH', style='normal', variant='normal', weight=700, stretch='normal', size='scalable')) = 10.335
2025-10-06 11:02:20,409 - matplotlib.font_manager - DEBUG - findfont: score(FontEntry(fname='/System/Library/Fonts/Supplemental/NotoSansHatran-Regular.ttf', name='Noto Sans Hatran', style='normal', variant='normal', weight=400, stretch='normal', size='scalable')) = 10.05
2025-10-06 11:02:20,409 - matplotlib.font_manager - DEBUG - findfont: score(FontEntry(fname='/System/Library/Fonts/Supplemental/Charter.ttc', name='Charter', style='normal', variant='normal', weight=400, stretch='normal', size='scalable')) = 10.05
2025-10-06 11:02:20,409 - matplotlib.font_manager - DEBUG - findfont: score(FontEntry(fname='/Library/Fonts/VHCOUR.TTF', name='.VnCourier NewH', style='normal', variant='normal', weight=400, stretch='normal', size='scalable')) = 10.05
2025-10-06 11:02:20,409 - matplotlib.font_manager - DEBUG - findfont: score(FontEntry(fname='/Library/Fonts/VCENTI.TTF', name='VNI-Centur', style='italic', variant='normal', weight=400, stretch='normal', size='scalable')) = 11.05
2025-10-06 11:02:20,410 - matplotlib.font_manager - DEBUG - findfont: score(FontEntry(fname='/System/Library/Fonts/Supplemental/NotoSansBatak-Regular.ttf', name='Noto Sans Batak', style='normal', variant='normal', weight=400, stretch='normal', size='scalable')) = 10.05
2025-10-06 11:02:20,410 - matplotlib.font_manager - DEBUG - findfont: score(FontEntry(fname='/System/Library/Fonts/Supplemental/NotoSansDuployan-Regular.ttf', name='Noto Sans Duployan', style='normal', variant='normal', weight=400, stretch='normal', size='scalable')) = 10.05
2025-10-06 11:02:20,410 - matplotlib.font_manager - DEBUG - findfont: score(FontEntry(fname='/System/Library/Fonts/Supplemental/Verdana Bold Italic.ttf', name='Verdana', style='italic', variant='normal', weight=700, stretch='normal', size='scalable')) = 4.971363636363637
2025-10-06 11:02:20,410 - matplotlib.font_manager - DEBUG - findfont: score(FontEntry(fname='/System/Library/Fonts/Supplemental/NewPeninimMT.ttc', name='New Peninim MT', style='normal', variant='normal', weight=400, stretch='normal', size='scalable')) = 10.05
2025-10-06 11:02:20,410 - matplotlib.font_manager - DEBUG - findfont: score(FontEntry(fname='/System/Library/Fonts/Supplemental/STIXIntSmBol.otf', name='STIXIntegralsSm', style='normal', variant='normal', weight=700, stretch='normal', size='scalable')) = 10.335
2025-10-06 11:02:20,410 - matplotlib.font_manager - DEBUG - findfont: score(FontEntry(fname='/System/Library/Fonts/Supplemental/NotoSansKharoshthi-Regular.ttf', name='Noto Sans Kharoshthi', style='normal', variant='normal', weight=400, stretch='normal', size='scalable')) = 10.05
2025-10-06 11:02:20,411 - matplotlib.font_manager - DEBUG - findfont: score(FontEntry(fname='/Library/Fonts/VHTEKN.TTF', name='.VnTeknicalH', style='normal', variant='normal', weight=400, stretch='normal', size='scalable')) = 10.05
2025-10-06 11:02:20,411 - matplotlib.font_manager - DEBUG - findfont: score(FontEntry(fname='/System/Library/Fonts/Supplemental/NotoSansOlChiki-Regular.ttf', name='Noto Sans Ol Chiki', style='normal', variant='normal', weight=400, stretch='normal', size='scalable')) = 10.05
2025-10-06 11:02:20,411 - matplotlib.font_manager - DEBUG - findfont: score(FontEntry(fname='/Library/Fonts/VHCOOP.TTF', name='.VnCooperH', style='normal', variant='normal', weight=400, stretch='normal', size='scalable')) = 10.05
2025-10-06 11:02:20,411 - matplotlib.font_manager - DEBUG - findfont: score(FontEntry(fname='/Library/Fonts/VNTIMEBI.TTF', name='.VnTime', style='italic', variant='normal', weight=700, stretch='normal', size='scalable')) = 11.335
2025-10-06 11:02:20,412 - matplotlib.font_manager - DEBUG - findfont: score(FontEntry(fname='/System/Library/Fonts/Supplemental/NotoSansSamaritan-Regular.ttf', name='Noto Sans Samaritan', style='normal', variant='normal', weight=400, stretch='normal', size='scalable')) = 10.05
2025-10-06 11:02:20,412 - matplotlib.font_manager - DEBUG - findfont: score(FontEntry(fname='/Library/Fonts/VHTIMEB.TTF', name='.VnTimeH', style='normal', variant='normal', weight=700, stretch='normal', size='scalable')) = 10.335
2025-10-06 11:02:20,412 - matplotlib.font_manager - DEBUG - findfont: score(FontEntry(fname='/System/Library/Fonts/Supplemental/NotoSansTaiViet-Regular.ttf', name='Noto Sans Tai Viet', style='normal', variant='normal', weight=400, stretch='normal', size='scalable')) = 10.05
2025-10-06 11:02:20,413 - matplotlib.font_manager - DEBUG - findfont: score(FontEntry(fname='/Library/Fonts/VBOOKMB.TTF', name='VNI-Book', style='normal', variant='normal', weight=700, stretch='normal', size='scalable')) = 10.335
2025-10-06 11:02:20,414 - matplotlib.font_manager - DEBUG - findfont: score(FontEntry(fname='/System/Library/Fonts/Supplemental/Kannada Sangam MN.ttc', name='Kannada Sangam MN', style='normal', variant='normal', weight=400, stretch='normal', size='scalable')) = 10.05
2025-10-06 11:02:20,415 - matplotlib.font_manager - DEBUG - findfont: score(FontEntry(fname='/Library/Fonts/VNBLACK.TTF', name='.VnBlack', style='normal', variant='normal', weight=400, stretch='normal', size='scalable')) = 10.05
2025-10-06 11:02:20,415 - matplotlib.font_manager - DEBUG - findfont: score(FontEntry(fname='/Library/Fonts/VNSOUTHN.TTF', name='.VnSouthern', style='normal', variant='normal', weight=400, stretch='normal', size='scalable')) = 10.05
2025-10-06 11:02:20,415 - matplotlib.font_manager - DEBUG - findfont: score(FontEntry(fname='/System/Library/Fonts/Supplemental/Copperplate.ttc', name='Copperplate', style='normal', variant='normal', weight=400, stretch='normal', size='scalable')) = 10.05
2025-10-06 11:02:20,416 - matplotlib.font_manager - DEBUG - findfont: score(FontEntry(fname='/System/Library/Fonts/Supplemental/Muna.ttc', name='Muna', style='normal', variant='normal', weight=400, stretch='normal', size='scalable')) = 10.05
2025-10-06 11:02:20,416 - matplotlib.font_manager - DEBUG - findfont: score(FontEntry(fname='/Library/Fonts/VGARAMI.TTF', name='VNI-Garam', style='italic', variant='normal', weight=400, stretch='normal', size='scalable')) = 11.05
2025-10-06 11:02:20,416 - matplotlib.font_manager - DEBUG - findfont: score(FontEntry(fname='/System/Library/Fonts/Supplemental/Thonburi.ttc', name='Thonburi', style='normal', variant='normal', weight=400, stretch='normal', size='scalable')) = 10.05
2025-10-06 11:02:20,416 - matplotlib.font_manager - DEBUG - findfont: score(FontEntry(fname='/Library/Fonts/VUNIVER.TTF', name='VNI-Univer', style='normal', variant='normal', weight=300, stretch='normal', size='scalable')) = 10.145
2025-10-06 11:02:20,416 - matplotlib.font_manager - DEBUG - findfont: score(FontEntry(fname='/System/Library/Fonts/Supplemental/STIXSizOneSymBol.otf', name='STIXSizeOneSym', style='normal', variant='normal', weight=700, stretch='normal', size='scalable')) = 10.335
2025-10-06 11:02:20,417 - matplotlib.font_manager - DEBUG - findfont: score(FontEntry(fname='/System/Library/Fonts/Supplemental/STIXTwoText.ttf', name='STIX Two Text', style='normal', variant='normal', weight=400, stretch='normal', size='scalable')) = 10.05
2025-10-06 11:02:20,417 - matplotlib.font_manager - DEBUG - findfont: score(FontEntry(fname='/Library/Fonts/VNMUSTI.TTF', name='.VnMystical', style='normal', variant='normal', weight=400, stretch='normal', size='scalable')) = 10.05
2025-10-06 11:02:20,417 - matplotlib.font_manager - DEBUG - findfont: score(FontEntry(fname='/Library/Fonts/vnithufapfan.ttf', name='VNI-Thufapfan', style='normal', variant='normal', weight=400, stretch='normal', size='scalable')) = 10.05
2025-10-06 11:02:20,417 - matplotlib.font_manager - DEBUG - findfont: score(FontEntry(fname='/System/Library/Fonts/Supplemental/NotoSansInscriptionalParthian-Regular.ttf', name='Noto Sans Inscriptional Parthian', style='normal', variant='normal', weight=400, stretch='normal', size='scalable')) = 10.05
2025-10-06 11:02:20,417 - matplotlib.font_manager - DEBUG - findfont: score(FontEntry(fname='/Library/Fonts/VNAVANBI.TTF', name='.VnAvant', style='italic', variant='normal', weight=700, stretch='normal', size='scalable')) = 11.335
2025-10-06 11:02:20,418 - matplotlib.font_manager - DEBUG - findfont: score(FontEntry(fname='/System/Library/Fonts/Supplemental/NotoSansMro-Regular.ttf', name='Noto Sans Mro', style='normal', variant='normal', weight=400, stretch='normal', size='scalable')) = 10.05
2025-10-06 11:02:20,418 - matplotlib.font_manager - DEBUG - findfont: score(FontEntry(fname='/System/Library/Fonts/SFNSMonoItalic.ttf', name='.SF NS Mono', style='italic', variant='normal', weight=295, stretch='normal', size='scalable')) = 11.14975
2025-10-06 11:02:20,419 - matplotlib.font_manager - DEBUG - findfont: score(FontEntry(fname='/Library/Fonts/VGARAMBI.TTF', name='VNI-Garam', style='italic', variant='normal', weight=700, stretch='normal', size='scalable')) = 11.335
2025-10-06 11:02:20,419 - matplotlib.font_manager - DEBUG - findfont: score(FontEntry(fname='/Library/Fonts/VHUNIV.TTF', name='.VnUniverseH', style='normal', variant='normal', weight=400, stretch='normal', size='scalable')) = 10.05
2025-10-06 11:02:20,419 - matplotlib.font_manager - DEBUG - findfont: score(FontEntry(fname='/Library/Fonts/VGOUDYB.TTF', name='VNI-Goudy', style='normal', variant='normal', weight=700, stretch='normal', size='scalable')) = 10.335
2025-10-06 11:02:20,420 - matplotlib.font_manager - DEBUG - findfont: score(FontEntry(fname='/Library/Fonts/VNCENTBI.TTF', name='.VnCentury Schoolbook', style='italic', variant='normal', weight=700, stretch='normal', size='scalable')) = 11.335
2025-10-06 11:02:20,420 - matplotlib.font_manager - DEBUG - findfont: score(FontEntry(fname='/System/Library/Fonts/Supplemental/Myanmar MN.ttc', name='Myanmar MN', style='normal', variant='normal', weight=400, stretch='normal', size='scalable')) = 10.05
2025-10-06 11:02:20,420 - matplotlib.font_manager - DEBUG - findfont: score(FontEntry(fname='/System/Library/Fonts/Supplemental/NotoSansHanifiRohingya-Regular.ttf', name='Noto Sans Hanifi Rohingya', style='normal', variant='normal', weight=400, stretch='normal', size='scalable')) = 10.05
2025-10-06 11:02:20,420 - matplotlib.font_manager - DEBUG - findfont: score(FontEntry(fname='/Library/Fonts/VAPTIMI.TTF', name='VNI-Aptima', style='italic', variant='normal', weight=400, stretch='normal', size='scalable')) = 11.05
2025-10-06 11:02:20,420 - matplotlib.font_manager - DEBUG - findfont: score(FontEntry(fname='/Library/Fonts/VHARIAL.TTF', name='.VnArialH', style='normal', variant='normal', weight=400, stretch='normal', size='scalable')) = 10.05
2025-10-06 11:02:20,421 - matplotlib.font_manager - DEBUG - findfont: score(FontEntry(fname='/System/Library/Fonts/Supplemental/NotoSansKayahLi-Regular.ttf', name='Noto Sans Kayah Li', style='normal', variant='normal', weight=400, stretch='normal', size='scalable')) = 10.05
2025-10-06 11:02:20,421 - matplotlib.font_manager - DEBUG - findfont: score(FontEntry(fname='/System/Library/Fonts/Supplemental/NotoSansOldHungarian-Regular.ttf', name='Noto Sans Old Hungarian', style='normal', variant='normal', weight=400, stretch='normal', size='scalable')) = 10.05
2025-10-06 11:02:20,421 - matplotlib.font_manager - DEBUG - findfont: score(FontEntry(fname='/System/Library/Fonts/Supplemental/NotoSansNKo-Regular.ttf', name='Noto Sans NKo', style='normal', variant='normal', weight=400, stretch='normal', size='scalable')) = 10.05
2025-10-06 11:02:20,422 - matplotlib.font_manager - DEBUG - findfont: score(FontEntry(fname='/Library/Fonts/VNARABIA.TTF', name='.VnArabia', style='normal', variant='normal', weight=400, stretch='normal', size='scalable')) = 10.05
2025-10-06 11:02:20,422 - matplotlib.font_manager - DEBUG - findfont: Matching sans\-serif:style=normal:variant=normal:weight=normal:stretch=normal:size=10.0 to DejaVu Sans ('/Users/longlh123/Languages/GitHub/IPSOS-VINCENZO-2025/env/lib/python3.10/site-packages/matplotlib/mpl-data/fonts/ttf/DejaVuSans.ttf') with score of 0.050000.
2025-10-06 11:02:20,642 - matplotlib.font_manager - DEBUG - findfont: Matching sans\-serif:style=normal:variant=normal:weight=normal:stretch=normal:size=12.0.
2025-10-06 11:02:20,642 - matplotlib.font_manager - DEBUG - findfont: score(FontEntry(fname='/Users/longlh123/Languages/GitHub/IPSOS-VINCENZO-2025/env/lib/python3.10/site-packages/matplotlib/mpl-data/fonts/ttf/STIXNonUniBolIta.ttf', name='STIXNonUnicode', style='italic', variant='normal', weight=700, stretch='normal', size='scalable')) = 11.335
2025-10-06 11:02:20,642 - matplotlib.font_manager - DEBUG - findfont: score(FontEntry(fname='/Users/longlh123/Languages/GitHub/IPSOS-VINCENZO-2025/env/lib/python3.10/site-packages/matplotlib/mpl-data/fonts/ttf/STIXSizTwoSymReg.ttf', name='STIXSizeTwoSym', style='normal', variant='normal', weight=400, stretch='normal', size='scalable')) = 10.05
2025-10-06 11:02:20,643 - matplotlib.font_manager - DEBUG - findfont: score(FontEntry(fname='/Users/longlh123/Languages/GitHub/IPSOS-VINCENZO-2025/env/lib/python3.10/site-packages/matplotlib/mpl-data/fonts/ttf/STIXGeneralItalic.ttf', name='STIXGeneral', style='italic', variant='normal', weight=400, stretch='normal', size='scalable')) = 11.05
2025-10-06 11:02:20,643 - matplotlib.font_manager - DEBUG - findfont: score(FontEntry(fname='/Users/longlh123/Languages/GitHub/IPSOS-VINCENZO-2025/env/lib/python3.10/site-packages/matplotlib/mpl-data/fonts/ttf/STIXSizTwoSymBol.ttf', name='STIXSizeTwoSym', style='normal', variant='normal', weight=700, stretch='normal', size='scalable')) = 10.335
2025-10-06 11:02:20,643 - matplotlib.font_manager - DEBUG - findfont: score(FontEntry(fname='/Users/longlh123/Languages/GitHub/IPSOS-VINCENZO-2025/env/lib/python3.10/site-packages/matplotlib/mpl-data/fonts/ttf/cmtt10.ttf', name='cmtt10', style='normal', variant='normal', weight=400, stretch='normal', size='scalable')) = 10.05
2025-10-06 11:02:20,643 - matplotlib.font_manager - DEBUG - findfont: score(FontEntry(fname='/Users/longlh123/Languages/GitHub/IPSOS-VINCENZO-2025/env/lib/python3.10/site-packages/matplotlib/mpl-data/fonts/ttf/DejaVuSansMono-Oblique.ttf', name='DejaVu Sans Mono', style='oblique', variant='normal', weight=400, stretch='normal', size='scalable')) = 11.05
2025-10-06 11:02:20,643 - matplotlib.font_manager - DEBUG - findfont: score(FontEntry(fname='/Users/longlh123/Languages/GitHub/IPSOS-VINCENZO-2025/env/lib/python3.10/site-packages/matplotlib/mpl-data/fonts/ttf/DejaVuSansMono-BoldOblique.ttf', name='DejaVu Sans Mono', style='oblique', variant='normal', weight=700, stretch='normal', size='scalable')) = 11.335
2025-10-06 11:02:20,643 - matplotlib.font_manager - DEBUG - findfont: score(FontEntry(fname='/Users/longlh123/Languages/GitHub/IPSOS-VINCENZO-2025/env/lib/python3.10/site-packages/matplotlib/mpl-data/fonts/ttf/cmsy10.ttf', name='cmsy10', style='normal', variant='normal', weight=400, stretch='normal', size='scalable')) = 10.05
2025-10-06 11:02:20,644 - matplotlib.font_manager - DEBUG - findfont: score(FontEntry(fname='/Users/longlh123/Languages/GitHub/IPSOS-VINCENZO-2025/env/lib/python3.10/site-packages/matplotlib/mpl-data/fonts/ttf/STIXNonUni.ttf', name='STIXNonUnicode', style='normal', variant='normal', weight=400, stretch='normal', size='scalable')) = 10.05
2025-10-06 11:02:20,644 - matplotlib.font_manager - DEBUG - findfont: score(FontEntry(fname='/Users/longlh123/Languages/GitHub/IPSOS-VINCENZO-2025/env/lib/python3.10/site-packages/matplotlib/mpl-data/fonts/ttf/cmex10.ttf', name='cmex10', style='normal', variant='normal', weight=400, stretch='normal', size='scalable')) = 10.05
2025-10-06 11:02:20,644 - matplotlib.font_manager - DEBUG - findfont: score(FontEntry(fname='/Users/longlh123/Languages/GitHub/IPSOS-VINCENZO-2025/env/lib/python3.10/site-packages/matplotlib/mpl-data/fonts/ttf/DejaVuSerif.ttf', name='DejaVu Serif', style='normal', variant='normal', weight=400, stretch='normal', size='scalable')) = 10.05
2025-10-06 11:02:20,644 - matplotlib.font_manager - DEBUG - findfont: score(FontEntry(fname='/Users/longlh123/Languages/GitHub/IPSOS-VINCENZO-2025/env/lib/python3.10/site-packages/matplotlib/mpl-data/fonts/ttf/STIXSizOneSymReg.ttf', name='STIXSizeOneSym', style='normal', variant='normal', weight=400, stretch='normal', size='scalable')) = 10.05
2025-10-06 11:02:20,644 - matplotlib.font_manager - DEBUG - findfont: score(FontEntry(fname='/Users/longlh123/Languages/GitHub/IPSOS-VINCENZO-2025/env/lib/python3.10/site-packages/matplotlib/mpl-data/fonts/ttf/DejaVuSerifDisplay.ttf', name='DejaVu Serif Display', style='normal', variant='normal', weight=400, stretch='normal', size='scalable')) = 10.05
2025-10-06 11:02:20,644 - matplotlib.font_manager - DEBUG - findfont: score(FontEntry(fname='/Users/longlh123/Languages/GitHub/IPSOS-VINCENZO-2025/env/lib/python3.10/site-packages/matplotlib/mpl-data/fonts/ttf/DejaVuSansMono.ttf', name='DejaVu Sans Mono', style='normal', variant='normal', weight=400, stretch='normal', size='scalable')) = 10.05
2025-10-06 11:02:20,645 - matplotlib.font_manager - DEBUG - findfont: score(FontEntry(fname='/Users/longlh123/Languages/GitHub/IPSOS-VINCENZO-2025/env/lib/python3.10/site-packages/matplotlib/mpl-data/fonts/ttf/cmmi10.ttf', name='cmmi10', style='normal', variant='normal', weight=400, stretch='normal', size='scalable')) = 10.05
2025-10-06 11:02:20,645 - matplotlib.font_manager - DEBUG - findfont: score(FontEntry(fname='/Users/longlh123/Languages/GitHub/IPSOS-VINCENZO-2025/env/lib/python3.10/site-packages/matplotlib/mpl-data/fonts/ttf/DejaVuSans-BoldOblique.ttf', name='DejaVu Sans', style='oblique', variant='normal', weight=700, stretch='normal', size='scalable')) = 1.335
2025-10-06 11:02:20,645 - matplotlib.font_manager - DEBUG - findfont: score(FontEntry(fname='/Users/longlh123/Languages/GitHub/IPSOS-VINCENZO-2025/env/lib/python3.10/site-packages/matplotlib/mpl-data/fonts/ttf/DejaVuSerif-Bold.ttf', name='DejaVu Serif', style='normal', variant='normal', weight=700, stretch='normal', size='scalable')) = 10.335
2025-10-06 11:02:20,645 - matplotlib.font_manager - DEBUG - findfont: score(FontEntry(fname='/Users/longlh123/Languages/GitHub/IPSOS-VINCENZO-2025/env/lib/python3.10/site-packages/matplotlib/mpl-data/fonts/ttf/DejaVuSerif-Italic.ttf', name='DejaVu Serif', style='italic', variant='normal', weight=400, stretch='normal', size='scalable')) = 11.05
2025-10-06 11:02:20,645 - matplotlib.font_manager - DEBUG - findfont: score(FontEntry(fname='/Users/longlh123/Languages/GitHub/IPSOS-VINCENZO-2025/env/lib/python3.10/site-packages/matplotlib/mpl-data/fonts/ttf/DejaVuSans-Bold.ttf', name='DejaVu Sans', style='normal', variant='normal', weight=700, stretch='normal', size='scalable')) = 0.33499999999999996
2025-10-06 11:02:20,645 - matplotlib.font_manager - DEBUG - findfont: score(FontEntry(fname='/Users/longlh123/Languages/GitHub/IPSOS-VINCENZO-2025/env/lib/python3.10/site-packages/matplotlib/mpl-data/fonts/ttf/STIXSizOneSymBol.ttf', name='STIXSizeOneSym', style='normal', variant='normal', weight=700, stretch='normal', size='scalable')) = 10.335
2025-10-06 11:02:20,645 - matplotlib.font_manager - DEBUG - findfont: score(FontEntry(fname='/Users/longlh123/Languages/GitHub/IPSOS-VINCENZO-2025/env/lib/python3.10/site-packages/matplotlib/mpl-data/fonts/ttf/STIXSizThreeSymBol.ttf', name='STIXSizeThreeSym', style='normal', variant='normal', weight=700, stretch='normal', size='scalable')) = 10.335
2025-10-06 11:02:20,646 - matplotlib.font_manager - DEBUG - findfont: score(FontEntry(fname='/Users/longlh123/Languages/GitHub/IPSOS-VINCENZO-2025/env/lib/python3.10/site-packages/matplotlib/mpl-data/fonts/ttf/STIXGeneralBol.ttf', name='STIXGeneral', style='normal', variant='normal', weight=700, stretch='normal', size='scalable')) = 10.335
2025-10-06 11:02:20,646 - matplotlib.font_manager - DEBUG - findfont: score(FontEntry(fname='/Users/longlh123/Languages/GitHub/IPSOS-VINCENZO-2025/env/lib/python3.10/site-packages/matplotlib/mpl-data/fonts/ttf/cmb10.ttf', name='cmb10', style='normal', variant='normal', weight=400, stretch='normal', size='scalable')) = 10.05
2025-10-06 11:02:20,646 - matplotlib.font_manager - DEBUG - findfont: score(FontEntry(fname='/Users/longlh123/Languages/GitHub/IPSOS-VINCENZO-2025/env/lib/python3.10/site-packages/matplotlib/mpl-data/fonts/ttf/STIXGeneral.ttf', name='STIXGeneral', style='normal', variant='normal', weight=400, stretch='normal', size='scalable')) = 10.05
2025-10-06 11:02:20,646 - matplotlib.font_manager - DEBUG - findfont: score(FontEntry(fname='/Users/longlh123/Languages/GitHub/IPSOS-VINCENZO-2025/env/lib/python3.10/site-packages/matplotlib/mpl-data/fonts/ttf/STIXGeneralBolIta.ttf', name='STIXGeneral', style='italic', variant='normal', weight=700, stretch='normal', size='scalable')) = 11.335
2025-10-06 11:02:20,646 - matplotlib.font_manager - DEBUG - findfont: score(FontEntry(fname='/Users/longlh123/Languages/GitHub/IPSOS-VINCENZO-2025/env/lib/python3.10/site-packages/matplotlib/mpl-data/fonts/ttf/STIXSizThreeSymReg.ttf', name='STIXSizeThreeSym', style='normal', variant='normal', weight=400, stretch='normal', size='scalable')) = 10.05
2025-10-06 11:02:20,646 - matplotlib.font_manager - DEBUG - findfont: score(FontEntry(fname='/Users/longlh123/Languages/GitHub/IPSOS-VINCENZO-2025/env/lib/python3.10/site-packages/matplotlib/mpl-data/fonts/ttf/DejaVuSans.ttf', name='DejaVu Sans', style='normal', variant='normal', weight=400, stretch='normal', size='scalable')) = 0.05
2025-10-06 11:02:20,647 - matplotlib.font_manager - DEBUG - findfont: score(FontEntry(fname='/Users/longlh123/Languages/GitHub/IPSOS-VINCENZO-2025/env/lib/python3.10/site-packages/matplotlib/mpl-data/fonts/ttf/STIXNonUniIta.ttf', name='STIXNonUnicode', style='italic', variant='normal', weight=400, stretch='normal', size='scalable')) = 11.05
2025-10-06 11:02:20,647 - matplotlib.font_manager - DEBUG - findfont: score(FontEntry(fname='/Users/longlh123/Languages/GitHub/IPSOS-VINCENZO-2025/env/lib/python3.10/site-packages/matplotlib/mpl-data/fonts/ttf/STIXSizFourSymReg.ttf', name='STIXSizeFourSym', style='normal', variant='normal', weight=400, stretch='normal', size='scalable')) = 10.05
2025-10-06 11:02:20,647 - matplotlib.font_manager - DEBUG - findfont: score(FontEntry(fname='/Users/longlh123/Languages/GitHub/IPSOS-VINCENZO-2025/env/lib/python3.10/site-packages/matplotlib/mpl-data/fonts/ttf/cmss10.ttf', name='cmss10', style='normal', variant='normal', weight=400, stretch='normal', size='scalable')) = 10.05
2025-10-06 11:02:20,647 - matplotlib.font_manager - DEBUG - findfont: score(FontEntry(fname='/Users/longlh123/Languages/GitHub/IPSOS-VINCENZO-2025/env/lib/python3.10/site-packages/matplotlib/mpl-data/fonts/ttf/DejaVuSans-Oblique.ttf', name='DejaVu Sans', style='oblique', variant='normal', weight=400, stretch='normal', size='scalable')) = 1.05
2025-10-06 11:02:20,647 - matplotlib.font_manager - DEBUG - findfont: score(FontEntry(fname='/Users/longlh123/Languages/GitHub/IPSOS-VINCENZO-2025/env/lib/python3.10/site-packages/matplotlib/mpl-data/fonts/ttf/DejaVuSansMono-Bold.ttf', name='DejaVu Sans Mono', style='normal', variant='normal', weight=700, stretch='normal', size='scalable')) = 10.335
2025-10-06 11:02:20,647 - matplotlib.font_manager - DEBUG - findfont: score(FontEntry(fname='/Users/longlh123/Languages/GitHub/IPSOS-VINCENZO-2025/env/lib/python3.10/site-packages/matplotlib/mpl-data/fonts/ttf/cmr10.ttf', name='cmr10', style='normal', variant='normal', weight=400, stretch='normal', size='scalable')) = 10.05
2025-10-06 11:02:20,647 - matplotlib.font_manager - DEBUG - findfont: score(FontEntry(fname='/Users/longlh123/Languages/GitHub/IPSOS-VINCENZO-2025/env/lib/python3.10/site-packages/matplotlib/mpl-data/fonts/ttf/DejaVuSerif-BoldItalic.ttf', name='DejaVu Serif', style='italic', variant='normal', weight=700, stretch='normal', size='scalable')) = 11.335
2025-10-06 11:02:20,648 - matplotlib.font_manager - DEBUG - findfont: score(FontEntry(fname='/Users/longlh123/Languages/GitHub/IPSOS-VINCENZO-2025/env/lib/python3.10/site-packages/matplotlib/mpl-data/fonts/ttf/DejaVuSansDisplay.ttf', name='DejaVu Sans Display', style='normal', variant='normal', weight=400, stretch='normal', size='scalable')) = 10.05
2025-10-06 11:02:20,648 - matplotlib.font_manager - DEBUG - findfont: score(FontEntry(fname='/Users/longlh123/Languages/GitHub/IPSOS-VINCENZO-2025/env/lib/python3.10/site-packages/matplotlib/mpl-data/fonts/ttf/STIXNonUniBol.ttf', name='STIXNonUnicode', style='normal', variant='normal', weight=700, stretch='normal', size='scalable')) = 10.335
2025-10-06 11:02:20,648 - matplotlib.font_manager - DEBUG - findfont: score(FontEntry(fname='/Users/longlh123/Languages/GitHub/IPSOS-VINCENZO-2025/env/lib/python3.10/site-packages/matplotlib/mpl-data/fonts/ttf/STIXSizFiveSymReg.ttf', name='STIXSizeFiveSym', style='normal', variant='normal', weight=400, stretch='normal', size='scalable')) = 10.05
2025-10-06 11:02:20,648 - matplotlib.font_manager - DEBUG - findfont: score(FontEntry(fname='/Users/longlh123/Languages/GitHub/IPSOS-VINCENZO-2025/env/lib/python3.10/site-packages/matplotlib/mpl-data/fonts/ttf/STIXSizFourSymBol.ttf', name='STIXSizeFourSym', style='normal', variant='normal', weight=700, stretch='normal', size='scalable')) = 10.335
2025-10-06 11:02:20,648 - matplotlib.font_manager - DEBUG - findfont: score(FontEntry(fname='/System/Library/Fonts/NewYork.ttf', name='.New York', style='normal', variant='normal', weight=400, stretch='normal', size='scalable')) = 10.05
2025-10-06 11:02:20,649 - matplotlib.font_manager - DEBUG - findfont: score(FontEntry(fname='/System/Library/Fonts/Supplemental/NotoSansPsalterPahlavi-Regular.ttf', name='Noto Sans Psalter Pahlavi', style='normal', variant='normal', weight=400, stretch='normal', size='scalable')) = 10.05
2025-10-06 11:02:20,649 - matplotlib.font_manager - DEBUG - findfont: score(FontEntry(fname='/System/Library/Fonts/Hiragino Sans GB.ttc', name='Hiragino Sans GB', style='normal', variant='normal', weight=300, stretch='normal', size='scalable')) = 10.145
2025-10-06 11:02:20,649 - matplotlib.font_manager - DEBUG - findfont: score(FontEntry(fname='/System/Library/Fonts/Supplemental/Futura.ttc', name='Futura', style='normal', variant='normal', weight=500, stretch='normal', size='scalable')) = 10.145
2025-10-06 11:02:20,649 - matplotlib.font_manager - DEBUG - findfont: score(FontEntry(fname='/Library/Fonts/VKUNM.TTF', name='VNI-Kun', style='normal', variant='normal', weight=400, stretch='normal', size='scalable')) = 10.05
2025-10-06 11:02:20,649 - matplotlib.font_manager - DEBUG - findfont: score(FontEntry(fname='/System/Library/Fonts/Keyboard.ttf', name='.Keyboard', style='normal', variant='normal', weight=100, stretch='normal', size='scalable')) = 10.335
2025-10-06 11:02:20,649 - matplotlib.font_manager - DEBUG - findfont: score(FontEntry(fname='/Library/Fonts/VNAVANB.TTF', name='.VnAvant', style='normal', variant='normal', weight=700, stretch='normal', size='scalable')) = 10.335
2025-10-06 11:02:20,650 - matplotlib.font_manager - DEBUG - findfont: score(FontEntry(fname='/System/Library/Fonts/Supplemental/NotoSansBhaiksuki-Regular.ttf', name='Noto Sans Bhaiksuki', style='normal', variant='normal', weight=400, stretch='normal', size='scalable')) = 10.05
2025-10-06 11:02:20,650 - matplotlib.font_manager - DEBUG - findfont: score(FontEntry(fname='/Library/Fonts/VMURRAYN.TTF', name='VNI-Murray', style='normal', variant='normal', weight=400, stretch='normal', size='scalable')) = 10.05
2025-10-06 11:02:20,650 - matplotlib.font_manager - DEBUG - findfont: score(FontEntry(fname='/Library/Fonts/VHTIMEBI.TTF', name='.VnTimeH', style='italic', variant='normal', weight=700, stretch='normal', size='scalable')) = 11.335
2025-10-06 11:02:20,650 - matplotlib.font_manager - DEBUG - findfont: score(FontEntry(fname='/Library/Fonts/VHARIS.TTF', name='.VnAristoteH', style='normal', variant='normal', weight=500, stretch='normal', size='scalable')) = 10.145
2025-10-06 11:02:20,650 - matplotlib.font_manager - DEBUG - findfont: score(FontEntry(fname='/System/Library/Fonts/Supplemental/Courier New.ttf', name='Courier New', style='normal', variant='normal', weight=400, stretch='normal', size='scalable')) = 10.05
2025-10-06 11:02:20,651 - matplotlib.font_manager - DEBUG - findfont: score(FontEntry(fname='/System/Library/Fonts/Supplemental/NotoSansAdlam-Regular.ttf', name='Noto Sans Adlam', style='normal', variant='normal', weight=400, stretch='normal', size='scalable')) = 10.05
2025-10-06 11:02:20,651 - matplotlib.font_manager - DEBUG - findfont: score(FontEntry(fname='/Library/Fonts/VBROADW.TTF', name='VNI-Broad', style='normal', variant='normal', weight=400, stretch='normal', size='scalable')) = 10.05
2025-10-06 11:02:20,651 - matplotlib.font_manager - DEBUG - findfont: score(FontEntry(fname='/Library/Fonts/VARISON.TTF', name='VNI-Ariston', style='italic', variant='normal', weight=800, stretch='normal', size='scalable')) = 11.43
2025-10-06 11:02:20,652 - matplotlib.font_manager - DEBUG - findfont: score(FontEntry(fname='/System/Library/Fonts/Supplemental/Kailasa.ttc', name='Kailasa', style='normal', variant='normal', weight=400, stretch='normal', size='scalable')) = 10.05
2025-10-06 11:02:20,652 - matplotlib.font_manager - DEBUG - findfont: score(FontEntry(fname='/System/Library/Fonts/NotoSerifMyanmar.ttc', name='Noto Serif Myanmar', style='normal', variant='normal', weight=900, stretch='normal', size='scalable')) = 10.525
2025-10-06 11:02:20,652 - matplotlib.font_manager - DEBUG - findfont: score(FontEntry(fname='/Library/Fonts/VNCENTN.TTF', name='.VnCentury Schoolbook', style='normal', variant='normal', weight=400, stretch='normal', size='scalable')) = 10.05
2025-10-06 11:02:20,653 - matplotlib.font_manager - DEBUG - findfont: score(FontEntry(fname='/System/Library/Fonts/ヒラギノ角ゴシック W0.ttc', name='Hiragino Sans', style='normal', variant='normal', weight=100, stretch='normal', size='scalable')) = 10.335
2025-10-06 11:02:20,653 - matplotlib.font_manager - DEBUG - findfont: score(FontEntry(fname='/Library/Fonts/VVIVI.TTF', name='VNI-Vivi', style='normal', variant='normal', weight=400, stretch='normal', size='scalable')) = 10.05
2025-10-06 11:02:20,654 - matplotlib.font_manager - DEBUG - findfont: score(FontEntry(fname='/Library/Fonts/VHCOMSCI.TTF', name='.VnCommercial ScriptH', style='italic', variant='normal', weight=400, stretch='normal', size='scalable')) = 11.05
2025-10-06 11:02:20,654 - matplotlib.font_manager - DEBUG - findfont: score(FontEntry(fname='/System/Library/Fonts/Supplemental/Herculanum.ttf', name='Herculanum', style='normal', variant='normal', weight=400, stretch='normal', size='scalable')) = 10.05
2025-10-06 11:02:20,655 - matplotlib.font_manager - DEBUG - findfont: score(FontEntry(fname='/System/Library/Fonts/Supplemental/Telugu Sangam MN.ttc', name='Telugu Sangam MN', style='normal', variant='normal', weight=400, stretch='normal', size='scalable')) = 10.05
2025-10-06 11:02:20,655 - matplotlib.font_manager - DEBUG - findfont: score(FontEntry(fname='/Library/Fonts/VREVUE.TTF', name='VNI-Revue', style='normal', variant='normal', weight=700, stretch='normal', size='scalable')) = 10.335
2025-10-06 11:02:20,655 - matplotlib.font_manager - DEBUG - findfont: score(FontEntry(fname='/System/Library/Fonts/Supplemental/PTSerif.ttc', name='PT Serif', style='normal', variant='normal', weight=400, stretch='normal', size='scalable')) = 10.05
2025-10-06 11:02:20,655 - matplotlib.font_manager - DEBUG - findfont: score(FontEntry(fname='/System/Library/Fonts/Supplemental/Savoye LET.ttc', name='Savoye LET', style='normal', variant='normal', weight=400, stretch='normal', size='scalable')) = 10.05
2025-10-06 11:02:20,656 - matplotlib.font_manager - DEBUG - findfont: score(FontEntry(fname='/Library/Fonts/VHELVEN.TTF', name='VNI-Helve', style='normal', variant='normal', weight=400, stretch='normal', size='scalable')) = 10.05
2025-10-06 11:02:20,656 - matplotlib.font_manager - DEBUG - findfont: score(FontEntry(fname='/System/Library/Fonts/Supplemental/Wingdings.ttf', name='Wingdings', style='normal', variant='normal', weight=400, stretch='normal', size='scalable')) = 10.05
2025-10-06 11:02:20,656 - matplotlib.font_manager - DEBUG - findfont: score(FontEntry(fname='/System/Library/Fonts/Supplemental/Arial Narrow Bold Italic.ttf', name='Arial Narrow', style='italic', variant='normal', weight=700, stretch='condensed', size='scalable')) = 11.535
2025-10-06 11:02:20,656 - matplotlib.font_manager - DEBUG - findfont: score(FontEntry(fname='/Library/Fonts/VNCOUR2.TTF', name='.VnCourier', style='normal', variant='normal', weight=400, stretch='normal', size='scalable')) = 10.05
2025-10-06 11:02:20,657 - matplotlib.font_manager - DEBUG - findfont: score(FontEntry(fname='/System/Library/Fonts/Supplemental/GillSans.ttc', name='Gill Sans', style='normal', variant='normal', weight=400, stretch='normal', size='scalable')) = 10.05
2025-10-06 11:02:20,657 - matplotlib.font_manager - DEBUG - findfont: score(FontEntry(fname='/Library/Fonts/VPALATIB.TTF', name='VNI-Palatin', style='normal', variant='normal', weight=700, stretch='normal', size='scalable')) = 10.335
2025-10-06 11:02:20,657 - matplotlib.font_manager - DEBUG - findfont: score(FontEntry(fname='/System/Library/Fonts/Supplemental/Malayalam MN.ttc', name='Malayalam MN', style='normal', variant='normal', weight=400, stretch='normal', size='scalable')) = 10.05
2025-10-06 11:02:20,657 - matplotlib.font_manager - DEBUG - findfont: score(FontEntry(fname='/Library/Fonts/VHELVEB.TTF', name='VNI-Helve', style='normal', variant='normal', weight=700, stretch='normal', size='scalable')) = 10.335
2025-10-06 11:02:20,657 - matplotlib.font_manager - DEBUG - findfont: score(FontEntry(fname='/Library/Fonts/VHAVANI.TTF', name='.VnAvantH', style='italic', variant='normal', weight=400, stretch='normal', size='scalable')) = 11.05
2025-10-06 11:02:20,658 - matplotlib.font_manager - DEBUG - findfont: score(FontEntry(fname='/Library/Fonts/vniviettay.ttf', name='VNI-Viettay', style='normal', variant='normal', weight=400, stretch='normal', size='scalable')) = 10.05
2025-10-06 11:02:20,658 - matplotlib.font_manager - DEBUG - findfont: score(FontEntry(fname='/System/Library/Fonts/Supplemental/NotoSansCaucasianAlbanian-Regular.ttf', name='Noto Sans Caucasian Albanian', style='normal', variant='normal', weight=400, stretch='normal', size='scalable')) = 10.05
2025-10-06 11:02:20,658 - matplotlib.font_manager - DEBUG - findfont: score(FontEntry(fname='/System/Library/Fonts/NotoSansMyanmar.ttc', name='Noto Sans Myanmar', style='normal', variant='normal', weight=900, stretch='normal', size='scalable')) = 10.525
2025-10-06 11:02:20,658 - matplotlib.font_manager - DEBUG - findfont: score(FontEntry(fname='/Library/Fonts/VHCENTB.TTF', name='.VnCentury SchoolbookH', style='normal', variant='normal', weight=700, stretch='normal', size='scalable')) = 10.335
2025-10-06 11:02:20,658 - matplotlib.font_manager - DEBUG - findfont: score(FontEntry(fname='/System/Library/Fonts/Supplemental/Kokonor.ttf', name='Kokonor', style='normal', variant='normal', weight=400, stretch='normal', size='scalable')) = 10.05
2025-10-06 11:02:20,658 - matplotlib.font_manager - DEBUG - findfont: score(FontEntry(fname='/Library/Fonts/VNARIABI.TTF', name='.VnArial', style='italic', variant='normal', weight=700, stretch='normal', size='scalable')) = 11.335
2025-10-06 11:02:20,659 - matplotlib.font_manager - DEBUG - findfont: score(FontEntry(fname='/Library/Fonts/VTIMESN.TTF', name='VNI-Times', style='normal', variant='normal', weight=400, stretch='normal', size='scalable')) = 10.05
2025-10-06 11:02:20,659 - matplotlib.font_manager - DEBUG - findfont: score(FontEntry(fname='/System/Library/Fonts/Supplemental/STIXIntUpDBol.otf', name='STIXIntegralsUpD', style='normal', variant='normal', weight=700, stretch='normal', size='scalable')) = 10.335
2025-10-06 11:02:20,659 - matplotlib.font_manager - DEBUG - findfont: score(FontEntry(fname='/Library/Fonts/VNARIAL.TTF', name='.VnArial', style='normal', variant='normal', weight=400, stretch='normal', size='scalable')) = 10.05
2025-10-06 11:02:20,659 - matplotlib.font_manager - DEBUG - findfont: score(FontEntry(fname='/System/Library/Fonts/Supplemental/NotoSansNewTaiLue-Regular.ttf', name='Noto Sans New Tai Lue', style='normal', variant='normal', weight=400, stretch='normal', size='scalable')) = 10.05
2025-10-06 11:02:20,659 - matplotlib.font_manager - DEBUG - findfont: score(FontEntry(fname='/System/Library/Fonts/Supplemental/Bodoni 72 OS.ttc', name='Bodoni 72 Oldstyle', style='normal', variant='normal', weight=400, stretch='normal', size='scalable')) = 10.05
2025-10-06 11:02:20,660 - matplotlib.font_manager - DEBUG - findfont: score(FontEntry(fname='/System/Library/Fonts/Supplemental/PTSerifCaption.ttc', name='PT Serif Caption', style='normal', variant='normal', weight=400, stretch='normal', size='scalable')) = 10.05
2025-10-06 11:02:20,660 - matplotlib.font_manager - DEBUG - findfont: score(FontEntry(fname='/Library/Fonts/VDUFFY.TTF', name='VNI-Duff', style='normal', variant='normal', weight=400, stretch='normal', size='scalable')) = 10.05
2025-10-06 11:02:20,660 - matplotlib.font_manager - DEBUG - findfont: score(FontEntry(fname='/System/Library/Fonts/ヒラギノ角ゴシック W9.ttc', name='Hiragino Sans', style='normal', variant='normal', weight=900, stretch='normal', size='scalable')) = 10.525
2025-10-06 11:02:20,660 - matplotlib.font_manager - DEBUG - findfont: score(FontEntry(fname='/Library/Fonts/VHREVU.TTF', name='.VnRevueH', style='normal', variant='normal', weight=500, stretch='normal', size='scalable')) = 10.145
2025-10-06 11:02:20,660 - matplotlib.font_manager - DEBUG - findfont: score(FontEntry(fname='/Library/Fonts/VHKOALA.TTF', name='.VnKoalaH', style='normal', variant='normal', weight=400, stretch='normal', size='scalable')) = 10.05
2025-10-06 11:02:20,661 - matplotlib.font_manager - DEBUG - findfont: score(FontEntry(fname='/System/Library/Fonts/Supplemental/NotoSansThaana-Regular.ttf', name='Noto Sans Thaana', style='normal', variant='normal', weight=400, stretch='normal', size='scalable')) = 10.05
2025-10-06 11:02:20,661 - matplotlib.font_manager - DEBUG - findfont: score(FontEntry(fname='/Library/Fonts/VPRESENT.TTF', name='VNI-Present', style='normal', variant='normal', weight=400, stretch='normal', size='scalable')) = 10.05
2025-10-06 11:02:20,661 - matplotlib.font_manager - DEBUG - findfont: score(FontEntry(fname='/System/Library/Fonts/Supplemental/Bodoni 72.ttc', name='Bodoni 72', style='normal', variant='normal', weight=400, stretch='normal', size='scalable')) = 10.05
2025-10-06 11:02:20,661 - matplotlib.font_manager - DEBUG - findfont: score(FontEntry(fname='/Library/Fonts/VHELVCB.TTF', name='VNI-Helve-Condense', style='normal', variant='normal', weight=700, stretch='condensed', size='scalable')) = 10.535
2025-10-06 11:02:20,661 - matplotlib.font_manager - DEBUG - findfont: score(FontEntry(fname='/System/Library/Fonts/Apple Braille Pinpoint 6 Dot.ttf', name='Apple Braille', style='normal', variant='normal', weight=400, stretch='normal', size='scalable')) = 10.05
2025-10-06 11:02:20,662 - matplotlib.font_manager - DEBUG - findfont: score(FontEntry(fname='/System/Library/Fonts/Supplemental/Malayalam Sangam MN.ttc', name='Malayalam Sangam MN', style='normal', variant='normal', weight=400, stretch='normal', size='scalable')) = 10.05
2025-10-06 11:02:20,662 - matplotlib.font_manager - DEBUG - findfont: score(FontEntry(fname='/System/Library/Fonts/Supplemental/NotoSansSyriac-Regular.ttf', name='Noto Sans Syriac', style='normal', variant='normal', weight=400, stretch='normal', size='scalable')) = 10.05
2025-10-06 11:02:20,662 - matplotlib.font_manager - DEBUG - findfont: score(FontEntry(fname='/System/Library/Fonts/Supplemental/DIN Condensed Bold.ttf', name='DIN Condensed', style='normal', variant='normal', weight=700, stretch='condensed', size='scalable')) = 10.535
2025-10-06 11:02:20,663 - matplotlib.font_manager - DEBUG - findfont: score(FontEntry(fname='/Library/Fonts/VNAVAN.TTF', name='.VnAvant', style='normal', variant='normal', weight=400, stretch='normal', size='scalable')) = 10.05
2025-10-06 11:02:20,663 - matplotlib.font_manager - DEBUG - findfont: score(FontEntry(fname='/System/Library/Fonts/Supplemental/NotoSansTifinagh-Regular.ttf', name='Noto Sans Tifinagh', style='normal', variant='normal', weight=400, stretch='normal', size='scalable')) = 10.05
2025-10-06 11:02:20,663 - matplotlib.font_manager - DEBUG - findfont: score(FontEntry(fname='/System/Library/Fonts/ヒラギノ角ゴシック W5.ttc', name='Hiragino Sans', style='normal', variant='normal', weight=500, stretch='normal', size='scalable')) = 10.145
2025-10-06 11:02:20,665 - matplotlib.font_manager - DEBUG - findfont: score(FontEntry(fname='/System/Library/Fonts/Supplemental/Krungthep.ttf', name='Krungthep', style='normal', variant='normal', weight=400, stretch='normal', size='scalable')) = 10.05
2025-10-06 11:02:20,665 - matplotlib.font_manager - DEBUG - findfont: score(FontEntry(fname='/System/Library/Fonts/Supplemental/NotoSansPahawhHmong-Regular.ttf', name='Noto Sans Pahawh Hmong', style='normal', variant='normal', weight=400, stretch='normal', size='scalable')) = 10.05
2025-10-06 11:02:20,665 - matplotlib.font_manager - DEBUG - findfont: score(FontEntry(fname='/Library/Fonts/VNCOOP.TTF', name='.VnCooper', style='normal', variant='normal', weight=500, stretch='normal', size='scalable')) = 10.145
2025-10-06 11:02:20,665 - matplotlib.font_manager - DEBUG - findfont: score(FontEntry(fname='/Library/Fonts/VKORINB.TTF', name='VNI-Korin', style='normal', variant='normal', weight=700, stretch='normal', size='scalable')) = 10.335
2025-10-06 11:02:20,665 - matplotlib.font_manager - DEBUG - findfont: score(FontEntry(fname='/Library/Fonts/VAZTEK.TTF', name='VNI-Aztek', style='normal', variant='normal', weight=700, stretch='normal', size='scalable')) = 10.335
2025-10-06 11:02:20,666 - matplotlib.font_manager - DEBUG - findfont: score(FontEntry(fname='/System/Library/Fonts/SFArabic.ttf', name='.SF Arabic', style='normal', variant='normal', weight=400, stretch='normal', size='scalable')) = 10.05
2025-10-06 11:02:20,666 - matplotlib.font_manager - DEBUG - findfont: score(FontEntry(fname='/System/Library/Fonts/ヒラギノ角ゴシック W2.ttc', name='Hiragino Sans', style='normal', variant='normal', weight=250, stretch='normal', size='scalable')) = 10.1925
2025-10-06 11:02:20,666 - matplotlib.font_manager - DEBUG - findfont: score(FontEntry(fname='/Library/Fonts/VHTIFH.TTF', name='.VnTifani HeavyH', style='normal', variant='normal', weight=400, stretch='normal', size='scalable')) = 10.05
2025-10-06 11:02:20,666 - matplotlib.font_manager - DEBUG - findfont: score(FontEntry(fname='/System/Library/Fonts/Supplemental/Trebuchet MS.ttf', name='Trebuchet MS', style='normal', variant='normal', weight=400, stretch='normal', size='scalable')) = 10.05
2025-10-06 11:02:20,666 - matplotlib.font_manager - DEBUG - findfont: score(FontEntry(fname='/System/Library/Fonts/Supplemental/Times New Roman.ttf', name='Times New Roman', style='normal', variant='normal', weight=400, stretch='normal', size='scalable')) = 10.05
2025-10-06 11:02:20,666 - matplotlib.font_manager - DEBUG - findfont: score(FontEntry(fname='/System/Library/Fonts/Supplemental/Didot.ttc', name='Didot', style='normal', variant='normal', weight=400, stretch='normal', size='scalable')) = 10.05
2025-10-06 11:02:20,667 - matplotlib.font_manager - DEBUG - findfont: score(FontEntry(fname='/System/Library/Fonts/Supplemental/Gurmukhi.ttf', name='Gurmukhi MT', style='normal', variant='normal', weight=500, stretch='normal', size='scalable')) = 10.145
2025-10-06 11:02:20,667 - matplotlib.font_manager - DEBUG - findfont: score(FontEntry(fname='/Library/Fonts/VGOUDYN.TTF', name='VNI-Goudy', style='normal', variant='normal', weight=400, stretch='normal', size='scalable')) = 10.05
2025-10-06 11:02:20,667 - matplotlib.font_manager - DEBUG - findfont: score(FontEntry(fname='/System/Library/Fonts/ヒラギノ角ゴシック W6.ttc', name='Hiragino Sans', style='normal', variant='normal', weight=600, stretch='normal', size='scalable')) = 10.24
2025-10-06 11:02:20,667 - matplotlib.font_manager - DEBUG - findfont: score(FontEntry(fname='/Library/Fonts/VNICAMBO.TTF', name='VNI Cambodia', style='normal', variant='normal', weight=400, stretch='normal', size='scalable')) = 10.05
2025-10-06 11:02:20,667 - matplotlib.font_manager - DEBUG - findfont: score(FontEntry(fname='/Library/Fonts/VLITHOS.TTF', name='VNI-Lithos', style='normal', variant='normal', weight=700, stretch='normal', size='scalable')) = 10.335
2025-10-06 11:02:20,668 - matplotlib.font_manager - DEBUG - findfont: score(FontEntry(fname='/Library/Fonts/VGARAMN.TTF', name='VNI-Garam', style='normal', variant='normal', weight=400, stretch='normal', size='scalable')) = 10.05
2025-10-06 11:02:20,668 - matplotlib.font_manager - DEBUG - findfont: score(FontEntry(fname='/Library/Fonts/VN3D.TTF', name='.Vn3DH', style='normal', variant='normal', weight=400, stretch='normal', size='scalable')) = 10.05
2025-10-06 11:02:20,668 - matplotlib.font_manager - DEBUG - findfont: score(FontEntry(fname='/System/Library/Fonts/Supplemental/Oriya MN.ttc', name='Oriya MN', style='normal', variant='normal', weight=400, stretch='normal', size='scalable')) = 10.05
2025-10-06 11:02:20,668 - matplotlib.font_manager - DEBUG - findfont: score(FontEntry(fname='/Library/Fonts/VNTIMEI.TTF', name='.VnTime', style='italic', variant='normal', weight=400, stretch='normal', size='scalable')) = 11.05
2025-10-06 11:02:20,669 - matplotlib.font_manager - DEBUG - findfont: score(FontEntry(fname='/Library/Fonts/VNCENTB.TTF', name='.VnCentury Schoolbook', style='normal', variant='normal', weight=700, stretch='normal', size='scalable')) = 10.335
2025-10-06 11:02:20,669 - matplotlib.font_manager - DEBUG - findfont: score(FontEntry(fname='/System/Library/Fonts/Supplemental/Mishafi.ttf', name='Mishafi', style='normal', variant='normal', weight=400, stretch='normal', size='scalable')) = 10.05
2025-10-06 11:02:20,669 - matplotlib.font_manager - DEBUG - findfont: score(FontEntry(fname='/Library/Fonts/VAPTIMN.TTF', name='VNI-Aptima', style='normal', variant='normal', weight=400, stretch='normal', size='scalable')) = 10.05
2025-10-06 11:02:20,670 - matplotlib.font_manager - DEBUG - findfont: score(FontEntry(fname='/System/Library/Fonts/Supplemental/NotoSansMeeteiMayek-Regular.ttf', name='Noto Sans Meetei Mayek', style='normal', variant='normal', weight=400, stretch='normal', size='scalable')) = 10.05
2025-10-06 11:02:20,670 - matplotlib.font_manager - DEBUG - findfont: score(FontEntry(fname='/System/Library/Fonts/Supplemental/NotoSansTaiLe-Regular.ttf', name='Noto Sans Tai Le', style='normal', variant='normal', weight=400, stretch='normal', size='scalable')) = 10.05
2025-10-06 11:02:20,670 - matplotlib.font_manager - DEBUG - findfont: score(FontEntry(fname='/System/Library/Fonts/ThonburiUI.ttc', name='.ThonburiUI', style='normal', variant='normal', weight=400, stretch='normal', size='scalable')) = 10.05
2025-10-06 11:02:20,671 - matplotlib.font_manager - DEBUG - findfont: score(FontEntry(fname='/Library/Fonts/VNTIME.TTF', name='.VnTime', style='normal', variant='normal', weight=400, stretch='normal', size='scalable')) = 10.05
2025-10-06 11:02:20,671 - matplotlib.font_manager - DEBUG - findfont: score(FontEntry(fname='/Library/Fonts/VBOOKMI.TTF', name='VNI-Book', style='italic', variant='normal', weight=400, stretch='normal', size='scalable')) = 11.05
2025-10-06 11:02:20,671 - matplotlib.font_manager - DEBUG - findfont: score(FontEntry(fname='/Library/Fonts/VZAP.TTF', name='VNI-Zap', style='italic', variant='normal', weight=400, stretch='normal', size='scalable')) = 11.05
2025-10-06 11:02:20,671 - matplotlib.font_manager - DEBUG - findfont: score(FontEntry(fname='/System/Library/Fonts/Supplemental/Nadeem.ttc', name='Nadeem', style='normal', variant='normal', weight=400, stretch='normal', size='scalable')) = 10.05
2025-10-06 11:02:20,671 - matplotlib.font_manager - DEBUG - findfont: score(FontEntry(fname='/Library/Fonts/VNFREE.TTF', name='.VnFree', style='normal', variant='normal', weight=500, stretch='normal', size='scalable')) = 10.145
2025-10-06 11:02:20,672 - matplotlib.font_manager - DEBUG - findfont: score(FontEntry(fname='/Library/Fonts/VAVON.TTF', name='VNI-Avo', style='normal', variant='normal', weight=400, stretch='normal', size='scalable')) = 10.05
2025-10-06 11:02:20,672 - matplotlib.font_manager - DEBUG - findfont: score(FontEntry(fname='/System/Library/Fonts/Supplemental/STIXNonUniBol.otf', name='STIXNonUnicode', style='normal', variant='normal', weight=700, stretch='normal', size='scalable')) = 10.335
2025-10-06 11:02:20,672 - matplotlib.font_manager - DEBUG - findfont: score(FontEntry(fname='/Library/Fonts/VAVOBI.TTF', name='VNI-Avo', style='italic', variant='normal', weight=700, stretch='normal', size='scalable')) = 11.335
2025-10-06 11:02:20,672 - matplotlib.font_manager - DEBUG - findfont: score(FontEntry(fname='/System/Library/Fonts/Supplemental/NotoSansTaiTham-Regular.ttf', name='Noto Sans Tai Tham', style='normal', variant='normal', weight=400, stretch='normal', size='scalable')) = 10.05
2025-10-06 11:02:20,673 - matplotlib.font_manager - DEBUG - findfont: score(FontEntry(fname='/System/Library/Fonts/Apple Symbols.ttf', name='Apple Symbols', style='normal', variant='normal', weight=400, stretch='normal', size='scalable')) = 10.05
2025-10-06 11:02:20,673 - matplotlib.font_manager - DEBUG - findfont: score(FontEntry(fname='/System/Library/Fonts/Supplemental/Arial Black.ttf', name='Arial Black', style='normal', variant='normal', weight=900, stretch='normal', size='scalable')) = 10.525
2025-10-06 11:02:20,674 - matplotlib.font_manager - DEBUG - findfont: score(FontEntry(fname='/Library/Fonts/VINHAN.TTF', name='Vinhan', style='normal', variant='normal', weight=700, stretch='normal', size='scalable')) = 10.335
2025-10-06 11:02:20,675 - matplotlib.font_manager - DEBUG - findfont: score(FontEntry(fname='/Library/Fonts/VCOURIB.TTF', name='VNI-Couri', style='normal', variant='normal', weight=700, stretch='normal', size='scalable')) = 10.335
2025-10-06 11:02:20,676 - matplotlib.font_manager - DEBUG - findfont: score(FontEntry(fname='/System/Library/Fonts/MuktaMahee.ttc', name='Mukta Mahee', style='normal', variant='normal', weight=400, stretch='normal', size='scalable')) = 10.05
2025-10-06 11:02:20,677 - matplotlib.font_manager - DEBUG - findfont: score(FontEntry(fname='/Library/Fonts/VBANDIT.TTF', name='VNI-Bandit', style='italic', variant='normal', weight=700, stretch='normal', size='scalable')) = 11.335
2025-10-06 11:02:20,677 - matplotlib.font_manager - DEBUG - findfont: score(FontEntry(fname='/Library/Fonts/VKORINI.TTF', name='VNI-Korin', style='italic', variant='normal', weight=400, stretch='normal', size='scalable')) = 11.05
2025-10-06 11:02:20,678 - matplotlib.font_manager - DEBUG - findfont: score(FontEntry(fname='/System/Library/Fonts/Palatino.ttc', name='Palatino', style='normal', variant='normal', weight=400, stretch='normal', size='scalable')) = 10.05
2025-10-06 11:02:20,678 - matplotlib.font_manager - DEBUG - findfont: score(FontEntry(fname='/System/Library/Fonts/Supplemental/NotoSansOldTurkic-Regular.ttf', name='Noto Sans Old Turkic', style='normal', variant='normal', weight=400, stretch='normal', size='scalable')) = 10.05
2025-10-06 11:02:20,679 - matplotlib.font_manager - DEBUG - findfont: score(FontEntry(fname='/System/Library/Fonts/NewYorkItalic.ttf', name='.New York', style='italic', variant='normal', weight=400, stretch='normal', size='scalable')) = 11.05
2025-10-06 11:02:20,679 - matplotlib.font_manager - DEBUG - findfont: score(FontEntry(fname='/System/Library/Fonts/Supplemental/AlBayan.ttc', name='Al Bayan', style='normal', variant='normal', weight=400, stretch='normal', size='scalable')) = 10.05
2025-10-06 11:02:20,679 - matplotlib.font_manager - DEBUG - findfont: score(FontEntry(fname='/Library/Fonts/VNARIALI.TTF', name='.VnArial', style='italic', variant='normal', weight=400, stretch='normal', size='scalable')) = 11.05
2025-10-06 11:02:20,680 - matplotlib.font_manager - DEBUG - findfont: score(FontEntry(fname='/System/Library/Fonts/Supplemental/BigCaslon.ttf', name='Big Caslon', style='normal', variant='normal', weight=500, stretch='normal', size='scalable')) = 10.145
2025-10-06 11:02:20,680 - matplotlib.font_manager - DEBUG - findfont: score(FontEntry(fname='/System/Library/Fonts/Supplemental/NotoSansPhagsPa-Regular.ttf', name='Noto Sans PhagsPa', style='normal', variant='normal', weight=400, stretch='normal', size='scalable')) = 10.05
2025-10-06 11:02:20,680 - matplotlib.font_manager - DEBUG - findfont: score(FontEntry(fname='/Library/Fonts/VNTEKN.TTF', name='.VnTeknical', style='normal', variant='normal', weight=400, stretch='normal', size='scalable')) = 10.05
2025-10-06 11:02:20,680 - matplotlib.font_manager - DEBUG - findfont: score(FontEntry(fname='/System/Library/Fonts/Supplemental/InaiMathi-MN.ttc', name='InaiMathi', style='normal', variant='normal', weight=400, stretch='normal', size='scalable')) = 10.05
2025-10-06 11:02:20,681 - matplotlib.font_manager - DEBUG - findfont: score(FontEntry(fname='/Library/Fonts/vnimatisse.ttf', name='VNI-Matisse', style='normal', variant='normal', weight=400, stretch='normal', size='scalable')) = 10.05
2025-10-06 11:02:20,681 - matplotlib.font_manager - DEBUG - findfont: score(FontEntry(fname='/System/Library/Fonts/Supplemental/Silom.ttf', name='Silom', style='normal', variant='normal', weight=400, stretch='normal', size='scalable')) = 10.05
2025-10-06 11:02:20,681 - matplotlib.font_manager - DEBUG - findfont: score(FontEntry(fname='/Library/Fonts/VHGOTH.TTF', name='.VnGothicH', style='normal', variant='normal', weight=400, stretch='normal', size='scalable')) = 10.05
2025-10-06 11:02:20,681 - matplotlib.font_manager - DEBUG - findfont: score(FontEntry(fname='/Library/Fonts/VNCLARE.TTF', name='.VnClarendon', style='normal', variant='normal', weight=400, stretch='normal', size='scalable')) = 10.05
2025-10-06 11:02:20,681 - matplotlib.font_manager - DEBUG - findfont: score(FontEntry(fname='/Library/Fonts/VNPRES.TTF', name='.VnPresent', style='normal', variant='normal', weight=500, stretch='normal', size='scalable')) = 10.145
2025-10-06 11:02:20,682 - matplotlib.font_manager - DEBUG - findfont: score(FontEntry(fname='/Library/Fonts/VHBLACK.TTF', name='.VnBlackH', style='normal', variant='normal', weight=400, stretch='normal', size='scalable')) = 10.05
2025-10-06 11:02:20,682 - matplotlib.font_manager - DEBUG - findfont: score(FontEntry(fname='/Library/Fonts/VNARIANI.TTF', name='.VnArial Narrow', style='italic', variant='normal', weight=400, stretch='condensed', size='scalable')) = 11.25
2025-10-06 11:02:20,682 - matplotlib.font_manager - DEBUG - findfont: score(FontEntry(fname='/System/Library/Fonts/Supplemental/Academy Engraved LET Fonts.ttf', name='Academy Engraved LET', style='normal', variant='normal', weight=400, stretch='normal', size='scalable')) = 10.05
2025-10-06 11:02:20,683 - matplotlib.font_manager - DEBUG - findfont: score(FontEntry(fname='/System/Library/Fonts/Supplemental/NotoSerifNyiakengPuachueHmong-Regular.ttf', name='Noto Serif Hmong Nyiakeng', style='normal', variant='normal', weight=400, stretch='normal', size='scalable')) = 10.05
2025-10-06 11:02:20,683 - matplotlib.font_manager - DEBUG - findfont: score(FontEntry(fname='/System/Library/Fonts/Supplemental/Mishafi Gold.ttf', name='Mishafi Gold', style='normal', variant='normal', weight=400, stretch='normal', size='scalable')) = 10.05
2025-10-06 11:02:20,685 - matplotlib.font_manager - DEBUG - findfont: score(FontEntry(fname='/System/Library/Fonts/Supplemental/Luminari.ttf', name='Luminari', style='normal', variant='normal', weight=400, stretch='normal', size='scalable')) = 10.05
2025-10-06 11:02:20,687 - matplotlib.font_manager - DEBUG - findfont: score(FontEntry(fname='/Library/Fonts/vnibriquet.ttf', name='VNI-Briquet', style='normal', variant='normal', weight=400, stretch='normal', size='scalable')) = 10.05
2025-10-06 11:02:20,688 - matplotlib.font_manager - DEBUG - findfont: score(FontEntry(fname='/System/Library/Fonts/Supplemental/Bradley Hand Bold.ttf', name='Bradley Hand', style='normal', variant='normal', weight=700, stretch='normal', size='scalable')) = 10.335
2025-10-06 11:02:20,688 - matplotlib.font_manager - DEBUG - findfont: score(FontEntry(fname='/System/Library/Fonts/Supplemental/Trebuchet MS Bold.ttf', name='Trebuchet MS', style='normal', variant='normal', weight=700, stretch='normal', size='scalable')) = 10.335
2025-10-06 11:02:20,689 - matplotlib.font_manager - DEBUG - findfont: score(FontEntry(fname='/Library/Fonts/VKUNN.TTF', name='VNI-Kun', style='normal', variant='normal', weight=400, stretch='normal', size='scalable')) = 10.05
2025-10-06 11:02:20,690 - matplotlib.font_manager - DEBUG - findfont: score(FontEntry(fname='/System/Library/Fonts/Supplemental/Shree714.ttc', name='Shree Devanagari 714', style='normal', variant='normal', weight=400, stretch='normal', size='scalable')) = 10.05
2025-10-06 11:02:20,691 - matplotlib.font_manager - DEBUG - findfont: score(FontEntry(fname='/System/Library/Fonts/Supplemental/Raanana.ttc', name='Raanana', style='normal', variant='normal', weight=400, stretch='normal', size='scalable')) = 10.05
2025-10-06 11:02:20,691 - matplotlib.font_manager - DEBUG - findfont: score(FontEntry(fname='/System/Library/Fonts/LucidaGrande.ttc', name='Lucida Grande', style='normal', variant='normal', weight=500, stretch='normal', size='scalable')) = 2.872272727272727
2025-10-06 11:02:20,692 - matplotlib.font_manager - DEBUG - findfont: score(FontEntry(fname='/System/Library/Fonts/Supplemental/STIXNonUniBolIta.otf', name='STIXNonUnicode', style='italic', variant='normal', weight=700, stretch='normal', size='scalable')) = 11.335
2025-10-06 11:02:20,694 - matplotlib.font_manager - DEBUG - findfont: score(FontEntry(fname='/Library/Fonts/VNARIALN.TTF', name='.VnArial Narrow', style='normal', variant='normal', weight=400, stretch='condensed', size='scalable')) = 10.25
2025-10-06 11:02:20,695 - matplotlib.font_manager - DEBUG - findfont: score(FontEntry(fname='/System/Library/Fonts/Supplemental/Cochin.ttc', name='Cochin', style='normal', variant='normal', weight=500, stretch='normal', size='scalable')) = 10.145
2025-10-06 11:02:20,696 - matplotlib.font_manager - DEBUG - findfont: score(FontEntry(fname='/System/Library/Fonts/Supplemental/NotoSansTirhuta-Regular.ttf', name='Noto Sans Tirhuta', style='normal', variant='normal', weight=400, stretch='normal', size='scalable')) = 10.05
2025-10-06 11:02:20,697 - matplotlib.font_manager - DEBUG - findfont: score(FontEntry(fname='/Library/Fonts/VMURRAYB.TTF', name='VNI-Murray', style='normal', variant='normal', weight=700, stretch='normal', size='scalable')) = 10.335
2025-10-06 11:02:20,698 - matplotlib.font_manager - DEBUG - findfont: score(FontEntry(fname='/System/Library/Fonts/STHeiti Light.ttc', name='Heiti TC', style='normal', variant='normal', weight=300, stretch='normal', size='scalable')) = 10.145
2025-10-06 11:02:20,699 - matplotlib.font_manager - DEBUG - findfont: score(FontEntry(fname='/System/Library/Fonts/Supplemental/NotoSansOsmanya-Regular.ttf', name='Noto Sans Osmanya', style='normal', variant='normal', weight=400, stretch='normal', size='scalable')) = 10.05
2025-10-06 11:02:20,701 - matplotlib.font_manager - DEBUG - findfont: score(FontEntry(fname='/Library/Fonts/VBRUSH.TTF', name='VNI-Brush', style='italic', variant='normal', weight=400, stretch='normal', size='scalable')) = 11.05
2025-10-06 11:02:20,702 - matplotlib.font_manager - DEBUG - findfont: score(FontEntry(fname='/System/Library/Fonts/Supplemental/STIXIntSmReg.otf', name='STIXIntegralsSm', style='normal', variant='normal', weight=400, stretch='normal', size='scalable')) = 10.05
2025-10-06 11:02:20,703 - matplotlib.font_manager - DEBUG - findfont: score(FontEntry(fname='/System/Library/Fonts/Supplemental/Kannada MN.ttc', name='Kannada MN', style='normal', variant='normal', weight=400, stretch='normal', size='scalable')) = 10.05
2025-10-06 11:02:20,704 - matplotlib.font_manager - DEBUG - findfont: score(FontEntry(fname='/System/Library/Fonts/Apple Braille.ttf', name='Apple Braille', style='normal', variant='normal', weight=400, stretch='normal', size='scalable')) = 10.05
2025-10-06 11:02:20,705 - matplotlib.font_manager - DEBUG - findfont: score(FontEntry(fname='/Library/Fonts/VNTIMEB.TTF', name='.VnTime', style='normal', variant='normal', weight=700, stretch='normal', size='scalable')) = 10.335
2025-10-06 11:02:20,705 - matplotlib.font_manager - DEBUG - findfont: score(FontEntry(fname='/System/Library/Fonts/Supplemental/GujaratiMT.ttc', name='Gujarati MT', style='normal', variant='normal', weight=400, stretch='normal', size='scalable')) = 10.05
2025-10-06 11:02:20,706 - matplotlib.font_manager - DEBUG - findfont: score(FontEntry(fname='/Library/Fonts/VHLINCOL.TTF', name='.VnLincolnH', style='normal', variant='normal', weight=400, stretch='normal', size='scalable')) = 10.05
2025-10-06 11:02:20,706 - matplotlib.font_manager - DEBUG - findfont: score(FontEntry(fname='/Library/Fonts/VHPARK.TTF', name='.VnParkH', style='normal', variant='normal', weight=500, stretch='normal', size='scalable')) = 10.145
2025-10-06 11:02:20,707 - matplotlib.font_manager - DEBUG - findfont: score(FontEntry(fname='/System/Library/Fonts/Supplemental/AppleMyungjo.ttf', name='AppleMyungjo', style='normal', variant='normal', weight=400, stretch='normal', size='scalable')) = 10.05
2025-10-06 11:02:20,708 - matplotlib.font_manager - DEBUG - findfont: score(FontEntry(fname='/System/Library/Fonts/Supplemental/Devanagari Sangam MN.ttc', name='Devanagari Sangam MN', style='normal', variant='normal', weight=400, stretch='normal', size='scalable')) = 10.05
2025-10-06 11:02:20,709 - matplotlib.font_manager - DEBUG - findfont: score(FontEntry(fname='/Library/Fonts/VHANTIQ.TTF', name='.VnBook-AntiquaH', style='normal', variant='normal', weight=400, stretch='normal', size='scalable')) = 10.05
2025-10-06 11:02:20,709 - matplotlib.font_manager - DEBUG - findfont: score(FontEntry(fname='/System/Library/Fonts/Supplemental/Georgia Bold.ttf', name='Georgia', style='normal', variant='normal', weight=700, stretch='normal', size='scalable')) = 10.335
2025-10-06 11:02:20,709 - matplotlib.font_manager - DEBUG - findfont: score(FontEntry(fname='/System/Library/Fonts/GeezaPro.ttc', name='Geeza Pro', style='normal', variant='normal', weight=400, stretch='normal', size='scalable')) = 10.05
2025-10-06 11:02:20,710 - matplotlib.font_manager - DEBUG - findfont: score(FontEntry(fname='/Library/Fonts/VNREVU.TTF', name='.VnRevue', style='normal', variant='normal', weight=500, stretch='normal', size='scalable')) = 10.145
2025-10-06 11:02:20,710 - matplotlib.font_manager - DEBUG - findfont: score(FontEntry(fname='/Library/Fonts/VJAMAI.TTF', name='VNI-Jamai', style='italic', variant='normal', weight=700, stretch='normal', size='scalable')) = 11.335
2025-10-06 11:02:20,711 - matplotlib.font_manager - DEBUG - findfont: score(FontEntry(fname='/System/Library/Fonts/Supplemental/STIXTwoMath.otf', name='STIX Two Math', style='normal', variant='normal', weight=400, stretch='normal', size='scalable')) = 10.05
2025-10-06 11:02:20,711 - matplotlib.font_manager - DEBUG - findfont: score(FontEntry(fname='/System/Library/Fonts/Avenir.ttc', name='Avenir', style='normal', variant='normal', weight=400, stretch='normal', size='scalable')) = 10.05
2025-10-06 11:02:20,711 - matplotlib.font_manager - DEBUG - findfont: score(FontEntry(fname='/System/Library/Fonts/SFArabicRounded.ttf', name='.SF Arabic Rounded', style='normal', variant='normal', weight=400, stretch='normal', size='scalable')) = 10.05
2025-10-06 11:02:20,712 - matplotlib.font_manager - DEBUG - findfont: score(FontEntry(fname='/System/Library/Fonts/AquaKana.ttc', name='.Aqua Kana', style='normal', variant='normal', weight=300, stretch='normal', size='scalable')) = 10.145
2025-10-06 11:02:20,712 - matplotlib.font_manager - DEBUG - findfont: score(FontEntry(fname='/System/Library/Fonts/AppleSDGothicNeo.ttc', name='Apple SD Gothic Neo', style='normal', variant='normal', weight=400, stretch='normal', size='scalable')) = 10.05
2025-10-06 11:02:20,713 - matplotlib.font_manager - DEBUG - findfont: score(FontEntry(fname='/System/Library/Fonts/Supplemental/NotoSansOldPermic-Regular.ttf', name='Noto Sans Old Permic', style='normal', variant='normal', weight=400, stretch='normal', size='scalable')) = 10.05
2025-10-06 11:02:20,713 - matplotlib.font_manager - DEBUG - findfont: score(FontEntry(fname='/System/Library/Fonts/Supplemental/Trebuchet MS Italic.ttf', name='Trebuchet MS', style='italic', variant='normal', weight=400, stretch='normal', size='scalable')) = 11.05
2025-10-06 11:02:20,714 - matplotlib.font_manager - DEBUG - findfont: score(FontEntry(fname='/System/Library/Fonts/Supplemental/NotoSerifBalinese-Regular.ttf', name='Noto Serif Balinese', style='normal', variant='normal', weight=400, stretch='normal', size='scalable')) = 10.05
2025-10-06 11:02:20,715 - matplotlib.font_manager - DEBUG - findfont: score(FontEntry(fname='/System/Library/Fonts/Kohinoor.ttc', name='Kohinoor Devanagari', style='normal', variant='normal', weight=400, stretch='normal', size='scalable')) = 10.05
2025-10-06 11:02:20,715 - matplotlib.font_manager - DEBUG - findfont: score(FontEntry(fname='/System/Library/Fonts/Supplemental/STIXGeneral.otf', name='STIXGeneral', style='normal', variant='normal', weight=400, stretch='normal', size='scalable')) = 10.05
2025-10-06 11:02:20,716 - matplotlib.font_manager - DEBUG - findfont: score(FontEntry(fname='/System/Library/Fonts/Supplemental/STIXNonUniIta.otf', name='STIXNonUnicode', style='italic', variant='normal', weight=400, stretch='normal', size='scalable')) = 11.05
2025-10-06 11:02:20,716 - matplotlib.font_manager - DEBUG - findfont: score(FontEntry(fname='/System/Library/Fonts/Supplemental/NotoSansMeroitic-Regular.ttf', name='Noto Sans Meroitic', style='normal', variant='normal', weight=400, stretch='normal', size='scalable')) = 10.05
2025-10-06 11:02:20,717 - matplotlib.font_manager - DEBUG - findfont: score(FontEntry(fname='/System/Library/Fonts/Supplemental/Verdana Bold.ttf', name='Verdana', style='normal', variant='normal', weight=700, stretch='normal', size='scalable')) = 3.9713636363636367
2025-10-06 11:02:20,717 - matplotlib.font_manager - DEBUG - findfont: score(FontEntry(fname='/Library/Fonts/VHCOURB.TTF', name='.VnCourier NewH', style='normal', variant='normal', weight=700, stretch='normal', size='scalable')) = 10.335
2025-10-06 11:02:20,718 - matplotlib.font_manager - DEBUG - findfont: score(FontEntry(fname='/System/Library/Fonts/KohinoorGujarati.ttc', name='Kohinoor Gujarati', style='normal', variant='normal', weight=700, stretch='normal', size='scalable')) = 10.335
2025-10-06 11:02:20,718 - matplotlib.font_manager - DEBUG - findfont: score(FontEntry(fname='/System/Library/Fonts/Apple Braille Outline 8 Dot.ttf', name='Apple Braille', style='normal', variant='normal', weight=400, stretch='normal', size='scalable')) = 10.05
2025-10-06 11:02:20,718 - matplotlib.font_manager - DEBUG - findfont: score(FontEntry(fname='/System/Library/Fonts/Supplemental/Arial Narrow Italic.ttf', name='Arial Narrow', style='italic', variant='normal', weight=400, stretch='condensed', size='scalable')) = 11.25
2025-10-06 11:02:20,718 - matplotlib.font_manager - DEBUG - findfont: score(FontEntry(fname='/System/Library/Fonts/Supplemental/KufiStandardGK.ttc', name='KufiStandardGK', style='normal', variant='normal', weight=400, stretch='normal', size='scalable')) = 10.05
2025-10-06 11:02:20,719 - matplotlib.font_manager - DEBUG - findfont: score(FontEntry(fname='/System/Library/Fonts/Supplemental/Trattatello.ttf', name='Trattatello', style='normal', variant='normal', weight=400, stretch='normal', size='scalable')) = 10.05
2025-10-06 11:02:20,719 - matplotlib.font_manager - DEBUG - findfont: score(FontEntry(fname='/System/Library/Fonts/Avenir Next Condensed.ttc', name='Avenir Next Condensed', style='normal', variant='normal', weight=700, stretch='condensed', size='scalable')) = 10.535
2025-10-06 11:02:20,720 - matplotlib.font_manager - DEBUG - findfont: score(FontEntry(fname='/System/Library/Fonts/Supplemental/NotoSansSharada-Regular.ttf', name='Noto Sans Sharada', style='normal', variant='normal', weight=400, stretch='normal', size='scalable')) = 10.05
2025-10-06 11:02:20,720 - matplotlib.font_manager - DEBUG - findfont: score(FontEntry(fname='/System/Library/Fonts/Supplemental/STIXGeneralBol.otf', name='STIXGeneral', style='normal', variant='normal', weight=700, stretch='normal', size='scalable')) = 10.335
2025-10-06 11:02:20,720 - matplotlib.font_manager - DEBUG - findfont: score(FontEntry(fname='/System/Library/Fonts/Supplemental/Georgia Bold Italic.ttf', name='Georgia', style='italic', variant='normal', weight=700, stretch='normal', size='scalable')) = 11.335
2025-10-06 11:02:20,720 - matplotlib.font_manager - DEBUG - findfont: score(FontEntry(fname='/Library/Fonts/VMARIAGE.TTF', name='VNI-Maria', style='normal', variant='normal', weight=400, stretch='normal', size='scalable')) = 10.05
2025-10-06 11:02:20,721 - matplotlib.font_manager - DEBUG - findfont: score(FontEntry(fname='/System/Library/Fonts/Supplemental/Sathu.ttf', name='Sathu', style='normal', variant='normal', weight=400, stretch='normal', size='scalable')) = 10.05
2025-10-06 11:02:20,721 - matplotlib.font_manager - DEBUG - findfont: score(FontEntry(fname='/System/Library/Fonts/Supplemental/NotoSansPhoenician-Regular.ttf', name='Noto Sans Phoenician', style='normal', variant='normal', weight=400, stretch='normal', size='scalable')) = 10.05
2025-10-06 11:02:20,722 - matplotlib.font_manager - DEBUG - findfont: score(FontEntry(fname='/System/Library/Fonts/Supplemental/Arial Rounded Bold.ttf', name='Arial Rounded MT Bold', style='normal', variant='normal', weight=400, stretch='normal', size='scalable')) = 10.05
2025-10-06 11:02:20,722 - matplotlib.font_manager - DEBUG - findfont: score(FontEntry(fname='/Library/Fonts/VNGOTHIC.TTF', name='.VnGothic', style='normal', variant='normal', weight=400, stretch='normal', size='scalable')) = 10.05
2025-10-06 11:02:20,723 - matplotlib.font_manager - DEBUG - findfont: score(FontEntry(fname='/Library/Fonts/VNSTAMP.TTF', name='.VnStamp', style='normal', variant='normal', weight=400, stretch='normal', size='scalable')) = 10.05
2025-10-06 11:02:20,723 - matplotlib.font_manager - DEBUG - findfont: score(FontEntry(fname='/System/Library/Fonts/Supplemental/NotoSansTagalog-Regular.ttf', name='Noto Sans Tagalog', style='normal', variant='normal', weight=400, stretch='normal', size='scalable')) = 10.05
2025-10-06 11:02:20,723 - matplotlib.font_manager - DEBUG - findfont: score(FontEntry(fname='/Library/Fonts/VHCENTN.TTF', name='.VnCentury SchoolbookH', style='normal', variant='normal', weight=400, stretch='normal', size='scalable')) = 10.05
2025-10-06 11:02:20,724 - matplotlib.font_manager - DEBUG - findfont: score(FontEntry(fname='/Library/Fonts/VNAVANI.TTF', name='.VnAvant', style='italic', variant='normal', weight=400, stretch='normal', size='scalable')) = 11.05
2025-10-06 11:02:20,724 - matplotlib.font_manager - DEBUG - findfont: score(FontEntry(fname='/System/Library/Fonts/Supplemental/Damascus.ttc', name='Damascus', style='normal', variant='normal', weight=400, stretch='normal', size='scalable')) = 10.05
2025-10-06 11:02:20,724 - matplotlib.font_manager - DEBUG - findfont: score(FontEntry(fname='/Library/Fonts/VHCORVI.TTF', name='.VnMonotype corsivaH', style='italic', variant='normal', weight=400, stretch='normal', size='scalable')) = 11.05
2025-10-06 11:02:20,725 - matplotlib.font_manager - DEBUG - findfont: score(FontEntry(fname='/System/Library/Fonts/Supplemental/Phosphate.ttc', name='Phosphate', style='normal', variant='normal', weight=400, stretch='normal', size='scalable')) = 10.05
2025-10-06 11:02:20,725 - matplotlib.font_manager - DEBUG - findfont: score(FontEntry(fname='/System/Library/Fonts/Supplemental/NotoSansMiao-Regular.ttf', name='Noto Sans Miao', style='normal', variant='normal', weight=400, stretch='normal', size='scalable')) = 10.05
2025-10-06 11:02:20,725 - matplotlib.font_manager - DEBUG - findfont: score(FontEntry(fname='/Library/Fonts/vnibaybuom.ttf', name='VNI-Baybuom', style='normal', variant='normal', weight=400, stretch='normal', size='scalable')) = 10.05
2025-10-06 11:02:20,726 - matplotlib.font_manager - DEBUG - findfont: score(FontEntry(fname='/System/Library/Fonts/Supplemental/NotoSansInscriptionalPahlavi-Regular.ttf', name='Noto Sans Inscriptional Pahlavi', style='normal', variant='normal', weight=400, stretch='normal', size='scalable')) = 10.05
2025-10-06 11:02:20,726 - matplotlib.font_manager - DEBUG - findfont: score(FontEntry(fname='/System/Library/Fonts/Supplemental/NotoSansModi-Regular.ttf', name='Noto Sans Modi', style='normal', variant='normal', weight=400, stretch='normal', size='scalable')) = 10.05
2025-10-06 11:02:20,727 - matplotlib.font_manager - DEBUG - findfont: score(FontEntry(fname='/Library/Fonts/VNEXOTIC.TTF', name='.VnExotic', style='normal', variant='normal', weight=400, stretch='normal', size='scalable')) = 10.05
2025-10-06 11:02:20,727 - matplotlib.font_manager - DEBUG - findfont: score(FontEntry(fname='/Library/Fonts/VHELVEBI.TTF', name='VNI-Helve', style='italic', variant='normal', weight=700, stretch='normal', size='scalable')) = 11.335
2025-10-06 11:02:20,727 - matplotlib.font_manager - DEBUG - findfont: score(FontEntry(fname='/System/Library/Fonts/Supplemental/NotoSansWancho-Regular.ttf', name='Noto Sans Wancho', style='normal', variant='normal', weight=400, stretch='normal', size='scalable')) = 10.05
2025-10-06 11:02:20,728 - matplotlib.font_manager - DEBUG - findfont: score(FontEntry(fname='/System/Library/Fonts/Supplemental/NotoSansLydian-Regular.ttf', name='Noto Sans Lydian', style='normal', variant='normal', weight=400, stretch='normal', size='scalable')) = 10.05
2025-10-06 11:02:20,728 - matplotlib.font_manager - DEBUG - findfont: score(FontEntry(fname='/System/Library/Fonts/SFNSRounded.ttf', name='.SF NS Rounded', style='normal', variant='normal', weight=400, stretch='normal', size='scalable')) = 10.05
2025-10-06 11:02:20,728 - matplotlib.font_manager - DEBUG - findfont: score(FontEntry(fname='/Library/Fonts/VHLINUS.TTF', name='.VnLinusH', style='normal', variant='normal', weight=400, stretch='normal', size='scalable')) = 10.05
2025-10-06 11:02:20,729 - matplotlib.font_manager - DEBUG - findfont: score(FontEntry(fname='/System/Library/Fonts/Courier.ttc', name='Courier', style='normal', variant='normal', weight=400, stretch='normal', size='scalable')) = 10.05
2025-10-06 11:02:20,729 - matplotlib.font_manager - DEBUG - findfont: score(FontEntry(fname='/Library/Fonts/VHARABIA.TTF', name='.VnArabiaH', style='normal', variant='normal', weight=400, stretch='normal', size='scalable')) = 10.05
2025-10-06 11:02:20,730 - matplotlib.font_manager - DEBUG - findfont: score(FontEntry(fname='/System/Library/Fonts/Supplemental/NotoSansLycian-Regular.ttf', name='Noto Sans Lycian', style='normal', variant='normal', weight=400, stretch='normal', size='scalable')) = 10.05
2025-10-06 11:02:20,732 - matplotlib.font_manager - DEBUG - findfont: score(FontEntry(fname='/System/Library/Fonts/MarkerFelt.ttc', name='Marker Felt', style='normal', variant='normal', weight=400, stretch='normal', size='scalable')) = 10.05
2025-10-06 11:02:20,734 - matplotlib.font_manager - DEBUG - findfont: score(FontEntry(fname='/System/Library/Fonts/Supplemental/Verdana.ttf', name='Verdana', style='normal', variant='normal', weight=400, stretch='normal', size='scalable')) = 3.6863636363636365
2025-10-06 11:02:20,735 - matplotlib.font_manager - DEBUG - findfont: score(FontEntry(fname='/System/Library/Fonts/Supplemental/Ayuthaya.ttf', name='Ayuthaya', style='normal', variant='normal', weight=400, stretch='normal', size='scalable')) = 10.05
2025-10-06 11:02:20,736 - matplotlib.font_manager - DEBUG - findfont: score(FontEntry(fname='/Library/Fonts/VNBODO.TTF', name='.VnBodoni', style='normal', variant='normal', weight=400, stretch='normal', size='scalable')) = 10.05
2025-10-06 11:02:20,736 - matplotlib.font_manager - DEBUG - findfont: score(FontEntry(fname='/Library/Fonts/VAVOI.TTF', name='VNI-Avo', style='italic', variant='normal', weight=400, stretch='normal', size='scalable')) = 11.05
2025-10-06 11:02:20,737 - matplotlib.font_manager - DEBUG - findfont: score(FontEntry(fname='/Library/Fonts/VSCRIPT.TTF', name='VNI-Script', style='italic', variant='normal', weight=100, stretch='normal', size='scalable')) = 11.335
2025-10-06 11:02:20,738 - matplotlib.font_manager - DEBUG - findfont: score(FontEntry(fname='/System/Library/Fonts/Supplemental/Wingdings 2.ttf', name='Wingdings 2', style='normal', variant='normal', weight=400, stretch='normal', size='scalable')) = 10.05
2025-10-06 11:02:20,738 - matplotlib.font_manager - DEBUG - findfont: score(FontEntry(fname='/System/Library/Fonts/Supplemental/NotoSansJavanese-Regular.otf', name='Noto Sans Javanese', style='normal', variant='normal', weight=400, stretch='normal', size='scalable')) = 10.05
2025-10-06 11:02:20,739 - matplotlib.font_manager - DEBUG - findfont: score(FontEntry(fname='/System/Library/Fonts/ヒラギノ角ゴシック W4.ttc', name='Hiragino Sans', style='normal', variant='normal', weight=400, stretch='normal', size='scalable')) = 10.05
2025-10-06 11:02:20,739 - matplotlib.font_manager - DEBUG - findfont: score(FontEntry(fname='/System/Library/Fonts/Supplemental/STIXSizTwoSymReg.otf', name='STIXSizeTwoSym', style='normal', variant='normal', weight=400, stretch='normal', size='scalable')) = 10.05
2025-10-06 11:02:20,739 - matplotlib.font_manager - DEBUG - findfont: score(FontEntry(fname='/System/Library/Fonts/SFNSMono.ttf', name='.SF NS Mono', style='normal', variant='normal', weight=295, stretch='normal', size='scalable')) = 10.14975
2025-10-06 11:02:20,740 - matplotlib.font_manager - DEBUG - findfont: score(FontEntry(fname='/Library/Fonts/VPALATI.TTF', name='VNI-Palatin', style='italic', variant='normal', weight=400, stretch='normal', size='scalable')) = 11.05
2025-10-06 11:02:20,740 - matplotlib.font_manager - DEBUG - findfont: score(FontEntry(fname='/System/Library/Fonts/Supplemental/Times New Roman Italic.ttf', name='Times New Roman', style='italic', variant='normal', weight=400, stretch='normal', size='scalable')) = 11.05
2025-10-06 11:02:20,741 - matplotlib.font_manager - DEBUG - findfont: score(FontEntry(fname='/System/Library/Fonts/ヒラギノ角ゴシック W1.ttc', name='Hiragino Sans', style='normal', variant='normal', weight=200, stretch='normal', size='scalable')) = 10.24
2025-10-06 11:02:20,741 - matplotlib.font_manager - DEBUG - findfont: score(FontEntry(fname='/Library/Fonts/VNKOALA.TTF', name='.VnKoala', style='normal', variant='normal', weight=400, stretch='normal', size='scalable')) = 10.05
2025-10-06 11:02:20,742 - matplotlib.font_manager - DEBUG - findfont: score(FontEntry(fname='/System/Library/Fonts/Supplemental/Mshtakan.ttc', name='Mshtakan', style='normal', variant='normal', weight=400, stretch='normal', size='scalable')) = 10.05
2025-10-06 11:02:20,743 - matplotlib.font_manager - DEBUG - findfont: score(FontEntry(fname='/Library/Fonts/VLINUSN.TTF', name='VNI-Linus', style='normal', variant='normal', weight=400, stretch='normal', size='scalable')) = 10.05
2025-10-06 11:02:20,744 - matplotlib.font_manager - DEBUG - findfont: score(FontEntry(fname='/Library/Fonts/VFATSO.TTF', name='VNI-Fato', style='normal', variant='normal', weight=700, stretch='normal', size='scalable')) = 10.335
2025-10-06 11:02:20,745 - matplotlib.font_manager - DEBUG - findfont: score(FontEntry(fname='/System/Library/Fonts/Supplemental/DevanagariMT.ttc', name='Devanagari MT', style='normal', variant='normal', weight=400, stretch='normal', size='scalable')) = 10.05
2025-10-06 11:02:20,746 - matplotlib.font_manager - DEBUG - findfont: score(FontEntry(fname='/Library/Fonts/vnithufap.ttf', name='VNI-HLThuphap', style='normal', variant='normal', weight=400, stretch='normal', size='scalable')) = 10.05
2025-10-06 11:02:20,747 - matplotlib.font_manager - DEBUG - findfont: score(FontEntry(fname='/Library/Fonts/VNSOUTHB.TTF', name='.VnSouthern', style='normal', variant='normal', weight=700, stretch='normal', size='scalable')) = 10.335
2025-10-06 11:02:20,748 - matplotlib.font_manager - DEBUG - findfont: score(FontEntry(fname='/Library/Fonts/VHFREE.TTF', name='.VnFreeH', style='normal', variant='normal', weight=500, stretch='normal', size='scalable')) = 10.145
2025-10-06 11:02:20,748 - matplotlib.font_manager - DEBUG - findfont: score(FontEntry(fname='/System/Library/Fonts/Supplemental/ChalkboardSE.ttc', name='Chalkboard SE', style='normal', variant='normal', weight=400, stretch='normal', size='scalable')) = 10.05
2025-10-06 11:02:20,749 - matplotlib.font_manager - DEBUG - findfont: score(FontEntry(fname='/System/Library/Fonts/ヒラギノ角ゴシック W8.ttc', name='Hiragino Sans', style='normal', variant='normal', weight=800, stretch='normal', size='scalable')) = 10.43
2025-10-06 11:02:20,750 - matplotlib.font_manager - DEBUG - findfont: score(FontEntry(fname='/System/Library/Fonts/Supplemental/Skia.ttf', name='Skia', style='normal', variant='normal', weight=5, stretch='normal', size='scalable')) = 10.42525
2025-10-06 11:02:20,750 - matplotlib.font_manager - DEBUG - findfont: score(FontEntry(fname='/System/Library/Fonts/Supplemental/Times New Roman Bold Italic.ttf', name='Times New Roman', style='italic', variant='normal', weight=700, stretch='normal', size='scalable')) = 11.335
2025-10-06 11:02:20,751 - matplotlib.font_manager - DEBUG - findfont: score(FontEntry(fname='/System/Library/Fonts/Times.ttc', name='Times', style='normal', variant='normal', weight=400, stretch='normal', size='scalable')) = 10.05
2025-10-06 11:02:20,751 - matplotlib.font_manager - DEBUG - findfont: score(FontEntry(fname='/System/Library/Fonts/Supplemental/Courier New Bold Italic.ttf', name='Courier New', style='italic', variant='normal', weight=700, stretch='normal', size='scalable')) = 11.335
2025-10-06 11:02:20,752 - matplotlib.font_manager - DEBUG - findfont: score(FontEntry(fname='/System/Library/Fonts/Supplemental/Khmer Sangam MN.ttf', name='Khmer Sangam MN', style='normal', variant='normal', weight=400, stretch='normal', size='scalable')) = 10.05
2025-10-06 11:02:20,752 - matplotlib.font_manager - DEBUG - findfont: score(FontEntry(fname='/System/Library/Fonts/Supplemental/Lao MN.ttc', name='Lao MN', style='normal', variant='normal', weight=400, stretch='normal', size='scalable')) = 10.05
2025-10-06 11:02:20,753 - matplotlib.font_manager - DEBUG - findfont: score(FontEntry(fname='/Library/Fonts/VHSOUTH.TTF', name='.VnSouthernH', style='normal', variant='normal', weight=400, stretch='normal', size='scalable')) = 10.05
2025-10-06 11:02:20,755 - matplotlib.font_manager - DEBUG - findfont: score(FontEntry(fname='/System/Library/Fonts/Supplemental/ITFDevanagari.ttc', name='ITF Devanagari', style='normal', variant='normal', weight=400, stretch='normal', size='scalable')) = 10.05
2025-10-06 11:02:20,756 - matplotlib.font_manager - DEBUG - findfont: score(FontEntry(fname='/System/Library/Fonts/Supplemental/NotoSansMarchen-Regular.ttf', name='Noto Sans Marchen', style='normal', variant='normal', weight=400, stretch='normal', size='scalable')) = 10.05
2025-10-06 11:02:20,757 - matplotlib.font_manager - DEBUG - findfont: score(FontEntry(fname='/System/Library/Fonts/Avenir Next.ttc', name='Avenir Next', style='normal', variant='normal', weight=700, stretch='normal', size='scalable')) = 10.335
2025-10-06 11:02:20,758 - matplotlib.font_manager - DEBUG - findfont: score(FontEntry(fname='/System/Library/Fonts/Supplemental/Andale Mono.ttf', name='Andale Mono', style='normal', variant='normal', weight=400, stretch='normal', size='scalable')) = 10.05
2025-10-06 11:02:20,758 - matplotlib.font_manager - DEBUG - findfont: score(FontEntry(fname='/Library/Fonts/VCOURIBI.TTF', name='VNI-Couri', style='italic', variant='normal', weight=700, stretch='normal', size='scalable')) = 11.335
2025-10-06 11:02:20,759 - matplotlib.font_manager - DEBUG - findfont: score(FontEntry(fname='/System/Library/Fonts/Supplemental/NotoSansHanunoo-Regular.ttf', name='Noto Sans Hanunoo', style='normal', variant='normal', weight=400, stretch='normal', size='scalable')) = 10.05
2025-10-06 11:02:20,760 - matplotlib.font_manager - DEBUG - findfont: score(FontEntry(fname='/Library/Fonts/VHELVCI.TTF', name='VNI-Helve-Condense', style='italic', variant='normal', weight=400, stretch='condensed', size='scalable')) = 11.25
2025-10-06 11:02:20,761 - matplotlib.font_manager - DEBUG - findfont: score(FontEntry(fname='/System/Library/Fonts/Supplemental/NotoSansCuneiform-Regular.ttf', name='Noto Sans Cuneiform', style='normal', variant='normal', weight=400, stretch='normal', size='scalable')) = 10.05
2025-10-06 11:02:20,761 - matplotlib.font_manager - DEBUG - findfont: score(FontEntry(fname='/System/Library/Fonts/Supplemental/Corsiva.ttc', name='Corsiva Hebrew', style='normal', variant='normal', weight=400, stretch='normal', size='scalable')) = 10.05
2025-10-06 11:02:20,762 - matplotlib.font_manager - DEBUG - findfont: score(FontEntry(fname='/System/Library/Fonts/Supplemental/NotoSansPauCinHau-Regular.ttf', name='Noto Sans Pau Cin Hau', style='normal', variant='normal', weight=400, stretch='normal', size='scalable')) = 10.05
2025-10-06 11:02:20,763 - matplotlib.font_manager - DEBUG - findfont: score(FontEntry(fname='/Library/Fonts/VAPTIMBI.TTF', name='VNI-Aptima', style='italic', variant='normal', weight=700, stretch='normal', size='scalable')) = 11.335
2025-10-06 11:02:20,764 - matplotlib.font_manager - DEBUG - findfont: score(FontEntry(fname='/System/Library/Fonts/Supplemental/NotoSansVai-Regular.ttf', name='Noto Sans Vai', style='normal', variant='normal', weight=400, stretch='normal', size='scalable')) = 10.05
2025-10-06 11:02:20,766 - matplotlib.font_manager - DEBUG - findfont: score(FontEntry(fname='/System/Library/Fonts/Supplemental/Khmer MN.ttc', name='Khmer MN', style='normal', variant='normal', weight=400, stretch='normal', size='scalable')) = 10.05
2025-10-06 11:02:20,767 - matplotlib.font_manager - DEBUG - findfont: score(FontEntry(fname='/System/Library/Fonts/Supplemental/DIN Alternate Bold.ttf', name='DIN Alternate', style='normal', variant='normal', weight=700, stretch='normal', size='scalable')) = 10.335
2025-10-06 11:02:20,768 - matplotlib.font_manager - DEBUG - findfont: score(FontEntry(fname='/Library/Fonts/VHMEMO.TTF', name='.VnMemorandumH', style='normal', variant='normal', weight=400, stretch='normal', size='scalable')) = 10.05
2025-10-06 11:02:20,769 - matplotlib.font_manager - DEBUG - findfont: score(FontEntry(fname='/System/Library/Fonts/Supplemental/NotoSansSiddham-Regular.ttf', name='Noto Sans Siddham', style='normal', variant='normal', weight=400, stretch='normal', size='scalable')) = 10.05
2025-10-06 11:02:20,770 - matplotlib.font_manager - DEBUG - findfont: score(FontEntry(fname='/System/Library/Fonts/Supplemental/NotoSansGunjalaGondi-Regular.otf', name='Noto Sans Gunjala Gondi', style='normal', variant='normal', weight=400, stretch='normal', size='scalable')) = 10.05
2025-10-06 11:02:20,772 - matplotlib.font_manager - DEBUG - findfont: score(FontEntry(fname='/System/Library/Fonts/Monaco.ttf', name='Monaco', style='normal', variant='normal', weight=400, stretch='normal', size='scalable')) = 10.05
2025-10-06 11:02:20,772 - matplotlib.font_manager - DEBUG - findfont: score(FontEntry(fname='/System/Library/Fonts/Supplemental/Arial Narrow Bold.ttf', name='Arial Narrow', style='normal', variant='normal', weight=700, stretch='condensed', size='scalable')) = 10.535
2025-10-06 11:02:20,773 - matplotlib.font_manager - DEBUG - findfont: score(FontEntry(fname='/System/Library/Fonts/Supplemental/NotoSansPalmyrene-Regular.ttf', name='Noto Sans Palmyrene', style='normal', variant='normal', weight=400, stretch='normal', size='scalable')) = 10.05
2025-10-06 11:02:20,773 - matplotlib.font_manager - DEBUG - findfont: score(FontEntry(fname='/System/Library/Fonts/SFCompactRounded.ttf', name='.SF Compact Rounded', style='normal', variant='normal', weight=400, stretch='normal', size='scalable')) = 10.05
2025-10-06 11:02:20,774 - matplotlib.font_manager - DEBUG - findfont: score(FontEntry(fname='/Library/Fonts/VTEKTI.TTF', name='VNI-Tekon', style='italic', variant='normal', weight=400, stretch='normal', size='scalable')) = 11.05
2025-10-06 11:02:20,775 - matplotlib.font_manager - DEBUG - findfont: score(FontEntry(fname='/Library/Fonts/VHARIALN.TTF', name='.VnArial NarrowH', style='normal', variant='normal', weight=400, stretch='condensed', size='scalable')) = 10.25
2025-10-06 11:02:20,775 - matplotlib.font_manager - DEBUG - findfont: score(FontEntry(fname='/Library/Fonts/VPARK.TTF', name='VNI-Park', style='normal', variant='normal', weight=400, stretch='normal', size='scalable')) = 10.05
2025-10-06 11:02:20,778 - matplotlib.font_manager - DEBUG - findfont: score(FontEntry(fname='/Library/Fonts/VNIDOS.TTF', name='VNI-DOS Sample Font ', style='normal', variant='normal', weight=400, stretch='normal', size='scalable')) = 10.05
2025-10-06 11:02:20,779 - matplotlib.font_manager - DEBUG - findfont: score(FontEntry(fname='/System/Library/Fonts/Menlo.ttc', name='Menlo', style='normal', variant='normal', weight=400, stretch='normal', size='scalable')) = 10.05
2025-10-06 11:02:20,780 - matplotlib.font_manager - DEBUG - findfont: score(FontEntry(fname='/System/Library/Fonts/Supplemental/Georgia.ttf', name='Georgia', style='normal', variant='normal', weight=400, stretch='normal', size='scalable')) = 10.05
2025-10-06 11:02:20,781 - matplotlib.font_manager - DEBUG - findfont: score(FontEntry(fname='/System/Library/Fonts/Supplemental/NotoSansOldSouthArabian-Regular.ttf', name='Noto Sans Old South Arabian', style='normal', variant='normal', weight=400, stretch='normal', size='scalable')) = 10.05
2025-10-06 11:02:20,782 - matplotlib.font_manager - DEBUG - findfont: score(FontEntry(fname='/System/Library/Fonts/Supplemental/NotoSansBuginese-Regular.ttf', name='Noto Sans Buginese', style='normal', variant='normal', weight=400, stretch='normal', size='scalable')) = 10.05
2025-10-06 11:02:20,783 - matplotlib.font_manager - DEBUG - findfont: score(FontEntry(fname='/System/Library/Fonts/Supplemental/Verdana Italic.ttf', name='Verdana', style='italic', variant='normal', weight=400, stretch='normal', size='scalable')) = 4.6863636363636365
2025-10-06 11:02:20,783 - matplotlib.font_manager - DEBUG - findfont: score(FontEntry(fname='/System/Library/Fonts/Supplemental/NotoSansNabataean-Regular.ttf', name='Noto Sans Nabataean', style='normal', variant='normal', weight=400, stretch='normal', size='scalable')) = 10.05
2025-10-06 11:02:20,785 - matplotlib.font_manager - DEBUG - findfont: score(FontEntry(fname='/System/Library/Fonts/Supplemental/Farisi.ttf', name='Farisi', style='normal', variant='normal', weight=400, stretch='normal', size='scalable')) = 10.05
2025-10-06 11:02:20,786 - matplotlib.font_manager - DEBUG - findfont: score(FontEntry(fname='/System/Library/Fonts/Supplemental/STIXNonUni.otf', name='STIXNonUnicode', style='normal', variant='normal', weight=400, stretch='normal', size='scalable')) = 10.05
2025-10-06 11:02:20,788 - matplotlib.font_manager - DEBUG - findfont: score(FontEntry(fname='/System/Library/Fonts/Supplemental/NotoSansKaithi-Regular.ttf', name='Noto Sans Kaithi', style='normal', variant='normal', weight=400, stretch='normal', size='scalable')) = 10.05
2025-10-06 11:02:20,788 - matplotlib.font_manager - DEBUG - findfont: score(FontEntry(fname='/System/Library/Fonts/Supplemental/Arial Italic.ttf', name='Arial', style='italic', variant='normal', weight=400, stretch='normal', size='scalable')) = 7.413636363636363
2025-10-06 11:02:20,789 - matplotlib.font_manager - DEBUG - findfont: score(FontEntry(fname='/System/Library/Fonts/Supplemental/NotoSansBuhid-Regular.ttf', name='Noto Sans Buhid', style='normal', variant='normal', weight=400, stretch='normal', size='scalable')) = 10.05
2025-10-06 11:02:20,789 - matplotlib.font_manager - DEBUG - findfont: score(FontEntry(fname='/System/Library/Fonts/Supplemental/NotoSansSundanese-Regular.ttf', name='Noto Sans Sundanese', style='normal', variant='normal', weight=400, stretch='normal', size='scalable')) = 10.05
2025-10-06 11:02:20,790 - matplotlib.font_manager - DEBUG - findfont: score(FontEntry(fname='/System/Library/Fonts/Supplemental/Wingdings 3.ttf', name='Wingdings 3', style='normal', variant='normal', weight=400, stretch='normal', size='scalable')) = 10.05
2025-10-06 11:02:20,791 - matplotlib.font_manager - DEBUG - findfont: score(FontEntry(fname='/System/Library/Fonts/Supplemental/Sana.ttc', name='Sana', style='normal', variant='normal', weight=400, stretch='normal', size='scalable')) = 10.05
2025-10-06 11:02:20,792 - matplotlib.font_manager - DEBUG - findfont: score(FontEntry(fname='/Library/Fonts/VCORONET.TTF', name='VNI-Coronet', style='italic', variant='normal', weight=700, stretch='normal', size='scalable')) = 11.335
2025-10-06 11:02:20,793 - matplotlib.font_manager - DEBUG - findfont: score(FontEntry(fname='/System/Library/Fonts/Supplemental/NotoSerifAhom-Regular.ttf', name='Noto Serif Ahom', style='normal', variant='normal', weight=400, stretch='normal', size='scalable')) = 10.05
2025-10-06 11:02:20,794 - matplotlib.font_manager - DEBUG - findfont: score(FontEntry(fname='/Library/Fonts/VNLINUS.TTF', name='.VnLinus', style='normal', variant='normal', weight=400, stretch='normal', size='scalable')) = 10.05
2025-10-06 11:02:20,794 - matplotlib.font_manager - DEBUG - findfont: score(FontEntry(fname='/Library/Fonts/VNBAHAB.TTF', name='.VnBahamasB', style='normal', variant='normal', weight=700, stretch='normal', size='scalable')) = 10.335
2025-10-06 11:02:20,795 - matplotlib.font_manager - DEBUG - findfont: score(FontEntry(fname='/System/Library/Fonts/Supplemental/NotoSansMongolian-Regular.ttf', name='Noto Sans Mongolian', style='normal', variant='normal', weight=400, stretch='normal', size='scalable')) = 10.05
2025-10-06 11:02:20,796 - matplotlib.font_manager - DEBUG - findfont: score(FontEntry(fname='/System/Library/Fonts/Supplemental/NotoSansOsage-Regular.ttf', name='Noto Sans Osage', style='normal', variant='normal', weight=400, stretch='normal', size='scalable')) = 10.05
2025-10-06 11:02:20,797 - matplotlib.font_manager - DEBUG - findfont: score(FontEntry(fname='/System/Library/Fonts/HelveticaNeue.ttc', name='Helvetica Neue', style='normal', variant='normal', weight=400, stretch='normal', size='scalable')) = 10.05
2025-10-06 11:02:20,799 - matplotlib.font_manager - DEBUG - findfont: score(FontEntry(fname='/System/Library/Fonts/Supplemental/Telugu MN.ttc', name='Telugu MN', style='normal', variant='normal', weight=400, stretch='normal', size='scalable')) = 10.05
2025-10-06 11:02:20,800 - matplotlib.font_manager - DEBUG - findfont: score(FontEntry(fname='/Library/Fonts/VHARIALI.TTF', name='.VnArialH', style='italic', variant='normal', weight=400, stretch='normal', size='scalable')) = 11.05
2025-10-06 11:02:20,801 - matplotlib.font_manager - DEBUG - findfont: score(FontEntry(fname='/Library/Fonts/VNLINCOL.TTF', name='.VnLincoln', style='normal', variant='normal', weight=400, stretch='normal', size='scalable')) = 10.05
2025-10-06 11:02:20,802 - matplotlib.font_manager - DEBUG - findfont: score(FontEntry(fname='/Library/Fonts/VFREE.TTF', name='VNI-Free', style='normal', variant='normal', weight=400, stretch='normal', size='scalable')) = 10.05
2025-10-06 11:02:20,803 - matplotlib.font_manager - DEBUG - findfont: score(FontEntry(fname='/Library/Fonts/VGOUDYI.TTF', name='VNI-Goudy', style='italic', variant='normal', weight=400, stretch='normal', size='scalable')) = 11.05
2025-10-06 11:02:20,804 - matplotlib.font_manager - DEBUG - findfont: score(FontEntry(fname='/System/Library/Fonts/NotoSansKannada.ttc', name='Noto Sans Kannada', style='normal', variant='normal', weight=900, stretch='normal', size='scalable')) = 10.525
2025-10-06 11:02:20,804 - matplotlib.font_manager - DEBUG - findfont: score(FontEntry(fname='/System/Library/Fonts/Supplemental/Hoefler Text Ornaments.ttf', name='Hoefler Text', style='normal', variant='normal', weight=400, stretch='normal', size='scalable')) = 10.05
2025-10-06 11:02:20,804 - matplotlib.font_manager - DEBUG - findfont: score(FontEntry(fname='/System/Library/Fonts/Supplemental/NotoSansElbasan-Regular.ttf', name='Noto Sans Elbasan', style='normal', variant='normal', weight=400, stretch='normal', size='scalable')) = 10.05
2025-10-06 11:02:20,805 - matplotlib.font_manager - DEBUG - findfont: score(FontEntry(fname='/System/Library/Fonts/Supplemental/Gurmukhi MN.ttc', name='Gurmukhi MN', style='normal', variant='normal', weight=400, stretch='normal', size='scalable')) = 10.05
2025-10-06 11:02:20,805 - matplotlib.font_manager - DEBUG - findfont: score(FontEntry(fname='/System/Library/Fonts/Supplemental/NotoSansCypriot-Regular.ttf', name='Noto Sans Cypriot', style='normal', variant='normal', weight=400, stretch='normal', size='scalable')) = 10.05
2025-10-06 11:02:20,806 - matplotlib.font_manager - DEBUG - findfont: score(FontEntry(fname='/Library/Fonts/VMELIB.TTF', name='VNI-Meli', style='normal', variant='normal', weight=700, stretch='normal', size='scalable')) = 10.335
2025-10-06 11:02:20,806 - matplotlib.font_manager - DEBUG - findfont: score(FontEntry(fname='/System/Library/Fonts/STHeiti Medium.ttc', name='Heiti TC', style='normal', variant='normal', weight=400, stretch='normal', size='scalable')) = 10.05
2025-10-06 11:02:20,806 - matplotlib.font_manager - DEBUG - findfont: score(FontEntry(fname='/Library/Fonts/VNANTIQB.TTF', name='.VnBook-Antiqua', style='normal', variant='normal', weight=700, stretch='normal', size='scalable')) = 10.335
2025-10-06 11:02:20,807 - matplotlib.font_manager - DEBUG - findfont: score(FontEntry(fname='/System/Library/Fonts/Supplemental/STIXSizTwoSymBol.otf', name='STIXSizeTwoSym', style='normal', variant='normal', weight=700, stretch='normal', size='scalable')) = 10.335
2025-10-06 11:02:20,807 - matplotlib.font_manager - DEBUG - findfont: score(FontEntry(fname='/Library/Fonts/VNARIS.TTF', name='.VnAristote', style='normal', variant='normal', weight=500, stretch='normal', size='scalable')) = 10.145
2025-10-06 11:02:20,807 - matplotlib.font_manager - DEBUG - findfont: score(FontEntry(fname='/System/Library/Fonts/Supplemental/NotoSansNewa-Regular.ttf', name='Noto Sans Newa', style='normal', variant='normal', weight=400, stretch='normal', size='scalable')) = 10.05
2025-10-06 11:02:20,808 - matplotlib.font_manager - DEBUG - findfont: score(FontEntry(fname='/Library/Fonts/VBOOKMBI.TTF', name='VNI-Book', style='italic', variant='normal', weight=700, stretch='normal', size='scalable')) = 11.335
2025-10-06 11:02:20,809 - matplotlib.font_manager - DEBUG - findfont: score(FontEntry(fname='/Library/Fonts/VKUNBI.TTF', name='VNI-Kun', style='italic', variant='normal', weight=700, stretch='normal', size='scalable')) = 11.335
2025-10-06 11:02:20,809 - matplotlib.font_manager - DEBUG - findfont: score(FontEntry(fname='/System/Library/Fonts/Supplemental/STIXGeneralBolIta.otf', name='STIXGeneral', style='italic', variant='normal', weight=700, stretch='normal', size='scalable')) = 11.335
2025-10-06 11:02:20,810 - matplotlib.font_manager - DEBUG - findfont: score(FontEntry(fname='/System/Library/Fonts/Supplemental/PartyLET-plain.ttf', name='Party LET', style='normal', variant='normal', weight=400, stretch='normal', size='scalable')) = 10.05
2025-10-06 11:02:20,810 - matplotlib.font_manager - DEBUG - findfont: score(FontEntry(fname='/System/Library/Fonts/Supplemental/Diwan Kufi.ttc', name='Diwan Kufi', style='normal', variant='normal', weight=400, stretch='normal', size='scalable')) = 10.05
2025-10-06 11:02:20,811 - matplotlib.font_manager - DEBUG - findfont: score(FontEntry(fname='/Library/Fonts/VHVOGU.TTF', name='.VnVogueH', style='normal', variant='normal', weight=500, stretch='normal', size='scalable')) = 10.145
2025-10-06 11:02:20,813 - matplotlib.font_manager - DEBUG - findfont: score(FontEntry(fname='/Library/Fonts/VHMUSTI.TTF', name='.VnMysticalH', style='normal', variant='normal', weight=400, stretch='normal', size='scalable')) = 10.05
2025-10-06 11:02:20,816 - matplotlib.font_manager - DEBUG - findfont: score(FontEntry(fname='/System/Library/Fonts/Supplemental/AmericanTypewriter.ttc', name='American Typewriter', style='normal', variant='normal', weight=400, stretch='normal', size='scalable')) = 10.05
2025-10-06 11:02:20,817 - matplotlib.font_manager - DEBUG - findfont: score(FontEntry(fname='/Library/Fonts/VHARIABI.TTF', name='.VnArialH', style='italic', variant='normal', weight=700, stretch='normal', size='scalable')) = 11.335
2025-10-06 11:02:20,818 - matplotlib.font_manager - DEBUG - findfont: score(FontEntry(fname='/System/Library/Fonts/Supplemental/STIXIntUpBol.otf', name='STIXIntegralsUp', style='normal', variant='normal', weight=700, stretch='normal', size='scalable')) = 10.335
2025-10-06 11:02:20,819 - matplotlib.font_manager - DEBUG - findfont: score(FontEntry(fname='/System/Library/Fonts/Supplemental/NotoSansImperialAramaic-Regular.ttf', name='Noto Sans Imperial Aramaic', style='normal', variant='normal', weight=400, stretch='normal', size='scalable')) = 10.05
2025-10-06 11:02:20,822 - matplotlib.font_manager - DEBUG - findfont: score(FontEntry(fname='/System/Library/Fonts/Supplemental/NotoSansEgyptianHieroglyphs-Regular.ttf', name='Noto Sans Egyptian Hieroglyphs', style='normal', variant='normal', weight=400, stretch='normal', size='scalable')) = 10.05
2025-10-06 11:02:20,823 - matplotlib.font_manager - DEBUG - findfont: score(FontEntry(fname='/System/Library/Fonts/Supplemental/Bangla MN.ttc', name='Bangla MN', style='normal', variant='normal', weight=400, stretch='normal', size='scalable')) = 10.05
2025-10-06 11:02:20,825 - matplotlib.font_manager - DEBUG - findfont: score(FontEntry(fname='/System/Library/Fonts/Supplemental/NotoSansUgaritic-Regular.ttf', name='Noto Sans Ugaritic', style='normal', variant='normal', weight=400, stretch='normal', size='scalable')) = 10.05
2025-10-06 11:02:20,825 - matplotlib.font_manager - DEBUG - findfont: score(FontEntry(fname='/System/Library/Fonts/Supplemental/Oriya Sangam MN.ttc', name='Oriya Sangam MN', style='normal', variant='normal', weight=400, stretch='normal', size='scalable')) = 10.05
2025-10-06 11:02:20,826 - matplotlib.font_manager - DEBUG - findfont: score(FontEntry(fname='/System/Library/Fonts/Supplemental/Apple Chancery.ttf', name='Apple Chancery', style='normal', variant='normal', weight=0, stretch='normal', size='scalable')) = 10.43
2025-10-06 11:02:20,827 - matplotlib.font_manager - DEBUG - findfont: score(FontEntry(fname='/System/Library/Fonts/Supplemental/Microsoft Sans Serif.ttf', name='Microsoft Sans Serif', style='normal', variant='normal', weight=400, stretch='normal', size='scalable')) = 10.05
2025-10-06 11:02:20,828 - matplotlib.font_manager - DEBUG - findfont: score(FontEntry(fname='/Library/Fonts/VDURHAM.TTF', name='VNI-Dur', style='normal', variant='normal', weight=700, stretch='normal', size='scalable')) = 10.335
2025-10-06 11:02:20,829 - matplotlib.font_manager - DEBUG - findfont: score(FontEntry(fname='/System/Library/Fonts/SFNS.ttf', name='System Font', style='normal', variant='normal', weight=400, stretch='normal', size='scalable')) = 10.05
2025-10-06 11:02:20,830 - matplotlib.font_manager - DEBUG - findfont: score(FontEntry(fname='/System/Library/Fonts/Supplemental/Tamil MN.ttc', name='Tamil MN', style='normal', variant='normal', weight=400, stretch='normal', size='scalable')) = 10.05
2025-10-06 11:02:20,830 - matplotlib.font_manager - DEBUG - findfont: score(FontEntry(fname='/System/Library/Fonts/SFCompactItalic.ttf', name='.SF Compact', style='italic', variant='normal', weight=1000, stretch='normal', size='scalable')) = 11.62
2025-10-06 11:02:20,831 - matplotlib.font_manager - DEBUG - findfont: score(FontEntry(fname='/Library/Fonts/VALLERGO.TTF', name='VNI-Allegie', style='italic', variant='normal', weight=400, stretch='normal', size='scalable')) = 11.05
2025-10-06 11:02:20,834 - matplotlib.font_manager - DEBUG - findfont: score(FontEntry(fname='/System/Library/Fonts/Supplemental/Courier New Bold.ttf', name='Courier New', style='normal', variant='normal', weight=700, stretch='normal', size='scalable')) = 10.335
2025-10-06 11:02:20,836 - matplotlib.font_manager - DEBUG - findfont: score(FontEntry(fname='/Library/Fonts/VFRANKO.TTF', name='VNI-Franko', style='normal', variant='normal', weight=400, stretch='normal', size='scalable')) = 10.05
2025-10-06 11:02:20,838 - matplotlib.font_manager - DEBUG - findfont: score(FontEntry(fname='/System/Library/Fonts/Supplemental/Songti.ttc', name='Songti SC', style='normal', variant='normal', weight=900, stretch='normal', size='scalable')) = 10.525
2025-10-06 11:02:20,839 - matplotlib.font_manager - DEBUG - findfont: score(FontEntry(fname='/System/Library/Fonts/Supplemental/Al Tarikh.ttc', name='Al Tarikh', style='normal', variant='normal', weight=400, stretch='normal', size='scalable')) = 10.05
2025-10-06 11:02:20,839 - matplotlib.font_manager - DEBUG - findfont: score(FontEntry(fname='/System/Library/Fonts/Supplemental/Comic Sans MS Bold.ttf', name='Comic Sans MS', style='normal', variant='normal', weight=700, stretch='normal', size='scalable')) = 10.335
2025-10-06 11:02:20,840 - matplotlib.font_manager - DEBUG - findfont: score(FontEntry(fname='/System/Library/Fonts/Supplemental/Arial Unicode.ttf', name='Arial Unicode MS', style='normal', variant='normal', weight=400, stretch='normal', size='scalable')) = 10.05
2025-10-06 11:02:20,842 - matplotlib.font_manager - DEBUG - findfont: score(FontEntry(fname='/System/Library/Fonts/Supplemental/NotoSansCarian-Regular.ttf', name='Noto Sans Carian', style='normal', variant='normal', weight=400, stretch='normal', size='scalable')) = 10.05
2025-10-06 11:02:20,843 - matplotlib.font_manager - DEBUG - findfont: score(FontEntry(fname='/System/Library/Fonts/Supplemental/Arial Narrow.ttf', name='Arial Narrow', style='normal', variant='normal', weight=400, stretch='condensed', size='scalable')) = 10.25
2025-10-06 11:02:20,845 - matplotlib.font_manager - DEBUG - findfont: score(FontEntry(fname='/System/Library/Fonts/Helvetica.ttc', name='Helvetica', style='normal', variant='normal', weight=400, stretch='normal', size='scalable')) = 7.322727272727273
2025-10-06 11:02:20,846 - matplotlib.font_manager - DEBUG - findfont: score(FontEntry(fname='/System/Library/Fonts/Supplemental/NotoSansMultani-Regular.ttf', name='Noto Sans Multani', style='normal', variant='normal', weight=400, stretch='normal', size='scalable')) = 10.05
2025-10-06 11:02:20,847 - matplotlib.font_manager - DEBUG - findfont: score(FontEntry(fname='/Library/Fonts/VHCENTBI.TTF', name='.VnCentury SchoolbookH', style='italic', variant='normal', weight=700, stretch='normal', size='scalable')) = 11.335
2025-10-06 11:02:20,848 - matplotlib.font_manager - DEBUG - findfont: score(FontEntry(fname='/System/Library/Fonts/Supplemental/STIXVar.otf', name='STIXVariants', style='normal', variant='normal', weight=400, stretch='normal', size='scalable')) = 10.05
2025-10-06 11:02:20,850 - matplotlib.font_manager - DEBUG - findfont: score(FontEntry(fname='/Library/Fonts/VHPRES.TTF', name='.VnPresentH', style='normal', variant='normal', weight=500, stretch='normal', size='scalable')) = 10.145
2025-10-06 11:02:20,851 - matplotlib.font_manager - DEBUG - findfont: score(FontEntry(fname='/System/Library/Fonts/Supplemental/NotoSerifYezidi-Regular.otf', name='Noto Serif Yezidi', style='normal', variant='normal', weight=400, stretch='normal', size='scalable')) = 10.05
2025-10-06 11:02:20,852 - matplotlib.font_manager - DEBUG - findfont: score(FontEntry(fname='/Library/Fonts/VMELII.TTF', name='VNI-Meli', style='italic', variant='normal', weight=400, stretch='normal', size='scalable')) = 11.05
2025-10-06 11:02:20,854 - matplotlib.font_manager - DEBUG - findfont: score(FontEntry(fname='/System/Library/Fonts/Supplemental/NotoSansSoraSompeng-Regular.ttf', name='Noto Sans Sora Sompeng', style='normal', variant='normal', weight=400, stretch='normal', size='scalable')) = 10.05
2025-10-06 11:02:20,856 - matplotlib.font_manager - DEBUG - findfont: score(FontEntry(fname='/Library/Fonts/VNLUCIDA.TTF', name='.VnLucida sans', style='normal', variant='normal', weight=400, stretch='normal', size='scalable')) = 10.05
2025-10-06 11:02:20,858 - matplotlib.font_manager - DEBUG - findfont: score(FontEntry(fname='/Library/Fonts/VNSOUTHD.TTF', name='.VnSouthern', style='italic', variant='normal', weight=700, stretch='normal', size='scalable')) = 11.335
2025-10-06 11:02:20,859 - matplotlib.font_manager - DEBUG - findfont: score(FontEntry(fname='/System/Library/Fonts/Supplemental/Webdings.ttf', name='Webdings', style='normal', variant='normal', weight=400, stretch='normal', size='scalable')) = 10.05
2025-10-06 11:02:20,860 - matplotlib.font_manager - DEBUG - findfont: score(FontEntry(fname='/System/Library/Fonts/Supplemental/Arial.ttf', name='Arial', style='normal', variant='normal', weight=400, stretch='normal', size='scalable')) = 6.413636363636363
2025-10-06 11:02:20,861 - matplotlib.font_manager - DEBUG - findfont: score(FontEntry(fname='/Library/Fonts/VHBODO.TTF', name='.VnBodoniH', style='normal', variant='normal', weight=400, stretch='normal', size='scalable')) = 10.05
2025-10-06 11:02:20,861 - matplotlib.font_manager - DEBUG - findfont: score(FontEntry(fname='/Library/Fonts/VCOOPERB.TTF', name='VNI-Cooper', style='normal', variant='normal', weight=900, stretch='normal', size='scalable')) = 10.525
2025-10-06 11:02:20,863 - matplotlib.font_manager - DEBUG - findfont: score(FontEntry(fname='/Library/Fonts/VNPARK.TTF', name='.VnPark', style='normal', variant='normal', weight=500, stretch='normal', size='scalable')) = 10.145
2025-10-06 11:02:20,864 - matplotlib.font_manager - DEBUG - findfont: score(FontEntry(fname='/System/Library/Fonts/Supplemental/STIXSizOneSymReg.otf', name='STIXSizeOneSym', style='normal', variant='normal', weight=400, stretch='normal', size='scalable')) = 10.05
2025-10-06 11:02:20,868 - matplotlib.font_manager - DEBUG - findfont: score(FontEntry(fname='/System/Library/Fonts/Supplemental/Beirut.ttc', name='Beirut', style='normal', variant='normal', weight=700, stretch='normal', size='scalable')) = 10.335
2025-10-06 11:02:20,869 - matplotlib.font_manager - DEBUG - findfont: score(FontEntry(fname='/System/Library/Fonts/Supplemental/Iowan Old Style.ttc', name='Iowan Old Style', style='normal', variant='normal', weight=400, stretch='normal', size='scalable')) = 10.05
2025-10-06 11:02:20,870 - matplotlib.font_manager - DEBUG - findfont: score(FontEntry(fname='/System/Library/Fonts/Supplemental/NotoSansCoptic-Regular.ttf', name='Noto Sans Coptic', style='normal', variant='normal', weight=400, stretch='normal', size='scalable')) = 10.05
2025-10-06 11:02:20,871 - matplotlib.font_manager - DEBUG - findfont: score(FontEntry(fname='/Library/Fonts/VNIGREEC.TTF', name='VNI Greece', style='normal', variant='normal', weight=400, stretch='normal', size='scalable')) = 10.05
2025-10-06 11:02:20,872 - matplotlib.font_manager - DEBUG - findfont: score(FontEntry(fname='/System/Library/Fonts/Supplemental/Kefa.ttc', name='Kefa', style='normal', variant='normal', weight=400, stretch='normal', size='scalable')) = 10.05
2025-10-06 11:02:20,873 - matplotlib.font_manager - DEBUG - findfont: score(FontEntry(fname='/Library/Fonts/VPALABI.TTF', name='VNI-Palatin', style='italic', variant='normal', weight=700, stretch='normal', size='scalable')) = 11.335
2025-10-06 11:02:20,876 - matplotlib.font_manager - DEBUG - findfont: score(FontEntry(fname='/Library/Fonts/VSWISEC.TTF', name='VNI-Swiss-Condense', style='normal', variant='normal', weight=400, stretch='condensed', size='scalable')) = 10.25
2025-10-06 11:02:20,878 - matplotlib.font_manager - DEBUG - findfont: score(FontEntry(fname='/System/Library/Fonts/Supplemental/STIXSizFourSymReg.otf', name='STIXSizeFourSym', style='normal', variant='normal', weight=400, stretch='normal', size='scalable')) = 10.05
2025-10-06 11:02:20,879 - matplotlib.font_manager - DEBUG - findfont: score(FontEntry(fname='/System/Library/Fonts/Supplemental/Rockwell.ttc', name='Rockwell', style='normal', variant='normal', weight=400, stretch='normal', size='scalable')) = 10.05
2025-10-06 11:02:20,879 - matplotlib.font_manager - DEBUG - findfont: score(FontEntry(fname='/Library/Fonts/VHCLARE.TTF', name='.VnClarendonH', style='normal', variant='normal', weight=400, stretch='normal', size='scalable')) = 10.05
2025-10-06 11:02:20,880 - matplotlib.font_manager - DEBUG - findfont: score(FontEntry(fname='/System/Library/Fonts/Supplemental/NotoSansManichaean-Regular.ttf', name='Noto Sans Manichaean', style='normal', variant='normal', weight=400, stretch='normal', size='scalable')) = 10.05
2025-10-06 11:02:20,881 - matplotlib.font_manager - DEBUG - findfont: score(FontEntry(fname='/Library/Fonts/vniongdo.ttf', name='.TMC-Ong Do', style='normal', variant='normal', weight=400, stretch='normal', size='scalable')) = 10.05
2025-10-06 11:02:20,883 - matplotlib.font_manager - DEBUG - findfont: score(FontEntry(fname='/System/Library/Fonts/Supplemental/STIXIntUpSmReg.otf', name='STIXIntegralsUpSm', style='normal', variant='normal', weight=400, stretch='normal', size='scalable')) = 10.05
2025-10-06 11:02:20,886 - matplotlib.font_manager - DEBUG - findfont: score(FontEntry(fname='/Library/Fonts/VNHELVS.TTF', name='.VnHelvetIns', style='normal', variant='normal', weight=500, stretch='normal', size='scalable')) = 10.145
2025-10-06 11:02:20,887 - matplotlib.font_manager - DEBUG - findfont: score(FontEntry(fname='/System/Library/Fonts/Supplemental/PTMono.ttc', name='PT Mono', style='normal', variant='normal', weight=700, stretch='normal', size='scalable')) = 10.335
2025-10-06 11:02:20,888 - matplotlib.font_manager - DEBUG - findfont: score(FontEntry(fname='/System/Library/Fonts/Supplemental/Trebuchet MS Bold Italic.ttf', name='Trebuchet MS', style='italic', variant='normal', weight=700, stretch='normal', size='scalable')) = 11.335
2025-10-06 11:02:20,890 - matplotlib.font_manager - DEBUG - findfont: score(FontEntry(fname='/Library/Fonts/VHAVAN.TTF', name='.VnAvantH', style='normal', variant='normal', weight=400, stretch='normal', size='scalable')) = 10.05
2025-10-06 11:02:20,891 - matplotlib.font_manager - DEBUG - findfont: score(FontEntry(fname='/System/Library/Fonts/Supplemental/NotoSansGlagolitic-Regular.ttf', name='Noto Sans Glagolitic', style='normal', variant='normal', weight=400, stretch='normal', size='scalable')) = 10.05
2025-10-06 11:02:20,891 - matplotlib.font_manager - DEBUG - findfont: score(FontEntry(fname='/Library/Fonts/VNSOUTHI.TTF', name='.VnSouthern', style='italic', variant='normal', weight=400, stretch='normal', size='scalable')) = 11.05
2025-10-06 11:02:20,892 - matplotlib.font_manager - DEBUG - findfont: score(FontEntry(fname='/System/Library/Fonts/Supplemental/Brush Script.ttf', name='Brush Script MT', style='italic', variant='normal', weight=400, stretch='normal', size='scalable')) = 11.05
2025-10-06 11:02:20,892 - matplotlib.font_manager - DEBUG - findfont: score(FontEntry(fname='/System/Library/Fonts/Supplemental/NotoSansBrahmi-Regular.ttf', name='Noto Sans Brahmi', style='normal', variant='normal', weight=400, stretch='normal', size='scalable')) = 10.05
2025-10-06 11:02:20,894 - matplotlib.font_manager - DEBUG - findfont: score(FontEntry(fname='/System/Library/Fonts/Supplemental/Tahoma Bold.ttf', name='Tahoma', style='normal', variant='normal', weight=700, stretch='normal', size='scalable')) = 10.335
2025-10-06 11:02:20,895 - matplotlib.font_manager - DEBUG - findfont: score(FontEntry(fname='/Library/Fonts/Arial Unicode.ttf', name='Arial Unicode MS', style='normal', variant='normal', weight=400, stretch='normal', size='scalable')) = 10.05
2025-10-06 11:02:20,897 - matplotlib.font_manager - DEBUG - findfont: score(FontEntry(fname='/Library/Fonts/VHELVCBI.TTF', name='VNI-Helve-Condense', style='italic', variant='normal', weight=700, stretch='condensed', size='scalable')) = 11.535
2025-10-06 11:02:20,898 - matplotlib.font_manager - DEBUG - findfont: score(FontEntry(fname='/System/Library/Fonts/NotoSansArmenian.ttc', name='Noto Sans Armenian', style='normal', variant='normal', weight=900, stretch='normal', size='scalable')) = 10.525
2025-10-06 11:02:20,899 - matplotlib.font_manager - DEBUG - findfont: score(FontEntry(fname='/Library/Fonts/VSWISC.TTF', name='VNI-Swiss-Condense', style='normal', variant='normal', weight=700, stretch='condensed', size='scalable')) = 10.535
2025-10-06 11:02:20,900 - matplotlib.font_manager - DEBUG - findfont: score(FontEntry(fname='/Library/Fonts/VNCENTI.TTF', name='.VnCentury Schoolbook', style='italic', variant='normal', weight=400, stretch='normal', size='scalable')) = 11.05
2025-10-06 11:02:20,902 - matplotlib.font_manager - DEBUG - findfont: score(FontEntry(fname='/System/Library/Fonts/Supplemental/NotoSansYi-Regular.ttf', name='Noto Sans Yi', style='normal', variant='normal', weight=400, stretch='normal', size='scalable')) = 10.05
2025-10-06 11:02:20,904 - matplotlib.font_manager - DEBUG - findfont: score(FontEntry(fname='/System/Library/Fonts/Noteworthy.ttc', name='Noteworthy', style='normal', variant='normal', weight=300, stretch='normal', size='scalable')) = 10.145
2025-10-06 11:02:20,906 - matplotlib.font_manager - DEBUG - findfont: score(FontEntry(fname='/System/Library/Fonts/Supplemental/Al Nile.ttc', name='Al Nile', style='normal', variant='normal', weight=400, stretch='normal', size='scalable')) = 10.05
2025-10-06 11:02:20,906 - matplotlib.font_manager - DEBUG - findfont: score(FontEntry(fname='/Library/Fonts/VBODONP.TTF', name='VNI-Bodon-Poster', style='normal', variant='normal', weight=700, stretch='normal', size='scalable')) = 10.335
2025-10-06 11:02:20,908 - matplotlib.font_manager - DEBUG - findfont: score(FontEntry(fname='/System/Library/Fonts/Supplemental/NotoSansKhudawadi-Regular.ttf', name='Noto Sans Khudawadi', style='normal', variant='normal', weight=400, stretch='normal', size='scalable')) = 10.05
2025-10-06 11:02:20,910 - matplotlib.font_manager - DEBUG - findfont: score(FontEntry(fname='/System/Library/Fonts/Supplemental/SuperClarendon.ttc', name='Superclarendon', style='normal', variant='normal', weight=400, stretch='normal', size='scalable')) = 10.05
2025-10-06 11:02:20,911 - matplotlib.font_manager - DEBUG - findfont: score(FontEntry(fname='/System/Library/Fonts/Supplemental/Arial Bold.ttf', name='Arial', style='normal', variant='normal', weight=700, stretch='normal', size='scalable')) = 6.698636363636363
2025-10-06 11:02:20,912 - matplotlib.font_manager - DEBUG - findfont: score(FontEntry(fname='/System/Library/Fonts/Symbol.ttf', name='Symbol', style='normal', variant='normal', weight=400, stretch='normal', size='scalable')) = 10.05
2025-10-06 11:02:20,913 - matplotlib.font_manager - DEBUG - findfont: score(FontEntry(fname='/System/Library/Fonts/Supplemental/Chalkboard.ttc', name='Chalkboard', style='normal', variant='normal', weight=400, stretch='normal', size='scalable')) = 10.05
2025-10-06 11:02:20,915 - matplotlib.font_manager - DEBUG - findfont: score(FontEntry(fname='/Library/Fonts/VKORIN.TTF', name='VNI-Korin', style='normal', variant='normal', weight=400, stretch='normal', size='scalable')) = 10.05
2025-10-06 11:02:20,916 - matplotlib.font_manager - DEBUG - findfont: score(FontEntry(fname='/Library/Fonts/VGARAMB.TTF', name='VNI-Garam', style='normal', variant='normal', weight=700, stretch='normal', size='scalable')) = 10.335
2025-10-06 11:02:20,918 - matplotlib.font_manager - DEBUG - findfont: score(FontEntry(fname='/System/Library/Fonts/Supplemental/NotoSansSaurashtra-Regular.ttf', name='Noto Sans Saurashtra', style='normal', variant='normal', weight=400, stretch='normal', size='scalable')) = 10.05
2025-10-06 11:02:20,920 - matplotlib.font_manager - DEBUG - findfont: score(FontEntry(fname='/System/Library/Fonts/ヒラギノ角ゴシック W7.ttc', name='Hiragino Sans', style='normal', variant='normal', weight=700, stretch='normal', size='scalable')) = 10.335
2025-10-06 11:02:20,921 - matplotlib.font_manager - DEBUG - findfont: score(FontEntry(fname='/System/Library/Fonts/Supplemental/Bodoni Ornaments.ttf', name='Bodoni Ornaments', style='normal', variant='normal', weight=400, stretch='normal', size='scalable')) = 10.05
2025-10-06 11:02:20,922 - matplotlib.font_manager - DEBUG - findfont: score(FontEntry(fname='/System/Library/Fonts/Supplemental/Comic Sans MS.ttf', name='Comic Sans MS', style='normal', variant='normal', weight=400, stretch='normal', size='scalable')) = 10.05
2025-10-06 11:02:20,924 - matplotlib.font_manager - DEBUG - findfont: score(FontEntry(fname='/Library/Fonts/VNMEMO.TTF', name='.VnMemorandum', style='normal', variant='normal', weight=400, stretch='normal', size='scalable')) = 10.05
2025-10-06 11:02:20,926 - matplotlib.font_manager - DEBUG - findfont: score(FontEntry(fname='/Library/Fonts/VNCOURBI.TTF', name='.VnCourier New', style='italic', variant='normal', weight=700, stretch='normal', size='scalable')) = 11.335
2025-10-06 11:02:20,928 - matplotlib.font_manager - DEBUG - findfont: score(FontEntry(fname='/Library/Fonts/VSOUVBI.TTF', name='VNI-Souvir', style='italic', variant='normal', weight=700, stretch='normal', size='scalable')) = 11.335
2025-10-06 11:02:20,929 - matplotlib.font_manager - DEBUG - findfont: score(FontEntry(fname='/Library/Fonts/VCOMMERC.TTF', name='VNI-Commerce', style='italic', variant='normal', weight=700, stretch='normal', size='scalable')) = 11.335
2025-10-06 11:02:20,930 - matplotlib.font_manager - DEBUG - findfont: score(FontEntry(fname='/System/Library/Fonts/Supplemental/SignPainter.ttc', name='SignPainter', style='normal', variant='normal', weight=400, stretch='normal', size='scalable')) = 10.05
2025-10-06 11:02:20,930 - matplotlib.font_manager - DEBUG - findfont: score(FontEntry(fname='/Library/Fonts/VHTIMEI.TTF', name='.VnTimeH', style='italic', variant='normal', weight=400, stretch='normal', size='scalable')) = 11.05
2025-10-06 11:02:20,932 - matplotlib.font_manager - DEBUG - findfont: score(FontEntry(fname='/Library/Fonts/vnithufap3.ttf', name='VNI-Thufap3', style='normal', variant='normal', weight=400, stretch='normal', size='scalable')) = 10.05
2025-10-06 11:02:20,933 - matplotlib.font_manager - DEBUG - findfont: score(FontEntry(fname='/Library/Fonts/VAWCHON.TTF', name='VNI-Awchon', style='normal', variant='normal', weight=700, stretch='normal', size='scalable')) = 10.335
2025-10-06 11:02:20,933 - matplotlib.font_manager - DEBUG - findfont: score(FontEntry(fname='/Library/Fonts/VHARIALB.TTF', name='.VnArialH', style='normal', variant='normal', weight=700, stretch='normal', size='scalable')) = 10.335
2025-10-06 11:02:20,934 - matplotlib.font_manager - DEBUG - findfont: score(FontEntry(fname='/Library/Fonts/VBODON.TTF', name='VNI-Bodon', style='normal', variant='normal', weight=400, stretch='normal', size='scalable')) = 10.05
2025-10-06 11:02:20,935 - matplotlib.font_manager - DEBUG - findfont: score(FontEntry(fname='/System/Library/Fonts/Supplemental/Seravek.ttc', name='Seravek', style='normal', variant='normal', weight=400, stretch='normal', size='scalable')) = 10.05
2025-10-06 11:02:20,936 - matplotlib.font_manager - DEBUG - findfont: score(FontEntry(fname='/Library/Fonts/VNIRUSSI.TTF', name='VNI Russia', style='normal', variant='normal', weight=400, stretch='normal', size='scalable')) = 10.05
2025-10-06 11:02:20,937 - matplotlib.font_manager - DEBUG - findfont: score(FontEntry(fname='/System/Library/Fonts/Supplemental/NotoSansLimbu-Regular.ttf', name='Noto Sans Limbu', style='normal', variant='normal', weight=400, stretch='normal', size='scalable')) = 10.05
2025-10-06 11:02:20,937 - matplotlib.font_manager - DEBUG - findfont: score(FontEntry(fname='/Library/Fonts/VHBAHAB.TTF', name='.VnBahamasBH', style='normal', variant='normal', weight=700, stretch='normal', size='scalable')) = 10.335
2025-10-06 11:02:20,964 - matplotlib.font_manager - DEBUG - findfont: score(FontEntry(fname='/System/Library/Fonts/NotoNastaliq.ttc', name='Noto Nastaliq Urdu', style='normal', variant='normal', weight=400, stretch='normal', size='scalable')) = 10.05
2025-10-06 11:02:20,965 - matplotlib.font_manager - DEBUG - findfont: score(FontEntry(fname='/System/Library/Fonts/Supplemental/Baghdad.ttc', name='Baghdad', style='normal', variant='normal', weight=400, stretch='normal', size='scalable')) = 10.05
2025-10-06 11:02:20,965 - matplotlib.font_manager - DEBUG - findfont: score(FontEntry(fname='/Library/Fonts/VNTIFH.TTF', name='.VnTifani Heavy', style='normal', variant='normal', weight=400, stretch='normal', size='scalable')) = 10.05
2025-10-06 11:02:20,966 - matplotlib.font_manager - DEBUG - findfont: score(FontEntry(fname='/Library/Fonts/vnithuphapslogan.ttf', name='VNI-Slogan', style='normal', variant='normal', weight=400, stretch='normal', size='scalable')) = 10.05
2025-10-06 11:02:20,996 - matplotlib.font_manager - DEBUG - findfont: score(FontEntry(fname='/System/Library/Fonts/Supplemental/Athelas.ttc', name='Athelas', style='normal', variant='normal', weight=400, stretch='normal', size='scalable')) = 10.05
2025-10-06 11:02:20,996 - matplotlib.font_manager - DEBUG - findfont: score(FontEntry(fname='/System/Library/Fonts/Supplemental/Bodoni 72 Smallcaps Book.ttf', name='Bodoni 72 Smallcaps', style='normal', variant='normal', weight=400, stretch='normal', size='scalable')) = 10.05
2025-10-06 11:02:20,996 - matplotlib.font_manager - DEBUG - findfont: score(FontEntry(fname='/System/Library/Fonts/Supplemental/STIXSizThreeSymReg.otf', name='STIXSizeThreeSym', style='normal', variant='normal', weight=400, stretch='normal', size='scalable')) = 10.05
2025-10-06 11:02:20,997 - matplotlib.font_manager - DEBUG - findfont: score(FontEntry(fname='/System/Library/Fonts/Supplemental/NotoSansGothic-Regular.ttf', name='Noto Sans Gothic', style='normal', variant='normal', weight=400, stretch='normal', size='scalable')) = 10.05
2025-10-06 11:02:20,997 - matplotlib.font_manager - DEBUG - findfont: score(FontEntry(fname='/System/Library/Fonts/Supplemental/Sinhala Sangam MN.ttc', name='Sinhala Sangam MN', style='normal', variant='normal', weight=400, stretch='normal', size='scalable')) = 10.05
2025-10-06 11:02:20,998 - matplotlib.font_manager - DEBUG - findfont: score(FontEntry(fname='/Library/Fonts/VNCOUR.TTF', name='.VnCourier New', style='normal', variant='normal', weight=400, stretch='normal', size='scalable')) = 10.05
2025-10-06 11:02:20,998 - matplotlib.font_manager - DEBUG - findfont: score(FontEntry(fname='/Library/Fonts/VNCOURI.TTF', name='.VnCourier New', style='italic', variant='normal', weight=400, stretch='normal', size='scalable')) = 11.05
2025-10-06 11:02:20,999 - matplotlib.font_manager - DEBUG - findfont: score(FontEntry(fname='/System/Library/Fonts/Supplemental/Marion.ttc', name='Marion', style='normal', variant='normal', weight=400, stretch='normal', size='scalable')) = 10.05
2025-10-06 11:02:20,999 - matplotlib.font_manager - DEBUG - findfont: score(FontEntry(fname='/Library/Fonts/VBODONBI.TTF', name='VNI-Bodon', style='italic', variant='normal', weight=700, stretch='normal', size='scalable')) = 11.335
2025-10-06 11:02:20,999 - matplotlib.font_manager - DEBUG - findfont: score(FontEntry(fname='/Library/Fonts/VNUNIV.TTF', name='.VnUniverse', style='normal', variant='normal', weight=400, stretch='normal', size='scalable')) = 10.05
2025-10-06 11:02:21,000 - matplotlib.font_manager - DEBUG - findfont: score(FontEntry(fname='/System/Library/Fonts/Supplemental/NotoSansLinearA-Regular.ttf', name='Noto Sans Linear A', style='normal', variant='normal', weight=400, stretch='normal', size='scalable')) = 10.05
2025-10-06 11:02:21,000 - matplotlib.font_manager - DEBUG - findfont: score(FontEntry(fname='/System/Library/Fonts/Supplemental/Arial Bold Italic.ttf', name='Arial', style='italic', variant='normal', weight=700, stretch='normal', size='scalable')) = 7.698636363636363
2025-10-06 11:02:21,002 - matplotlib.font_manager - DEBUG - findfont: score(FontEntry(fname='/System/Library/Fonts/Supplemental/SnellRoundhand.ttc', name='Snell Roundhand', style='normal', variant='normal', weight=500, stretch='normal', size='scalable')) = 10.145
2025-10-06 11:02:21,002 - matplotlib.font_manager - DEBUG - findfont: score(FontEntry(fname='/Library/Fonts/VCENTBI.TTF', name='VNI-Centur', style='italic', variant='normal', weight=700, stretch='normal', size='scalable')) = 11.335
2025-10-06 11:02:21,003 - matplotlib.font_manager - DEBUG - findfont: score(FontEntry(fname='/System/Library/Fonts/Supplemental/NotoSansMahajani-Regular.ttf', name='Noto Sans Mahajani', style='normal', variant='normal', weight=400, stretch='normal', size='scalable')) = 10.05
2025-10-06 11:02:21,003 - matplotlib.font_manager - DEBUG - findfont: score(FontEntry(fname='/Library/Fonts/VBODONII.TTF', name='VNI-Bodon', style='italic', variant='normal', weight=400, stretch='normal', size='scalable')) = 11.05
2025-10-06 11:02:21,007 - matplotlib.font_manager - DEBUG - findfont: score(FontEntry(fname='/System/Library/Fonts/Supplemental/STIXIntUpDReg.otf', name='STIXIntegralsUpD', style='normal', variant='normal', weight=400, stretch='normal', size='scalable')) = 10.05
2025-10-06 11:02:21,008 - matplotlib.font_manager - DEBUG - findfont: score(FontEntry(fname='/Library/Fonts/vnithufap2.ttf', name='VNI-Thufap2', style='normal', variant='normal', weight=400, stretch='normal', size='scalable')) = 10.05
2025-10-06 11:02:21,008 - matplotlib.font_manager - DEBUG - findfont: score(FontEntry(fname='/System/Library/Fonts/ヒラギノ角ゴシック W3.ttc', name='Hiragino Sans', style='normal', variant='normal', weight=300, stretch='normal', size='scalable')) = 10.145
2025-10-06 11:02:21,008 - matplotlib.font_manager - DEBUG - findfont: score(FontEntry(fname='/System/Library/Fonts/ヒラギノ明朝 ProN.ttc', name='Hiragino Mincho ProN', style='normal', variant='normal', weight=300, stretch='normal', size='scalable')) = 10.145
2025-10-06 11:02:21,050 - matplotlib.font_manager - DEBUG - findfont: score(FontEntry(fname='/System/Library/Fonts/Supplemental/Chalkduster.ttf', name='Chalkduster', style='normal', variant='normal', weight=400, stretch='normal', size='scalable')) = 10.05
2025-10-06 11:02:21,051 - matplotlib.font_manager - DEBUG - findfont: score(FontEntry(fname='/System/Library/Fonts/Geneva.ttf', name='Geneva', style='normal', variant='normal', weight=400, stretch='normal', size='scalable')) = 4.595454545454545
2025-10-06 11:02:21,052 - matplotlib.font_manager - DEBUG - findfont: score(FontEntry(fname='/System/Library/Fonts/Supplemental/Waseem.ttc', name='Waseem', style='normal', variant='normal', weight=400, stretch='normal', size='scalable')) = 10.05
2025-10-06 11:02:21,052 - matplotlib.font_manager - DEBUG - findfont: score(FontEntry(fname='/Library/Fonts/VAPTIMB.TTF', name='VNI-Aptima', style='normal', variant='normal', weight=700, stretch='normal', size='scalable')) = 10.335
2025-10-06 11:02:21,053 - matplotlib.font_manager - DEBUG - findfont: score(FontEntry(fname='/Library/Fonts/VNCOMSI.TTF', name='.VnCommercial Script', style='italic', variant='normal', weight=400, stretch='normal', size='scalable')) = 11.05
2025-10-06 11:02:21,053 - matplotlib.font_manager - DEBUG - findfont: score(FontEntry(fname='/Library/Fonts/VNCORSI.TTF', name='.VnMonotype corsiva', style='italic', variant='normal', weight=400, stretch='normal', size='scalable')) = 11.05
2025-10-06 11:02:21,053 - matplotlib.font_manager - DEBUG - findfont: score(FontEntry(fname='/System/Library/Fonts/Supplemental/DecoTypeNaskh.ttc', name='DecoType Naskh', style='normal', variant='normal', weight=400, stretch='normal', size='scalable')) = 10.05
2025-10-06 11:02:21,054 - matplotlib.font_manager - DEBUG - findfont: score(FontEntry(fname='/System/Library/Fonts/Supplemental/NotoSansCham-Regular.ttf', name='Noto Sans Cham', style='normal', variant='normal', weight=400, stretch='normal', size='scalable')) = 10.05
2025-10-06 11:02:21,054 - matplotlib.font_manager - DEBUG - findfont: score(FontEntry(fname='/System/Library/Fonts/Supplemental/Bangla Sangam MN.ttc', name='Bangla Sangam MN', style='normal', variant='normal', weight=400, stretch='normal', size='scalable')) = 10.05
2025-10-06 11:02:21,055 - matplotlib.font_manager - DEBUG - findfont: score(FontEntry(fname='/System/Library/Fonts/Supplemental/STIXIntDReg.otf', name='STIXIntegralsD', style='normal', variant='normal', weight=400, stretch='normal', size='scalable')) = 10.05
2025-10-06 11:02:21,055 - matplotlib.font_manager - DEBUG - findfont: score(FontEntry(fname='/Library/Fonts/VCOURII.TTF', name='VNI-Couri', style='italic', variant='normal', weight=400, stretch='normal', size='scalable')) = 11.05
2025-10-06 11:02:21,056 - matplotlib.font_manager - DEBUG - findfont: score(FontEntry(fname='/System/Library/Fonts/Supplemental/STIXGeneralItalic.otf', name='STIXGeneral', style='italic', variant='normal', weight=400, stretch='normal', size='scalable')) = 11.05
2025-10-06 11:02:21,056 - matplotlib.font_manager - DEBUG - findfont: score(FontEntry(fname='/System/Library/Fonts/Supplemental/NotoSansSylotiNagri-Regular.ttf', name='Noto Sans Syloti Nagri', style='normal', variant='normal', weight=400, stretch='normal', size='scalable')) = 10.05
2025-10-06 11:02:21,057 - matplotlib.font_manager - DEBUG - findfont: score(FontEntry(fname='/System/Library/Fonts/Supplemental/STIXVarBol.otf', name='STIXVariants', style='normal', variant='normal', weight=700, stretch='normal', size='scalable')) = 10.335
2025-10-06 11:02:21,058 - matplotlib.font_manager - DEBUG - findfont: score(FontEntry(fname='/Library/Fonts/VNINET.TTF', name='VNI-Internet Mail', style='normal', variant='normal', weight=400, stretch='normal', size='scalable')) = 10.05
2025-10-06 11:02:21,058 - matplotlib.font_manager - DEBUG - findfont: score(FontEntry(fname='/Library/Fonts/VTIMESBI.TTF', name='VNI-Times', style='italic', variant='normal', weight=700, stretch='normal', size='scalable')) = 11.335
2025-10-06 11:02:21,058 - matplotlib.font_manager - DEBUG - findfont: score(FontEntry(fname='/System/Library/Fonts/SFNSItalic.ttf', name='System Font', style='italic', variant='normal', weight=400, stretch='normal', size='scalable')) = 11.05
2025-10-06 11:02:21,059 - matplotlib.font_manager - DEBUG - findfont: score(FontEntry(fname='/Library/Fonts/VHTIME.TTF', name='.VnTimeH', style='normal', variant='normal', weight=400, stretch='normal', size='scalable')) = 10.05
2025-10-06 11:02:21,059 - matplotlib.font_manager - DEBUG - findfont: score(FontEntry(fname='/Library/Fonts/VMELIBI.TTF', name='VNI-Meli', style='italic', variant='normal', weight=700, stretch='normal', size='scalable')) = 11.335
2025-10-06 11:02:21,059 - matplotlib.font_manager - DEBUG - findfont: score(FontEntry(fname='/System/Library/Fonts/Supplemental/STIXSizFourSymBol.otf', name='STIXSizeFourSym', style='normal', variant='normal', weight=700, stretch='normal', size='scalable')) = 10.335
2025-10-06 11:02:21,060 - matplotlib.font_manager - DEBUG - findfont: score(FontEntry(fname='/System/Library/Fonts/Supplemental/STIXTwoText-Italic.ttf', name='STIX Two Text', style='italic', variant='normal', weight=400, stretch='normal', size='scalable')) = 11.05
2025-10-06 11:02:21,061 - matplotlib.font_manager - DEBUG - findfont: score(FontEntry(fname='/System/Library/Fonts/Supplemental/Gurmukhi Sangam MN.ttc', name='Gurmukhi Sangam MN', style='normal', variant='normal', weight=400, stretch='normal', size='scalable')) = 10.05
2025-10-06 11:02:21,062 - matplotlib.font_manager - DEBUG - findfont: score(FontEntry(fname='/System/Library/Fonts/Apple Braille Outline 6 Dot.ttf', name='Apple Braille', style='normal', variant='normal', weight=400, stretch='normal', size='scalable')) = 10.05
2025-10-06 11:02:21,062 - matplotlib.font_manager - DEBUG - findfont: score(FontEntry(fname='/System/Library/Fonts/Supplemental/Georgia Italic.ttf', name='Georgia', style='italic', variant='normal', weight=400, stretch='normal', size='scalable')) = 11.05
2025-10-06 11:02:21,063 - matplotlib.font_manager - DEBUG - findfont: score(FontEntry(fname='/Library/Fonts/VNSHELL.TTF', name='.VnShelley Allegro', style='normal', variant='normal', weight=400, stretch='normal', size='scalable')) = 10.05
2025-10-06 11:02:21,063 - matplotlib.font_manager - DEBUG - findfont: score(FontEntry(fname='/System/Library/Fonts/Supplemental/NotoSansTakri-Regular.ttf', name='Noto Sans Takri', style='normal', variant='normal', weight=400, stretch='normal', size='scalable')) = 10.05
2025-10-06 11:02:21,063 - matplotlib.font_manager - DEBUG - findfont: score(FontEntry(fname='/System/Library/Fonts/Supplemental/NotoSansWarangCiti-Regular.ttf', name='Noto Sans Warang Citi', style='normal', variant='normal', weight=400, stretch='normal', size='scalable')) = 10.05
2025-10-06 11:02:21,066 - matplotlib.font_manager - DEBUG - findfont: score(FontEntry(fname='/Library/Fonts/VNARIANB.TTF', name='.VnArial Narrow', style='normal', variant='normal', weight=700, stretch='condensed', size='scalable')) = 10.535
2025-10-06 11:02:21,066 - matplotlib.font_manager - DEBUG - findfont: score(FontEntry(fname='/Library/Fonts/VCENTB.TTF', name='VNI-Centur', style='normal', variant='normal', weight=700, stretch='normal', size='scalable')) = 10.335
2025-10-06 11:02:21,072 - matplotlib.font_manager - DEBUG - findfont: score(FontEntry(fname='/Library/Fonts/VAGRB.TTF', name='VNI-Vari', style='normal', variant='normal', weight=700, stretch='normal', size='scalable')) = 10.335
2025-10-06 11:02:21,073 - matplotlib.font_manager - DEBUG - findfont: score(FontEntry(fname='/Library/Fonts/VNARIALB.TTF', name='.VnArial', style='normal', variant='normal', weight=700, stretch='normal', size='scalable')) = 10.335
2025-10-06 11:02:21,074 - matplotlib.font_manager - DEBUG - findfont: score(FontEntry(fname='/System/Library/Fonts/Supplemental/Courier New Italic.ttf', name='Courier New', style='italic', variant='normal', weight=400, stretch='normal', size='scalable')) = 11.05
2025-10-06 11:02:21,075 - matplotlib.font_manager - DEBUG - findfont: score(FontEntry(fname='/System/Library/Fonts/Supplemental/Tahoma.ttf', name='Tahoma', style='normal', variant='normal', weight=400, stretch='normal', size='scalable')) = 10.05
2025-10-06 11:02:21,075 - matplotlib.font_manager - DEBUG - findfont: score(FontEntry(fname='/Library/Fonts/VSOUVB.TTF', name='VNI-Souvir', style='normal', variant='normal', weight=700, stretch='normal', size='scalable')) = 10.335
2025-10-06 11:02:21,076 - matplotlib.font_manager - DEBUG - findfont: score(FontEntry(fname='/Library/Fonts/VTEKTN.TTF', name='VNI-Tekon', style='normal', variant='normal', weight=400, stretch='normal', size='scalable')) = 10.05
2025-10-06 11:02:21,076 - matplotlib.font_manager - DEBUG - findfont: score(FontEntry(fname='/Library/Fonts/VCOURI.TTF', name='VNI-Couri', style='normal', variant='normal', weight=400, stretch='normal', size='scalable')) = 10.05
2025-10-06 11:02:21,077 - matplotlib.font_manager - DEBUG - findfont: score(FontEntry(fname='/Library/Fonts/VTIMESI.TTF', name='VNI-Times', style='italic', variant='normal', weight=400, stretch='normal', size='scalable')) = 11.05
2025-10-06 11:02:21,078 - matplotlib.font_manager - DEBUG - findfont: score(FontEntry(fname='/Library/Fonts/VBOOKMN.TTF', name='VNI-Book', style='normal', variant='normal', weight=400, stretch='normal', size='scalable')) = 10.05
2025-10-06 11:02:21,078 - matplotlib.font_manager - DEBUG - findfont: score(FontEntry(fname='/Library/Fonts/VBODONB.TTF', name='VNI-Bodon', style='normal', variant='normal', weight=700, stretch='normal', size='scalable')) = 10.335
2025-10-06 11:02:21,080 - matplotlib.font_manager - DEBUG - findfont: score(FontEntry(fname='/Library/Fonts/VHELVEI.TTF', name='VNI-Helve', style='italic', variant='normal', weight=400, stretch='normal', size='scalable')) = 11.05
2025-10-06 11:02:21,080 - matplotlib.font_manager - DEBUG - findfont: score(FontEntry(fname='/Library/Fonts/VNANTIQ.TTF', name='.VnBook-Antiqua', style='normal', variant='normal', weight=400, stretch='normal', size='scalable')) = 10.05
2025-10-06 11:02:21,081 - matplotlib.font_manager - DEBUG - findfont: score(FontEntry(fname='/System/Library/Fonts/Supplemental/Hoefler Text.ttc', name='Hoefler Text', style='normal', variant='normal', weight=400, stretch='normal', size='scalable')) = 10.05
2025-10-06 11:02:21,082 - matplotlib.font_manager - DEBUG - findfont: score(FontEntry(fname='/Library/Fonts/VAUCHON.TTF', name='VNI-Auchon', style='normal', variant='normal', weight=700, stretch='normal', size='scalable')) = 10.335
2025-10-06 11:02:21,082 - matplotlib.font_manager - DEBUG - findfont: score(FontEntry(fname='/Library/Fonts/VNCOURB.TTF', name='.VnCourier New', style='normal', variant='normal', weight=700, stretch='normal', size='scalable')) = 10.335
2025-10-06 11:02:21,083 - matplotlib.font_manager - DEBUG - findfont: score(FontEntry(fname='/System/Library/Fonts/Supplemental/STIXIntUpSmBol.otf', name='STIXIntegralsUpSm', style='normal', variant='normal', weight=700, stretch='normal', size='scalable')) = 10.335
2025-10-06 11:02:21,084 - matplotlib.font_manager - DEBUG - findfont: score(FontEntry(fname='/System/Library/Fonts/Apple Braille Pinpoint 8 Dot.ttf', name='Apple Braille', style='normal', variant='normal', weight=400, stretch='normal', size='scalable')) = 10.05
2025-10-06 11:02:21,085 - matplotlib.font_manager - DEBUG - findfont: score(FontEntry(fname='/Library/Fonts/VCENTN.TTF', name='VNI-Centur', style='normal', variant='normal', weight=400, stretch='normal', size='scalable')) = 10.05
2025-10-06 11:02:21,085 - matplotlib.font_manager - DEBUG - findfont: score(FontEntry(fname='/System/Library/Fonts/Supplemental/EuphemiaCAS.ttc', name='Euphemia UCAS', style='normal', variant='normal', weight=400, stretch='normal', size='scalable')) = 10.05
2025-10-06 11:02:21,086 - matplotlib.font_manager - DEBUG - findfont: score(FontEntry(fname='/Library/Fonts/VMELIN.TTF', name='VNI-Meli', style='normal', variant='normal', weight=400, stretch='normal', size='scalable')) = 10.05
2025-10-06 11:02:21,086 - matplotlib.font_manager - DEBUG - findfont: score(FontEntry(fname='/System/Library/Fonts/Supplemental/Papyrus.ttc', name='Papyrus', style='normal', variant='normal', weight=400, stretch='condensed', size='scalable')) = 10.25
2025-10-06 11:02:21,087 - matplotlib.font_manager - DEBUG - findfont: score(FontEntry(fname='/System/Library/Fonts/Supplemental/NotoSansCanadianAboriginal-Regular.otf', name='Noto Sans Canadian Aboriginal', style='normal', variant='normal', weight=400, stretch='normal', size='scalable')) = 10.05
2025-10-06 11:02:21,087 - matplotlib.font_manager - DEBUG - findfont: score(FontEntry(fname='/Library/Fonts/VHOBO.TTF', name='VNI-Hobo', style='normal', variant='normal', weight=400, stretch='normal', size='scalable')) = 10.05
2025-10-06 11:02:21,088 - matplotlib.font_manager - DEBUG - findfont: score(FontEntry(fname='/System/Library/Fonts/ArialHB.ttc', name='Arial Hebrew', style='normal', variant='normal', weight=400, stretch='normal', size='scalable')) = 10.05
2025-10-06 11:02:21,088 - matplotlib.font_manager - DEBUG - findfont: score(FontEntry(fname='/Library/Fonts/VHAVANBI.TTF', name='.VnAvantH', style='italic', variant='normal', weight=700, stretch='normal', size='scalable')) = 11.335
2025-10-06 11:02:21,089 - matplotlib.font_manager - DEBUG - findfont: score(FontEntry(fname='/System/Library/Fonts/Supplemental/STIXSizThreeSymBol.otf', name='STIXSizeThreeSym', style='normal', variant='normal', weight=700, stretch='normal', size='scalable')) = 10.335
2025-10-06 11:02:21,089 - matplotlib.font_manager - DEBUG - findfont: score(FontEntry(fname='/System/Library/Fonts/Supplemental/AppleGothic.ttf', name='AppleGothic', style='normal', variant='normal', weight=400, stretch='normal', size='scalable')) = 10.05
2025-10-06 11:02:21,089 - matplotlib.font_manager - DEBUG - findfont: score(FontEntry(fname='/System/Library/Fonts/Supplemental/NotoSansLisu-Regular.ttf', name='Noto Sans Lisu', style='normal', variant='normal', weight=400, stretch='normal', size='scalable')) = 10.05
2025-10-06 11:02:21,090 - matplotlib.font_manager - DEBUG - findfont: score(FontEntry(fname='/Library/Fonts/VAVOB.TTF', name='VNI-Avo', style='normal', variant='normal', weight=700, stretch='normal', size='scalable')) = 10.335
2025-10-06 11:02:21,090 - matplotlib.font_manager - DEBUG - findfont: score(FontEntry(fname='/Library/Fonts/VTIMESB.TTF', name='VNI-Times', style='normal', variant='normal', weight=700, stretch='normal', size='scalable')) = 10.335
2025-10-06 11:02:21,091 - matplotlib.font_manager - DEBUG - findfont: score(FontEntry(fname='/System/Library/Fonts/Supplemental/NotoSansOldNorthArabian-Regular.ttf', name='Noto Sans Old North Arabian', style='normal', variant='normal', weight=400, stretch='normal', size='scalable')) = 10.05
2025-10-06 11:02:21,091 - matplotlib.font_manager - DEBUG - findfont: score(FontEntry(fname='/System/Library/Fonts/Supplemental/STIXIntDBol.otf', name='STIXIntegralsD', style='normal', variant='normal', weight=700, stretch='normal', size='scalable')) = 10.335
2025-10-06 11:02:21,091 - matplotlib.font_manager - DEBUG - findfont: score(FontEntry(fname='/System/Library/Fonts/Supplemental/NotoSansLepcha-Regular.ttf', name='Noto Sans Lepcha', style='normal', variant='normal', weight=400, stretch='normal', size='scalable')) = 10.05
2025-10-06 11:02:21,092 - matplotlib.font_manager - DEBUG - findfont: score(FontEntry(fname='/System/Library/Fonts/Supplemental/Farah.ttc', name='Farah', style='normal', variant='normal', weight=400, stretch='normal', size='scalable')) = 10.05
2025-10-06 11:02:21,092 - matplotlib.font_manager - DEBUG - findfont: score(FontEntry(fname='/System/Library/Fonts/PingFang.ttc', name='PingFang HK', style='normal', variant='normal', weight=400, stretch='normal', size='scalable')) = 10.05
2025-10-06 11:02:21,092 - matplotlib.font_manager - DEBUG - findfont: score(FontEntry(fname='/Library/Fonts/VJUNI.TTF', name='VNI-Juni', style='normal', variant='normal', weight=400, stretch='normal', size='scalable')) = 10.05
2025-10-06 11:02:21,092 - matplotlib.font_manager - DEBUG - findfont: score(FontEntry(fname='/System/Library/Fonts/Supplemental/NotoSansTagbanwa-Regular.ttf', name='Noto Sans Tagbanwa', style='normal', variant='normal', weight=400, stretch='normal', size='scalable')) = 10.05
2025-10-06 11:02:21,093 - matplotlib.font_manager - DEBUG - findfont: score(FontEntry(fname='/System/Library/Fonts/KohinoorTelugu.ttc', name='Kohinoor Telugu', style='normal', variant='normal', weight=400, stretch='normal', size='scalable')) = 10.05
2025-10-06 11:02:21,093 - matplotlib.font_manager - DEBUG - findfont: score(FontEntry(fname='/System/Library/Fonts/Supplemental/NotoSansOldPersian-Regular.ttf', name='Noto Sans Old Persian', style='normal', variant='normal', weight=400, stretch='normal', size='scalable')) = 10.05
2025-10-06 11:02:21,093 - matplotlib.font_manager - DEBUG - findfont: score(FontEntry(fname='/System/Library/Fonts/Supplemental/NotoSansBamum-Regular.ttf', name='Noto Sans Bamum', style='normal', variant='normal', weight=400, stretch='normal', size='scalable')) = 10.05
2025-10-06 11:02:21,093 - matplotlib.font_manager - DEBUG - findfont: score(FontEntry(fname='/System/Library/Fonts/Supplemental/PlantagenetCherokee.ttf', name='Plantagenet Cherokee', style='normal', variant='normal', weight=400, stretch='normal', size='scalable')) = 10.05
2025-10-06 11:02:21,094 - matplotlib.font_manager - DEBUG - findfont: score(FontEntry(fname='/System/Library/Fonts/Supplemental/NotoSansAvestan-Regular.ttf', name='Noto Sans Avestan', style='normal', variant='normal', weight=400, stretch='normal', size='scalable')) = 10.05
2025-10-06 11:02:21,094 - matplotlib.font_manager - DEBUG - findfont: score(FontEntry(fname='/System/Library/Fonts/Supplemental/NotoSansMandaic-Regular.ttf', name='Noto Sans Mandaic', style='normal', variant='normal', weight=400, stretch='normal', size='scalable')) = 10.05
2025-10-06 11:02:21,094 - matplotlib.font_manager - DEBUG - findfont: score(FontEntry(fname='/System/Library/Fonts/KohinoorBangla.ttc', name='Kohinoor Bangla', style='normal', variant='normal', weight=400, stretch='normal', size='scalable')) = 10.05
2025-10-06 11:02:21,094 - matplotlib.font_manager - DEBUG - findfont: score(FontEntry(fname='/System/Library/Fonts/Supplemental/NotoSansKhojki-Regular.ttf', name='Noto Sans Khojki', style='normal', variant='normal', weight=400, stretch='normal', size='scalable')) = 10.05
2025-10-06 11:02:21,095 - matplotlib.font_manager - DEBUG - findfont: score(FontEntry(fname='/System/Library/Fonts/Supplemental/Baskerville.ttc', name='Baskerville', style='normal', variant='normal', weight=400, stretch='normal', size='scalable')) = 10.05
2025-10-06 11:02:21,095 - matplotlib.font_manager - DEBUG - findfont: score(FontEntry(fname='/Library/Fonts/VNVOGU.TTF', name='.VnVogue', style='normal', variant='normal', weight=500, stretch='normal', size='scalable')) = 10.145
2025-10-06 11:02:21,095 - matplotlib.font_manager - DEBUG - findfont: score(FontEntry(fname='/Library/Fonts/VHCENTI.TTF', name='.VnCentury SchoolbookH', style='italic', variant='normal', weight=400, stretch='normal', size='scalable')) = 11.05
2025-10-06 11:02:21,095 - matplotlib.font_manager - DEBUG - findfont: score(FontEntry(fname='/System/Library/Fonts/Optima.ttc', name='Optima', style='normal', variant='normal', weight=400, stretch='normal', size='scalable')) = 10.05
2025-10-06 11:02:21,096 - matplotlib.font_manager - DEBUG - findfont: score(FontEntry(fname='/Library/Fonts/VHEXOTIC.TTF', name='.VnExoticH', style='normal', variant='normal', weight=400, stretch='normal', size='scalable')) = 10.05
2025-10-06 11:02:21,096 - matplotlib.font_manager - DEBUG - findfont: score(FontEntry(fname='/Library/Fonts/VHHELS.TTF', name='.VnHelvetInsH', style='normal', variant='normal', weight=500, stretch='normal', size='scalable')) = 10.145
2025-10-06 11:02:21,096 - matplotlib.font_manager - DEBUG - findfont: score(FontEntry(fname='/System/Library/Fonts/Supplemental/NotoSansMasaramGondi-Regular.otf', name='Noto Sans Masaram Gondi', style='normal', variant='normal', weight=400, stretch='normal', size='scalable')) = 10.05
2025-10-06 11:02:21,096 - matplotlib.font_manager - DEBUG - findfont: score(FontEntry(fname='/System/Library/Fonts/Supplemental/Gujarati Sangam MN.ttc', name='Gujarati Sangam MN', style='normal', variant='normal', weight=400, stretch='normal', size='scalable')) = 10.05
2025-10-06 11:02:21,096 - matplotlib.font_manager - DEBUG - findfont: score(FontEntry(fname='/System/Library/Fonts/Supplemental/STIXSizFiveSymReg.otf', name='STIXSizeFiveSym', style='normal', variant='normal', weight=400, stretch='normal', size='scalable')) = 10.05
2025-10-06 11:02:21,097 - matplotlib.font_manager - DEBUG - findfont: score(FontEntry(fname='/Library/Fonts/VDOMCAS.TTF', name='VNI-Dom', style='normal', variant='normal', weight=400, stretch='normal', size='scalable')) = 10.05
2025-10-06 11:02:21,097 - matplotlib.font_manager - DEBUG - findfont: score(FontEntry(fname='/System/Library/Fonts/Supplemental/Zapfino.ttf', name='Zapfino', style='normal', variant='normal', weight=400, stretch='normal', size='scalable')) = 10.05
2025-10-06 11:02:21,097 - matplotlib.font_manager - DEBUG - findfont: score(FontEntry(fname='/System/Library/Fonts/Supplemental/Myanmar Sangam MN.ttc', name='Myanmar Sangam MN', style='normal', variant='normal', weight=400, stretch='normal', size='scalable')) = 10.05
2025-10-06 11:02:21,097 - matplotlib.font_manager - DEBUG - findfont: score(FontEntry(fname='/System/Library/Fonts/Supplemental/Impact.ttf', name='Impact', style='normal', variant='normal', weight=400, stretch='normal', size='scalable')) = 10.05
2025-10-06 11:02:21,097 - matplotlib.font_manager - DEBUG - findfont: score(FontEntry(fname='/System/Library/Fonts/Supplemental/Sinhala MN.ttc', name='Sinhala MN', style='normal', variant='normal', weight=400, stretch='normal', size='scalable')) = 10.05
2025-10-06 11:02:21,097 - matplotlib.font_manager - DEBUG - findfont: score(FontEntry(fname='/System/Library/Fonts/Supplemental/Lao Sangam MN.ttf', name='Lao Sangam MN', style='normal', variant='normal', weight=400, stretch='normal', size='scalable')) = 10.05
2025-10-06 11:02:21,098 - matplotlib.font_manager - DEBUG - findfont: score(FontEntry(fname='/System/Library/Fonts/ZapfDingbats.ttf', name='Zapf Dingbats', style='normal', variant='normal', weight=400, stretch='normal', size='scalable')) = 10.05
2025-10-06 11:02:21,098 - matplotlib.font_manager - DEBUG - findfont: score(FontEntry(fname='/Library/Fonts/VTOPHAT.TTF', name='VNI-Top', style='normal', variant='normal', weight=400, stretch='normal', size='scalable')) = 10.05
2025-10-06 11:02:21,098 - matplotlib.font_manager - DEBUG - findfont: score(FontEntry(fname='/System/Library/Fonts/Supplemental/STIXIntUpReg.otf', name='STIXIntegralsUp', style='normal', variant='normal', weight=400, stretch='normal', size='scalable')) = 10.05
2025-10-06 11:02:21,098 - matplotlib.font_manager - DEBUG - findfont: score(FontEntry(fname='/System/Library/Fonts/Supplemental/NotoSansRejang-Regular.ttf', name='Noto Sans Rejang', style='normal', variant='normal', weight=400, stretch='normal', size='scalable')) = 10.05
2025-10-06 11:02:21,099 - matplotlib.font_manager - DEBUG - findfont: score(FontEntry(fname='/Library/Fonts/VPALATIN.TTF', name='VNI-Palatin', style='normal', variant='normal', weight=400, stretch='normal', size='scalable')) = 10.05
2025-10-06 11:02:21,099 - matplotlib.font_manager - DEBUG - findfont: score(FontEntry(fname='/System/Library/Fonts/Supplemental/NotoSansOldItalic-Regular.ttf', name='Noto Sans Old Italic', style='italic', variant='normal', weight=400, stretch='normal', size='scalable')) = 11.05
2025-10-06 11:02:21,099 - matplotlib.font_manager - DEBUG - findfont: score(FontEntry(fname='/System/Library/Fonts/Supplemental/NotoSansMendeKikakui-Regular.ttf', name='Noto Sans Mende Kikakui', style='normal', variant='normal', weight=400, stretch='normal', size='scalable')) = 10.05
2025-10-06 11:02:21,100 - matplotlib.font_manager - DEBUG - findfont: score(FontEntry(fname='/System/Library/Fonts/Supplemental/Times New Roman Bold.ttf', name='Times New Roman', style='normal', variant='normal', weight=700, stretch='normal', size='scalable')) = 10.335
2025-10-06 11:02:21,100 - matplotlib.font_manager - DEBUG - findfont: score(FontEntry(fname='/System/Library/Fonts/SFCompact.ttf', name='.SF Compact', style='normal', variant='normal', weight=1000, stretch='normal', size='scalable')) = 10.62
2025-10-06 11:02:21,100 - matplotlib.font_manager - DEBUG - findfont: score(FontEntry(fname='/System/Library/Fonts/Supplemental/NotoSansBassaVah-Regular.ttf', name='Noto Sans Bassa Vah', style='normal', variant='normal', weight=400, stretch='normal', size='scalable')) = 10.05
2025-10-06 11:02:21,100 - matplotlib.font_manager - DEBUG - findfont: score(FontEntry(fname='/System/Library/Fonts/Supplemental/Tamil Sangam MN.ttc', name='Tamil Sangam MN', style='normal', variant='normal', weight=400, stretch='normal', size='scalable')) = 10.05
2025-10-06 11:02:21,101 - matplotlib.font_manager - DEBUG - findfont: score(FontEntry(fname='/System/Library/Fonts/NotoSansOriya.ttc', name='Noto Sans Oriya', style='normal', variant='normal', weight=400, stretch='normal', size='scalable')) = 10.05
2025-10-06 11:02:21,101 - matplotlib.font_manager - DEBUG - findfont: score(FontEntry(fname='/Library/Fonts/VTUBE.TTF', name='VNI-Tubes', style='normal', variant='normal', weight=400, stretch='normal', size='scalable')) = 10.05
2025-10-06 11:02:21,101 - matplotlib.font_manager - DEBUG - findfont: score(FontEntry(fname='/System/Library/Fonts/ヒラギノ丸ゴ ProN W4.ttc', name='Hiragino Maru Gothic Pro', style='normal', variant='normal', weight=400, stretch='normal', size='scalable')) = 10.05
2025-10-06 11:02:21,101 - matplotlib.font_manager - DEBUG - findfont: score(FontEntry(fname='/System/Library/Fonts/Supplemental/Diwan Thuluth.ttf', name='Diwan Thuluth', style='normal', variant='normal', weight=400, stretch='normal', size='scalable')) = 10.05
2025-10-06 11:02:21,101 - matplotlib.font_manager - DEBUG - findfont: score(FontEntry(fname='/System/Library/Fonts/Supplemental/Galvji.ttc', name='Galvji', style='normal', variant='normal', weight=400, stretch='normal', size='scalable')) = 10.05
2025-10-06 11:02:21,102 - matplotlib.font_manager - DEBUG - findfont: score(FontEntry(fname='/System/Library/Fonts/Supplemental/SukhumvitSet.ttc', name='Sukhumvit Set', style='normal', variant='normal', weight=250, stretch='normal', size='scalable')) = 10.1925
2025-10-06 11:02:21,102 - matplotlib.font_manager - DEBUG - findfont: score(FontEntry(fname='/System/Library/Fonts/Supplemental/NotoSansLinearB-Regular.ttf', name='Noto Sans Linear B', style='normal', variant='normal', weight=400, stretch='normal', size='scalable')) = 10.05
2025-10-06 11:02:21,102 - matplotlib.font_manager - DEBUG - findfont: score(FontEntry(fname='/System/Library/Fonts/Supplemental/NotoSansChakma-Regular.ttf', name='Noto Sans Chakma', style='normal', variant='normal', weight=400, stretch='normal', size='scalable')) = 10.05
2025-10-06 11:02:21,102 - matplotlib.font_manager - DEBUG - findfont: score(FontEntry(fname='/Library/Fonts/VHELVCN.TTF', name='VNI-Helve-Condense', style='normal', variant='normal', weight=400, stretch='condensed', size='scalable')) = 10.25
2025-10-06 11:02:21,102 - matplotlib.font_manager - DEBUG - findfont: score(FontEntry(fname='/System/Library/Fonts/Supplemental/PTSans.ttc', name='PT Sans', style='normal', variant='normal', weight=400, stretch='normal', size='scalable')) = 10.05
2025-10-06 11:02:21,102 - matplotlib.font_manager - DEBUG - findfont: score(FontEntry(fname='/Library/Fonts/VNIWIN.TTF', name='VNI-WIN Sample Font', style='normal', variant='normal', weight=400, stretch='normal', size='scalable')) = 10.05
2025-10-06 11:02:21,103 - matplotlib.font_manager - DEBUG - findfont: score(FontEntry(fname='/Library/Fonts/VNILAOS_.TTF', name='VNI Laos', style='normal', variant='normal', weight=400, stretch='normal', size='scalable')) = 10.05
2025-10-06 11:02:21,103 - matplotlib.font_manager - DEBUG - findfont: score(FontEntry(fname='/Library/Fonts/VHAVANB.TTF', name='.VnAvantH', style='normal', variant='normal', weight=700, stretch='normal', size='scalable')) = 10.335
2025-10-06 11:02:21,103 - matplotlib.font_manager - DEBUG - findfont: score(FontEntry(fname='/System/Library/Fonts/Supplemental/NotoSansHatran-Regular.ttf', name='Noto Sans Hatran', style='normal', variant='normal', weight=400, stretch='normal', size='scalable')) = 10.05
2025-10-06 11:02:21,103 - matplotlib.font_manager - DEBUG - findfont: score(FontEntry(fname='/System/Library/Fonts/Supplemental/Charter.ttc', name='Charter', style='normal', variant='normal', weight=400, stretch='normal', size='scalable')) = 10.05
2025-10-06 11:02:21,104 - matplotlib.font_manager - DEBUG - findfont: score(FontEntry(fname='/Library/Fonts/VHCOUR.TTF', name='.VnCourier NewH', style='normal', variant='normal', weight=400, stretch='normal', size='scalable')) = 10.05
2025-10-06 11:02:21,104 - matplotlib.font_manager - DEBUG - findfont: score(FontEntry(fname='/Library/Fonts/VCENTI.TTF', name='VNI-Centur', style='italic', variant='normal', weight=400, stretch='normal', size='scalable')) = 11.05
2025-10-06 11:02:21,104 - matplotlib.font_manager - DEBUG - findfont: score(FontEntry(fname='/System/Library/Fonts/Supplemental/NotoSansBatak-Regular.ttf', name='Noto Sans Batak', style='normal', variant='normal', weight=400, stretch='normal', size='scalable')) = 10.05
2025-10-06 11:02:21,104 - matplotlib.font_manager - DEBUG - findfont: score(FontEntry(fname='/System/Library/Fonts/Supplemental/NotoSansDuployan-Regular.ttf', name='Noto Sans Duployan', style='normal', variant='normal', weight=400, stretch='normal', size='scalable')) = 10.05
2025-10-06 11:02:21,105 - matplotlib.font_manager - DEBUG - findfont: score(FontEntry(fname='/System/Library/Fonts/Supplemental/Verdana Bold Italic.ttf', name='Verdana', style='italic', variant='normal', weight=700, stretch='normal', size='scalable')) = 4.971363636363637
2025-10-06 11:02:21,105 - matplotlib.font_manager - DEBUG - findfont: score(FontEntry(fname='/System/Library/Fonts/Supplemental/NewPeninimMT.ttc', name='New Peninim MT', style='normal', variant='normal', weight=400, stretch='normal', size='scalable')) = 10.05
2025-10-06 11:02:21,105 - matplotlib.font_manager - DEBUG - findfont: score(FontEntry(fname='/System/Library/Fonts/Supplemental/STIXIntSmBol.otf', name='STIXIntegralsSm', style='normal', variant='normal', weight=700, stretch='normal', size='scalable')) = 10.335
2025-10-06 11:02:21,106 - matplotlib.font_manager - DEBUG - findfont: score(FontEntry(fname='/System/Library/Fonts/Supplemental/NotoSansKharoshthi-Regular.ttf', name='Noto Sans Kharoshthi', style='normal', variant='normal', weight=400, stretch='normal', size='scalable')) = 10.05
2025-10-06 11:02:21,106 - matplotlib.font_manager - DEBUG - findfont: score(FontEntry(fname='/Library/Fonts/VHTEKN.TTF', name='.VnTeknicalH', style='normal', variant='normal', weight=400, stretch='normal', size='scalable')) = 10.05
2025-10-06 11:02:21,106 - matplotlib.font_manager - DEBUG - findfont: score(FontEntry(fname='/System/Library/Fonts/Supplemental/NotoSansOlChiki-Regular.ttf', name='Noto Sans Ol Chiki', style='normal', variant='normal', weight=400, stretch='normal', size='scalable')) = 10.05
2025-10-06 11:02:21,106 - matplotlib.font_manager - DEBUG - findfont: score(FontEntry(fname='/Library/Fonts/VHCOOP.TTF', name='.VnCooperH', style='normal', variant='normal', weight=400, stretch='normal', size='scalable')) = 10.05
2025-10-06 11:02:21,106 - matplotlib.font_manager - DEBUG - findfont: score(FontEntry(fname='/Library/Fonts/VNTIMEBI.TTF', name='.VnTime', style='italic', variant='normal', weight=700, stretch='normal', size='scalable')) = 11.335
2025-10-06 11:02:21,107 - matplotlib.font_manager - DEBUG - findfont: score(FontEntry(fname='/System/Library/Fonts/Supplemental/NotoSansSamaritan-Regular.ttf', name='Noto Sans Samaritan', style='normal', variant='normal', weight=400, stretch='normal', size='scalable')) = 10.05
2025-10-06 11:02:21,107 - matplotlib.font_manager - DEBUG - findfont: score(FontEntry(fname='/Library/Fonts/VHTIMEB.TTF', name='.VnTimeH', style='normal', variant='normal', weight=700, stretch='normal', size='scalable')) = 10.335
2025-10-06 11:02:21,107 - matplotlib.font_manager - DEBUG - findfont: score(FontEntry(fname='/System/Library/Fonts/Supplemental/NotoSansTaiViet-Regular.ttf', name='Noto Sans Tai Viet', style='normal', variant='normal', weight=400, stretch='normal', size='scalable')) = 10.05
2025-10-06 11:02:21,107 - matplotlib.font_manager - DEBUG - findfont: score(FontEntry(fname='/Library/Fonts/VBOOKMB.TTF', name='VNI-Book', style='normal', variant='normal', weight=700, stretch='normal', size='scalable')) = 10.335
2025-10-06 11:02:21,107 - matplotlib.font_manager - DEBUG - findfont: score(FontEntry(fname='/System/Library/Fonts/Supplemental/Kannada Sangam MN.ttc', name='Kannada Sangam MN', style='normal', variant='normal', weight=400, stretch='normal', size='scalable')) = 10.05
2025-10-06 11:02:21,108 - matplotlib.font_manager - DEBUG - findfont: score(FontEntry(fname='/Library/Fonts/VNBLACK.TTF', name='.VnBlack', style='normal', variant='normal', weight=400, stretch='normal', size='scalable')) = 10.05
2025-10-06 11:02:21,108 - matplotlib.font_manager - DEBUG - findfont: score(FontEntry(fname='/Library/Fonts/VNSOUTHN.TTF', name='.VnSouthern', style='normal', variant='normal', weight=400, stretch='normal', size='scalable')) = 10.05
2025-10-06 11:02:21,108 - matplotlib.font_manager - DEBUG - findfont: score(FontEntry(fname='/System/Library/Fonts/Supplemental/Copperplate.ttc', name='Copperplate', style='normal', variant='normal', weight=400, stretch='normal', size='scalable')) = 10.05
2025-10-06 11:02:21,108 - matplotlib.font_manager - DEBUG - findfont: score(FontEntry(fname='/System/Library/Fonts/Supplemental/Muna.ttc', name='Muna', style='normal', variant='normal', weight=400, stretch='normal', size='scalable')) = 10.05
2025-10-06 11:02:21,109 - matplotlib.font_manager - DEBUG - findfont: score(FontEntry(fname='/Library/Fonts/VGARAMI.TTF', name='VNI-Garam', style='italic', variant='normal', weight=400, stretch='normal', size='scalable')) = 11.05
2025-10-06 11:02:21,109 - matplotlib.font_manager - DEBUG - findfont: score(FontEntry(fname='/System/Library/Fonts/Supplemental/Thonburi.ttc', name='Thonburi', style='normal', variant='normal', weight=400, stretch='normal', size='scalable')) = 10.05
2025-10-06 11:02:21,109 - matplotlib.font_manager - DEBUG - findfont: score(FontEntry(fname='/Library/Fonts/VUNIVER.TTF', name='VNI-Univer', style='normal', variant='normal', weight=300, stretch='normal', size='scalable')) = 10.145
2025-10-06 11:02:21,110 - matplotlib.font_manager - DEBUG - findfont: score(FontEntry(fname='/System/Library/Fonts/Supplemental/STIXSizOneSymBol.otf', name='STIXSizeOneSym', style='normal', variant='normal', weight=700, stretch='normal', size='scalable')) = 10.335
2025-10-06 11:02:21,110 - matplotlib.font_manager - DEBUG - findfont: score(FontEntry(fname='/System/Library/Fonts/Supplemental/STIXTwoText.ttf', name='STIX Two Text', style='normal', variant='normal', weight=400, stretch='normal', size='scalable')) = 10.05
2025-10-06 11:02:21,110 - matplotlib.font_manager - DEBUG - findfont: score(FontEntry(fname='/Library/Fonts/VNMUSTI.TTF', name='.VnMystical', style='normal', variant='normal', weight=400, stretch='normal', size='scalable')) = 10.05
2025-10-06 11:02:21,110 - matplotlib.font_manager - DEBUG - findfont: score(FontEntry(fname='/Library/Fonts/vnithufapfan.ttf', name='VNI-Thufapfan', style='normal', variant='normal', weight=400, stretch='normal', size='scalable')) = 10.05
2025-10-06 11:02:21,110 - matplotlib.font_manager - DEBUG - findfont: score(FontEntry(fname='/System/Library/Fonts/Supplemental/NotoSansInscriptionalParthian-Regular.ttf', name='Noto Sans Inscriptional Parthian', style='normal', variant='normal', weight=400, stretch='normal', size='scalable')) = 10.05
2025-10-06 11:02:21,111 - matplotlib.font_manager - DEBUG - findfont: score(FontEntry(fname='/Library/Fonts/VNAVANBI.TTF', name='.VnAvant', style='italic', variant='normal', weight=700, stretch='normal', size='scalable')) = 11.335
2025-10-06 11:02:21,111 - matplotlib.font_manager - DEBUG - findfont: score(FontEntry(fname='/System/Library/Fonts/Supplemental/NotoSansMro-Regular.ttf', name='Noto Sans Mro', style='normal', variant='normal', weight=400, stretch='normal', size='scalable')) = 10.05
2025-10-06 11:02:21,111 - matplotlib.font_manager - DEBUG - findfont: score(FontEntry(fname='/System/Library/Fonts/SFNSMonoItalic.ttf', name='.SF NS Mono', style='italic', variant='normal', weight=295, stretch='normal', size='scalable')) = 11.14975
2025-10-06 11:02:21,111 - matplotlib.font_manager - DEBUG - findfont: score(FontEntry(fname='/Library/Fonts/VGARAMBI.TTF', name='VNI-Garam', style='italic', variant='normal', weight=700, stretch='normal', size='scalable')) = 11.335
2025-10-06 11:02:21,112 - matplotlib.font_manager - DEBUG - findfont: score(FontEntry(fname='/Library/Fonts/VHUNIV.TTF', name='.VnUniverseH', style='normal', variant='normal', weight=400, stretch='normal', size='scalable')) = 10.05
2025-10-06 11:02:21,112 - matplotlib.font_manager - DEBUG - findfont: score(FontEntry(fname='/Library/Fonts/VGOUDYB.TTF', name='VNI-Goudy', style='normal', variant='normal', weight=700, stretch='normal', size='scalable')) = 10.335
2025-10-06 11:02:21,112 - matplotlib.font_manager - DEBUG - findfont: score(FontEntry(fname='/Library/Fonts/VNCENTBI.TTF', name='.VnCentury Schoolbook', style='italic', variant='normal', weight=700, stretch='normal', size='scalable')) = 11.335
2025-10-06 11:02:21,112 - matplotlib.font_manager - DEBUG - findfont: score(FontEntry(fname='/System/Library/Fonts/Supplemental/Myanmar MN.ttc', name='Myanmar MN', style='normal', variant='normal', weight=400, stretch='normal', size='scalable')) = 10.05
2025-10-06 11:02:21,112 - matplotlib.font_manager - DEBUG - findfont: score(FontEntry(fname='/System/Library/Fonts/Supplemental/NotoSansHanifiRohingya-Regular.ttf', name='Noto Sans Hanifi Rohingya', style='normal', variant='normal', weight=400, stretch='normal', size='scalable')) = 10.05
2025-10-06 11:02:21,113 - matplotlib.font_manager - DEBUG - findfont: score(FontEntry(fname='/Library/Fonts/VAPTIMI.TTF', name='VNI-Aptima', style='italic', variant='normal', weight=400, stretch='normal', size='scalable')) = 11.05
2025-10-06 11:02:21,113 - matplotlib.font_manager - DEBUG - findfont: score(FontEntry(fname='/Library/Fonts/VHARIAL.TTF', name='.VnArialH', style='normal', variant='normal', weight=400, stretch='normal', size='scalable')) = 10.05
2025-10-06 11:02:21,113 - matplotlib.font_manager - DEBUG - findfont: score(FontEntry(fname='/System/Library/Fonts/Supplemental/NotoSansKayahLi-Regular.ttf', name='Noto Sans Kayah Li', style='normal', variant='normal', weight=400, stretch='normal', size='scalable')) = 10.05
2025-10-06 11:02:21,113 - matplotlib.font_manager - DEBUG - findfont: score(FontEntry(fname='/System/Library/Fonts/Supplemental/NotoSansOldHungarian-Regular.ttf', name='Noto Sans Old Hungarian', style='normal', variant='normal', weight=400, stretch='normal', size='scalable')) = 10.05
2025-10-06 11:02:21,114 - matplotlib.font_manager - DEBUG - findfont: score(FontEntry(fname='/System/Library/Fonts/Supplemental/NotoSansNKo-Regular.ttf', name='Noto Sans NKo', style='normal', variant='normal', weight=400, stretch='normal', size='scalable')) = 10.05
2025-10-06 11:02:21,114 - matplotlib.font_manager - DEBUG - findfont: score(FontEntry(fname='/Library/Fonts/VNARABIA.TTF', name='.VnArabia', style='normal', variant='normal', weight=400, stretch='normal', size='scalable')) = 10.05
2025-10-06 11:02:21,114 - matplotlib.font_manager - DEBUG - findfont: Matching sans\-serif:style=normal:variant=normal:weight=normal:stretch=normal:size=12.0 to DejaVu Sans ('/Users/longlh123/Languages/GitHub/IPSOS-VINCENZO-2025/env/lib/python3.10/site-packages/matplotlib/mpl-data/fonts/ttf/DejaVuSans.ttf') with score of 0.050000.
2025-10-06 11:02:21,137 - matplotlib.font_manager - DEBUG - findfont: Matching sans\-serif:style=normal:variant=normal:weight=normal:stretch=normal:size=9.0.
2025-10-06 11:02:21,138 - matplotlib.font_manager - DEBUG - findfont: score(FontEntry(fname='/Users/longlh123/Languages/GitHub/IPSOS-VINCENZO-2025/env/lib/python3.10/site-packages/matplotlib/mpl-data/fonts/ttf/STIXNonUniBolIta.ttf', name='STIXNonUnicode', style='italic', variant='normal', weight=700, stretch='normal', size='scalable')) = 11.335
2025-10-06 11:02:21,138 - matplotlib.font_manager - DEBUG - findfont: score(FontEntry(fname='/Users/longlh123/Languages/GitHub/IPSOS-VINCENZO-2025/env/lib/python3.10/site-packages/matplotlib/mpl-data/fonts/ttf/STIXSizTwoSymReg.ttf', name='STIXSizeTwoSym', style='normal', variant='normal', weight=400, stretch='normal', size='scalable')) = 10.05
2025-10-06 11:02:21,138 - matplotlib.font_manager - DEBUG - findfont: score(FontEntry(fname='/Users/longlh123/Languages/GitHub/IPSOS-VINCENZO-2025/env/lib/python3.10/site-packages/matplotlib/mpl-data/fonts/ttf/STIXGeneralItalic.ttf', name='STIXGeneral', style='italic', variant='normal', weight=400, stretch='normal', size='scalable')) = 11.05
2025-10-06 11:02:21,138 - matplotlib.font_manager - DEBUG - findfont: score(FontEntry(fname='/Users/longlh123/Languages/GitHub/IPSOS-VINCENZO-2025/env/lib/python3.10/site-packages/matplotlib/mpl-data/fonts/ttf/STIXSizTwoSymBol.ttf', name='STIXSizeTwoSym', style='normal', variant='normal', weight=700, stretch='normal', size='scalable')) = 10.335
2025-10-06 11:02:21,139 - matplotlib.font_manager - DEBUG - findfont: score(FontEntry(fname='/Users/longlh123/Languages/GitHub/IPSOS-VINCENZO-2025/env/lib/python3.10/site-packages/matplotlib/mpl-data/fonts/ttf/cmtt10.ttf', name='cmtt10', style='normal', variant='normal', weight=400, stretch='normal', size='scalable')) = 10.05
2025-10-06 11:02:21,139 - matplotlib.font_manager - DEBUG - findfont: score(FontEntry(fname='/Users/longlh123/Languages/GitHub/IPSOS-VINCENZO-2025/env/lib/python3.10/site-packages/matplotlib/mpl-data/fonts/ttf/DejaVuSansMono-Oblique.ttf', name='DejaVu Sans Mono', style='oblique', variant='normal', weight=400, stretch='normal', size='scalable')) = 11.05
2025-10-06 11:02:21,139 - matplotlib.font_manager - DEBUG - findfont: score(FontEntry(fname='/Users/longlh123/Languages/GitHub/IPSOS-VINCENZO-2025/env/lib/python3.10/site-packages/matplotlib/mpl-data/fonts/ttf/DejaVuSansMono-BoldOblique.ttf', name='DejaVu Sans Mono', style='oblique', variant='normal', weight=700, stretch='normal', size='scalable')) = 11.335
2025-10-06 11:02:21,139 - matplotlib.font_manager - DEBUG - findfont: score(FontEntry(fname='/Users/longlh123/Languages/GitHub/IPSOS-VINCENZO-2025/env/lib/python3.10/site-packages/matplotlib/mpl-data/fonts/ttf/cmsy10.ttf', name='cmsy10', style='normal', variant='normal', weight=400, stretch='normal', size='scalable')) = 10.05
2025-10-06 11:02:21,140 - matplotlib.font_manager - DEBUG - findfont: score(FontEntry(fname='/Users/longlh123/Languages/GitHub/IPSOS-VINCENZO-2025/env/lib/python3.10/site-packages/matplotlib/mpl-data/fonts/ttf/STIXNonUni.ttf', name='STIXNonUnicode', style='normal', variant='normal', weight=400, stretch='normal', size='scalable')) = 10.05
2025-10-06 11:02:21,140 - matplotlib.font_manager - DEBUG - findfont: score(FontEntry(fname='/Users/longlh123/Languages/GitHub/IPSOS-VINCENZO-2025/env/lib/python3.10/site-packages/matplotlib/mpl-data/fonts/ttf/cmex10.ttf', name='cmex10', style='normal', variant='normal', weight=400, stretch='normal', size='scalable')) = 10.05
2025-10-06 11:02:21,140 - matplotlib.font_manager - DEBUG - findfont: score(FontEntry(fname='/Users/longlh123/Languages/GitHub/IPSOS-VINCENZO-2025/env/lib/python3.10/site-packages/matplotlib/mpl-data/fonts/ttf/DejaVuSerif.ttf', name='DejaVu Serif', style='normal', variant='normal', weight=400, stretch='normal', size='scalable')) = 10.05
2025-10-06 11:02:21,140 - matplotlib.font_manager - DEBUG - findfont: score(FontEntry(fname='/Users/longlh123/Languages/GitHub/IPSOS-VINCENZO-2025/env/lib/python3.10/site-packages/matplotlib/mpl-data/fonts/ttf/STIXSizOneSymReg.ttf', name='STIXSizeOneSym', style='normal', variant='normal', weight=400, stretch='normal', size='scalable')) = 10.05
2025-10-06 11:02:21,141 - matplotlib.font_manager - DEBUG - findfont: score(FontEntry(fname='/Users/longlh123/Languages/GitHub/IPSOS-VINCENZO-2025/env/lib/python3.10/site-packages/matplotlib/mpl-data/fonts/ttf/DejaVuSerifDisplay.ttf', name='DejaVu Serif Display', style='normal', variant='normal', weight=400, stretch='normal', size='scalable')) = 10.05
2025-10-06 11:02:21,141 - matplotlib.font_manager - DEBUG - findfont: score(FontEntry(fname='/Users/longlh123/Languages/GitHub/IPSOS-VINCENZO-2025/env/lib/python3.10/site-packages/matplotlib/mpl-data/fonts/ttf/DejaVuSansMono.ttf', name='DejaVu Sans Mono', style='normal', variant='normal', weight=400, stretch='normal', size='scalable')) = 10.05
2025-10-06 11:02:21,141 - matplotlib.font_manager - DEBUG - findfont: score(FontEntry(fname='/Users/longlh123/Languages/GitHub/IPSOS-VINCENZO-2025/env/lib/python3.10/site-packages/matplotlib/mpl-data/fonts/ttf/cmmi10.ttf', name='cmmi10', style='normal', variant='normal', weight=400, stretch='normal', size='scalable')) = 10.05
2025-10-06 11:02:21,141 - matplotlib.font_manager - DEBUG - findfont: score(FontEntry(fname='/Users/longlh123/Languages/GitHub/IPSOS-VINCENZO-2025/env/lib/python3.10/site-packages/matplotlib/mpl-data/fonts/ttf/DejaVuSans-BoldOblique.ttf', name='DejaVu Sans', style='oblique', variant='normal', weight=700, stretch='normal', size='scalable')) = 1.335
2025-10-06 11:02:21,141 - matplotlib.font_manager - DEBUG - findfont: score(FontEntry(fname='/Users/longlh123/Languages/GitHub/IPSOS-VINCENZO-2025/env/lib/python3.10/site-packages/matplotlib/mpl-data/fonts/ttf/DejaVuSerif-Bold.ttf', name='DejaVu Serif', style='normal', variant='normal', weight=700, stretch='normal', size='scalable')) = 10.335
2025-10-06 11:02:21,142 - matplotlib.font_manager - DEBUG - findfont: score(FontEntry(fname='/Users/longlh123/Languages/GitHub/IPSOS-VINCENZO-2025/env/lib/python3.10/site-packages/matplotlib/mpl-data/fonts/ttf/DejaVuSerif-Italic.ttf', name='DejaVu Serif', style='italic', variant='normal', weight=400, stretch='normal', size='scalable')) = 11.05
2025-10-06 11:02:21,142 - matplotlib.font_manager - DEBUG - findfont: score(FontEntry(fname='/Users/longlh123/Languages/GitHub/IPSOS-VINCENZO-2025/env/lib/python3.10/site-packages/matplotlib/mpl-data/fonts/ttf/DejaVuSans-Bold.ttf', name='DejaVu Sans', style='normal', variant='normal', weight=700, stretch='normal', size='scalable')) = 0.33499999999999996
2025-10-06 11:02:21,142 - matplotlib.font_manager - DEBUG - findfont: score(FontEntry(fname='/Users/longlh123/Languages/GitHub/IPSOS-VINCENZO-2025/env/lib/python3.10/site-packages/matplotlib/mpl-data/fonts/ttf/STIXSizOneSymBol.ttf', name='STIXSizeOneSym', style='normal', variant='normal', weight=700, stretch='normal', size='scalable')) = 10.335
2025-10-06 11:02:21,142 - matplotlib.font_manager - DEBUG - findfont: score(FontEntry(fname='/Users/longlh123/Languages/GitHub/IPSOS-VINCENZO-2025/env/lib/python3.10/site-packages/matplotlib/mpl-data/fonts/ttf/STIXSizThreeSymBol.ttf', name='STIXSizeThreeSym', style='normal', variant='normal', weight=700, stretch='normal', size='scalable')) = 10.335
2025-10-06 11:02:21,142 - matplotlib.font_manager - DEBUG - findfont: score(FontEntry(fname='/Users/longlh123/Languages/GitHub/IPSOS-VINCENZO-2025/env/lib/python3.10/site-packages/matplotlib/mpl-data/fonts/ttf/STIXGeneralBol.ttf', name='STIXGeneral', style='normal', variant='normal', weight=700, stretch='normal', size='scalable')) = 10.335
2025-10-06 11:02:21,143 - matplotlib.font_manager - DEBUG - findfont: score(FontEntry(fname='/Users/longlh123/Languages/GitHub/IPSOS-VINCENZO-2025/env/lib/python3.10/site-packages/matplotlib/mpl-data/fonts/ttf/cmb10.ttf', name='cmb10', style='normal', variant='normal', weight=400, stretch='normal', size='scalable')) = 10.05
2025-10-06 11:02:21,143 - matplotlib.font_manager - DEBUG - findfont: score(FontEntry(fname='/Users/longlh123/Languages/GitHub/IPSOS-VINCENZO-2025/env/lib/python3.10/site-packages/matplotlib/mpl-data/fonts/ttf/STIXGeneral.ttf', name='STIXGeneral', style='normal', variant='normal', weight=400, stretch='normal', size='scalable')) = 10.05
2025-10-06 11:02:21,143 - matplotlib.font_manager - DEBUG - findfont: score(FontEntry(fname='/Users/longlh123/Languages/GitHub/IPSOS-VINCENZO-2025/env/lib/python3.10/site-packages/matplotlib/mpl-data/fonts/ttf/STIXGeneralBolIta.ttf', name='STIXGeneral', style='italic', variant='normal', weight=700, stretch='normal', size='scalable')) = 11.335
2025-10-06 11:02:21,143 - matplotlib.font_manager - DEBUG - findfont: score(FontEntry(fname='/Users/longlh123/Languages/GitHub/IPSOS-VINCENZO-2025/env/lib/python3.10/site-packages/matplotlib/mpl-data/fonts/ttf/STIXSizThreeSymReg.ttf', name='STIXSizeThreeSym', style='normal', variant='normal', weight=400, stretch='normal', size='scalable')) = 10.05
2025-10-06 11:02:21,143 - matplotlib.font_manager - DEBUG - findfont: score(FontEntry(fname='/Users/longlh123/Languages/GitHub/IPSOS-VINCENZO-2025/env/lib/python3.10/site-packages/matplotlib/mpl-data/fonts/ttf/DejaVuSans.ttf', name='DejaVu Sans', style='normal', variant='normal', weight=400, stretch='normal', size='scalable')) = 0.05
2025-10-06 11:02:21,144 - matplotlib.font_manager - DEBUG - findfont: score(FontEntry(fname='/Users/longlh123/Languages/GitHub/IPSOS-VINCENZO-2025/env/lib/python3.10/site-packages/matplotlib/mpl-data/fonts/ttf/STIXNonUniIta.ttf', name='STIXNonUnicode', style='italic', variant='normal', weight=400, stretch='normal', size='scalable')) = 11.05
2025-10-06 11:02:21,144 - matplotlib.font_manager - DEBUG - findfont: score(FontEntry(fname='/Users/longlh123/Languages/GitHub/IPSOS-VINCENZO-2025/env/lib/python3.10/site-packages/matplotlib/mpl-data/fonts/ttf/STIXSizFourSymReg.ttf', name='STIXSizeFourSym', style='normal', variant='normal', weight=400, stretch='normal', size='scalable')) = 10.05
2025-10-06 11:02:21,144 - matplotlib.font_manager - DEBUG - findfont: score(FontEntry(fname='/Users/longlh123/Languages/GitHub/IPSOS-VINCENZO-2025/env/lib/python3.10/site-packages/matplotlib/mpl-data/fonts/ttf/cmss10.ttf', name='cmss10', style='normal', variant='normal', weight=400, stretch='normal', size='scalable')) = 10.05
2025-10-06 11:02:21,144 - matplotlib.font_manager - DEBUG - findfont: score(FontEntry(fname='/Users/longlh123/Languages/GitHub/IPSOS-VINCENZO-2025/env/lib/python3.10/site-packages/matplotlib/mpl-data/fonts/ttf/DejaVuSans-Oblique.ttf', name='DejaVu Sans', style='oblique', variant='normal', weight=400, stretch='normal', size='scalable')) = 1.05
2025-10-06 11:02:21,144 - matplotlib.font_manager - DEBUG - findfont: score(FontEntry(fname='/Users/longlh123/Languages/GitHub/IPSOS-VINCENZO-2025/env/lib/python3.10/site-packages/matplotlib/mpl-data/fonts/ttf/DejaVuSansMono-Bold.ttf', name='DejaVu Sans Mono', style='normal', variant='normal', weight=700, stretch='normal', size='scalable')) = 10.335
2025-10-06 11:02:21,145 - matplotlib.font_manager - DEBUG - findfont: score(FontEntry(fname='/Users/longlh123/Languages/GitHub/IPSOS-VINCENZO-2025/env/lib/python3.10/site-packages/matplotlib/mpl-data/fonts/ttf/cmr10.ttf', name='cmr10', style='normal', variant='normal', weight=400, stretch='normal', size='scalable')) = 10.05
2025-10-06 11:02:21,145 - matplotlib.font_manager - DEBUG - findfont: score(FontEntry(fname='/Users/longlh123/Languages/GitHub/IPSOS-VINCENZO-2025/env/lib/python3.10/site-packages/matplotlib/mpl-data/fonts/ttf/DejaVuSerif-BoldItalic.ttf', name='DejaVu Serif', style='italic', variant='normal', weight=700, stretch='normal', size='scalable')) = 11.335
2025-10-06 11:02:21,145 - matplotlib.font_manager - DEBUG - findfont: score(FontEntry(fname='/Users/longlh123/Languages/GitHub/IPSOS-VINCENZO-2025/env/lib/python3.10/site-packages/matplotlib/mpl-data/fonts/ttf/DejaVuSansDisplay.ttf', name='DejaVu Sans Display', style='normal', variant='normal', weight=400, stretch='normal', size='scalable')) = 10.05
2025-10-06 11:02:21,145 - matplotlib.font_manager - DEBUG - findfont: score(FontEntry(fname='/Users/longlh123/Languages/GitHub/IPSOS-VINCENZO-2025/env/lib/python3.10/site-packages/matplotlib/mpl-data/fonts/ttf/STIXNonUniBol.ttf', name='STIXNonUnicode', style='normal', variant='normal', weight=700, stretch='normal', size='scalable')) = 10.335
2025-10-06 11:02:21,146 - matplotlib.font_manager - DEBUG - findfont: score(FontEntry(fname='/Users/longlh123/Languages/GitHub/IPSOS-VINCENZO-2025/env/lib/python3.10/site-packages/matplotlib/mpl-data/fonts/ttf/STIXSizFiveSymReg.ttf', name='STIXSizeFiveSym', style='normal', variant='normal', weight=400, stretch='normal', size='scalable')) = 10.05
2025-10-06 11:02:21,146 - matplotlib.font_manager - DEBUG - findfont: score(FontEntry(fname='/Users/longlh123/Languages/GitHub/IPSOS-VINCENZO-2025/env/lib/python3.10/site-packages/matplotlib/mpl-data/fonts/ttf/STIXSizFourSymBol.ttf', name='STIXSizeFourSym', style='normal', variant='normal', weight=700, stretch='normal', size='scalable')) = 10.335
2025-10-06 11:02:21,146 - matplotlib.font_manager - DEBUG - findfont: score(FontEntry(fname='/System/Library/Fonts/NewYork.ttf', name='.New York', style='normal', variant='normal', weight=400, stretch='normal', size='scalable')) = 10.05
2025-10-06 11:02:21,146 - matplotlib.font_manager - DEBUG - findfont: score(FontEntry(fname='/System/Library/Fonts/Supplemental/NotoSansPsalterPahlavi-Regular.ttf', name='Noto Sans Psalter Pahlavi', style='normal', variant='normal', weight=400, stretch='normal', size='scalable')) = 10.05
2025-10-06 11:02:21,146 - matplotlib.font_manager - DEBUG - findfont: score(FontEntry(fname='/System/Library/Fonts/Hiragino Sans GB.ttc', name='Hiragino Sans GB', style='normal', variant='normal', weight=300, stretch='normal', size='scalable')) = 10.145
2025-10-06 11:02:21,147 - matplotlib.font_manager - DEBUG - findfont: score(FontEntry(fname='/System/Library/Fonts/Supplemental/Futura.ttc', name='Futura', style='normal', variant='normal', weight=500, stretch='normal', size='scalable')) = 10.145
2025-10-06 11:02:21,147 - matplotlib.font_manager - DEBUG - findfont: score(FontEntry(fname='/Library/Fonts/VKUNM.TTF', name='VNI-Kun', style='normal', variant='normal', weight=400, stretch='normal', size='scalable')) = 10.05
2025-10-06 11:02:21,147 - matplotlib.font_manager - DEBUG - findfont: score(FontEntry(fname='/System/Library/Fonts/Keyboard.ttf', name='.Keyboard', style='normal', variant='normal', weight=100, stretch='normal', size='scalable')) = 10.335
2025-10-06 11:02:21,147 - matplotlib.font_manager - DEBUG - findfont: score(FontEntry(fname='/Library/Fonts/VNAVANB.TTF', name='.VnAvant', style='normal', variant='normal', weight=700, stretch='normal', size='scalable')) = 10.335
2025-10-06 11:02:21,147 - matplotlib.font_manager - DEBUG - findfont: score(FontEntry(fname='/System/Library/Fonts/Supplemental/NotoSansBhaiksuki-Regular.ttf', name='Noto Sans Bhaiksuki', style='normal', variant='normal', weight=400, stretch='normal', size='scalable')) = 10.05
2025-10-06 11:02:21,147 - matplotlib.font_manager - DEBUG - findfont: score(FontEntry(fname='/Library/Fonts/VMURRAYN.TTF', name='VNI-Murray', style='normal', variant='normal', weight=400, stretch='normal', size='scalable')) = 10.05
2025-10-06 11:02:21,148 - matplotlib.font_manager - DEBUG - findfont: score(FontEntry(fname='/Library/Fonts/VHTIMEBI.TTF', name='.VnTimeH', style='italic', variant='normal', weight=700, stretch='normal', size='scalable')) = 11.335
2025-10-06 11:02:21,148 - matplotlib.font_manager - DEBUG - findfont: score(FontEntry(fname='/Library/Fonts/VHARIS.TTF', name='.VnAristoteH', style='normal', variant='normal', weight=500, stretch='normal', size='scalable')) = 10.145
2025-10-06 11:02:21,148 - matplotlib.font_manager - DEBUG - findfont: score(FontEntry(fname='/System/Library/Fonts/Supplemental/Courier New.ttf', name='Courier New', style='normal', variant='normal', weight=400, stretch='normal', size='scalable')) = 10.05
2025-10-06 11:02:21,148 - matplotlib.font_manager - DEBUG - findfont: score(FontEntry(fname='/System/Library/Fonts/Supplemental/NotoSansAdlam-Regular.ttf', name='Noto Sans Adlam', style='normal', variant='normal', weight=400, stretch='normal', size='scalable')) = 10.05
2025-10-06 11:02:21,148 - matplotlib.font_manager - DEBUG - findfont: score(FontEntry(fname='/Library/Fonts/VBROADW.TTF', name='VNI-Broad', style='normal', variant='normal', weight=400, stretch='normal', size='scalable')) = 10.05
2025-10-06 11:02:21,148 - matplotlib.font_manager - DEBUG - findfont: score(FontEntry(fname='/Library/Fonts/VARISON.TTF', name='VNI-Ariston', style='italic', variant='normal', weight=800, stretch='normal', size='scalable')) = 11.43
2025-10-06 11:02:21,148 - matplotlib.font_manager - DEBUG - findfont: score(FontEntry(fname='/System/Library/Fonts/Supplemental/Kailasa.ttc', name='Kailasa', style='normal', variant='normal', weight=400, stretch='normal', size='scalable')) = 10.05
2025-10-06 11:02:21,149 - matplotlib.font_manager - DEBUG - findfont: score(FontEntry(fname='/System/Library/Fonts/NotoSerifMyanmar.ttc', name='Noto Serif Myanmar', style='normal', variant='normal', weight=900, stretch='normal', size='scalable')) = 10.525
2025-10-06 11:02:21,149 - matplotlib.font_manager - DEBUG - findfont: score(FontEntry(fname='/Library/Fonts/VNCENTN.TTF', name='.VnCentury Schoolbook', style='normal', variant='normal', weight=400, stretch='normal', size='scalable')) = 10.05
2025-10-06 11:02:21,149 - matplotlib.font_manager - DEBUG - findfont: score(FontEntry(fname='/System/Library/Fonts/ヒラギノ角ゴシック W0.ttc', name='Hiragino Sans', style='normal', variant='normal', weight=100, stretch='normal', size='scalable')) = 10.335
2025-10-06 11:02:21,149 - matplotlib.font_manager - DEBUG - findfont: score(FontEntry(fname='/Library/Fonts/VVIVI.TTF', name='VNI-Vivi', style='normal', variant='normal', weight=400, stretch='normal', size='scalable')) = 10.05
2025-10-06 11:02:21,149 - matplotlib.font_manager - DEBUG - findfont: score(FontEntry(fname='/Library/Fonts/VHCOMSCI.TTF', name='.VnCommercial ScriptH', style='italic', variant='normal', weight=400, stretch='normal', size='scalable')) = 11.05
2025-10-06 11:02:21,150 - matplotlib.font_manager - DEBUG - findfont: score(FontEntry(fname='/System/Library/Fonts/Supplemental/Herculanum.ttf', name='Herculanum', style='normal', variant='normal', weight=400, stretch='normal', size='scalable')) = 10.05
2025-10-06 11:02:21,150 - matplotlib.font_manager - DEBUG - findfont: score(FontEntry(fname='/System/Library/Fonts/Supplemental/Telugu Sangam MN.ttc', name='Telugu Sangam MN', style='normal', variant='normal', weight=400, stretch='normal', size='scalable')) = 10.05
2025-10-06 11:02:21,150 - matplotlib.font_manager - DEBUG - findfont: score(FontEntry(fname='/Library/Fonts/VREVUE.TTF', name='VNI-Revue', style='normal', variant='normal', weight=700, stretch='normal', size='scalable')) = 10.335
2025-10-06 11:02:21,150 - matplotlib.font_manager - DEBUG - findfont: score(FontEntry(fname='/System/Library/Fonts/Supplemental/PTSerif.ttc', name='PT Serif', style='normal', variant='normal', weight=400, stretch='normal', size='scalable')) = 10.05
2025-10-06 11:02:21,150 - matplotlib.font_manager - DEBUG - findfont: score(FontEntry(fname='/System/Library/Fonts/Supplemental/Savoye LET.ttc', name='Savoye LET', style='normal', variant='normal', weight=400, stretch='normal', size='scalable')) = 10.05
2025-10-06 11:02:21,150 - matplotlib.font_manager - DEBUG - findfont: score(FontEntry(fname='/Library/Fonts/VHELVEN.TTF', name='VNI-Helve', style='normal', variant='normal', weight=400, stretch='normal', size='scalable')) = 10.05
2025-10-06 11:02:21,150 - matplotlib.font_manager - DEBUG - findfont: score(FontEntry(fname='/System/Library/Fonts/Supplemental/Wingdings.ttf', name='Wingdings', style='normal', variant='normal', weight=400, stretch='normal', size='scalable')) = 10.05
2025-10-06 11:02:21,151 - matplotlib.font_manager - DEBUG - findfont: score(FontEntry(fname='/System/Library/Fonts/Supplemental/Arial Narrow Bold Italic.ttf', name='Arial Narrow', style='italic', variant='normal', weight=700, stretch='condensed', size='scalable')) = 11.535
2025-10-06 11:02:21,151 - matplotlib.font_manager - DEBUG - findfont: score(FontEntry(fname='/Library/Fonts/VNCOUR2.TTF', name='.VnCourier', style='normal', variant='normal', weight=400, stretch='normal', size='scalable')) = 10.05
2025-10-06 11:02:21,151 - matplotlib.font_manager - DEBUG - findfont: score(FontEntry(fname='/System/Library/Fonts/Supplemental/GillSans.ttc', name='Gill Sans', style='normal', variant='normal', weight=400, stretch='normal', size='scalable')) = 10.05
2025-10-06 11:02:21,151 - matplotlib.font_manager - DEBUG - findfont: score(FontEntry(fname='/Library/Fonts/VPALATIB.TTF', name='VNI-Palatin', style='normal', variant='normal', weight=700, stretch='normal', size='scalable')) = 10.335
2025-10-06 11:02:21,151 - matplotlib.font_manager - DEBUG - findfont: score(FontEntry(fname='/System/Library/Fonts/Supplemental/Malayalam MN.ttc', name='Malayalam MN', style='normal', variant='normal', weight=400, stretch='normal', size='scalable')) = 10.05
2025-10-06 11:02:21,151 - matplotlib.font_manager - DEBUG - findfont: score(FontEntry(fname='/Library/Fonts/VHELVEB.TTF', name='VNI-Helve', style='normal', variant='normal', weight=700, stretch='normal', size='scalable')) = 10.335
2025-10-06 11:02:21,151 - matplotlib.font_manager - DEBUG - findfont: score(FontEntry(fname='/Library/Fonts/VHAVANI.TTF', name='.VnAvantH', style='italic', variant='normal', weight=400, stretch='normal', size='scalable')) = 11.05
2025-10-06 11:02:21,152 - matplotlib.font_manager - DEBUG - findfont: score(FontEntry(fname='/Library/Fonts/vniviettay.ttf', name='VNI-Viettay', style='normal', variant='normal', weight=400, stretch='normal', size='scalable')) = 10.05
2025-10-06 11:02:21,152 - matplotlib.font_manager - DEBUG - findfont: score(FontEntry(fname='/System/Library/Fonts/Supplemental/NotoSansCaucasianAlbanian-Regular.ttf', name='Noto Sans Caucasian Albanian', style='normal', variant='normal', weight=400, stretch='normal', size='scalable')) = 10.05
2025-10-06 11:02:21,152 - matplotlib.font_manager - DEBUG - findfont: score(FontEntry(fname='/System/Library/Fonts/NotoSansMyanmar.ttc', name='Noto Sans Myanmar', style='normal', variant='normal', weight=900, stretch='normal', size='scalable')) = 10.525
2025-10-06 11:02:21,152 - matplotlib.font_manager - DEBUG - findfont: score(FontEntry(fname='/Library/Fonts/VHCENTB.TTF', name='.VnCentury SchoolbookH', style='normal', variant='normal', weight=700, stretch='normal', size='scalable')) = 10.335
2025-10-06 11:02:21,152 - matplotlib.font_manager - DEBUG - findfont: score(FontEntry(fname='/System/Library/Fonts/Supplemental/Kokonor.ttf', name='Kokonor', style='normal', variant='normal', weight=400, stretch='normal', size='scalable')) = 10.05
2025-10-06 11:02:21,152 - matplotlib.font_manager - DEBUG - findfont: score(FontEntry(fname='/Library/Fonts/VNARIABI.TTF', name='.VnArial', style='italic', variant='normal', weight=700, stretch='normal', size='scalable')) = 11.335
2025-10-06 11:02:21,152 - matplotlib.font_manager - DEBUG - findfont: score(FontEntry(fname='/Library/Fonts/VTIMESN.TTF', name='VNI-Times', style='normal', variant='normal', weight=400, stretch='normal', size='scalable')) = 10.05
2025-10-06 11:02:21,153 - matplotlib.font_manager - DEBUG - findfont: score(FontEntry(fname='/System/Library/Fonts/Supplemental/STIXIntUpDBol.otf', name='STIXIntegralsUpD', style='normal', variant='normal', weight=700, stretch='normal', size='scalable')) = 10.335
2025-10-06 11:02:21,153 - matplotlib.font_manager - DEBUG - findfont: score(FontEntry(fname='/Library/Fonts/VNARIAL.TTF', name='.VnArial', style='normal', variant='normal', weight=400, stretch='normal', size='scalable')) = 10.05
2025-10-06 11:02:21,153 - matplotlib.font_manager - DEBUG - findfont: score(FontEntry(fname='/System/Library/Fonts/Supplemental/NotoSansNewTaiLue-Regular.ttf', name='Noto Sans New Tai Lue', style='normal', variant='normal', weight=400, stretch='normal', size='scalable')) = 10.05
2025-10-06 11:02:21,153 - matplotlib.font_manager - DEBUG - findfont: score(FontEntry(fname='/System/Library/Fonts/Supplemental/Bodoni 72 OS.ttc', name='Bodoni 72 Oldstyle', style='normal', variant='normal', weight=400, stretch='normal', size='scalable')) = 10.05
2025-10-06 11:02:21,153 - matplotlib.font_manager - DEBUG - findfont: score(FontEntry(fname='/System/Library/Fonts/Supplemental/PTSerifCaption.ttc', name='PT Serif Caption', style='normal', variant='normal', weight=400, stretch='normal', size='scalable')) = 10.05
2025-10-06 11:02:21,153 - matplotlib.font_manager - DEBUG - findfont: score(FontEntry(fname='/Library/Fonts/VDUFFY.TTF', name='VNI-Duff', style='normal', variant='normal', weight=400, stretch='normal', size='scalable')) = 10.05
2025-10-06 11:02:21,154 - matplotlib.font_manager - DEBUG - findfont: score(FontEntry(fname='/System/Library/Fonts/ヒラギノ角ゴシック W9.ttc', name='Hiragino Sans', style='normal', variant='normal', weight=900, stretch='normal', size='scalable')) = 10.525
2025-10-06 11:02:21,154 - matplotlib.font_manager - DEBUG - findfont: score(FontEntry(fname='/Library/Fonts/VHREVU.TTF', name='.VnRevueH', style='normal', variant='normal', weight=500, stretch='normal', size='scalable')) = 10.145
2025-10-06 11:02:21,154 - matplotlib.font_manager - DEBUG - findfont: score(FontEntry(fname='/Library/Fonts/VHKOALA.TTF', name='.VnKoalaH', style='normal', variant='normal', weight=400, stretch='normal', size='scalable')) = 10.05
2025-10-06 11:02:21,154 - matplotlib.font_manager - DEBUG - findfont: score(FontEntry(fname='/System/Library/Fonts/Supplemental/NotoSansThaana-Regular.ttf', name='Noto Sans Thaana', style='normal', variant='normal', weight=400, stretch='normal', size='scalable')) = 10.05
2025-10-06 11:02:21,154 - matplotlib.font_manager - DEBUG - findfont: score(FontEntry(fname='/Library/Fonts/VPRESENT.TTF', name='VNI-Present', style='normal', variant='normal', weight=400, stretch='normal', size='scalable')) = 10.05
2025-10-06 11:02:21,154 - matplotlib.font_manager - DEBUG - findfont: score(FontEntry(fname='/System/Library/Fonts/Supplemental/Bodoni 72.ttc', name='Bodoni 72', style='normal', variant='normal', weight=400, stretch='normal', size='scalable')) = 10.05
2025-10-06 11:02:21,154 - matplotlib.font_manager - DEBUG - findfont: score(FontEntry(fname='/Library/Fonts/VHELVCB.TTF', name='VNI-Helve-Condense', style='normal', variant='normal', weight=700, stretch='condensed', size='scalable')) = 10.535
2025-10-06 11:02:21,155 - matplotlib.font_manager - DEBUG - findfont: score(FontEntry(fname='/System/Library/Fonts/Apple Braille Pinpoint 6 Dot.ttf', name='Apple Braille', style='normal', variant='normal', weight=400, stretch='normal', size='scalable')) = 10.05
2025-10-06 11:02:21,155 - matplotlib.font_manager - DEBUG - findfont: score(FontEntry(fname='/System/Library/Fonts/Supplemental/Malayalam Sangam MN.ttc', name='Malayalam Sangam MN', style='normal', variant='normal', weight=400, stretch='normal', size='scalable')) = 10.05
2025-10-06 11:02:21,155 - matplotlib.font_manager - DEBUG - findfont: score(FontEntry(fname='/System/Library/Fonts/Supplemental/NotoSansSyriac-Regular.ttf', name='Noto Sans Syriac', style='normal', variant='normal', weight=400, stretch='normal', size='scalable')) = 10.05
2025-10-06 11:02:21,155 - matplotlib.font_manager - DEBUG - findfont: score(FontEntry(fname='/System/Library/Fonts/Supplemental/DIN Condensed Bold.ttf', name='DIN Condensed', style='normal', variant='normal', weight=700, stretch='condensed', size='scalable')) = 10.535
2025-10-06 11:02:21,155 - matplotlib.font_manager - DEBUG - findfont: score(FontEntry(fname='/Library/Fonts/VNAVAN.TTF', name='.VnAvant', style='normal', variant='normal', weight=400, stretch='normal', size='scalable')) = 10.05
2025-10-06 11:02:21,155 - matplotlib.font_manager - DEBUG - findfont: score(FontEntry(fname='/System/Library/Fonts/Supplemental/NotoSansTifinagh-Regular.ttf', name='Noto Sans Tifinagh', style='normal', variant='normal', weight=400, stretch='normal', size='scalable')) = 10.05
2025-10-06 11:02:21,156 - matplotlib.font_manager - DEBUG - findfont: score(FontEntry(fname='/System/Library/Fonts/ヒラギノ角ゴシック W5.ttc', name='Hiragino Sans', style='normal', variant='normal', weight=500, stretch='normal', size='scalable')) = 10.145
2025-10-06 11:02:21,156 - matplotlib.font_manager - DEBUG - findfont: score(FontEntry(fname='/System/Library/Fonts/Supplemental/Krungthep.ttf', name='Krungthep', style='normal', variant='normal', weight=400, stretch='normal', size='scalable')) = 10.05
2025-10-06 11:02:21,156 - matplotlib.font_manager - DEBUG - findfont: score(FontEntry(fname='/System/Library/Fonts/Supplemental/NotoSansPahawhHmong-Regular.ttf', name='Noto Sans Pahawh Hmong', style='normal', variant='normal', weight=400, stretch='normal', size='scalable')) = 10.05
2025-10-06 11:02:21,156 - matplotlib.font_manager - DEBUG - findfont: score(FontEntry(fname='/Library/Fonts/VNCOOP.TTF', name='.VnCooper', style='normal', variant='normal', weight=500, stretch='normal', size='scalable')) = 10.145
2025-10-06 11:02:21,156 - matplotlib.font_manager - DEBUG - findfont: score(FontEntry(fname='/Library/Fonts/VKORINB.TTF', name='VNI-Korin', style='normal', variant='normal', weight=700, stretch='normal', size='scalable')) = 10.335
2025-10-06 11:02:21,156 - matplotlib.font_manager - DEBUG - findfont: score(FontEntry(fname='/Library/Fonts/VAZTEK.TTF', name='VNI-Aztek', style='normal', variant='normal', weight=700, stretch='normal', size='scalable')) = 10.335
2025-10-06 11:02:21,156 - matplotlib.font_manager - DEBUG - findfont: score(FontEntry(fname='/System/Library/Fonts/SFArabic.ttf', name='.SF Arabic', style='normal', variant='normal', weight=400, stretch='normal', size='scalable')) = 10.05
2025-10-06 11:02:21,157 - matplotlib.font_manager - DEBUG - findfont: score(FontEntry(fname='/System/Library/Fonts/ヒラギノ角ゴシック W2.ttc', name='Hiragino Sans', style='normal', variant='normal', weight=250, stretch='normal', size='scalable')) = 10.1925
2025-10-06 11:02:21,157 - matplotlib.font_manager - DEBUG - findfont: score(FontEntry(fname='/Library/Fonts/VHTIFH.TTF', name='.VnTifani HeavyH', style='normal', variant='normal', weight=400, stretch='normal', size='scalable')) = 10.05
2025-10-06 11:02:21,157 - matplotlib.font_manager - DEBUG - findfont: score(FontEntry(fname='/System/Library/Fonts/Supplemental/Trebuchet MS.ttf', name='Trebuchet MS', style='normal', variant='normal', weight=400, stretch='normal', size='scalable')) = 10.05
2025-10-06 11:02:21,157 - matplotlib.font_manager - DEBUG - findfont: score(FontEntry(fname='/System/Library/Fonts/Supplemental/Times New Roman.ttf', name='Times New Roman', style='normal', variant='normal', weight=400, stretch='normal', size='scalable')) = 10.05
2025-10-06 11:02:21,157 - matplotlib.font_manager - DEBUG - findfont: score(FontEntry(fname='/System/Library/Fonts/Supplemental/Didot.ttc', name='Didot', style='normal', variant='normal', weight=400, stretch='normal', size='scalable')) = 10.05
2025-10-06 11:02:21,157 - matplotlib.font_manager - DEBUG - findfont: score(FontEntry(fname='/System/Library/Fonts/Supplemental/Gurmukhi.ttf', name='Gurmukhi MT', style='normal', variant='normal', weight=500, stretch='normal', size='scalable')) = 10.145
2025-10-06 11:02:21,158 - matplotlib.font_manager - DEBUG - findfont: score(FontEntry(fname='/Library/Fonts/VGOUDYN.TTF', name='VNI-Goudy', style='normal', variant='normal', weight=400, stretch='normal', size='scalable')) = 10.05
2025-10-06 11:02:21,158 - matplotlib.font_manager - DEBUG - findfont: score(FontEntry(fname='/System/Library/Fonts/ヒラギノ角ゴシック W6.ttc', name='Hiragino Sans', style='normal', variant='normal', weight=600, stretch='normal', size='scalable')) = 10.24
2025-10-06 11:02:21,158 - matplotlib.font_manager - DEBUG - findfont: score(FontEntry(fname='/Library/Fonts/VNICAMBO.TTF', name='VNI Cambodia', style='normal', variant='normal', weight=400, stretch='normal', size='scalable')) = 10.05
2025-10-06 11:02:21,158 - matplotlib.font_manager - DEBUG - findfont: score(FontEntry(fname='/Library/Fonts/VLITHOS.TTF', name='VNI-Lithos', style='normal', variant='normal', weight=700, stretch='normal', size='scalable')) = 10.335
2025-10-06 11:02:21,158 - matplotlib.font_manager - DEBUG - findfont: score(FontEntry(fname='/Library/Fonts/VGARAMN.TTF', name='VNI-Garam', style='normal', variant='normal', weight=400, stretch='normal', size='scalable')) = 10.05
2025-10-06 11:02:21,158 - matplotlib.font_manager - DEBUG - findfont: score(FontEntry(fname='/Library/Fonts/VN3D.TTF', name='.Vn3DH', style='normal', variant='normal', weight=400, stretch='normal', size='scalable')) = 10.05
2025-10-06 11:02:21,158 - matplotlib.font_manager - DEBUG - findfont: score(FontEntry(fname='/System/Library/Fonts/Supplemental/Oriya MN.ttc', name='Oriya MN', style='normal', variant='normal', weight=400, stretch='normal', size='scalable')) = 10.05
2025-10-06 11:02:21,159 - matplotlib.font_manager - DEBUG - findfont: score(FontEntry(fname='/Library/Fonts/VNTIMEI.TTF', name='.VnTime', style='italic', variant='normal', weight=400, stretch='normal', size='scalable')) = 11.05
2025-10-06 11:02:21,159 - matplotlib.font_manager - DEBUG - findfont: score(FontEntry(fname='/Library/Fonts/VNCENTB.TTF', name='.VnCentury Schoolbook', style='normal', variant='normal', weight=700, stretch='normal', size='scalable')) = 10.335
2025-10-06 11:02:21,159 - matplotlib.font_manager - DEBUG - findfont: score(FontEntry(fname='/System/Library/Fonts/Supplemental/Mishafi.ttf', name='Mishafi', style='normal', variant='normal', weight=400, stretch='normal', size='scalable')) = 10.05
2025-10-06 11:02:21,159 - matplotlib.font_manager - DEBUG - findfont: score(FontEntry(fname='/Library/Fonts/VAPTIMN.TTF', name='VNI-Aptima', style='normal', variant='normal', weight=400, stretch='normal', size='scalable')) = 10.05
2025-10-06 11:02:21,159 - matplotlib.font_manager - DEBUG - findfont: score(FontEntry(fname='/System/Library/Fonts/Supplemental/NotoSansMeeteiMayek-Regular.ttf', name='Noto Sans Meetei Mayek', style='normal', variant='normal', weight=400, stretch='normal', size='scalable')) = 10.05
2025-10-06 11:02:21,159 - matplotlib.font_manager - DEBUG - findfont: score(FontEntry(fname='/System/Library/Fonts/Supplemental/NotoSansTaiLe-Regular.ttf', name='Noto Sans Tai Le', style='normal', variant='normal', weight=400, stretch='normal', size='scalable')) = 10.05
2025-10-06 11:02:21,160 - matplotlib.font_manager - DEBUG - findfont: score(FontEntry(fname='/System/Library/Fonts/ThonburiUI.ttc', name='.ThonburiUI', style='normal', variant='normal', weight=400, stretch='normal', size='scalable')) = 10.05
2025-10-06 11:02:21,160 - matplotlib.font_manager - DEBUG - findfont: score(FontEntry(fname='/Library/Fonts/VNTIME.TTF', name='.VnTime', style='normal', variant='normal', weight=400, stretch='normal', size='scalable')) = 10.05
2025-10-06 11:02:21,160 - matplotlib.font_manager - DEBUG - findfont: score(FontEntry(fname='/Library/Fonts/VBOOKMI.TTF', name='VNI-Book', style='italic', variant='normal', weight=400, stretch='normal', size='scalable')) = 11.05
2025-10-06 11:02:21,160 - matplotlib.font_manager - DEBUG - findfont: score(FontEntry(fname='/Library/Fonts/VZAP.TTF', name='VNI-Zap', style='italic', variant='normal', weight=400, stretch='normal', size='scalable')) = 11.05
2025-10-06 11:02:21,160 - matplotlib.font_manager - DEBUG - findfont: score(FontEntry(fname='/System/Library/Fonts/Supplemental/Nadeem.ttc', name='Nadeem', style='normal', variant='normal', weight=400, stretch='normal', size='scalable')) = 10.05
2025-10-06 11:02:21,160 - matplotlib.font_manager - DEBUG - findfont: score(FontEntry(fname='/Library/Fonts/VNFREE.TTF', name='.VnFree', style='normal', variant='normal', weight=500, stretch='normal', size='scalable')) = 10.145
2025-10-06 11:02:21,160 - matplotlib.font_manager - DEBUG - findfont: score(FontEntry(fname='/Library/Fonts/VAVON.TTF', name='VNI-Avo', style='normal', variant='normal', weight=400, stretch='normal', size='scalable')) = 10.05
2025-10-06 11:02:21,161 - matplotlib.font_manager - DEBUG - findfont: score(FontEntry(fname='/System/Library/Fonts/Supplemental/STIXNonUniBol.otf', name='STIXNonUnicode', style='normal', variant='normal', weight=700, stretch='normal', size='scalable')) = 10.335
2025-10-06 11:02:21,161 - matplotlib.font_manager - DEBUG - findfont: score(FontEntry(fname='/Library/Fonts/VAVOBI.TTF', name='VNI-Avo', style='italic', variant='normal', weight=700, stretch='normal', size='scalable')) = 11.335
2025-10-06 11:02:21,161 - matplotlib.font_manager - DEBUG - findfont: score(FontEntry(fname='/System/Library/Fonts/Supplemental/NotoSansTaiTham-Regular.ttf', name='Noto Sans Tai Tham', style='normal', variant='normal', weight=400, stretch='normal', size='scalable')) = 10.05
2025-10-06 11:02:21,161 - matplotlib.font_manager - DEBUG - findfont: score(FontEntry(fname='/System/Library/Fonts/Apple Symbols.ttf', name='Apple Symbols', style='normal', variant='normal', weight=400, stretch='normal', size='scalable')) = 10.05
2025-10-06 11:02:21,161 - matplotlib.font_manager - DEBUG - findfont: score(FontEntry(fname='/System/Library/Fonts/Supplemental/Arial Black.ttf', name='Arial Black', style='normal', variant='normal', weight=900, stretch='normal', size='scalable')) = 10.525
2025-10-06 11:02:21,161 - matplotlib.font_manager - DEBUG - findfont: score(FontEntry(fname='/Library/Fonts/VINHAN.TTF', name='Vinhan', style='normal', variant='normal', weight=700, stretch='normal', size='scalable')) = 10.335
2025-10-06 11:02:21,161 - matplotlib.font_manager - DEBUG - findfont: score(FontEntry(fname='/Library/Fonts/VCOURIB.TTF', name='VNI-Couri', style='normal', variant='normal', weight=700, stretch='normal', size='scalable')) = 10.335
2025-10-06 11:02:21,162 - matplotlib.font_manager - DEBUG - findfont: score(FontEntry(fname='/System/Library/Fonts/MuktaMahee.ttc', name='Mukta Mahee', style='normal', variant='normal', weight=400, stretch='normal', size='scalable')) = 10.05
2025-10-06 11:02:21,162 - matplotlib.font_manager - DEBUG - findfont: score(FontEntry(fname='/Library/Fonts/VBANDIT.TTF', name='VNI-Bandit', style='italic', variant='normal', weight=700, stretch='normal', size='scalable')) = 11.335
2025-10-06 11:02:21,162 - matplotlib.font_manager - DEBUG - findfont: score(FontEntry(fname='/Library/Fonts/VKORINI.TTF', name='VNI-Korin', style='italic', variant='normal', weight=400, stretch='normal', size='scalable')) = 11.05
2025-10-06 11:02:21,162 - matplotlib.font_manager - DEBUG - findfont: score(FontEntry(fname='/System/Library/Fonts/Palatino.ttc', name='Palatino', style='normal', variant='normal', weight=400, stretch='normal', size='scalable')) = 10.05
2025-10-06 11:02:21,162 - matplotlib.font_manager - DEBUG - findfont: score(FontEntry(fname='/System/Library/Fonts/Supplemental/NotoSansOldTurkic-Regular.ttf', name='Noto Sans Old Turkic', style='normal', variant='normal', weight=400, stretch='normal', size='scalable')) = 10.05
2025-10-06 11:02:21,162 - matplotlib.font_manager - DEBUG - findfont: score(FontEntry(fname='/System/Library/Fonts/NewYorkItalic.ttf', name='.New York', style='italic', variant='normal', weight=400, stretch='normal', size='scalable')) = 11.05
2025-10-06 11:02:21,162 - matplotlib.font_manager - DEBUG - findfont: score(FontEntry(fname='/System/Library/Fonts/Supplemental/AlBayan.ttc', name='Al Bayan', style='normal', variant='normal', weight=400, stretch='normal', size='scalable')) = 10.05
2025-10-06 11:02:21,163 - matplotlib.font_manager - DEBUG - findfont: score(FontEntry(fname='/Library/Fonts/VNARIALI.TTF', name='.VnArial', style='italic', variant='normal', weight=400, stretch='normal', size='scalable')) = 11.05
2025-10-06 11:02:21,163 - matplotlib.font_manager - DEBUG - findfont: score(FontEntry(fname='/System/Library/Fonts/Supplemental/BigCaslon.ttf', name='Big Caslon', style='normal', variant='normal', weight=500, stretch='normal', size='scalable')) = 10.145
2025-10-06 11:02:21,163 - matplotlib.font_manager - DEBUG - findfont: score(FontEntry(fname='/System/Library/Fonts/Supplemental/NotoSansPhagsPa-Regular.ttf', name='Noto Sans PhagsPa', style='normal', variant='normal', weight=400, stretch='normal', size='scalable')) = 10.05
2025-10-06 11:02:21,163 - matplotlib.font_manager - DEBUG - findfont: score(FontEntry(fname='/Library/Fonts/VNTEKN.TTF', name='.VnTeknical', style='normal', variant='normal', weight=400, stretch='normal', size='scalable')) = 10.05
2025-10-06 11:02:21,163 - matplotlib.font_manager - DEBUG - findfont: score(FontEntry(fname='/System/Library/Fonts/Supplemental/InaiMathi-MN.ttc', name='InaiMathi', style='normal', variant='normal', weight=400, stretch='normal', size='scalable')) = 10.05
2025-10-06 11:02:21,163 - matplotlib.font_manager - DEBUG - findfont: score(FontEntry(fname='/Library/Fonts/vnimatisse.ttf', name='VNI-Matisse', style='normal', variant='normal', weight=400, stretch='normal', size='scalable')) = 10.05
2025-10-06 11:02:21,164 - matplotlib.font_manager - DEBUG - findfont: score(FontEntry(fname='/System/Library/Fonts/Supplemental/Silom.ttf', name='Silom', style='normal', variant='normal', weight=400, stretch='normal', size='scalable')) = 10.05
2025-10-06 11:02:21,164 - matplotlib.font_manager - DEBUG - findfont: score(FontEntry(fname='/Library/Fonts/VHGOTH.TTF', name='.VnGothicH', style='normal', variant='normal', weight=400, stretch='normal', size='scalable')) = 10.05
2025-10-06 11:02:21,164 - matplotlib.font_manager - DEBUG - findfont: score(FontEntry(fname='/Library/Fonts/VNCLARE.TTF', name='.VnClarendon', style='normal', variant='normal', weight=400, stretch='normal', size='scalable')) = 10.05
2025-10-06 11:02:21,164 - matplotlib.font_manager - DEBUG - findfont: score(FontEntry(fname='/Library/Fonts/VNPRES.TTF', name='.VnPresent', style='normal', variant='normal', weight=500, stretch='normal', size='scalable')) = 10.145
2025-10-06 11:02:21,164 - matplotlib.font_manager - DEBUG - findfont: score(FontEntry(fname='/Library/Fonts/VHBLACK.TTF', name='.VnBlackH', style='normal', variant='normal', weight=400, stretch='normal', size='scalable')) = 10.05
2025-10-06 11:02:21,164 - matplotlib.font_manager - DEBUG - findfont: score(FontEntry(fname='/Library/Fonts/VNARIANI.TTF', name='.VnArial Narrow', style='italic', variant='normal', weight=400, stretch='condensed', size='scalable')) = 11.25
2025-10-06 11:02:21,164 - matplotlib.font_manager - DEBUG - findfont: score(FontEntry(fname='/System/Library/Fonts/Supplemental/Academy Engraved LET Fonts.ttf', name='Academy Engraved LET', style='normal', variant='normal', weight=400, stretch='normal', size='scalable')) = 10.05
2025-10-06 11:02:21,165 - matplotlib.font_manager - DEBUG - findfont: score(FontEntry(fname='/System/Library/Fonts/Supplemental/NotoSerifNyiakengPuachueHmong-Regular.ttf', name='Noto Serif Hmong Nyiakeng', style='normal', variant='normal', weight=400, stretch='normal', size='scalable')) = 10.05
2025-10-06 11:02:21,165 - matplotlib.font_manager - DEBUG - findfont: score(FontEntry(fname='/System/Library/Fonts/Supplemental/Mishafi Gold.ttf', name='Mishafi Gold', style='normal', variant='normal', weight=400, stretch='normal', size='scalable')) = 10.05
2025-10-06 11:02:21,165 - matplotlib.font_manager - DEBUG - findfont: score(FontEntry(fname='/System/Library/Fonts/Supplemental/Luminari.ttf', name='Luminari', style='normal', variant='normal', weight=400, stretch='normal', size='scalable')) = 10.05
2025-10-06 11:02:21,165 - matplotlib.font_manager - DEBUG - findfont: score(FontEntry(fname='/Library/Fonts/vnibriquet.ttf', name='VNI-Briquet', style='normal', variant='normal', weight=400, stretch='normal', size='scalable')) = 10.05
2025-10-06 11:02:21,165 - matplotlib.font_manager - DEBUG - findfont: score(FontEntry(fname='/System/Library/Fonts/Supplemental/Bradley Hand Bold.ttf', name='Bradley Hand', style='normal', variant='normal', weight=700, stretch='normal', size='scalable')) = 10.335
2025-10-06 11:02:21,165 - matplotlib.font_manager - DEBUG - findfont: score(FontEntry(fname='/System/Library/Fonts/Supplemental/Trebuchet MS Bold.ttf', name='Trebuchet MS', style='normal', variant='normal', weight=700, stretch='normal', size='scalable')) = 10.335
2025-10-06 11:02:21,165 - matplotlib.font_manager - DEBUG - findfont: score(FontEntry(fname='/Library/Fonts/VKUNN.TTF', name='VNI-Kun', style='normal', variant='normal', weight=400, stretch='normal', size='scalable')) = 10.05
2025-10-06 11:02:21,166 - matplotlib.font_manager - DEBUG - findfont: score(FontEntry(fname='/System/Library/Fonts/Supplemental/Shree714.ttc', name='Shree Devanagari 714', style='normal', variant='normal', weight=400, stretch='normal', size='scalable')) = 10.05
2025-10-06 11:02:21,166 - matplotlib.font_manager - DEBUG - findfont: score(FontEntry(fname='/System/Library/Fonts/Supplemental/Raanana.ttc', name='Raanana', style='normal', variant='normal', weight=400, stretch='normal', size='scalable')) = 10.05
2025-10-06 11:02:21,166 - matplotlib.font_manager - DEBUG - findfont: score(FontEntry(fname='/System/Library/Fonts/LucidaGrande.ttc', name='Lucida Grande', style='normal', variant='normal', weight=500, stretch='normal', size='scalable')) = 2.872272727272727
2025-10-06 11:02:21,166 - matplotlib.font_manager - DEBUG - findfont: score(FontEntry(fname='/System/Library/Fonts/Supplemental/STIXNonUniBolIta.otf', name='STIXNonUnicode', style='italic', variant='normal', weight=700, stretch='normal', size='scalable')) = 11.335
2025-10-06 11:02:21,166 - matplotlib.font_manager - DEBUG - findfont: score(FontEntry(fname='/Library/Fonts/VNARIALN.TTF', name='.VnArial Narrow', style='normal', variant='normal', weight=400, stretch='condensed', size='scalable')) = 10.25
2025-10-06 11:02:21,166 - matplotlib.font_manager - DEBUG - findfont: score(FontEntry(fname='/System/Library/Fonts/Supplemental/Cochin.ttc', name='Cochin', style='normal', variant='normal', weight=500, stretch='normal', size='scalable')) = 10.145
2025-10-06 11:02:21,166 - matplotlib.font_manager - DEBUG - findfont: score(FontEntry(fname='/System/Library/Fonts/Supplemental/NotoSansTirhuta-Regular.ttf', name='Noto Sans Tirhuta', style='normal', variant='normal', weight=400, stretch='normal', size='scalable')) = 10.05
2025-10-06 11:02:21,167 - matplotlib.font_manager - DEBUG - findfont: score(FontEntry(fname='/Library/Fonts/VMURRAYB.TTF', name='VNI-Murray', style='normal', variant='normal', weight=700, stretch='normal', size='scalable')) = 10.335
2025-10-06 11:02:21,167 - matplotlib.font_manager - DEBUG - findfont: score(FontEntry(fname='/System/Library/Fonts/STHeiti Light.ttc', name='Heiti TC', style='normal', variant='normal', weight=300, stretch='normal', size='scalable')) = 10.145
2025-10-06 11:02:21,167 - matplotlib.font_manager - DEBUG - findfont: score(FontEntry(fname='/System/Library/Fonts/Supplemental/NotoSansOsmanya-Regular.ttf', name='Noto Sans Osmanya', style='normal', variant='normal', weight=400, stretch='normal', size='scalable')) = 10.05
2025-10-06 11:02:21,167 - matplotlib.font_manager - DEBUG - findfont: score(FontEntry(fname='/Library/Fonts/VBRUSH.TTF', name='VNI-Brush', style='italic', variant='normal', weight=400, stretch='normal', size='scalable')) = 11.05
2025-10-06 11:02:21,167 - matplotlib.font_manager - DEBUG - findfont: score(FontEntry(fname='/System/Library/Fonts/Supplemental/STIXIntSmReg.otf', name='STIXIntegralsSm', style='normal', variant='normal', weight=400, stretch='normal', size='scalable')) = 10.05
2025-10-06 11:02:21,167 - matplotlib.font_manager - DEBUG - findfont: score(FontEntry(fname='/System/Library/Fonts/Supplemental/Kannada MN.ttc', name='Kannada MN', style='normal', variant='normal', weight=400, stretch='normal', size='scalable')) = 10.05
2025-10-06 11:02:21,168 - matplotlib.font_manager - DEBUG - findfont: score(FontEntry(fname='/System/Library/Fonts/Apple Braille.ttf', name='Apple Braille', style='normal', variant='normal', weight=400, stretch='normal', size='scalable')) = 10.05
2025-10-06 11:02:21,168 - matplotlib.font_manager - DEBUG - findfont: score(FontEntry(fname='/Library/Fonts/VNTIMEB.TTF', name='.VnTime', style='normal', variant='normal', weight=700, stretch='normal', size='scalable')) = 10.335
2025-10-06 11:02:21,168 - matplotlib.font_manager - DEBUG - findfont: score(FontEntry(fname='/System/Library/Fonts/Supplemental/GujaratiMT.ttc', name='Gujarati MT', style='normal', variant='normal', weight=400, stretch='normal', size='scalable')) = 10.05
2025-10-06 11:02:21,168 - matplotlib.font_manager - DEBUG - findfont: score(FontEntry(fname='/Library/Fonts/VHLINCOL.TTF', name='.VnLincolnH', style='normal', variant='normal', weight=400, stretch='normal', size='scalable')) = 10.05
2025-10-06 11:02:21,168 - matplotlib.font_manager - DEBUG - findfont: score(FontEntry(fname='/Library/Fonts/VHPARK.TTF', name='.VnParkH', style='normal', variant='normal', weight=500, stretch='normal', size='scalable')) = 10.145
2025-10-06 11:02:21,168 - matplotlib.font_manager - DEBUG - findfont: score(FontEntry(fname='/System/Library/Fonts/Supplemental/AppleMyungjo.ttf', name='AppleMyungjo', style='normal', variant='normal', weight=400, stretch='normal', size='scalable')) = 10.05
2025-10-06 11:02:21,168 - matplotlib.font_manager - DEBUG - findfont: score(FontEntry(fname='/System/Library/Fonts/Supplemental/Devanagari Sangam MN.ttc', name='Devanagari Sangam MN', style='normal', variant='normal', weight=400, stretch='normal', size='scalable')) = 10.05
2025-10-06 11:02:21,169 - matplotlib.font_manager - DEBUG - findfont: score(FontEntry(fname='/Library/Fonts/VHANTIQ.TTF', name='.VnBook-AntiquaH', style='normal', variant='normal', weight=400, stretch='normal', size='scalable')) = 10.05
2025-10-06 11:02:21,169 - matplotlib.font_manager - DEBUG - findfont: score(FontEntry(fname='/System/Library/Fonts/Supplemental/Georgia Bold.ttf', name='Georgia', style='normal', variant='normal', weight=700, stretch='normal', size='scalable')) = 10.335
2025-10-06 11:02:21,169 - matplotlib.font_manager - DEBUG - findfont: score(FontEntry(fname='/System/Library/Fonts/GeezaPro.ttc', name='Geeza Pro', style='normal', variant='normal', weight=400, stretch='normal', size='scalable')) = 10.05
2025-10-06 11:02:21,169 - matplotlib.font_manager - DEBUG - findfont: score(FontEntry(fname='/Library/Fonts/VNREVU.TTF', name='.VnRevue', style='normal', variant='normal', weight=500, stretch='normal', size='scalable')) = 10.145
2025-10-06 11:02:21,169 - matplotlib.font_manager - DEBUG - findfont: score(FontEntry(fname='/Library/Fonts/VJAMAI.TTF', name='VNI-Jamai', style='italic', variant='normal', weight=700, stretch='normal', size='scalable')) = 11.335
2025-10-06 11:02:21,169 - matplotlib.font_manager - DEBUG - findfont: score(FontEntry(fname='/System/Library/Fonts/Supplemental/STIXTwoMath.otf', name='STIX Two Math', style='normal', variant='normal', weight=400, stretch='normal', size='scalable')) = 10.05
2025-10-06 11:02:21,169 - matplotlib.font_manager - DEBUG - findfont: score(FontEntry(fname='/System/Library/Fonts/Avenir.ttc', name='Avenir', style='normal', variant='normal', weight=400, stretch='normal', size='scalable')) = 10.05
2025-10-06 11:02:21,170 - matplotlib.font_manager - DEBUG - findfont: score(FontEntry(fname='/System/Library/Fonts/SFArabicRounded.ttf', name='.SF Arabic Rounded', style='normal', variant='normal', weight=400, stretch='normal', size='scalable')) = 10.05
2025-10-06 11:02:21,170 - matplotlib.font_manager - DEBUG - findfont: score(FontEntry(fname='/System/Library/Fonts/AquaKana.ttc', name='.Aqua Kana', style='normal', variant='normal', weight=300, stretch='normal', size='scalable')) = 10.145
2025-10-06 11:02:21,170 - matplotlib.font_manager - DEBUG - findfont: score(FontEntry(fname='/System/Library/Fonts/AppleSDGothicNeo.ttc', name='Apple SD Gothic Neo', style='normal', variant='normal', weight=400, stretch='normal', size='scalable')) = 10.05
2025-10-06 11:02:21,170 - matplotlib.font_manager - DEBUG - findfont: score(FontEntry(fname='/System/Library/Fonts/Supplemental/NotoSansOldPermic-Regular.ttf', name='Noto Sans Old Permic', style='normal', variant='normal', weight=400, stretch='normal', size='scalable')) = 10.05
2025-10-06 11:02:21,170 - matplotlib.font_manager - DEBUG - findfont: score(FontEntry(fname='/System/Library/Fonts/Supplemental/Trebuchet MS Italic.ttf', name='Trebuchet MS', style='italic', variant='normal', weight=400, stretch='normal', size='scalable')) = 11.05
2025-10-06 11:02:21,170 - matplotlib.font_manager - DEBUG - findfont: score(FontEntry(fname='/System/Library/Fonts/Supplemental/NotoSerifBalinese-Regular.ttf', name='Noto Serif Balinese', style='normal', variant='normal', weight=400, stretch='normal', size='scalable')) = 10.05
2025-10-06 11:02:21,170 - matplotlib.font_manager - DEBUG - findfont: score(FontEntry(fname='/System/Library/Fonts/Kohinoor.ttc', name='Kohinoor Devanagari', style='normal', variant='normal', weight=400, stretch='normal', size='scalable')) = 10.05
2025-10-06 11:02:21,171 - matplotlib.font_manager - DEBUG - findfont: score(FontEntry(fname='/System/Library/Fonts/Supplemental/STIXGeneral.otf', name='STIXGeneral', style='normal', variant='normal', weight=400, stretch='normal', size='scalable')) = 10.05
2025-10-06 11:02:21,171 - matplotlib.font_manager - DEBUG - findfont: score(FontEntry(fname='/System/Library/Fonts/Supplemental/STIXNonUniIta.otf', name='STIXNonUnicode', style='italic', variant='normal', weight=400, stretch='normal', size='scalable')) = 11.05
2025-10-06 11:02:21,171 - matplotlib.font_manager - DEBUG - findfont: score(FontEntry(fname='/System/Library/Fonts/Supplemental/NotoSansMeroitic-Regular.ttf', name='Noto Sans Meroitic', style='normal', variant='normal', weight=400, stretch='normal', size='scalable')) = 10.05
2025-10-06 11:02:21,171 - matplotlib.font_manager - DEBUG - findfont: score(FontEntry(fname='/System/Library/Fonts/Supplemental/Verdana Bold.ttf', name='Verdana', style='normal', variant='normal', weight=700, stretch='normal', size='scalable')) = 3.9713636363636367
2025-10-06 11:02:21,171 - matplotlib.font_manager - DEBUG - findfont: score(FontEntry(fname='/Library/Fonts/VHCOURB.TTF', name='.VnCourier NewH', style='normal', variant='normal', weight=700, stretch='normal', size='scalable')) = 10.335
2025-10-06 11:02:21,171 - matplotlib.font_manager - DEBUG - findfont: score(FontEntry(fname='/System/Library/Fonts/KohinoorGujarati.ttc', name='Kohinoor Gujarati', style='normal', variant='normal', weight=700, stretch='normal', size='scalable')) = 10.335
2025-10-06 11:02:21,171 - matplotlib.font_manager - DEBUG - findfont: score(FontEntry(fname='/System/Library/Fonts/Apple Braille Outline 8 Dot.ttf', name='Apple Braille', style='normal', variant='normal', weight=400, stretch='normal', size='scalable')) = 10.05
2025-10-06 11:02:21,172 - matplotlib.font_manager - DEBUG - findfont: score(FontEntry(fname='/System/Library/Fonts/Supplemental/Arial Narrow Italic.ttf', name='Arial Narrow', style='italic', variant='normal', weight=400, stretch='condensed', size='scalable')) = 11.25
2025-10-06 11:02:21,172 - matplotlib.font_manager - DEBUG - findfont: score(FontEntry(fname='/System/Library/Fonts/Supplemental/KufiStandardGK.ttc', name='KufiStandardGK', style='normal', variant='normal', weight=400, stretch='normal', size='scalable')) = 10.05
2025-10-06 11:02:21,172 - matplotlib.font_manager - DEBUG - findfont: score(FontEntry(fname='/System/Library/Fonts/Supplemental/Trattatello.ttf', name='Trattatello', style='normal', variant='normal', weight=400, stretch='normal', size='scalable')) = 10.05
2025-10-06 11:02:21,172 - matplotlib.font_manager - DEBUG - findfont: score(FontEntry(fname='/System/Library/Fonts/Avenir Next Condensed.ttc', name='Avenir Next Condensed', style='normal', variant='normal', weight=700, stretch='condensed', size='scalable')) = 10.535
2025-10-06 11:02:21,172 - matplotlib.font_manager - DEBUG - findfont: score(FontEntry(fname='/System/Library/Fonts/Supplemental/NotoSansSharada-Regular.ttf', name='Noto Sans Sharada', style='normal', variant='normal', weight=400, stretch='normal', size='scalable')) = 10.05
2025-10-06 11:02:21,172 - matplotlib.font_manager - DEBUG - findfont: score(FontEntry(fname='/System/Library/Fonts/Supplemental/STIXGeneralBol.otf', name='STIXGeneral', style='normal', variant='normal', weight=700, stretch='normal', size='scalable')) = 10.335
2025-10-06 11:02:21,173 - matplotlib.font_manager - DEBUG - findfont: score(FontEntry(fname='/System/Library/Fonts/Supplemental/Georgia Bold Italic.ttf', name='Georgia', style='italic', variant='normal', weight=700, stretch='normal', size='scalable')) = 11.335
2025-10-06 11:02:21,173 - matplotlib.font_manager - DEBUG - findfont: score(FontEntry(fname='/Library/Fonts/VMARIAGE.TTF', name='VNI-Maria', style='normal', variant='normal', weight=400, stretch='normal', size='scalable')) = 10.05
2025-10-06 11:02:21,173 - matplotlib.font_manager - DEBUG - findfont: score(FontEntry(fname='/System/Library/Fonts/Supplemental/Sathu.ttf', name='Sathu', style='normal', variant='normal', weight=400, stretch='normal', size='scalable')) = 10.05
2025-10-06 11:02:21,173 - matplotlib.font_manager - DEBUG - findfont: score(FontEntry(fname='/System/Library/Fonts/Supplemental/NotoSansPhoenician-Regular.ttf', name='Noto Sans Phoenician', style='normal', variant='normal', weight=400, stretch='normal', size='scalable')) = 10.05
2025-10-06 11:02:21,173 - matplotlib.font_manager - DEBUG - findfont: score(FontEntry(fname='/System/Library/Fonts/Supplemental/Arial Rounded Bold.ttf', name='Arial Rounded MT Bold', style='normal', variant='normal', weight=400, stretch='normal', size='scalable')) = 10.05
2025-10-06 11:02:21,173 - matplotlib.font_manager - DEBUG - findfont: score(FontEntry(fname='/Library/Fonts/VNGOTHIC.TTF', name='.VnGothic', style='normal', variant='normal', weight=400, stretch='normal', size='scalable')) = 10.05
2025-10-06 11:02:21,173 - matplotlib.font_manager - DEBUG - findfont: score(FontEntry(fname='/Library/Fonts/VNSTAMP.TTF', name='.VnStamp', style='normal', variant='normal', weight=400, stretch='normal', size='scalable')) = 10.05
2025-10-06 11:02:21,174 - matplotlib.font_manager - DEBUG - findfont: score(FontEntry(fname='/System/Library/Fonts/Supplemental/NotoSansTagalog-Regular.ttf', name='Noto Sans Tagalog', style='normal', variant='normal', weight=400, stretch='normal', size='scalable')) = 10.05
2025-10-06 11:02:21,174 - matplotlib.font_manager - DEBUG - findfont: score(FontEntry(fname='/Library/Fonts/VHCENTN.TTF', name='.VnCentury SchoolbookH', style='normal', variant='normal', weight=400, stretch='normal', size='scalable')) = 10.05
2025-10-06 11:02:21,174 - matplotlib.font_manager - DEBUG - findfont: score(FontEntry(fname='/Library/Fonts/VNAVANI.TTF', name='.VnAvant', style='italic', variant='normal', weight=400, stretch='normal', size='scalable')) = 11.05
2025-10-06 11:02:21,174 - matplotlib.font_manager - DEBUG - findfont: score(FontEntry(fname='/System/Library/Fonts/Supplemental/Damascus.ttc', name='Damascus', style='normal', variant='normal', weight=400, stretch='normal', size='scalable')) = 10.05
2025-10-06 11:02:21,174 - matplotlib.font_manager - DEBUG - findfont: score(FontEntry(fname='/Library/Fonts/VHCORVI.TTF', name='.VnMonotype corsivaH', style='italic', variant='normal', weight=400, stretch='normal', size='scalable')) = 11.05
2025-10-06 11:02:21,174 - matplotlib.font_manager - DEBUG - findfont: score(FontEntry(fname='/System/Library/Fonts/Supplemental/Phosphate.ttc', name='Phosphate', style='normal', variant='normal', weight=400, stretch='normal', size='scalable')) = 10.05
2025-10-06 11:02:21,175 - matplotlib.font_manager - DEBUG - findfont: score(FontEntry(fname='/System/Library/Fonts/Supplemental/NotoSansMiao-Regular.ttf', name='Noto Sans Miao', style='normal', variant='normal', weight=400, stretch='normal', size='scalable')) = 10.05
2025-10-06 11:02:21,175 - matplotlib.font_manager - DEBUG - findfont: score(FontEntry(fname='/Library/Fonts/vnibaybuom.ttf', name='VNI-Baybuom', style='normal', variant='normal', weight=400, stretch='normal', size='scalable')) = 10.05
2025-10-06 11:02:21,175 - matplotlib.font_manager - DEBUG - findfont: score(FontEntry(fname='/System/Library/Fonts/Supplemental/NotoSansInscriptionalPahlavi-Regular.ttf', name='Noto Sans Inscriptional Pahlavi', style='normal', variant='normal', weight=400, stretch='normal', size='scalable')) = 10.05
2025-10-06 11:02:21,175 - matplotlib.font_manager - DEBUG - findfont: score(FontEntry(fname='/System/Library/Fonts/Supplemental/NotoSansModi-Regular.ttf', name='Noto Sans Modi', style='normal', variant='normal', weight=400, stretch='normal', size='scalable')) = 10.05
2025-10-06 11:02:21,175 - matplotlib.font_manager - DEBUG - findfont: score(FontEntry(fname='/Library/Fonts/VNEXOTIC.TTF', name='.VnExotic', style='normal', variant='normal', weight=400, stretch='normal', size='scalable')) = 10.05
2025-10-06 11:02:21,175 - matplotlib.font_manager - DEBUG - findfont: score(FontEntry(fname='/Library/Fonts/VHELVEBI.TTF', name='VNI-Helve', style='italic', variant='normal', weight=700, stretch='normal', size='scalable')) = 11.335
2025-10-06 11:02:21,175 - matplotlib.font_manager - DEBUG - findfont: score(FontEntry(fname='/System/Library/Fonts/Supplemental/NotoSansWancho-Regular.ttf', name='Noto Sans Wancho', style='normal', variant='normal', weight=400, stretch='normal', size='scalable')) = 10.05
2025-10-06 11:02:21,176 - matplotlib.font_manager - DEBUG - findfont: score(FontEntry(fname='/System/Library/Fonts/Supplemental/NotoSansLydian-Regular.ttf', name='Noto Sans Lydian', style='normal', variant='normal', weight=400, stretch='normal', size='scalable')) = 10.05
2025-10-06 11:02:21,176 - matplotlib.font_manager - DEBUG - findfont: score(FontEntry(fname='/System/Library/Fonts/SFNSRounded.ttf', name='.SF NS Rounded', style='normal', variant='normal', weight=400, stretch='normal', size='scalable')) = 10.05
2025-10-06 11:02:21,176 - matplotlib.font_manager - DEBUG - findfont: score(FontEntry(fname='/Library/Fonts/VHLINUS.TTF', name='.VnLinusH', style='normal', variant='normal', weight=400, stretch='normal', size='scalable')) = 10.05
2025-10-06 11:02:21,176 - matplotlib.font_manager - DEBUG - findfont: score(FontEntry(fname='/System/Library/Fonts/Courier.ttc', name='Courier', style='normal', variant='normal', weight=400, stretch='normal', size='scalable')) = 10.05
2025-10-06 11:02:21,176 - matplotlib.font_manager - DEBUG - findfont: score(FontEntry(fname='/Library/Fonts/VHARABIA.TTF', name='.VnArabiaH', style='normal', variant='normal', weight=400, stretch='normal', size='scalable')) = 10.05
2025-10-06 11:02:21,176 - matplotlib.font_manager - DEBUG - findfont: score(FontEntry(fname='/System/Library/Fonts/Supplemental/NotoSansLycian-Regular.ttf', name='Noto Sans Lycian', style='normal', variant='normal', weight=400, stretch='normal', size='scalable')) = 10.05
2025-10-06 11:02:21,176 - matplotlib.font_manager - DEBUG - findfont: score(FontEntry(fname='/System/Library/Fonts/MarkerFelt.ttc', name='Marker Felt', style='normal', variant='normal', weight=400, stretch='normal', size='scalable')) = 10.05
2025-10-06 11:02:21,177 - matplotlib.font_manager - DEBUG - findfont: score(FontEntry(fname='/System/Library/Fonts/Supplemental/Verdana.ttf', name='Verdana', style='normal', variant='normal', weight=400, stretch='normal', size='scalable')) = 3.6863636363636365
2025-10-06 11:02:21,177 - matplotlib.font_manager - DEBUG - findfont: score(FontEntry(fname='/System/Library/Fonts/Supplemental/Ayuthaya.ttf', name='Ayuthaya', style='normal', variant='normal', weight=400, stretch='normal', size='scalable')) = 10.05
2025-10-06 11:02:21,177 - matplotlib.font_manager - DEBUG - findfont: score(FontEntry(fname='/Library/Fonts/VNBODO.TTF', name='.VnBodoni', style='normal', variant='normal', weight=400, stretch='normal', size='scalable')) = 10.05
2025-10-06 11:02:21,177 - matplotlib.font_manager - DEBUG - findfont: score(FontEntry(fname='/Library/Fonts/VAVOI.TTF', name='VNI-Avo', style='italic', variant='normal', weight=400, stretch='normal', size='scalable')) = 11.05
2025-10-06 11:02:21,177 - matplotlib.font_manager - DEBUG - findfont: score(FontEntry(fname='/Library/Fonts/VSCRIPT.TTF', name='VNI-Script', style='italic', variant='normal', weight=100, stretch='normal', size='scalable')) = 11.335
2025-10-06 11:02:21,177 - matplotlib.font_manager - DEBUG - findfont: score(FontEntry(fname='/System/Library/Fonts/Supplemental/Wingdings 2.ttf', name='Wingdings 2', style='normal', variant='normal', weight=400, stretch='normal', size='scalable')) = 10.05
2025-10-06 11:02:21,177 - matplotlib.font_manager - DEBUG - findfont: score(FontEntry(fname='/System/Library/Fonts/Supplemental/NotoSansJavanese-Regular.otf', name='Noto Sans Javanese', style='normal', variant='normal', weight=400, stretch='normal', size='scalable')) = 10.05
2025-10-06 11:02:21,178 - matplotlib.font_manager - DEBUG - findfont: score(FontEntry(fname='/System/Library/Fonts/ヒラギノ角ゴシック W4.ttc', name='Hiragino Sans', style='normal', variant='normal', weight=400, stretch='normal', size='scalable')) = 10.05
2025-10-06 11:02:21,178 - matplotlib.font_manager - DEBUG - findfont: score(FontEntry(fname='/System/Library/Fonts/Supplemental/STIXSizTwoSymReg.otf', name='STIXSizeTwoSym', style='normal', variant='normal', weight=400, stretch='normal', size='scalable')) = 10.05
2025-10-06 11:02:21,178 - matplotlib.font_manager - DEBUG - findfont: score(FontEntry(fname='/System/Library/Fonts/SFNSMono.ttf', name='.SF NS Mono', style='normal', variant='normal', weight=295, stretch='normal', size='scalable')) = 10.14975
2025-10-06 11:02:21,178 - matplotlib.font_manager - DEBUG - findfont: score(FontEntry(fname='/Library/Fonts/VPALATI.TTF', name='VNI-Palatin', style='italic', variant='normal', weight=400, stretch='normal', size='scalable')) = 11.05
2025-10-06 11:02:21,178 - matplotlib.font_manager - DEBUG - findfont: score(FontEntry(fname='/System/Library/Fonts/Supplemental/Times New Roman Italic.ttf', name='Times New Roman', style='italic', variant='normal', weight=400, stretch='normal', size='scalable')) = 11.05
2025-10-06 11:02:21,178 - matplotlib.font_manager - DEBUG - findfont: score(FontEntry(fname='/System/Library/Fonts/ヒラギノ角ゴシック W1.ttc', name='Hiragino Sans', style='normal', variant='normal', weight=200, stretch='normal', size='scalable')) = 10.24
2025-10-06 11:02:21,178 - matplotlib.font_manager - DEBUG - findfont: score(FontEntry(fname='/Library/Fonts/VNKOALA.TTF', name='.VnKoala', style='normal', variant='normal', weight=400, stretch='normal', size='scalable')) = 10.05
2025-10-06 11:02:21,179 - matplotlib.font_manager - DEBUG - findfont: score(FontEntry(fname='/System/Library/Fonts/Supplemental/Mshtakan.ttc', name='Mshtakan', style='normal', variant='normal', weight=400, stretch='normal', size='scalable')) = 10.05
2025-10-06 11:02:21,179 - matplotlib.font_manager - DEBUG - findfont: score(FontEntry(fname='/Library/Fonts/VLINUSN.TTF', name='VNI-Linus', style='normal', variant='normal', weight=400, stretch='normal', size='scalable')) = 10.05
2025-10-06 11:02:21,179 - matplotlib.font_manager - DEBUG - findfont: score(FontEntry(fname='/Library/Fonts/VFATSO.TTF', name='VNI-Fato', style='normal', variant='normal', weight=700, stretch='normal', size='scalable')) = 10.335
2025-10-06 11:02:21,179 - matplotlib.font_manager - DEBUG - findfont: score(FontEntry(fname='/System/Library/Fonts/Supplemental/DevanagariMT.ttc', name='Devanagari MT', style='normal', variant='normal', weight=400, stretch='normal', size='scalable')) = 10.05
2025-10-06 11:02:21,179 - matplotlib.font_manager - DEBUG - findfont: score(FontEntry(fname='/Library/Fonts/vnithufap.ttf', name='VNI-HLThuphap', style='normal', variant='normal', weight=400, stretch='normal', size='scalable')) = 10.05
2025-10-06 11:02:21,179 - matplotlib.font_manager - DEBUG - findfont: score(FontEntry(fname='/Library/Fonts/VNSOUTHB.TTF', name='.VnSouthern', style='normal', variant='normal', weight=700, stretch='normal', size='scalable')) = 10.335
2025-10-06 11:02:21,180 - matplotlib.font_manager - DEBUG - findfont: score(FontEntry(fname='/Library/Fonts/VHFREE.TTF', name='.VnFreeH', style='normal', variant='normal', weight=500, stretch='normal', size='scalable')) = 10.145
2025-10-06 11:02:21,180 - matplotlib.font_manager - DEBUG - findfont: score(FontEntry(fname='/System/Library/Fonts/Supplemental/ChalkboardSE.ttc', name='Chalkboard SE', style='normal', variant='normal', weight=400, stretch='normal', size='scalable')) = 10.05
2025-10-06 11:02:21,180 - matplotlib.font_manager - DEBUG - findfont: score(FontEntry(fname='/System/Library/Fonts/ヒラギノ角ゴシック W8.ttc', name='Hiragino Sans', style='normal', variant='normal', weight=800, stretch='normal', size='scalable')) = 10.43
2025-10-06 11:02:21,180 - matplotlib.font_manager - DEBUG - findfont: score(FontEntry(fname='/System/Library/Fonts/Supplemental/Skia.ttf', name='Skia', style='normal', variant='normal', weight=5, stretch='normal', size='scalable')) = 10.42525
2025-10-06 11:02:21,180 - matplotlib.font_manager - DEBUG - findfont: score(FontEntry(fname='/System/Library/Fonts/Supplemental/Times New Roman Bold Italic.ttf', name='Times New Roman', style='italic', variant='normal', weight=700, stretch='normal', size='scalable')) = 11.335
2025-10-06 11:02:21,180 - matplotlib.font_manager - DEBUG - findfont: score(FontEntry(fname='/System/Library/Fonts/Times.ttc', name='Times', style='normal', variant='normal', weight=400, stretch='normal', size='scalable')) = 10.05
2025-10-06 11:02:21,181 - matplotlib.font_manager - DEBUG - findfont: score(FontEntry(fname='/System/Library/Fonts/Supplemental/Courier New Bold Italic.ttf', name='Courier New', style='italic', variant='normal', weight=700, stretch='normal', size='scalable')) = 11.335
2025-10-06 11:02:21,181 - matplotlib.font_manager - DEBUG - findfont: score(FontEntry(fname='/System/Library/Fonts/Supplemental/Khmer Sangam MN.ttf', name='Khmer Sangam MN', style='normal', variant='normal', weight=400, stretch='normal', size='scalable')) = 10.05
2025-10-06 11:02:21,181 - matplotlib.font_manager - DEBUG - findfont: score(FontEntry(fname='/System/Library/Fonts/Supplemental/Lao MN.ttc', name='Lao MN', style='normal', variant='normal', weight=400, stretch='normal', size='scalable')) = 10.05
2025-10-06 11:02:21,181 - matplotlib.font_manager - DEBUG - findfont: score(FontEntry(fname='/Library/Fonts/VHSOUTH.TTF', name='.VnSouthernH', style='normal', variant='normal', weight=400, stretch='normal', size='scalable')) = 10.05
2025-10-06 11:02:21,181 - matplotlib.font_manager - DEBUG - findfont: score(FontEntry(fname='/System/Library/Fonts/Supplemental/ITFDevanagari.ttc', name='ITF Devanagari', style='normal', variant='normal', weight=400, stretch='normal', size='scalable')) = 10.05
2025-10-06 11:02:21,181 - matplotlib.font_manager - DEBUG - findfont: score(FontEntry(fname='/System/Library/Fonts/Supplemental/NotoSansMarchen-Regular.ttf', name='Noto Sans Marchen', style='normal', variant='normal', weight=400, stretch='normal', size='scalable')) = 10.05
2025-10-06 11:02:21,181 - matplotlib.font_manager - DEBUG - findfont: score(FontEntry(fname='/System/Library/Fonts/Avenir Next.ttc', name='Avenir Next', style='normal', variant='normal', weight=700, stretch='normal', size='scalable')) = 10.335
2025-10-06 11:02:21,182 - matplotlib.font_manager - DEBUG - findfont: score(FontEntry(fname='/System/Library/Fonts/Supplemental/Andale Mono.ttf', name='Andale Mono', style='normal', variant='normal', weight=400, stretch='normal', size='scalable')) = 10.05
2025-10-06 11:02:21,182 - matplotlib.font_manager - DEBUG - findfont: score(FontEntry(fname='/Library/Fonts/VCOURIBI.TTF', name='VNI-Couri', style='italic', variant='normal', weight=700, stretch='normal', size='scalable')) = 11.335
2025-10-06 11:02:21,182 - matplotlib.font_manager - DEBUG - findfont: score(FontEntry(fname='/System/Library/Fonts/Supplemental/NotoSansHanunoo-Regular.ttf', name='Noto Sans Hanunoo', style='normal', variant='normal', weight=400, stretch='normal', size='scalable')) = 10.05
2025-10-06 11:02:21,182 - matplotlib.font_manager - DEBUG - findfont: score(FontEntry(fname='/Library/Fonts/VHELVCI.TTF', name='VNI-Helve-Condense', style='italic', variant='normal', weight=400, stretch='condensed', size='scalable')) = 11.25
2025-10-06 11:02:21,182 - matplotlib.font_manager - DEBUG - findfont: score(FontEntry(fname='/System/Library/Fonts/Supplemental/NotoSansCuneiform-Regular.ttf', name='Noto Sans Cuneiform', style='normal', variant='normal', weight=400, stretch='normal', size='scalable')) = 10.05
2025-10-06 11:02:21,182 - matplotlib.font_manager - DEBUG - findfont: score(FontEntry(fname='/System/Library/Fonts/Supplemental/Corsiva.ttc', name='Corsiva Hebrew', style='normal', variant='normal', weight=400, stretch='normal', size='scalable')) = 10.05
2025-10-06 11:02:21,182 - matplotlib.font_manager - DEBUG - findfont: score(FontEntry(fname='/System/Library/Fonts/Supplemental/NotoSansPauCinHau-Regular.ttf', name='Noto Sans Pau Cin Hau', style='normal', variant='normal', weight=400, stretch='normal', size='scalable')) = 10.05
2025-10-06 11:02:21,183 - matplotlib.font_manager - DEBUG - findfont: score(FontEntry(fname='/Library/Fonts/VAPTIMBI.TTF', name='VNI-Aptima', style='italic', variant='normal', weight=700, stretch='normal', size='scalable')) = 11.335
2025-10-06 11:02:21,183 - matplotlib.font_manager - DEBUG - findfont: score(FontEntry(fname='/System/Library/Fonts/Supplemental/NotoSansVai-Regular.ttf', name='Noto Sans Vai', style='normal', variant='normal', weight=400, stretch='normal', size='scalable')) = 10.05
2025-10-06 11:02:21,183 - matplotlib.font_manager - DEBUG - findfont: score(FontEntry(fname='/System/Library/Fonts/Supplemental/Khmer MN.ttc', name='Khmer MN', style='normal', variant='normal', weight=400, stretch='normal', size='scalable')) = 10.05
2025-10-06 11:02:21,183 - matplotlib.font_manager - DEBUG - findfont: score(FontEntry(fname='/System/Library/Fonts/Supplemental/DIN Alternate Bold.ttf', name='DIN Alternate', style='normal', variant='normal', weight=700, stretch='normal', size='scalable')) = 10.335
2025-10-06 11:02:21,183 - matplotlib.font_manager - DEBUG - findfont: score(FontEntry(fname='/Library/Fonts/VHMEMO.TTF', name='.VnMemorandumH', style='normal', variant='normal', weight=400, stretch='normal', size='scalable')) = 10.05
2025-10-06 11:02:21,183 - matplotlib.font_manager - DEBUG - findfont: score(FontEntry(fname='/System/Library/Fonts/Supplemental/NotoSansSiddham-Regular.ttf', name='Noto Sans Siddham', style='normal', variant='normal', weight=400, stretch='normal', size='scalable')) = 10.05
2025-10-06 11:02:21,184 - matplotlib.font_manager - DEBUG - findfont: score(FontEntry(fname='/System/Library/Fonts/Supplemental/NotoSansGunjalaGondi-Regular.otf', name='Noto Sans Gunjala Gondi', style='normal', variant='normal', weight=400, stretch='normal', size='scalable')) = 10.05
2025-10-06 11:02:21,184 - matplotlib.font_manager - DEBUG - findfont: score(FontEntry(fname='/System/Library/Fonts/Monaco.ttf', name='Monaco', style='normal', variant='normal', weight=400, stretch='normal', size='scalable')) = 10.05
2025-10-06 11:02:21,184 - matplotlib.font_manager - DEBUG - findfont: score(FontEntry(fname='/System/Library/Fonts/Supplemental/Arial Narrow Bold.ttf', name='Arial Narrow', style='normal', variant='normal', weight=700, stretch='condensed', size='scalable')) = 10.535
2025-10-06 11:02:21,184 - matplotlib.font_manager - DEBUG - findfont: score(FontEntry(fname='/System/Library/Fonts/Supplemental/NotoSansPalmyrene-Regular.ttf', name='Noto Sans Palmyrene', style='normal', variant='normal', weight=400, stretch='normal', size='scalable')) = 10.05
2025-10-06 11:02:21,184 - matplotlib.font_manager - DEBUG - findfont: score(FontEntry(fname='/System/Library/Fonts/SFCompactRounded.ttf', name='.SF Compact Rounded', style='normal', variant='normal', weight=400, stretch='normal', size='scalable')) = 10.05
2025-10-06 11:02:21,184 - matplotlib.font_manager - DEBUG - findfont: score(FontEntry(fname='/Library/Fonts/VTEKTI.TTF', name='VNI-Tekon', style='italic', variant='normal', weight=400, stretch='normal', size='scalable')) = 11.05
2025-10-06 11:02:21,184 - matplotlib.font_manager - DEBUG - findfont: score(FontEntry(fname='/Library/Fonts/VHARIALN.TTF', name='.VnArial NarrowH', style='normal', variant='normal', weight=400, stretch='condensed', size='scalable')) = 10.25
2025-10-06 11:02:21,185 - matplotlib.font_manager - DEBUG - findfont: score(FontEntry(fname='/Library/Fonts/VPARK.TTF', name='VNI-Park', style='normal', variant='normal', weight=400, stretch='normal', size='scalable')) = 10.05
2025-10-06 11:02:21,185 - matplotlib.font_manager - DEBUG - findfont: score(FontEntry(fname='/Library/Fonts/VNIDOS.TTF', name='VNI-DOS Sample Font ', style='normal', variant='normal', weight=400, stretch='normal', size='scalable')) = 10.05
2025-10-06 11:02:21,185 - matplotlib.font_manager - DEBUG - findfont: score(FontEntry(fname='/System/Library/Fonts/Menlo.ttc', name='Menlo', style='normal', variant='normal', weight=400, stretch='normal', size='scalable')) = 10.05
2025-10-06 11:02:21,185 - matplotlib.font_manager - DEBUG - findfont: score(FontEntry(fname='/System/Library/Fonts/Supplemental/Georgia.ttf', name='Georgia', style='normal', variant='normal', weight=400, stretch='normal', size='scalable')) = 10.05
2025-10-06 11:02:21,185 - matplotlib.font_manager - DEBUG - findfont: score(FontEntry(fname='/System/Library/Fonts/Supplemental/NotoSansOldSouthArabian-Regular.ttf', name='Noto Sans Old South Arabian', style='normal', variant='normal', weight=400, stretch='normal', size='scalable')) = 10.05
2025-10-06 11:02:21,185 - matplotlib.font_manager - DEBUG - findfont: score(FontEntry(fname='/System/Library/Fonts/Supplemental/NotoSansBuginese-Regular.ttf', name='Noto Sans Buginese', style='normal', variant='normal', weight=400, stretch='normal', size='scalable')) = 10.05
2025-10-06 11:02:21,185 - matplotlib.font_manager - DEBUG - findfont: score(FontEntry(fname='/System/Library/Fonts/Supplemental/Verdana Italic.ttf', name='Verdana', style='italic', variant='normal', weight=400, stretch='normal', size='scalable')) = 4.6863636363636365
2025-10-06 11:02:21,186 - matplotlib.font_manager - DEBUG - findfont: score(FontEntry(fname='/System/Library/Fonts/Supplemental/NotoSansNabataean-Regular.ttf', name='Noto Sans Nabataean', style='normal', variant='normal', weight=400, stretch='normal', size='scalable')) = 10.05
2025-10-06 11:02:21,186 - matplotlib.font_manager - DEBUG - findfont: score(FontEntry(fname='/System/Library/Fonts/Supplemental/Farisi.ttf', name='Farisi', style='normal', variant='normal', weight=400, stretch='normal', size='scalable')) = 10.05
2025-10-06 11:02:21,186 - matplotlib.font_manager - DEBUG - findfont: score(FontEntry(fname='/System/Library/Fonts/Supplemental/STIXNonUni.otf', name='STIXNonUnicode', style='normal', variant='normal', weight=400, stretch='normal', size='scalable')) = 10.05
2025-10-06 11:02:21,186 - matplotlib.font_manager - DEBUG - findfont: score(FontEntry(fname='/System/Library/Fonts/Supplemental/NotoSansKaithi-Regular.ttf', name='Noto Sans Kaithi', style='normal', variant='normal', weight=400, stretch='normal', size='scalable')) = 10.05
2025-10-06 11:02:21,186 - matplotlib.font_manager - DEBUG - findfont: score(FontEntry(fname='/System/Library/Fonts/Supplemental/Arial Italic.ttf', name='Arial', style='italic', variant='normal', weight=400, stretch='normal', size='scalable')) = 7.413636363636363
2025-10-06 11:02:21,186 - matplotlib.font_manager - DEBUG - findfont: score(FontEntry(fname='/System/Library/Fonts/Supplemental/NotoSansBuhid-Regular.ttf', name='Noto Sans Buhid', style='normal', variant='normal', weight=400, stretch='normal', size='scalable')) = 10.05
2025-10-06 11:02:21,186 - matplotlib.font_manager - DEBUG - findfont: score(FontEntry(fname='/System/Library/Fonts/Supplemental/NotoSansSundanese-Regular.ttf', name='Noto Sans Sundanese', style='normal', variant='normal', weight=400, stretch='normal', size='scalable')) = 10.05
2025-10-06 11:02:21,187 - matplotlib.font_manager - DEBUG - findfont: score(FontEntry(fname='/System/Library/Fonts/Supplemental/Wingdings 3.ttf', name='Wingdings 3', style='normal', variant='normal', weight=400, stretch='normal', size='scalable')) = 10.05
2025-10-06 11:02:21,187 - matplotlib.font_manager - DEBUG - findfont: score(FontEntry(fname='/System/Library/Fonts/Supplemental/Sana.ttc', name='Sana', style='normal', variant='normal', weight=400, stretch='normal', size='scalable')) = 10.05
2025-10-06 11:02:21,187 - matplotlib.font_manager - DEBUG - findfont: score(FontEntry(fname='/Library/Fonts/VCORONET.TTF', name='VNI-Coronet', style='italic', variant='normal', weight=700, stretch='normal', size='scalable')) = 11.335
2025-10-06 11:02:21,187 - matplotlib.font_manager - DEBUG - findfont: score(FontEntry(fname='/System/Library/Fonts/Supplemental/NotoSerifAhom-Regular.ttf', name='Noto Serif Ahom', style='normal', variant='normal', weight=400, stretch='normal', size='scalable')) = 10.05
2025-10-06 11:02:21,187 - matplotlib.font_manager - DEBUG - findfont: score(FontEntry(fname='/Library/Fonts/VNLINUS.TTF', name='.VnLinus', style='normal', variant='normal', weight=400, stretch='normal', size='scalable')) = 10.05
2025-10-06 11:02:21,187 - matplotlib.font_manager - DEBUG - findfont: score(FontEntry(fname='/Library/Fonts/VNBAHAB.TTF', name='.VnBahamasB', style='normal', variant='normal', weight=700, stretch='normal', size='scalable')) = 10.335
2025-10-06 11:02:21,187 - matplotlib.font_manager - DEBUG - findfont: score(FontEntry(fname='/System/Library/Fonts/Supplemental/NotoSansMongolian-Regular.ttf', name='Noto Sans Mongolian', style='normal', variant='normal', weight=400, stretch='normal', size='scalable')) = 10.05
2025-10-06 11:02:21,188 - matplotlib.font_manager - DEBUG - findfont: score(FontEntry(fname='/System/Library/Fonts/Supplemental/NotoSansOsage-Regular.ttf', name='Noto Sans Osage', style='normal', variant='normal', weight=400, stretch='normal', size='scalable')) = 10.05
2025-10-06 11:02:21,188 - matplotlib.font_manager - DEBUG - findfont: score(FontEntry(fname='/System/Library/Fonts/HelveticaNeue.ttc', name='Helvetica Neue', style='normal', variant='normal', weight=400, stretch='normal', size='scalable')) = 10.05
2025-10-06 11:02:21,188 - matplotlib.font_manager - DEBUG - findfont: score(FontEntry(fname='/System/Library/Fonts/Supplemental/Telugu MN.ttc', name='Telugu MN', style='normal', variant='normal', weight=400, stretch='normal', size='scalable')) = 10.05
2025-10-06 11:02:21,188 - matplotlib.font_manager - DEBUG - findfont: score(FontEntry(fname='/Library/Fonts/VHARIALI.TTF', name='.VnArialH', style='italic', variant='normal', weight=400, stretch='normal', size='scalable')) = 11.05
2025-10-06 11:02:21,189 - matplotlib.font_manager - DEBUG - findfont: score(FontEntry(fname='/Library/Fonts/VNLINCOL.TTF', name='.VnLincoln', style='normal', variant='normal', weight=400, stretch='normal', size='scalable')) = 10.05
2025-10-06 11:02:21,189 - matplotlib.font_manager - DEBUG - findfont: score(FontEntry(fname='/Library/Fonts/VFREE.TTF', name='VNI-Free', style='normal', variant='normal', weight=400, stretch='normal', size='scalable')) = 10.05
2025-10-06 11:02:21,189 - matplotlib.font_manager - DEBUG - findfont: score(FontEntry(fname='/Library/Fonts/VGOUDYI.TTF', name='VNI-Goudy', style='italic', variant='normal', weight=400, stretch='normal', size='scalable')) = 11.05
2025-10-06 11:02:21,189 - matplotlib.font_manager - DEBUG - findfont: score(FontEntry(fname='/System/Library/Fonts/NotoSansKannada.ttc', name='Noto Sans Kannada', style='normal', variant='normal', weight=900, stretch='normal', size='scalable')) = 10.525
2025-10-06 11:02:21,189 - matplotlib.font_manager - DEBUG - findfont: score(FontEntry(fname='/System/Library/Fonts/Supplemental/Hoefler Text Ornaments.ttf', name='Hoefler Text', style='normal', variant='normal', weight=400, stretch='normal', size='scalable')) = 10.05
2025-10-06 11:02:21,189 - matplotlib.font_manager - DEBUG - findfont: score(FontEntry(fname='/System/Library/Fonts/Supplemental/NotoSansElbasan-Regular.ttf', name='Noto Sans Elbasan', style='normal', variant='normal', weight=400, stretch='normal', size='scalable')) = 10.05
2025-10-06 11:02:21,190 - matplotlib.font_manager - DEBUG - findfont: score(FontEntry(fname='/System/Library/Fonts/Supplemental/Gurmukhi MN.ttc', name='Gurmukhi MN', style='normal', variant='normal', weight=400, stretch='normal', size='scalable')) = 10.05
2025-10-06 11:02:21,190 - matplotlib.font_manager - DEBUG - findfont: score(FontEntry(fname='/System/Library/Fonts/Supplemental/NotoSansCypriot-Regular.ttf', name='Noto Sans Cypriot', style='normal', variant='normal', weight=400, stretch='normal', size='scalable')) = 10.05
2025-10-06 11:02:21,190 - matplotlib.font_manager - DEBUG - findfont: score(FontEntry(fname='/Library/Fonts/VMELIB.TTF', name='VNI-Meli', style='normal', variant='normal', weight=700, stretch='normal', size='scalable')) = 10.335
2025-10-06 11:02:21,190 - matplotlib.font_manager - DEBUG - findfont: score(FontEntry(fname='/System/Library/Fonts/STHeiti Medium.ttc', name='Heiti TC', style='normal', variant='normal', weight=400, stretch='normal', size='scalable')) = 10.05
2025-10-06 11:02:21,190 - matplotlib.font_manager - DEBUG - findfont: score(FontEntry(fname='/Library/Fonts/VNANTIQB.TTF', name='.VnBook-Antiqua', style='normal', variant='normal', weight=700, stretch='normal', size='scalable')) = 10.335
2025-10-06 11:02:21,190 - matplotlib.font_manager - DEBUG - findfont: score(FontEntry(fname='/System/Library/Fonts/Supplemental/STIXSizTwoSymBol.otf', name='STIXSizeTwoSym', style='normal', variant='normal', weight=700, stretch='normal', size='scalable')) = 10.335
2025-10-06 11:02:21,190 - matplotlib.font_manager - DEBUG - findfont: score(FontEntry(fname='/Library/Fonts/VNARIS.TTF', name='.VnAristote', style='normal', variant='normal', weight=500, stretch='normal', size='scalable')) = 10.145
2025-10-06 11:02:21,191 - matplotlib.font_manager - DEBUG - findfont: score(FontEntry(fname='/System/Library/Fonts/Supplemental/NotoSansNewa-Regular.ttf', name='Noto Sans Newa', style='normal', variant='normal', weight=400, stretch='normal', size='scalable')) = 10.05
2025-10-06 11:02:21,191 - matplotlib.font_manager - DEBUG - findfont: score(FontEntry(fname='/Library/Fonts/VBOOKMBI.TTF', name='VNI-Book', style='italic', variant='normal', weight=700, stretch='normal', size='scalable')) = 11.335
2025-10-06 11:02:21,191 - matplotlib.font_manager - DEBUG - findfont: score(FontEntry(fname='/Library/Fonts/VKUNBI.TTF', name='VNI-Kun', style='italic', variant='normal', weight=700, stretch='normal', size='scalable')) = 11.335
2025-10-06 11:02:21,191 - matplotlib.font_manager - DEBUG - findfont: score(FontEntry(fname='/System/Library/Fonts/Supplemental/STIXGeneralBolIta.otf', name='STIXGeneral', style='italic', variant='normal', weight=700, stretch='normal', size='scalable')) = 11.335
2025-10-06 11:02:21,191 - matplotlib.font_manager - DEBUG - findfont: score(FontEntry(fname='/System/Library/Fonts/Supplemental/PartyLET-plain.ttf', name='Party LET', style='normal', variant='normal', weight=400, stretch='normal', size='scalable')) = 10.05
2025-10-06 11:02:21,191 - matplotlib.font_manager - DEBUG - findfont: score(FontEntry(fname='/System/Library/Fonts/Supplemental/Diwan Kufi.ttc', name='Diwan Kufi', style='normal', variant='normal', weight=400, stretch='normal', size='scalable')) = 10.05
2025-10-06 11:02:21,191 - matplotlib.font_manager - DEBUG - findfont: score(FontEntry(fname='/Library/Fonts/VHVOGU.TTF', name='.VnVogueH', style='normal', variant='normal', weight=500, stretch='normal', size='scalable')) = 10.145
2025-10-06 11:02:21,192 - matplotlib.font_manager - DEBUG - findfont: score(FontEntry(fname='/Library/Fonts/VHMUSTI.TTF', name='.VnMysticalH', style='normal', variant='normal', weight=400, stretch='normal', size='scalable')) = 10.05
2025-10-06 11:02:21,192 - matplotlib.font_manager - DEBUG - findfont: score(FontEntry(fname='/System/Library/Fonts/Supplemental/AmericanTypewriter.ttc', name='American Typewriter', style='normal', variant='normal', weight=400, stretch='normal', size='scalable')) = 10.05
2025-10-06 11:02:21,192 - matplotlib.font_manager - DEBUG - findfont: score(FontEntry(fname='/Library/Fonts/VHARIABI.TTF', name='.VnArialH', style='italic', variant='normal', weight=700, stretch='normal', size='scalable')) = 11.335
2025-10-06 11:02:21,192 - matplotlib.font_manager - DEBUG - findfont: score(FontEntry(fname='/System/Library/Fonts/Supplemental/STIXIntUpBol.otf', name='STIXIntegralsUp', style='normal', variant='normal', weight=700, stretch='normal', size='scalable')) = 10.335
2025-10-06 11:02:21,192 - matplotlib.font_manager - DEBUG - findfont: score(FontEntry(fname='/System/Library/Fonts/Supplemental/NotoSansImperialAramaic-Regular.ttf', name='Noto Sans Imperial Aramaic', style='normal', variant='normal', weight=400, stretch='normal', size='scalable')) = 10.05
2025-10-06 11:02:21,192 - matplotlib.font_manager - DEBUG - findfont: score(FontEntry(fname='/System/Library/Fonts/Supplemental/NotoSansEgyptianHieroglyphs-Regular.ttf', name='Noto Sans Egyptian Hieroglyphs', style='normal', variant='normal', weight=400, stretch='normal', size='scalable')) = 10.05
2025-10-06 11:02:21,192 - matplotlib.font_manager - DEBUG - findfont: score(FontEntry(fname='/System/Library/Fonts/Supplemental/Bangla MN.ttc', name='Bangla MN', style='normal', variant='normal', weight=400, stretch='normal', size='scalable')) = 10.05
2025-10-06 11:02:21,193 - matplotlib.font_manager - DEBUG - findfont: score(FontEntry(fname='/System/Library/Fonts/Supplemental/NotoSansUgaritic-Regular.ttf', name='Noto Sans Ugaritic', style='normal', variant='normal', weight=400, stretch='normal', size='scalable')) = 10.05
2025-10-06 11:02:21,193 - matplotlib.font_manager - DEBUG - findfont: score(FontEntry(fname='/System/Library/Fonts/Supplemental/Oriya Sangam MN.ttc', name='Oriya Sangam MN', style='normal', variant='normal', weight=400, stretch='normal', size='scalable')) = 10.05
2025-10-06 11:02:21,193 - matplotlib.font_manager - DEBUG - findfont: score(FontEntry(fname='/System/Library/Fonts/Supplemental/Apple Chancery.ttf', name='Apple Chancery', style='normal', variant='normal', weight=0, stretch='normal', size='scalable')) = 10.43
2025-10-06 11:02:21,193 - matplotlib.font_manager - DEBUG - findfont: score(FontEntry(fname='/System/Library/Fonts/Supplemental/Microsoft Sans Serif.ttf', name='Microsoft Sans Serif', style='normal', variant='normal', weight=400, stretch='normal', size='scalable')) = 10.05
2025-10-06 11:02:21,193 - matplotlib.font_manager - DEBUG - findfont: score(FontEntry(fname='/Library/Fonts/VDURHAM.TTF', name='VNI-Dur', style='normal', variant='normal', weight=700, stretch='normal', size='scalable')) = 10.335
2025-10-06 11:02:21,193 - matplotlib.font_manager - DEBUG - findfont: score(FontEntry(fname='/System/Library/Fonts/SFNS.ttf', name='System Font', style='normal', variant='normal', weight=400, stretch='normal', size='scalable')) = 10.05
2025-10-06 11:02:21,193 - matplotlib.font_manager - DEBUG - findfont: score(FontEntry(fname='/System/Library/Fonts/Supplemental/Tamil MN.ttc', name='Tamil MN', style='normal', variant='normal', weight=400, stretch='normal', size='scalable')) = 10.05
2025-10-06 11:02:21,194 - matplotlib.font_manager - DEBUG - findfont: score(FontEntry(fname='/System/Library/Fonts/SFCompactItalic.ttf', name='.SF Compact', style='italic', variant='normal', weight=1000, stretch='normal', size='scalable')) = 11.62
2025-10-06 11:02:21,194 - matplotlib.font_manager - DEBUG - findfont: score(FontEntry(fname='/Library/Fonts/VALLERGO.TTF', name='VNI-Allegie', style='italic', variant='normal', weight=400, stretch='normal', size='scalable')) = 11.05
2025-10-06 11:02:21,194 - matplotlib.font_manager - DEBUG - findfont: score(FontEntry(fname='/System/Library/Fonts/Supplemental/Courier New Bold.ttf', name='Courier New', style='normal', variant='normal', weight=700, stretch='normal', size='scalable')) = 10.335
2025-10-06 11:02:21,194 - matplotlib.font_manager - DEBUG - findfont: score(FontEntry(fname='/Library/Fonts/VFRANKO.TTF', name='VNI-Franko', style='normal', variant='normal', weight=400, stretch='normal', size='scalable')) = 10.05
2025-10-06 11:02:21,194 - matplotlib.font_manager - DEBUG - findfont: score(FontEntry(fname='/System/Library/Fonts/Supplemental/Songti.ttc', name='Songti SC', style='normal', variant='normal', weight=900, stretch='normal', size='scalable')) = 10.525
2025-10-06 11:02:21,194 - matplotlib.font_manager - DEBUG - findfont: score(FontEntry(fname='/System/Library/Fonts/Supplemental/Al Tarikh.ttc', name='Al Tarikh', style='normal', variant='normal', weight=400, stretch='normal', size='scalable')) = 10.05
2025-10-06 11:02:21,194 - matplotlib.font_manager - DEBUG - findfont: score(FontEntry(fname='/System/Library/Fonts/Supplemental/Comic Sans MS Bold.ttf', name='Comic Sans MS', style='normal', variant='normal', weight=700, stretch='normal', size='scalable')) = 10.335
2025-10-06 11:02:21,195 - matplotlib.font_manager - DEBUG - findfont: score(FontEntry(fname='/System/Library/Fonts/Supplemental/Arial Unicode.ttf', name='Arial Unicode MS', style='normal', variant='normal', weight=400, stretch='normal', size='scalable')) = 10.05
2025-10-06 11:02:21,195 - matplotlib.font_manager - DEBUG - findfont: score(FontEntry(fname='/System/Library/Fonts/Supplemental/NotoSansCarian-Regular.ttf', name='Noto Sans Carian', style='normal', variant='normal', weight=400, stretch='normal', size='scalable')) = 10.05
2025-10-06 11:02:21,195 - matplotlib.font_manager - DEBUG - findfont: score(FontEntry(fname='/System/Library/Fonts/Supplemental/Arial Narrow.ttf', name='Arial Narrow', style='normal', variant='normal', weight=400, stretch='condensed', size='scalable')) = 10.25
2025-10-06 11:02:21,195 - matplotlib.font_manager - DEBUG - findfont: score(FontEntry(fname='/System/Library/Fonts/Helvetica.ttc', name='Helvetica', style='normal', variant='normal', weight=400, stretch='normal', size='scalable')) = 7.322727272727273
2025-10-06 11:02:21,195 - matplotlib.font_manager - DEBUG - findfont: score(FontEntry(fname='/System/Library/Fonts/Supplemental/NotoSansMultani-Regular.ttf', name='Noto Sans Multani', style='normal', variant='normal', weight=400, stretch='normal', size='scalable')) = 10.05
2025-10-06 11:02:21,195 - matplotlib.font_manager - DEBUG - findfont: score(FontEntry(fname='/Library/Fonts/VHCENTBI.TTF', name='.VnCentury SchoolbookH', style='italic', variant='normal', weight=700, stretch='normal', size='scalable')) = 11.335
2025-10-06 11:02:21,195 - matplotlib.font_manager - DEBUG - findfont: score(FontEntry(fname='/System/Library/Fonts/Supplemental/STIXVar.otf', name='STIXVariants', style='normal', variant='normal', weight=400, stretch='normal', size='scalable')) = 10.05
2025-10-06 11:02:21,196 - matplotlib.font_manager - DEBUG - findfont: score(FontEntry(fname='/Library/Fonts/VHPRES.TTF', name='.VnPresentH', style='normal', variant='normal', weight=500, stretch='normal', size='scalable')) = 10.145
2025-10-06 11:02:21,196 - matplotlib.font_manager - DEBUG - findfont: score(FontEntry(fname='/System/Library/Fonts/Supplemental/NotoSerifYezidi-Regular.otf', name='Noto Serif Yezidi', style='normal', variant='normal', weight=400, stretch='normal', size='scalable')) = 10.05
2025-10-06 11:02:21,196 - matplotlib.font_manager - DEBUG - findfont: score(FontEntry(fname='/Library/Fonts/VMELII.TTF', name='VNI-Meli', style='italic', variant='normal', weight=400, stretch='normal', size='scalable')) = 11.05
2025-10-06 11:02:21,196 - matplotlib.font_manager - DEBUG - findfont: score(FontEntry(fname='/System/Library/Fonts/Supplemental/NotoSansSoraSompeng-Regular.ttf', name='Noto Sans Sora Sompeng', style='normal', variant='normal', weight=400, stretch='normal', size='scalable')) = 10.05
2025-10-06 11:02:21,196 - matplotlib.font_manager - DEBUG - findfont: score(FontEntry(fname='/Library/Fonts/VNLUCIDA.TTF', name='.VnLucida sans', style='normal', variant='normal', weight=400, stretch='normal', size='scalable')) = 10.05
2025-10-06 11:02:21,196 - matplotlib.font_manager - DEBUG - findfont: score(FontEntry(fname='/Library/Fonts/VNSOUTHD.TTF', name='.VnSouthern', style='italic', variant='normal', weight=700, stretch='normal', size='scalable')) = 11.335
2025-10-06 11:02:21,197 - matplotlib.font_manager - DEBUG - findfont: score(FontEntry(fname='/System/Library/Fonts/Supplemental/Webdings.ttf', name='Webdings', style='normal', variant='normal', weight=400, stretch='normal', size='scalable')) = 10.05
2025-10-06 11:02:21,197 - matplotlib.font_manager - DEBUG - findfont: score(FontEntry(fname='/System/Library/Fonts/Supplemental/Arial.ttf', name='Arial', style='normal', variant='normal', weight=400, stretch='normal', size='scalable')) = 6.413636363636363
2025-10-06 11:02:21,197 - matplotlib.font_manager - DEBUG - findfont: score(FontEntry(fname='/Library/Fonts/VHBODO.TTF', name='.VnBodoniH', style='normal', variant='normal', weight=400, stretch='normal', size='scalable')) = 10.05
2025-10-06 11:02:21,197 - matplotlib.font_manager - DEBUG - findfont: score(FontEntry(fname='/Library/Fonts/VCOOPERB.TTF', name='VNI-Cooper', style='normal', variant='normal', weight=900, stretch='normal', size='scalable')) = 10.525
2025-10-06 11:02:21,197 - matplotlib.font_manager - DEBUG - findfont: score(FontEntry(fname='/Library/Fonts/VNPARK.TTF', name='.VnPark', style='normal', variant='normal', weight=500, stretch='normal', size='scalable')) = 10.145
2025-10-06 11:02:21,197 - matplotlib.font_manager - DEBUG - findfont: score(FontEntry(fname='/System/Library/Fonts/Supplemental/STIXSizOneSymReg.otf', name='STIXSizeOneSym', style='normal', variant='normal', weight=400, stretch='normal', size='scalable')) = 10.05
2025-10-06 11:02:21,198 - matplotlib.font_manager - DEBUG - findfont: score(FontEntry(fname='/System/Library/Fonts/Supplemental/Beirut.ttc', name='Beirut', style='normal', variant='normal', weight=700, stretch='normal', size='scalable')) = 10.335
2025-10-06 11:02:21,198 - matplotlib.font_manager - DEBUG - findfont: score(FontEntry(fname='/System/Library/Fonts/Supplemental/Iowan Old Style.ttc', name='Iowan Old Style', style='normal', variant='normal', weight=400, stretch='normal', size='scalable')) = 10.05
2025-10-06 11:02:21,198 - matplotlib.font_manager - DEBUG - findfont: score(FontEntry(fname='/System/Library/Fonts/Supplemental/NotoSansCoptic-Regular.ttf', name='Noto Sans Coptic', style='normal', variant='normal', weight=400, stretch='normal', size='scalable')) = 10.05
2025-10-06 11:02:21,198 - matplotlib.font_manager - DEBUG - findfont: score(FontEntry(fname='/Library/Fonts/VNIGREEC.TTF', name='VNI Greece', style='normal', variant='normal', weight=400, stretch='normal', size='scalable')) = 10.05
2025-10-06 11:02:21,198 - matplotlib.font_manager - DEBUG - findfont: score(FontEntry(fname='/System/Library/Fonts/Supplemental/Kefa.ttc', name='Kefa', style='normal', variant='normal', weight=400, stretch='normal', size='scalable')) = 10.05
2025-10-06 11:02:21,198 - matplotlib.font_manager - DEBUG - findfont: score(FontEntry(fname='/Library/Fonts/VPALABI.TTF', name='VNI-Palatin', style='italic', variant='normal', weight=700, stretch='normal', size='scalable')) = 11.335
2025-10-06 11:02:21,198 - matplotlib.font_manager - DEBUG - findfont: score(FontEntry(fname='/Library/Fonts/VSWISEC.TTF', name='VNI-Swiss-Condense', style='normal', variant='normal', weight=400, stretch='condensed', size='scalable')) = 10.25
2025-10-06 11:02:21,199 - matplotlib.font_manager - DEBUG - findfont: score(FontEntry(fname='/System/Library/Fonts/Supplemental/STIXSizFourSymReg.otf', name='STIXSizeFourSym', style='normal', variant='normal', weight=400, stretch='normal', size='scalable')) = 10.05
2025-10-06 11:02:21,199 - matplotlib.font_manager - DEBUG - findfont: score(FontEntry(fname='/System/Library/Fonts/Supplemental/Rockwell.ttc', name='Rockwell', style='normal', variant='normal', weight=400, stretch='normal', size='scalable')) = 10.05
2025-10-06 11:02:21,199 - matplotlib.font_manager - DEBUG - findfont: score(FontEntry(fname='/Library/Fonts/VHCLARE.TTF', name='.VnClarendonH', style='normal', variant='normal', weight=400, stretch='normal', size='scalable')) = 10.05
2025-10-06 11:02:21,199 - matplotlib.font_manager - DEBUG - findfont: score(FontEntry(fname='/System/Library/Fonts/Supplemental/NotoSansManichaean-Regular.ttf', name='Noto Sans Manichaean', style='normal', variant='normal', weight=400, stretch='normal', size='scalable')) = 10.05
2025-10-06 11:02:21,199 - matplotlib.font_manager - DEBUG - findfont: score(FontEntry(fname='/Library/Fonts/vniongdo.ttf', name='.TMC-Ong Do', style='normal', variant='normal', weight=400, stretch='normal', size='scalable')) = 10.05
2025-10-06 11:02:21,199 - matplotlib.font_manager - DEBUG - findfont: score(FontEntry(fname='/System/Library/Fonts/Supplemental/STIXIntUpSmReg.otf', name='STIXIntegralsUpSm', style='normal', variant='normal', weight=400, stretch='normal', size='scalable')) = 10.05
2025-10-06 11:02:21,200 - matplotlib.font_manager - DEBUG - findfont: score(FontEntry(fname='/Library/Fonts/VNHELVS.TTF', name='.VnHelvetIns', style='normal', variant='normal', weight=500, stretch='normal', size='scalable')) = 10.145
2025-10-06 11:02:21,200 - matplotlib.font_manager - DEBUG - findfont: score(FontEntry(fname='/System/Library/Fonts/Supplemental/PTMono.ttc', name='PT Mono', style='normal', variant='normal', weight=700, stretch='normal', size='scalable')) = 10.335
2025-10-06 11:02:21,200 - matplotlib.font_manager - DEBUG - findfont: score(FontEntry(fname='/System/Library/Fonts/Supplemental/Trebuchet MS Bold Italic.ttf', name='Trebuchet MS', style='italic', variant='normal', weight=700, stretch='normal', size='scalable')) = 11.335
2025-10-06 11:02:21,200 - matplotlib.font_manager - DEBUG - findfont: score(FontEntry(fname='/Library/Fonts/VHAVAN.TTF', name='.VnAvantH', style='normal', variant='normal', weight=400, stretch='normal', size='scalable')) = 10.05
2025-10-06 11:02:21,200 - matplotlib.font_manager - DEBUG - findfont: score(FontEntry(fname='/System/Library/Fonts/Supplemental/NotoSansGlagolitic-Regular.ttf', name='Noto Sans Glagolitic', style='normal', variant='normal', weight=400, stretch='normal', size='scalable')) = 10.05
2025-10-06 11:02:21,200 - matplotlib.font_manager - DEBUG - findfont: score(FontEntry(fname='/Library/Fonts/VNSOUTHI.TTF', name='.VnSouthern', style='italic', variant='normal', weight=400, stretch='normal', size='scalable')) = 11.05
2025-10-06 11:02:21,200 - matplotlib.font_manager - DEBUG - findfont: score(FontEntry(fname='/System/Library/Fonts/Supplemental/Brush Script.ttf', name='Brush Script MT', style='italic', variant='normal', weight=400, stretch='normal', size='scalable')) = 11.05
2025-10-06 11:02:21,201 - matplotlib.font_manager - DEBUG - findfont: score(FontEntry(fname='/System/Library/Fonts/Supplemental/NotoSansBrahmi-Regular.ttf', name='Noto Sans Brahmi', style='normal', variant='normal', weight=400, stretch='normal', size='scalable')) = 10.05
2025-10-06 11:02:21,201 - matplotlib.font_manager - DEBUG - findfont: score(FontEntry(fname='/System/Library/Fonts/Supplemental/Tahoma Bold.ttf', name='Tahoma', style='normal', variant='normal', weight=700, stretch='normal', size='scalable')) = 10.335
2025-10-06 11:02:21,201 - matplotlib.font_manager - DEBUG - findfont: score(FontEntry(fname='/Library/Fonts/Arial Unicode.ttf', name='Arial Unicode MS', style='normal', variant='normal', weight=400, stretch='normal', size='scalable')) = 10.05
2025-10-06 11:02:21,201 - matplotlib.font_manager - DEBUG - findfont: score(FontEntry(fname='/Library/Fonts/VHELVCBI.TTF', name='VNI-Helve-Condense', style='italic', variant='normal', weight=700, stretch='condensed', size='scalable')) = 11.535
2025-10-06 11:02:21,201 - matplotlib.font_manager - DEBUG - findfont: score(FontEntry(fname='/System/Library/Fonts/NotoSansArmenian.ttc', name='Noto Sans Armenian', style='normal', variant='normal', weight=900, stretch='normal', size='scalable')) = 10.525
2025-10-06 11:02:21,201 - matplotlib.font_manager - DEBUG - findfont: score(FontEntry(fname='/Library/Fonts/VSWISC.TTF', name='VNI-Swiss-Condense', style='normal', variant='normal', weight=700, stretch='condensed', size='scalable')) = 10.535
2025-10-06 11:02:21,201 - matplotlib.font_manager - DEBUG - findfont: score(FontEntry(fname='/Library/Fonts/VNCENTI.TTF', name='.VnCentury Schoolbook', style='italic', variant='normal', weight=400, stretch='normal', size='scalable')) = 11.05
2025-10-06 11:02:21,202 - matplotlib.font_manager - DEBUG - findfont: score(FontEntry(fname='/System/Library/Fonts/Supplemental/NotoSansYi-Regular.ttf', name='Noto Sans Yi', style='normal', variant='normal', weight=400, stretch='normal', size='scalable')) = 10.05
2025-10-06 11:02:21,202 - matplotlib.font_manager - DEBUG - findfont: score(FontEntry(fname='/System/Library/Fonts/Noteworthy.ttc', name='Noteworthy', style='normal', variant='normal', weight=300, stretch='normal', size='scalable')) = 10.145
2025-10-06 11:02:21,202 - matplotlib.font_manager - DEBUG - findfont: score(FontEntry(fname='/System/Library/Fonts/Supplemental/Al Nile.ttc', name='Al Nile', style='normal', variant='normal', weight=400, stretch='normal', size='scalable')) = 10.05
2025-10-06 11:02:21,202 - matplotlib.font_manager - DEBUG - findfont: score(FontEntry(fname='/Library/Fonts/VBODONP.TTF', name='VNI-Bodon-Poster', style='normal', variant='normal', weight=700, stretch='normal', size='scalable')) = 10.335
2025-10-06 11:02:21,202 - matplotlib.font_manager - DEBUG - findfont: score(FontEntry(fname='/System/Library/Fonts/Supplemental/NotoSansKhudawadi-Regular.ttf', name='Noto Sans Khudawadi', style='normal', variant='normal', weight=400, stretch='normal', size='scalable')) = 10.05
2025-10-06 11:02:21,202 - matplotlib.font_manager - DEBUG - findfont: score(FontEntry(fname='/System/Library/Fonts/Supplemental/SuperClarendon.ttc', name='Superclarendon', style='normal', variant='normal', weight=400, stretch='normal', size='scalable')) = 10.05
2025-10-06 11:02:21,202 - matplotlib.font_manager - DEBUG - findfont: score(FontEntry(fname='/System/Library/Fonts/Supplemental/Arial Bold.ttf', name='Arial', style='normal', variant='normal', weight=700, stretch='normal', size='scalable')) = 6.698636363636363
2025-10-06 11:02:21,203 - matplotlib.font_manager - DEBUG - findfont: score(FontEntry(fname='/System/Library/Fonts/Symbol.ttf', name='Symbol', style='normal', variant='normal', weight=400, stretch='normal', size='scalable')) = 10.05
2025-10-06 11:02:21,203 - matplotlib.font_manager - DEBUG - findfont: score(FontEntry(fname='/System/Library/Fonts/Supplemental/Chalkboard.ttc', name='Chalkboard', style='normal', variant='normal', weight=400, stretch='normal', size='scalable')) = 10.05
2025-10-06 11:02:21,203 - matplotlib.font_manager - DEBUG - findfont: score(FontEntry(fname='/Library/Fonts/VKORIN.TTF', name='VNI-Korin', style='normal', variant='normal', weight=400, stretch='normal', size='scalable')) = 10.05
2025-10-06 11:02:21,203 - matplotlib.font_manager - DEBUG - findfont: score(FontEntry(fname='/Library/Fonts/VGARAMB.TTF', name='VNI-Garam', style='normal', variant='normal', weight=700, stretch='normal', size='scalable')) = 10.335
2025-10-06 11:02:21,203 - matplotlib.font_manager - DEBUG - findfont: score(FontEntry(fname='/System/Library/Fonts/Supplemental/NotoSansSaurashtra-Regular.ttf', name='Noto Sans Saurashtra', style='normal', variant='normal', weight=400, stretch='normal', size='scalable')) = 10.05
2025-10-06 11:02:21,203 - matplotlib.font_manager - DEBUG - findfont: score(FontEntry(fname='/System/Library/Fonts/ヒラギノ角ゴシック W7.ttc', name='Hiragino Sans', style='normal', variant='normal', weight=700, stretch='normal', size='scalable')) = 10.335
2025-10-06 11:02:21,204 - matplotlib.font_manager - DEBUG - findfont: score(FontEntry(fname='/System/Library/Fonts/Supplemental/Bodoni Ornaments.ttf', name='Bodoni Ornaments', style='normal', variant='normal', weight=400, stretch='normal', size='scalable')) = 10.05
2025-10-06 11:02:21,204 - matplotlib.font_manager - DEBUG - findfont: score(FontEntry(fname='/System/Library/Fonts/Supplemental/Comic Sans MS.ttf', name='Comic Sans MS', style='normal', variant='normal', weight=400, stretch='normal', size='scalable')) = 10.05
2025-10-06 11:02:21,204 - matplotlib.font_manager - DEBUG - findfont: score(FontEntry(fname='/Library/Fonts/VNMEMO.TTF', name='.VnMemorandum', style='normal', variant='normal', weight=400, stretch='normal', size='scalable')) = 10.05
2025-10-06 11:02:21,204 - matplotlib.font_manager - DEBUG - findfont: score(FontEntry(fname='/Library/Fonts/VNCOURBI.TTF', name='.VnCourier New', style='italic', variant='normal', weight=700, stretch='normal', size='scalable')) = 11.335
2025-10-06 11:02:21,204 - matplotlib.font_manager - DEBUG - findfont: score(FontEntry(fname='/Library/Fonts/VSOUVBI.TTF', name='VNI-Souvir', style='italic', variant='normal', weight=700, stretch='normal', size='scalable')) = 11.335
2025-10-06 11:02:21,205 - matplotlib.font_manager - DEBUG - findfont: score(FontEntry(fname='/Library/Fonts/VCOMMERC.TTF', name='VNI-Commerce', style='italic', variant='normal', weight=700, stretch='normal', size='scalable')) = 11.335
2025-10-06 11:02:21,205 - matplotlib.font_manager - DEBUG - findfont: score(FontEntry(fname='/System/Library/Fonts/Supplemental/SignPainter.ttc', name='SignPainter', style='normal', variant='normal', weight=400, stretch='normal', size='scalable')) = 10.05
2025-10-06 11:02:21,205 - matplotlib.font_manager - DEBUG - findfont: score(FontEntry(fname='/Library/Fonts/VHTIMEI.TTF', name='.VnTimeH', style='italic', variant='normal', weight=400, stretch='normal', size='scalable')) = 11.05
2025-10-06 11:02:21,205 - matplotlib.font_manager - DEBUG - findfont: score(FontEntry(fname='/Library/Fonts/vnithufap3.ttf', name='VNI-Thufap3', style='normal', variant='normal', weight=400, stretch='normal', size='scalable')) = 10.05
2025-10-06 11:02:21,205 - matplotlib.font_manager - DEBUG - findfont: score(FontEntry(fname='/Library/Fonts/VAWCHON.TTF', name='VNI-Awchon', style='normal', variant='normal', weight=700, stretch='normal', size='scalable')) = 10.335
2025-10-06 11:02:21,205 - matplotlib.font_manager - DEBUG - findfont: score(FontEntry(fname='/Library/Fonts/VHARIALB.TTF', name='.VnArialH', style='normal', variant='normal', weight=700, stretch='normal', size='scalable')) = 10.335
2025-10-06 11:02:21,205 - matplotlib.font_manager - DEBUG - findfont: score(FontEntry(fname='/Library/Fonts/VBODON.TTF', name='VNI-Bodon', style='normal', variant='normal', weight=400, stretch='normal', size='scalable')) = 10.05
2025-10-06 11:02:21,206 - matplotlib.font_manager - DEBUG - findfont: score(FontEntry(fname='/System/Library/Fonts/Supplemental/Seravek.ttc', name='Seravek', style='normal', variant='normal', weight=400, stretch='normal', size='scalable')) = 10.05
2025-10-06 11:02:21,206 - matplotlib.font_manager - DEBUG - findfont: score(FontEntry(fname='/Library/Fonts/VNIRUSSI.TTF', name='VNI Russia', style='normal', variant='normal', weight=400, stretch='normal', size='scalable')) = 10.05
2025-10-06 11:02:21,206 - matplotlib.font_manager - DEBUG - findfont: score(FontEntry(fname='/System/Library/Fonts/Supplemental/NotoSansLimbu-Regular.ttf', name='Noto Sans Limbu', style='normal', variant='normal', weight=400, stretch='normal', size='scalable')) = 10.05
2025-10-06 11:02:21,206 - matplotlib.font_manager - DEBUG - findfont: score(FontEntry(fname='/Library/Fonts/VHBAHAB.TTF', name='.VnBahamasBH', style='normal', variant='normal', weight=700, stretch='normal', size='scalable')) = 10.335
2025-10-06 11:02:21,206 - matplotlib.font_manager - DEBUG - findfont: score(FontEntry(fname='/System/Library/Fonts/NotoNastaliq.ttc', name='Noto Nastaliq Urdu', style='normal', variant='normal', weight=400, stretch='normal', size='scalable')) = 10.05
2025-10-06 11:02:21,206 - matplotlib.font_manager - DEBUG - findfont: score(FontEntry(fname='/System/Library/Fonts/Supplemental/Baghdad.ttc', name='Baghdad', style='normal', variant='normal', weight=400, stretch='normal', size='scalable')) = 10.05
2025-10-06 11:02:21,206 - matplotlib.font_manager - DEBUG - findfont: score(FontEntry(fname='/Library/Fonts/VNTIFH.TTF', name='.VnTifani Heavy', style='normal', variant='normal', weight=400, stretch='normal', size='scalable')) = 10.05
2025-10-06 11:02:21,207 - matplotlib.font_manager - DEBUG - findfont: score(FontEntry(fname='/Library/Fonts/vnithuphapslogan.ttf', name='VNI-Slogan', style='normal', variant='normal', weight=400, stretch='normal', size='scalable')) = 10.05
2025-10-06 11:02:21,207 - matplotlib.font_manager - DEBUG - findfont: score(FontEntry(fname='/System/Library/Fonts/Supplemental/Athelas.ttc', name='Athelas', style='normal', variant='normal', weight=400, stretch='normal', size='scalable')) = 10.05
2025-10-06 11:02:21,207 - matplotlib.font_manager - DEBUG - findfont: score(FontEntry(fname='/System/Library/Fonts/Supplemental/Bodoni 72 Smallcaps Book.ttf', name='Bodoni 72 Smallcaps', style='normal', variant='normal', weight=400, stretch='normal', size='scalable')) = 10.05
2025-10-06 11:02:21,207 - matplotlib.font_manager - DEBUG - findfont: score(FontEntry(fname='/System/Library/Fonts/Supplemental/STIXSizThreeSymReg.otf', name='STIXSizeThreeSym', style='normal', variant='normal', weight=400, stretch='normal', size='scalable')) = 10.05
2025-10-06 11:02:21,207 - matplotlib.font_manager - DEBUG - findfont: score(FontEntry(fname='/System/Library/Fonts/Supplemental/NotoSansGothic-Regular.ttf', name='Noto Sans Gothic', style='normal', variant='normal', weight=400, stretch='normal', size='scalable')) = 10.05
2025-10-06 11:02:21,207 - matplotlib.font_manager - DEBUG - findfont: score(FontEntry(fname='/System/Library/Fonts/Supplemental/Sinhala Sangam MN.ttc', name='Sinhala Sangam MN', style='normal', variant='normal', weight=400, stretch='normal', size='scalable')) = 10.05
2025-10-06 11:02:21,208 - matplotlib.font_manager - DEBUG - findfont: score(FontEntry(fname='/Library/Fonts/VNCOUR.TTF', name='.VnCourier New', style='normal', variant='normal', weight=400, stretch='normal', size='scalable')) = 10.05
2025-10-06 11:02:21,208 - matplotlib.font_manager - DEBUG - findfont: score(FontEntry(fname='/Library/Fonts/VNCOURI.TTF', name='.VnCourier New', style='italic', variant='normal', weight=400, stretch='normal', size='scalable')) = 11.05
2025-10-06 11:02:21,208 - matplotlib.font_manager - DEBUG - findfont: score(FontEntry(fname='/System/Library/Fonts/Supplemental/Marion.ttc', name='Marion', style='normal', variant='normal', weight=400, stretch='normal', size='scalable')) = 10.05
2025-10-06 11:02:21,208 - matplotlib.font_manager - DEBUG - findfont: score(FontEntry(fname='/Library/Fonts/VBODONBI.TTF', name='VNI-Bodon', style='italic', variant='normal', weight=700, stretch='normal', size='scalable')) = 11.335
2025-10-06 11:02:21,208 - matplotlib.font_manager - DEBUG - findfont: score(FontEntry(fname='/Library/Fonts/VNUNIV.TTF', name='.VnUniverse', style='normal', variant='normal', weight=400, stretch='normal', size='scalable')) = 10.05
2025-10-06 11:02:21,208 - matplotlib.font_manager - DEBUG - findfont: score(FontEntry(fname='/System/Library/Fonts/Supplemental/NotoSansLinearA-Regular.ttf', name='Noto Sans Linear A', style='normal', variant='normal', weight=400, stretch='normal', size='scalable')) = 10.05
2025-10-06 11:02:21,208 - matplotlib.font_manager - DEBUG - findfont: score(FontEntry(fname='/System/Library/Fonts/Supplemental/Arial Bold Italic.ttf', name='Arial', style='italic', variant='normal', weight=700, stretch='normal', size='scalable')) = 7.698636363636363
2025-10-06 11:02:21,209 - matplotlib.font_manager - DEBUG - findfont: score(FontEntry(fname='/System/Library/Fonts/Supplemental/SnellRoundhand.ttc', name='Snell Roundhand', style='normal', variant='normal', weight=500, stretch='normal', size='scalable')) = 10.145
2025-10-06 11:02:21,209 - matplotlib.font_manager - DEBUG - findfont: score(FontEntry(fname='/Library/Fonts/VCENTBI.TTF', name='VNI-Centur', style='italic', variant='normal', weight=700, stretch='normal', size='scalable')) = 11.335
2025-10-06 11:02:21,209 - matplotlib.font_manager - DEBUG - findfont: score(FontEntry(fname='/System/Library/Fonts/Supplemental/NotoSansMahajani-Regular.ttf', name='Noto Sans Mahajani', style='normal', variant='normal', weight=400, stretch='normal', size='scalable')) = 10.05
2025-10-06 11:02:21,209 - matplotlib.font_manager - DEBUG - findfont: score(FontEntry(fname='/Library/Fonts/VBODONII.TTF', name='VNI-Bodon', style='italic', variant='normal', weight=400, stretch='normal', size='scalable')) = 11.05
2025-10-06 11:02:21,209 - matplotlib.font_manager - DEBUG - findfont: score(FontEntry(fname='/System/Library/Fonts/Supplemental/STIXIntUpDReg.otf', name='STIXIntegralsUpD', style='normal', variant='normal', weight=400, stretch='normal', size='scalable')) = 10.05
2025-10-06 11:02:21,209 - matplotlib.font_manager - DEBUG - findfont: score(FontEntry(fname='/Library/Fonts/vnithufap2.ttf', name='VNI-Thufap2', style='normal', variant='normal', weight=400, stretch='normal', size='scalable')) = 10.05
2025-10-06 11:02:21,209 - matplotlib.font_manager - DEBUG - findfont: score(FontEntry(fname='/System/Library/Fonts/ヒラギノ角ゴシック W3.ttc', name='Hiragino Sans', style='normal', variant='normal', weight=300, stretch='normal', size='scalable')) = 10.145
2025-10-06 11:02:21,210 - matplotlib.font_manager - DEBUG - findfont: score(FontEntry(fname='/System/Library/Fonts/ヒラギノ明朝 ProN.ttc', name='Hiragino Mincho ProN', style='normal', variant='normal', weight=300, stretch='normal', size='scalable')) = 10.145
2025-10-06 11:02:21,210 - matplotlib.font_manager - DEBUG - findfont: score(FontEntry(fname='/System/Library/Fonts/Supplemental/Chalkduster.ttf', name='Chalkduster', style='normal', variant='normal', weight=400, stretch='normal', size='scalable')) = 10.05
2025-10-06 11:02:21,210 - matplotlib.font_manager - DEBUG - findfont: score(FontEntry(fname='/System/Library/Fonts/Geneva.ttf', name='Geneva', style='normal', variant='normal', weight=400, stretch='normal', size='scalable')) = 4.595454545454545
2025-10-06 11:02:21,210 - matplotlib.font_manager - DEBUG - findfont: score(FontEntry(fname='/System/Library/Fonts/Supplemental/Waseem.ttc', name='Waseem', style='normal', variant='normal', weight=400, stretch='normal', size='scalable')) = 10.05
2025-10-06 11:02:21,210 - matplotlib.font_manager - DEBUG - findfont: score(FontEntry(fname='/Library/Fonts/VAPTIMB.TTF', name='VNI-Aptima', style='normal', variant='normal', weight=700, stretch='normal', size='scalable')) = 10.335
2025-10-06 11:02:21,210 - matplotlib.font_manager - DEBUG - findfont: score(FontEntry(fname='/Library/Fonts/VNCOMSI.TTF', name='.VnCommercial Script', style='italic', variant='normal', weight=400, stretch='normal', size='scalable')) = 11.05
2025-10-06 11:02:21,211 - matplotlib.font_manager - DEBUG - findfont: score(FontEntry(fname='/Library/Fonts/VNCORSI.TTF', name='.VnMonotype corsiva', style='italic', variant='normal', weight=400, stretch='normal', size='scalable')) = 11.05
2025-10-06 11:02:21,211 - matplotlib.font_manager - DEBUG - findfont: score(FontEntry(fname='/System/Library/Fonts/Supplemental/DecoTypeNaskh.ttc', name='DecoType Naskh', style='normal', variant='normal', weight=400, stretch='normal', size='scalable')) = 10.05
2025-10-06 11:02:21,211 - matplotlib.font_manager - DEBUG - findfont: score(FontEntry(fname='/System/Library/Fonts/Supplemental/NotoSansCham-Regular.ttf', name='Noto Sans Cham', style='normal', variant='normal', weight=400, stretch='normal', size='scalable')) = 10.05
2025-10-06 11:02:21,211 - matplotlib.font_manager - DEBUG - findfont: score(FontEntry(fname='/System/Library/Fonts/Supplemental/Bangla Sangam MN.ttc', name='Bangla Sangam MN', style='normal', variant='normal', weight=400, stretch='normal', size='scalable')) = 10.05
2025-10-06 11:02:21,211 - matplotlib.font_manager - DEBUG - findfont: score(FontEntry(fname='/System/Library/Fonts/Supplemental/STIXIntDReg.otf', name='STIXIntegralsD', style='normal', variant='normal', weight=400, stretch='normal', size='scalable')) = 10.05
2025-10-06 11:02:21,211 - matplotlib.font_manager - DEBUG - findfont: score(FontEntry(fname='/Library/Fonts/VCOURII.TTF', name='VNI-Couri', style='italic', variant='normal', weight=400, stretch='normal', size='scalable')) = 11.05
2025-10-06 11:02:21,211 - matplotlib.font_manager - DEBUG - findfont: score(FontEntry(fname='/System/Library/Fonts/Supplemental/STIXGeneralItalic.otf', name='STIXGeneral', style='italic', variant='normal', weight=400, stretch='normal', size='scalable')) = 11.05
2025-10-06 11:02:21,212 - matplotlib.font_manager - DEBUG - findfont: score(FontEntry(fname='/System/Library/Fonts/Supplemental/NotoSansSylotiNagri-Regular.ttf', name='Noto Sans Syloti Nagri', style='normal', variant='normal', weight=400, stretch='normal', size='scalable')) = 10.05
2025-10-06 11:02:21,212 - matplotlib.font_manager - DEBUG - findfont: score(FontEntry(fname='/System/Library/Fonts/Supplemental/STIXVarBol.otf', name='STIXVariants', style='normal', variant='normal', weight=700, stretch='normal', size='scalable')) = 10.335
2025-10-06 11:02:21,212 - matplotlib.font_manager - DEBUG - findfont: score(FontEntry(fname='/Library/Fonts/VNINET.TTF', name='VNI-Internet Mail', style='normal', variant='normal', weight=400, stretch='normal', size='scalable')) = 10.05
2025-10-06 11:02:21,212 - matplotlib.font_manager - DEBUG - findfont: score(FontEntry(fname='/Library/Fonts/VTIMESBI.TTF', name='VNI-Times', style='italic', variant='normal', weight=700, stretch='normal', size='scalable')) = 11.335
2025-10-06 11:02:21,212 - matplotlib.font_manager - DEBUG - findfont: score(FontEntry(fname='/System/Library/Fonts/SFNSItalic.ttf', name='System Font', style='italic', variant='normal', weight=400, stretch='normal', size='scalable')) = 11.05
2025-10-06 11:02:21,212 - matplotlib.font_manager - DEBUG - findfont: score(FontEntry(fname='/Library/Fonts/VHTIME.TTF', name='.VnTimeH', style='normal', variant='normal', weight=400, stretch='normal', size='scalable')) = 10.05
2025-10-06 11:02:21,212 - matplotlib.font_manager - DEBUG - findfont: score(FontEntry(fname='/Library/Fonts/VMELIBI.TTF', name='VNI-Meli', style='italic', variant='normal', weight=700, stretch='normal', size='scalable')) = 11.335
2025-10-06 11:02:21,213 - matplotlib.font_manager - DEBUG - findfont: score(FontEntry(fname='/System/Library/Fonts/Supplemental/STIXSizFourSymBol.otf', name='STIXSizeFourSym', style='normal', variant='normal', weight=700, stretch='normal', size='scalable')) = 10.335
2025-10-06 11:02:21,213 - matplotlib.font_manager - DEBUG - findfont: score(FontEntry(fname='/System/Library/Fonts/Supplemental/STIXTwoText-Italic.ttf', name='STIX Two Text', style='italic', variant='normal', weight=400, stretch='normal', size='scalable')) = 11.05
2025-10-06 11:02:21,213 - matplotlib.font_manager - DEBUG - findfont: score(FontEntry(fname='/System/Library/Fonts/Supplemental/Gurmukhi Sangam MN.ttc', name='Gurmukhi Sangam MN', style='normal', variant='normal', weight=400, stretch='normal', size='scalable')) = 10.05
2025-10-06 11:02:21,213 - matplotlib.font_manager - DEBUG - findfont: score(FontEntry(fname='/System/Library/Fonts/Apple Braille Outline 6 Dot.ttf', name='Apple Braille', style='normal', variant='normal', weight=400, stretch='normal', size='scalable')) = 10.05
2025-10-06 11:02:21,213 - matplotlib.font_manager - DEBUG - findfont: score(FontEntry(fname='/System/Library/Fonts/Supplemental/Georgia Italic.ttf', name='Georgia', style='italic', variant='normal', weight=400, stretch='normal', size='scalable')) = 11.05
2025-10-06 11:02:21,213 - matplotlib.font_manager - DEBUG - findfont: score(FontEntry(fname='/Library/Fonts/VNSHELL.TTF', name='.VnShelley Allegro', style='normal', variant='normal', weight=400, stretch='normal', size='scalable')) = 10.05
2025-10-06 11:02:21,213 - matplotlib.font_manager - DEBUG - findfont: score(FontEntry(fname='/System/Library/Fonts/Supplemental/NotoSansTakri-Regular.ttf', name='Noto Sans Takri', style='normal', variant='normal', weight=400, stretch='normal', size='scalable')) = 10.05
2025-10-06 11:02:21,214 - matplotlib.font_manager - DEBUG - findfont: score(FontEntry(fname='/System/Library/Fonts/Supplemental/NotoSansWarangCiti-Regular.ttf', name='Noto Sans Warang Citi', style='normal', variant='normal', weight=400, stretch='normal', size='scalable')) = 10.05
2025-10-06 11:02:21,214 - matplotlib.font_manager - DEBUG - findfont: score(FontEntry(fname='/Library/Fonts/VNARIANB.TTF', name='.VnArial Narrow', style='normal', variant='normal', weight=700, stretch='condensed', size='scalable')) = 10.535
2025-10-06 11:02:21,214 - matplotlib.font_manager - DEBUG - findfont: score(FontEntry(fname='/Library/Fonts/VCENTB.TTF', name='VNI-Centur', style='normal', variant='normal', weight=700, stretch='normal', size='scalable')) = 10.335
2025-10-06 11:02:21,214 - matplotlib.font_manager - DEBUG - findfont: score(FontEntry(fname='/Library/Fonts/VAGRB.TTF', name='VNI-Vari', style='normal', variant='normal', weight=700, stretch='normal', size='scalable')) = 10.335
2025-10-06 11:02:21,214 - matplotlib.font_manager - DEBUG - findfont: score(FontEntry(fname='/Library/Fonts/VNARIALB.TTF', name='.VnArial', style='normal', variant='normal', weight=700, stretch='normal', size='scalable')) = 10.335
2025-10-06 11:02:21,214 - matplotlib.font_manager - DEBUG - findfont: score(FontEntry(fname='/System/Library/Fonts/Supplemental/Courier New Italic.ttf', name='Courier New', style='italic', variant='normal', weight=400, stretch='normal', size='scalable')) = 11.05
2025-10-06 11:02:21,215 - matplotlib.font_manager - DEBUG - findfont: score(FontEntry(fname='/System/Library/Fonts/Supplemental/Tahoma.ttf', name='Tahoma', style='normal', variant='normal', weight=400, stretch='normal', size='scalable')) = 10.05
2025-10-06 11:02:21,215 - matplotlib.font_manager - DEBUG - findfont: score(FontEntry(fname='/Library/Fonts/VSOUVB.TTF', name='VNI-Souvir', style='normal', variant='normal', weight=700, stretch='normal', size='scalable')) = 10.335
2025-10-06 11:02:21,215 - matplotlib.font_manager - DEBUG - findfont: score(FontEntry(fname='/Library/Fonts/VTEKTN.TTF', name='VNI-Tekon', style='normal', variant='normal', weight=400, stretch='normal', size='scalable')) = 10.05
2025-10-06 11:02:21,215 - matplotlib.font_manager - DEBUG - findfont: score(FontEntry(fname='/Library/Fonts/VCOURI.TTF', name='VNI-Couri', style='normal', variant='normal', weight=400, stretch='normal', size='scalable')) = 10.05
2025-10-06 11:02:21,215 - matplotlib.font_manager - DEBUG - findfont: score(FontEntry(fname='/Library/Fonts/VTIMESI.TTF', name='VNI-Times', style='italic', variant='normal', weight=400, stretch='normal', size='scalable')) = 11.05
2025-10-06 11:02:21,215 - matplotlib.font_manager - DEBUG - findfont: score(FontEntry(fname='/Library/Fonts/VBOOKMN.TTF', name='VNI-Book', style='normal', variant='normal', weight=400, stretch='normal', size='scalable')) = 10.05
2025-10-06 11:02:21,215 - matplotlib.font_manager - DEBUG - findfont: score(FontEntry(fname='/Library/Fonts/VBODONB.TTF', name='VNI-Bodon', style='normal', variant='normal', weight=700, stretch='normal', size='scalable')) = 10.335
2025-10-06 11:02:21,216 - matplotlib.font_manager - DEBUG - findfont: score(FontEntry(fname='/Library/Fonts/VHELVEI.TTF', name='VNI-Helve', style='italic', variant='normal', weight=400, stretch='normal', size='scalable')) = 11.05
2025-10-06 11:02:21,216 - matplotlib.font_manager - DEBUG - findfont: score(FontEntry(fname='/Library/Fonts/VNANTIQ.TTF', name='.VnBook-Antiqua', style='normal', variant='normal', weight=400, stretch='normal', size='scalable')) = 10.05
2025-10-06 11:02:21,216 - matplotlib.font_manager - DEBUG - findfont: score(FontEntry(fname='/System/Library/Fonts/Supplemental/Hoefler Text.ttc', name='Hoefler Text', style='normal', variant='normal', weight=400, stretch='normal', size='scalable')) = 10.05
2025-10-06 11:02:21,216 - matplotlib.font_manager - DEBUG - findfont: score(FontEntry(fname='/Library/Fonts/VAUCHON.TTF', name='VNI-Auchon', style='normal', variant='normal', weight=700, stretch='normal', size='scalable')) = 10.335
2025-10-06 11:02:21,216 - matplotlib.font_manager - DEBUG - findfont: score(FontEntry(fname='/Library/Fonts/VNCOURB.TTF', name='.VnCourier New', style='normal', variant='normal', weight=700, stretch='normal', size='scalable')) = 10.335
2025-10-06 11:02:21,216 - matplotlib.font_manager - DEBUG - findfont: score(FontEntry(fname='/System/Library/Fonts/Supplemental/STIXIntUpSmBol.otf', name='STIXIntegralsUpSm', style='normal', variant='normal', weight=700, stretch='normal', size='scalable')) = 10.335
2025-10-06 11:02:21,216 - matplotlib.font_manager - DEBUG - findfont: score(FontEntry(fname='/System/Library/Fonts/Apple Braille Pinpoint 8 Dot.ttf', name='Apple Braille', style='normal', variant='normal', weight=400, stretch='normal', size='scalable')) = 10.05
2025-10-06 11:02:21,217 - matplotlib.font_manager - DEBUG - findfont: score(FontEntry(fname='/Library/Fonts/VCENTN.TTF', name='VNI-Centur', style='normal', variant='normal', weight=400, stretch='normal', size='scalable')) = 10.05
2025-10-06 11:02:21,217 - matplotlib.font_manager - DEBUG - findfont: score(FontEntry(fname='/System/Library/Fonts/Supplemental/EuphemiaCAS.ttc', name='Euphemia UCAS', style='normal', variant='normal', weight=400, stretch='normal', size='scalable')) = 10.05
2025-10-06 11:02:21,217 - matplotlib.font_manager - DEBUG - findfont: score(FontEntry(fname='/Library/Fonts/VMELIN.TTF', name='VNI-Meli', style='normal', variant='normal', weight=400, stretch='normal', size='scalable')) = 10.05
2025-10-06 11:02:21,217 - matplotlib.font_manager - DEBUG - findfont: score(FontEntry(fname='/System/Library/Fonts/Supplemental/Papyrus.ttc', name='Papyrus', style='normal', variant='normal', weight=400, stretch='condensed', size='scalable')) = 10.25
2025-10-06 11:02:21,217 - matplotlib.font_manager - DEBUG - findfont: score(FontEntry(fname='/System/Library/Fonts/Supplemental/NotoSansCanadianAboriginal-Regular.otf', name='Noto Sans Canadian Aboriginal', style='normal', variant='normal', weight=400, stretch='normal', size='scalable')) = 10.05
2025-10-06 11:02:21,217 - matplotlib.font_manager - DEBUG - findfont: score(FontEntry(fname='/Library/Fonts/VHOBO.TTF', name='VNI-Hobo', style='normal', variant='normal', weight=400, stretch='normal', size='scalable')) = 10.05
2025-10-06 11:02:21,217 - matplotlib.font_manager - DEBUG - findfont: score(FontEntry(fname='/System/Library/Fonts/ArialHB.ttc', name='Arial Hebrew', style='normal', variant='normal', weight=400, stretch='normal', size='scalable')) = 10.05
2025-10-06 11:02:21,218 - matplotlib.font_manager - DEBUG - findfont: score(FontEntry(fname='/Library/Fonts/VHAVANBI.TTF', name='.VnAvantH', style='italic', variant='normal', weight=700, stretch='normal', size='scalable')) = 11.335
2025-10-06 11:02:21,218 - matplotlib.font_manager - DEBUG - findfont: score(FontEntry(fname='/System/Library/Fonts/Supplemental/STIXSizThreeSymBol.otf', name='STIXSizeThreeSym', style='normal', variant='normal', weight=700, stretch='normal', size='scalable')) = 10.335
2025-10-06 11:02:21,218 - matplotlib.font_manager - DEBUG - findfont: score(FontEntry(fname='/System/Library/Fonts/Supplemental/AppleGothic.ttf', name='AppleGothic', style='normal', variant='normal', weight=400, stretch='normal', size='scalable')) = 10.05
2025-10-06 11:02:21,218 - matplotlib.font_manager - DEBUG - findfont: score(FontEntry(fname='/System/Library/Fonts/Supplemental/NotoSansLisu-Regular.ttf', name='Noto Sans Lisu', style='normal', variant='normal', weight=400, stretch='normal', size='scalable')) = 10.05
2025-10-06 11:02:21,218 - matplotlib.font_manager - DEBUG - findfont: score(FontEntry(fname='/Library/Fonts/VAVOB.TTF', name='VNI-Avo', style='normal', variant='normal', weight=700, stretch='normal', size='scalable')) = 10.335
2025-10-06 11:02:21,218 - matplotlib.font_manager - DEBUG - findfont: score(FontEntry(fname='/Library/Fonts/VTIMESB.TTF', name='VNI-Times', style='normal', variant='normal', weight=700, stretch='normal', size='scalable')) = 10.335
2025-10-06 11:02:21,219 - matplotlib.font_manager - DEBUG - findfont: score(FontEntry(fname='/System/Library/Fonts/Supplemental/NotoSansOldNorthArabian-Regular.ttf', name='Noto Sans Old North Arabian', style='normal', variant='normal', weight=400, stretch='normal', size='scalable')) = 10.05
2025-10-06 11:02:21,219 - matplotlib.font_manager - DEBUG - findfont: score(FontEntry(fname='/System/Library/Fonts/Supplemental/STIXIntDBol.otf', name='STIXIntegralsD', style='normal', variant='normal', weight=700, stretch='normal', size='scalable')) = 10.335
2025-10-06 11:02:21,219 - matplotlib.font_manager - DEBUG - findfont: score(FontEntry(fname='/System/Library/Fonts/Supplemental/NotoSansLepcha-Regular.ttf', name='Noto Sans Lepcha', style='normal', variant='normal', weight=400, stretch='normal', size='scalable')) = 10.05
2025-10-06 11:02:21,219 - matplotlib.font_manager - DEBUG - findfont: score(FontEntry(fname='/System/Library/Fonts/Supplemental/Farah.ttc', name='Farah', style='normal', variant='normal', weight=400, stretch='normal', size='scalable')) = 10.05
2025-10-06 11:02:21,219 - matplotlib.font_manager - DEBUG - findfont: score(FontEntry(fname='/System/Library/Fonts/PingFang.ttc', name='PingFang HK', style='normal', variant='normal', weight=400, stretch='normal', size='scalable')) = 10.05
2025-10-06 11:02:21,219 - matplotlib.font_manager - DEBUG - findfont: score(FontEntry(fname='/Library/Fonts/VJUNI.TTF', name='VNI-Juni', style='normal', variant='normal', weight=400, stretch='normal', size='scalable')) = 10.05
2025-10-06 11:02:21,219 - matplotlib.font_manager - DEBUG - findfont: score(FontEntry(fname='/System/Library/Fonts/Supplemental/NotoSansTagbanwa-Regular.ttf', name='Noto Sans Tagbanwa', style='normal', variant='normal', weight=400, stretch='normal', size='scalable')) = 10.05
2025-10-06 11:02:21,220 - matplotlib.font_manager - DEBUG - findfont: score(FontEntry(fname='/System/Library/Fonts/KohinoorTelugu.ttc', name='Kohinoor Telugu', style='normal', variant='normal', weight=400, stretch='normal', size='scalable')) = 10.05
2025-10-06 11:02:21,220 - matplotlib.font_manager - DEBUG - findfont: score(FontEntry(fname='/System/Library/Fonts/Supplemental/NotoSansOldPersian-Regular.ttf', name='Noto Sans Old Persian', style='normal', variant='normal', weight=400, stretch='normal', size='scalable')) = 10.05
2025-10-06 11:02:21,220 - matplotlib.font_manager - DEBUG - findfont: score(FontEntry(fname='/System/Library/Fonts/Supplemental/NotoSansBamum-Regular.ttf', name='Noto Sans Bamum', style='normal', variant='normal', weight=400, stretch='normal', size='scalable')) = 10.05
2025-10-06 11:02:21,220 - matplotlib.font_manager - DEBUG - findfont: score(FontEntry(fname='/System/Library/Fonts/Supplemental/PlantagenetCherokee.ttf', name='Plantagenet Cherokee', style='normal', variant='normal', weight=400, stretch='normal', size='scalable')) = 10.05
2025-10-06 11:02:21,220 - matplotlib.font_manager - DEBUG - findfont: score(FontEntry(fname='/System/Library/Fonts/Supplemental/NotoSansAvestan-Regular.ttf', name='Noto Sans Avestan', style='normal', variant='normal', weight=400, stretch='normal', size='scalable')) = 10.05
2025-10-06 11:02:21,220 - matplotlib.font_manager - DEBUG - findfont: score(FontEntry(fname='/System/Library/Fonts/Supplemental/NotoSansMandaic-Regular.ttf', name='Noto Sans Mandaic', style='normal', variant='normal', weight=400, stretch='normal', size='scalable')) = 10.05
2025-10-06 11:02:21,220 - matplotlib.font_manager - DEBUG - findfont: score(FontEntry(fname='/System/Library/Fonts/KohinoorBangla.ttc', name='Kohinoor Bangla', style='normal', variant='normal', weight=400, stretch='normal', size='scalable')) = 10.05
2025-10-06 11:02:21,221 - matplotlib.font_manager - DEBUG - findfont: score(FontEntry(fname='/System/Library/Fonts/Supplemental/NotoSansKhojki-Regular.ttf', name='Noto Sans Khojki', style='normal', variant='normal', weight=400, stretch='normal', size='scalable')) = 10.05
2025-10-06 11:02:21,221 - matplotlib.font_manager - DEBUG - findfont: score(FontEntry(fname='/System/Library/Fonts/Supplemental/Baskerville.ttc', name='Baskerville', style='normal', variant='normal', weight=400, stretch='normal', size='scalable')) = 10.05
2025-10-06 11:02:21,221 - matplotlib.font_manager - DEBUG - findfont: score(FontEntry(fname='/Library/Fonts/VNVOGU.TTF', name='.VnVogue', style='normal', variant='normal', weight=500, stretch='normal', size='scalable')) = 10.145
2025-10-06 11:02:21,221 - matplotlib.font_manager - DEBUG - findfont: score(FontEntry(fname='/Library/Fonts/VHCENTI.TTF', name='.VnCentury SchoolbookH', style='italic', variant='normal', weight=400, stretch='normal', size='scalable')) = 11.05
2025-10-06 11:02:21,221 - matplotlib.font_manager - DEBUG - findfont: score(FontEntry(fname='/System/Library/Fonts/Optima.ttc', name='Optima', style='normal', variant='normal', weight=400, stretch='normal', size='scalable')) = 10.05
2025-10-06 11:02:21,221 - matplotlib.font_manager - DEBUG - findfont: score(FontEntry(fname='/Library/Fonts/VHEXOTIC.TTF', name='.VnExoticH', style='normal', variant='normal', weight=400, stretch='normal', size='scalable')) = 10.05
2025-10-06 11:02:21,221 - matplotlib.font_manager - DEBUG - findfont: score(FontEntry(fname='/Library/Fonts/VHHELS.TTF', name='.VnHelvetInsH', style='normal', variant='normal', weight=500, stretch='normal', size='scalable')) = 10.145
2025-10-06 11:02:21,222 - matplotlib.font_manager - DEBUG - findfont: score(FontEntry(fname='/System/Library/Fonts/Supplemental/NotoSansMasaramGondi-Regular.otf', name='Noto Sans Masaram Gondi', style='normal', variant='normal', weight=400, stretch='normal', size='scalable')) = 10.05
2025-10-06 11:02:21,222 - matplotlib.font_manager - DEBUG - findfont: score(FontEntry(fname='/System/Library/Fonts/Supplemental/Gujarati Sangam MN.ttc', name='Gujarati Sangam MN', style='normal', variant='normal', weight=400, stretch='normal', size='scalable')) = 10.05
2025-10-06 11:02:21,222 - matplotlib.font_manager - DEBUG - findfont: score(FontEntry(fname='/System/Library/Fonts/Supplemental/STIXSizFiveSymReg.otf', name='STIXSizeFiveSym', style='normal', variant='normal', weight=400, stretch='normal', size='scalable')) = 10.05
2025-10-06 11:02:21,222 - matplotlib.font_manager - DEBUG - findfont: score(FontEntry(fname='/Library/Fonts/VDOMCAS.TTF', name='VNI-Dom', style='normal', variant='normal', weight=400, stretch='normal', size='scalable')) = 10.05
2025-10-06 11:02:21,223 - matplotlib.font_manager - DEBUG - findfont: score(FontEntry(fname='/System/Library/Fonts/Supplemental/Zapfino.ttf', name='Zapfino', style='normal', variant='normal', weight=400, stretch='normal', size='scalable')) = 10.05
2025-10-06 11:02:21,223 - matplotlib.font_manager - DEBUG - findfont: score(FontEntry(fname='/System/Library/Fonts/Supplemental/Myanmar Sangam MN.ttc', name='Myanmar Sangam MN', style='normal', variant='normal', weight=400, stretch='normal', size='scalable')) = 10.05
2025-10-06 11:02:21,223 - matplotlib.font_manager - DEBUG - findfont: score(FontEntry(fname='/System/Library/Fonts/Supplemental/Impact.ttf', name='Impact', style='normal', variant='normal', weight=400, stretch='normal', size='scalable')) = 10.05
2025-10-06 11:02:21,223 - matplotlib.font_manager - DEBUG - findfont: score(FontEntry(fname='/System/Library/Fonts/Supplemental/Sinhala MN.ttc', name='Sinhala MN', style='normal', variant='normal', weight=400, stretch='normal', size='scalable')) = 10.05
2025-10-06 11:02:21,223 - matplotlib.font_manager - DEBUG - findfont: score(FontEntry(fname='/System/Library/Fonts/Supplemental/Lao Sangam MN.ttf', name='Lao Sangam MN', style='normal', variant='normal', weight=400, stretch='normal', size='scalable')) = 10.05
2025-10-06 11:02:21,223 - matplotlib.font_manager - DEBUG - findfont: score(FontEntry(fname='/System/Library/Fonts/ZapfDingbats.ttf', name='Zapf Dingbats', style='normal', variant='normal', weight=400, stretch='normal', size='scalable')) = 10.05
2025-10-06 11:02:21,224 - matplotlib.font_manager - DEBUG - findfont: score(FontEntry(fname='/Library/Fonts/VTOPHAT.TTF', name='VNI-Top', style='normal', variant='normal', weight=400, stretch='normal', size='scalable')) = 10.05
2025-10-06 11:02:21,224 - matplotlib.font_manager - DEBUG - findfont: score(FontEntry(fname='/System/Library/Fonts/Supplemental/STIXIntUpReg.otf', name='STIXIntegralsUp', style='normal', variant='normal', weight=400, stretch='normal', size='scalable')) = 10.05
2025-10-06 11:02:21,224 - matplotlib.font_manager - DEBUG - findfont: score(FontEntry(fname='/System/Library/Fonts/Supplemental/NotoSansRejang-Regular.ttf', name='Noto Sans Rejang', style='normal', variant='normal', weight=400, stretch='normal', size='scalable')) = 10.05
2025-10-06 11:02:21,224 - matplotlib.font_manager - DEBUG - findfont: score(FontEntry(fname='/Library/Fonts/VPALATIN.TTF', name='VNI-Palatin', style='normal', variant='normal', weight=400, stretch='normal', size='scalable')) = 10.05
2025-10-06 11:02:21,224 - matplotlib.font_manager - DEBUG - findfont: score(FontEntry(fname='/System/Library/Fonts/Supplemental/NotoSansOldItalic-Regular.ttf', name='Noto Sans Old Italic', style='italic', variant='normal', weight=400, stretch='normal', size='scalable')) = 11.05
2025-10-06 11:02:21,224 - matplotlib.font_manager - DEBUG - findfont: score(FontEntry(fname='/System/Library/Fonts/Supplemental/NotoSansMendeKikakui-Regular.ttf', name='Noto Sans Mende Kikakui', style='normal', variant='normal', weight=400, stretch='normal', size='scalable')) = 10.05
2025-10-06 11:02:21,224 - matplotlib.font_manager - DEBUG - findfont: score(FontEntry(fname='/System/Library/Fonts/Supplemental/Times New Roman Bold.ttf', name='Times New Roman', style='normal', variant='normal', weight=700, stretch='normal', size='scalable')) = 10.335
2025-10-06 11:02:21,225 - matplotlib.font_manager - DEBUG - findfont: score(FontEntry(fname='/System/Library/Fonts/SFCompact.ttf', name='.SF Compact', style='normal', variant='normal', weight=1000, stretch='normal', size='scalable')) = 10.62
2025-10-06 11:02:21,225 - matplotlib.font_manager - DEBUG - findfont: score(FontEntry(fname='/System/Library/Fonts/Supplemental/NotoSansBassaVah-Regular.ttf', name='Noto Sans Bassa Vah', style='normal', variant='normal', weight=400, stretch='normal', size='scalable')) = 10.05
2025-10-06 11:02:21,225 - matplotlib.font_manager - DEBUG - findfont: score(FontEntry(fname='/System/Library/Fonts/Supplemental/Tamil Sangam MN.ttc', name='Tamil Sangam MN', style='normal', variant='normal', weight=400, stretch='normal', size='scalable')) = 10.05
2025-10-06 11:02:21,225 - matplotlib.font_manager - DEBUG - findfont: score(FontEntry(fname='/System/Library/Fonts/NotoSansOriya.ttc', name='Noto Sans Oriya', style='normal', variant='normal', weight=400, stretch='normal', size='scalable')) = 10.05
2025-10-06 11:02:21,225 - matplotlib.font_manager - DEBUG - findfont: score(FontEntry(fname='/Library/Fonts/VTUBE.TTF', name='VNI-Tubes', style='normal', variant='normal', weight=400, stretch='normal', size='scalable')) = 10.05
2025-10-06 11:02:21,225 - matplotlib.font_manager - DEBUG - findfont: score(FontEntry(fname='/System/Library/Fonts/ヒラギノ丸ゴ ProN W4.ttc', name='Hiragino Maru Gothic Pro', style='normal', variant='normal', weight=400, stretch='normal', size='scalable')) = 10.05
2025-10-06 11:02:21,225 - matplotlib.font_manager - DEBUG - findfont: score(FontEntry(fname='/System/Library/Fonts/Supplemental/Diwan Thuluth.ttf', name='Diwan Thuluth', style='normal', variant='normal', weight=400, stretch='normal', size='scalable')) = 10.05
2025-10-06 11:02:21,226 - matplotlib.font_manager - DEBUG - findfont: score(FontEntry(fname='/System/Library/Fonts/Supplemental/Galvji.ttc', name='Galvji', style='normal', variant='normal', weight=400, stretch='normal', size='scalable')) = 10.05
2025-10-06 11:02:21,226 - matplotlib.font_manager - DEBUG - findfont: score(FontEntry(fname='/System/Library/Fonts/Supplemental/SukhumvitSet.ttc', name='Sukhumvit Set', style='normal', variant='normal', weight=250, stretch='normal', size='scalable')) = 10.1925
2025-10-06 11:02:21,226 - matplotlib.font_manager - DEBUG - findfont: score(FontEntry(fname='/System/Library/Fonts/Supplemental/NotoSansLinearB-Regular.ttf', name='Noto Sans Linear B', style='normal', variant='normal', weight=400, stretch='normal', size='scalable')) = 10.05
2025-10-06 11:02:21,226 - matplotlib.font_manager - DEBUG - findfont: score(FontEntry(fname='/System/Library/Fonts/Supplemental/NotoSansChakma-Regular.ttf', name='Noto Sans Chakma', style='normal', variant='normal', weight=400, stretch='normal', size='scalable')) = 10.05
2025-10-06 11:02:21,226 - matplotlib.font_manager - DEBUG - findfont: score(FontEntry(fname='/Library/Fonts/VHELVCN.TTF', name='VNI-Helve-Condense', style='normal', variant='normal', weight=400, stretch='condensed', size='scalable')) = 10.25
2025-10-06 11:02:21,226 - matplotlib.font_manager - DEBUG - findfont: score(FontEntry(fname='/System/Library/Fonts/Supplemental/PTSans.ttc', name='PT Sans', style='normal', variant='normal', weight=400, stretch='normal', size='scalable')) = 10.05
2025-10-06 11:02:21,226 - matplotlib.font_manager - DEBUG - findfont: score(FontEntry(fname='/Library/Fonts/VNIWIN.TTF', name='VNI-WIN Sample Font', style='normal', variant='normal', weight=400, stretch='normal', size='scalable')) = 10.05
2025-10-06 11:02:21,227 - matplotlib.font_manager - DEBUG - findfont: score(FontEntry(fname='/Library/Fonts/VNILAOS_.TTF', name='VNI Laos', style='normal', variant='normal', weight=400, stretch='normal', size='scalable')) = 10.05
2025-10-06 11:02:21,227 - matplotlib.font_manager - DEBUG - findfont: score(FontEntry(fname='/Library/Fonts/VHAVANB.TTF', name='.VnAvantH', style='normal', variant='normal', weight=700, stretch='normal', size='scalable')) = 10.335
2025-10-06 11:02:21,227 - matplotlib.font_manager - DEBUG - findfont: score(FontEntry(fname='/System/Library/Fonts/Supplemental/NotoSansHatran-Regular.ttf', name='Noto Sans Hatran', style='normal', variant='normal', weight=400, stretch='normal', size='scalable')) = 10.05
2025-10-06 11:02:21,227 - matplotlib.font_manager - DEBUG - findfont: score(FontEntry(fname='/System/Library/Fonts/Supplemental/Charter.ttc', name='Charter', style='normal', variant='normal', weight=400, stretch='normal', size='scalable')) = 10.05
2025-10-06 11:02:21,227 - matplotlib.font_manager - DEBUG - findfont: score(FontEntry(fname='/Library/Fonts/VHCOUR.TTF', name='.VnCourier NewH', style='normal', variant='normal', weight=400, stretch='normal', size='scalable')) = 10.05
2025-10-06 11:02:21,227 - matplotlib.font_manager - DEBUG - findfont: score(FontEntry(fname='/Library/Fonts/VCENTI.TTF', name='VNI-Centur', style='italic', variant='normal', weight=400, stretch='normal', size='scalable')) = 11.05
2025-10-06 11:02:21,227 - matplotlib.font_manager - DEBUG - findfont: score(FontEntry(fname='/System/Library/Fonts/Supplemental/NotoSansBatak-Regular.ttf', name='Noto Sans Batak', style='normal', variant='normal', weight=400, stretch='normal', size='scalable')) = 10.05
2025-10-06 11:02:21,228 - matplotlib.font_manager - DEBUG - findfont: score(FontEntry(fname='/System/Library/Fonts/Supplemental/NotoSansDuployan-Regular.ttf', name='Noto Sans Duployan', style='normal', variant='normal', weight=400, stretch='normal', size='scalable')) = 10.05
2025-10-06 11:02:21,228 - matplotlib.font_manager - DEBUG - findfont: score(FontEntry(fname='/System/Library/Fonts/Supplemental/Verdana Bold Italic.ttf', name='Verdana', style='italic', variant='normal', weight=700, stretch='normal', size='scalable')) = 4.971363636363637
2025-10-06 11:02:21,228 - matplotlib.font_manager - DEBUG - findfont: score(FontEntry(fname='/System/Library/Fonts/Supplemental/NewPeninimMT.ttc', name='New Peninim MT', style='normal', variant='normal', weight=400, stretch='normal', size='scalable')) = 10.05
2025-10-06 11:02:21,228 - matplotlib.font_manager - DEBUG - findfont: score(FontEntry(fname='/System/Library/Fonts/Supplemental/STIXIntSmBol.otf', name='STIXIntegralsSm', style='normal', variant='normal', weight=700, stretch='normal', size='scalable')) = 10.335
2025-10-06 11:02:21,228 - matplotlib.font_manager - DEBUG - findfont: score(FontEntry(fname='/System/Library/Fonts/Supplemental/NotoSansKharoshthi-Regular.ttf', name='Noto Sans Kharoshthi', style='normal', variant='normal', weight=400, stretch='normal', size='scalable')) = 10.05
2025-10-06 11:02:21,228 - matplotlib.font_manager - DEBUG - findfont: score(FontEntry(fname='/Library/Fonts/VHTEKN.TTF', name='.VnTeknicalH', style='normal', variant='normal', weight=400, stretch='normal', size='scalable')) = 10.05
2025-10-06 11:02:21,228 - matplotlib.font_manager - DEBUG - findfont: score(FontEntry(fname='/System/Library/Fonts/Supplemental/NotoSansOlChiki-Regular.ttf', name='Noto Sans Ol Chiki', style='normal', variant='normal', weight=400, stretch='normal', size='scalable')) = 10.05
2025-10-06 11:02:21,229 - matplotlib.font_manager - DEBUG - findfont: score(FontEntry(fname='/Library/Fonts/VHCOOP.TTF', name='.VnCooperH', style='normal', variant='normal', weight=400, stretch='normal', size='scalable')) = 10.05
2025-10-06 11:02:21,229 - matplotlib.font_manager - DEBUG - findfont: score(FontEntry(fname='/Library/Fonts/VNTIMEBI.TTF', name='.VnTime', style='italic', variant='normal', weight=700, stretch='normal', size='scalable')) = 11.335
2025-10-06 11:02:21,229 - matplotlib.font_manager - DEBUG - findfont: score(FontEntry(fname='/System/Library/Fonts/Supplemental/NotoSansSamaritan-Regular.ttf', name='Noto Sans Samaritan', style='normal', variant='normal', weight=400, stretch='normal', size='scalable')) = 10.05
2025-10-06 11:02:21,229 - matplotlib.font_manager - DEBUG - findfont: score(FontEntry(fname='/Library/Fonts/VHTIMEB.TTF', name='.VnTimeH', style='normal', variant='normal', weight=700, stretch='normal', size='scalable')) = 10.335
2025-10-06 11:02:21,229 - matplotlib.font_manager - DEBUG - findfont: score(FontEntry(fname='/System/Library/Fonts/Supplemental/NotoSansTaiViet-Regular.ttf', name='Noto Sans Tai Viet', style='normal', variant='normal', weight=400, stretch='normal', size='scalable')) = 10.05
2025-10-06 11:02:21,229 - matplotlib.font_manager - DEBUG - findfont: score(FontEntry(fname='/Library/Fonts/VBOOKMB.TTF', name='VNI-Book', style='normal', variant='normal', weight=700, stretch='normal', size='scalable')) = 10.335
2025-10-06 11:02:21,229 - matplotlib.font_manager - DEBUG - findfont: score(FontEntry(fname='/System/Library/Fonts/Supplemental/Kannada Sangam MN.ttc', name='Kannada Sangam MN', style='normal', variant='normal', weight=400, stretch='normal', size='scalable')) = 10.05
2025-10-06 11:02:21,230 - matplotlib.font_manager - DEBUG - findfont: score(FontEntry(fname='/Library/Fonts/VNBLACK.TTF', name='.VnBlack', style='normal', variant='normal', weight=400, stretch='normal', size='scalable')) = 10.05
2025-10-06 11:02:21,230 - matplotlib.font_manager - DEBUG - findfont: score(FontEntry(fname='/Library/Fonts/VNSOUTHN.TTF', name='.VnSouthern', style='normal', variant='normal', weight=400, stretch='normal', size='scalable')) = 10.05
2025-10-06 11:02:21,230 - matplotlib.font_manager - DEBUG - findfont: score(FontEntry(fname='/System/Library/Fonts/Supplemental/Copperplate.ttc', name='Copperplate', style='normal', variant='normal', weight=400, stretch='normal', size='scalable')) = 10.05
2025-10-06 11:02:21,230 - matplotlib.font_manager - DEBUG - findfont: score(FontEntry(fname='/System/Library/Fonts/Supplemental/Muna.ttc', name='Muna', style='normal', variant='normal', weight=400, stretch='normal', size='scalable')) = 10.05
2025-10-06 11:02:21,230 - matplotlib.font_manager - DEBUG - findfont: score(FontEntry(fname='/Library/Fonts/VGARAMI.TTF', name='VNI-Garam', style='italic', variant='normal', weight=400, stretch='normal', size='scalable')) = 11.05
2025-10-06 11:02:21,230 - matplotlib.font_manager - DEBUG - findfont: score(FontEntry(fname='/System/Library/Fonts/Supplemental/Thonburi.ttc', name='Thonburi', style='normal', variant='normal', weight=400, stretch='normal', size='scalable')) = 10.05
2025-10-06 11:02:21,230 - matplotlib.font_manager - DEBUG - findfont: score(FontEntry(fname='/Library/Fonts/VUNIVER.TTF', name='VNI-Univer', style='normal', variant='normal', weight=300, stretch='normal', size='scalable')) = 10.145
2025-10-06 11:02:21,231 - matplotlib.font_manager - DEBUG - findfont: score(FontEntry(fname='/System/Library/Fonts/Supplemental/STIXSizOneSymBol.otf', name='STIXSizeOneSym', style='normal', variant='normal', weight=700, stretch='normal', size='scalable')) = 10.335
2025-10-06 11:02:21,231 - matplotlib.font_manager - DEBUG - findfont: score(FontEntry(fname='/System/Library/Fonts/Supplemental/STIXTwoText.ttf', name='STIX Two Text', style='normal', variant='normal', weight=400, stretch='normal', size='scalable')) = 10.05
2025-10-06 11:02:21,231 - matplotlib.font_manager - DEBUG - findfont: score(FontEntry(fname='/Library/Fonts/VNMUSTI.TTF', name='.VnMystical', style='normal', variant='normal', weight=400, stretch='normal', size='scalable')) = 10.05
2025-10-06 11:02:21,231 - matplotlib.font_manager - DEBUG - findfont: score(FontEntry(fname='/Library/Fonts/vnithufapfan.ttf', name='VNI-Thufapfan', style='normal', variant='normal', weight=400, stretch='normal', size='scalable')) = 10.05
2025-10-06 11:02:21,231 - matplotlib.font_manager - DEBUG - findfont: score(FontEntry(fname='/System/Library/Fonts/Supplemental/NotoSansInscriptionalParthian-Regular.ttf', name='Noto Sans Inscriptional Parthian', style='normal', variant='normal', weight=400, stretch='normal', size='scalable')) = 10.05
2025-10-06 11:02:21,231 - matplotlib.font_manager - DEBUG - findfont: score(FontEntry(fname='/Library/Fonts/VNAVANBI.TTF', name='.VnAvant', style='italic', variant='normal', weight=700, stretch='normal', size='scalable')) = 11.335
2025-10-06 11:02:21,231 - matplotlib.font_manager - DEBUG - findfont: score(FontEntry(fname='/System/Library/Fonts/Supplemental/NotoSansMro-Regular.ttf', name='Noto Sans Mro', style='normal', variant='normal', weight=400, stretch='normal', size='scalable')) = 10.05
2025-10-06 11:02:21,232 - matplotlib.font_manager - DEBUG - findfont: score(FontEntry(fname='/System/Library/Fonts/SFNSMonoItalic.ttf', name='.SF NS Mono', style='italic', variant='normal', weight=295, stretch='normal', size='scalable')) = 11.14975
2025-10-06 11:02:21,232 - matplotlib.font_manager - DEBUG - findfont: score(FontEntry(fname='/Library/Fonts/VGARAMBI.TTF', name='VNI-Garam', style='italic', variant='normal', weight=700, stretch='normal', size='scalable')) = 11.335
2025-10-06 11:02:21,232 - matplotlib.font_manager - DEBUG - findfont: score(FontEntry(fname='/Library/Fonts/VHUNIV.TTF', name='.VnUniverseH', style='normal', variant='normal', weight=400, stretch='normal', size='scalable')) = 10.05
2025-10-06 11:02:21,232 - matplotlib.font_manager - DEBUG - findfont: score(FontEntry(fname='/Library/Fonts/VGOUDYB.TTF', name='VNI-Goudy', style='normal', variant='normal', weight=700, stretch='normal', size='scalable')) = 10.335
2025-10-06 11:02:21,232 - matplotlib.font_manager - DEBUG - findfont: score(FontEntry(fname='/Library/Fonts/VNCENTBI.TTF', name='.VnCentury Schoolbook', style='italic', variant='normal', weight=700, stretch='normal', size='scalable')) = 11.335
2025-10-06 11:02:21,232 - matplotlib.font_manager - DEBUG - findfont: score(FontEntry(fname='/System/Library/Fonts/Supplemental/Myanmar MN.ttc', name='Myanmar MN', style='normal', variant='normal', weight=400, stretch='normal', size='scalable')) = 10.05
2025-10-06 11:02:21,233 - matplotlib.font_manager - DEBUG - findfont: score(FontEntry(fname='/System/Library/Fonts/Supplemental/NotoSansHanifiRohingya-Regular.ttf', name='Noto Sans Hanifi Rohingya', style='normal', variant='normal', weight=400, stretch='normal', size='scalable')) = 10.05
2025-10-06 11:02:21,233 - matplotlib.font_manager - DEBUG - findfont: score(FontEntry(fname='/Library/Fonts/VAPTIMI.TTF', name='VNI-Aptima', style='italic', variant='normal', weight=400, stretch='normal', size='scalable')) = 11.05
2025-10-06 11:02:21,233 - matplotlib.font_manager - DEBUG - findfont: score(FontEntry(fname='/Library/Fonts/VHARIAL.TTF', name='.VnArialH', style='normal', variant='normal', weight=400, stretch='normal', size='scalable')) = 10.05
2025-10-06 11:02:21,233 - matplotlib.font_manager - DEBUG - findfont: score(FontEntry(fname='/System/Library/Fonts/Supplemental/NotoSansKayahLi-Regular.ttf', name='Noto Sans Kayah Li', style='normal', variant='normal', weight=400, stretch='normal', size='scalable')) = 10.05
2025-10-06 11:02:21,233 - matplotlib.font_manager - DEBUG - findfont: score(FontEntry(fname='/System/Library/Fonts/Supplemental/NotoSansOldHungarian-Regular.ttf', name='Noto Sans Old Hungarian', style='normal', variant='normal', weight=400, stretch='normal', size='scalable')) = 10.05
2025-10-06 11:02:21,233 - matplotlib.font_manager - DEBUG - findfont: score(FontEntry(fname='/System/Library/Fonts/Supplemental/NotoSansNKo-Regular.ttf', name='Noto Sans NKo', style='normal', variant='normal', weight=400, stretch='normal', size='scalable')) = 10.05
2025-10-06 11:02:21,233 - matplotlib.font_manager - DEBUG - findfont: score(FontEntry(fname='/Library/Fonts/VNARABIA.TTF', name='.VnArabia', style='normal', variant='normal', weight=400, stretch='normal', size='scalable')) = 10.05
2025-10-06 11:02:21,234 - matplotlib.font_manager - DEBUG - findfont: Matching sans\-serif:style=normal:variant=normal:weight=normal:stretch=normal:size=9.0 to DejaVu Sans ('/Users/longlh123/Languages/GitHub/IPSOS-VINCENZO-2025/env/lib/python3.10/site-packages/matplotlib/mpl-data/fonts/ttf/DejaVuSans.ttf') with score of 0.050000.
2025-10-06 11:02:21,266 - matplotlib.font_manager - DEBUG - findfont: Matching sans\-serif:style=normal:variant=normal:weight=normal:stretch=normal:size=8.0.
2025-10-06 11:02:21,266 - matplotlib.font_manager - DEBUG - findfont: score(FontEntry(fname='/Users/longlh123/Languages/GitHub/IPSOS-VINCENZO-2025/env/lib/python3.10/site-packages/matplotlib/mpl-data/fonts/ttf/STIXNonUniBolIta.ttf', name='STIXNonUnicode', style='italic', variant='normal', weight=700, stretch='normal', size='scalable')) = 11.335
2025-10-06 11:02:21,266 - matplotlib.font_manager - DEBUG - findfont: score(FontEntry(fname='/Users/longlh123/Languages/GitHub/IPSOS-VINCENZO-2025/env/lib/python3.10/site-packages/matplotlib/mpl-data/fonts/ttf/STIXSizTwoSymReg.ttf', name='STIXSizeTwoSym', style='normal', variant='normal', weight=400, stretch='normal', size='scalable')) = 10.05
2025-10-06 11:02:21,267 - matplotlib.font_manager - DEBUG - findfont: score(FontEntry(fname='/Users/longlh123/Languages/GitHub/IPSOS-VINCENZO-2025/env/lib/python3.10/site-packages/matplotlib/mpl-data/fonts/ttf/STIXGeneralItalic.ttf', name='STIXGeneral', style='italic', variant='normal', weight=400, stretch='normal', size='scalable')) = 11.05
2025-10-06 11:02:21,267 - matplotlib.font_manager - DEBUG - findfont: score(FontEntry(fname='/Users/longlh123/Languages/GitHub/IPSOS-VINCENZO-2025/env/lib/python3.10/site-packages/matplotlib/mpl-data/fonts/ttf/STIXSizTwoSymBol.ttf', name='STIXSizeTwoSym', style='normal', variant='normal', weight=700, stretch='normal', size='scalable')) = 10.335
2025-10-06 11:02:21,267 - matplotlib.font_manager - DEBUG - findfont: score(FontEntry(fname='/Users/longlh123/Languages/GitHub/IPSOS-VINCENZO-2025/env/lib/python3.10/site-packages/matplotlib/mpl-data/fonts/ttf/cmtt10.ttf', name='cmtt10', style='normal', variant='normal', weight=400, stretch='normal', size='scalable')) = 10.05
2025-10-06 11:02:21,267 - matplotlib.font_manager - DEBUG - findfont: score(FontEntry(fname='/Users/longlh123/Languages/GitHub/IPSOS-VINCENZO-2025/env/lib/python3.10/site-packages/matplotlib/mpl-data/fonts/ttf/DejaVuSansMono-Oblique.ttf', name='DejaVu Sans Mono', style='oblique', variant='normal', weight=400, stretch='normal', size='scalable')) = 11.05
2025-10-06 11:02:21,268 - matplotlib.font_manager - DEBUG - findfont: score(FontEntry(fname='/Users/longlh123/Languages/GitHub/IPSOS-VINCENZO-2025/env/lib/python3.10/site-packages/matplotlib/mpl-data/fonts/ttf/DejaVuSansMono-BoldOblique.ttf', name='DejaVu Sans Mono', style='oblique', variant='normal', weight=700, stretch='normal', size='scalable')) = 11.335
2025-10-06 11:02:21,268 - matplotlib.font_manager - DEBUG - findfont: score(FontEntry(fname='/Users/longlh123/Languages/GitHub/IPSOS-VINCENZO-2025/env/lib/python3.10/site-packages/matplotlib/mpl-data/fonts/ttf/cmsy10.ttf', name='cmsy10', style='normal', variant='normal', weight=400, stretch='normal', size='scalable')) = 10.05
2025-10-06 11:02:21,268 - matplotlib.font_manager - DEBUG - findfont: score(FontEntry(fname='/Users/longlh123/Languages/GitHub/IPSOS-VINCENZO-2025/env/lib/python3.10/site-packages/matplotlib/mpl-data/fonts/ttf/STIXNonUni.ttf', name='STIXNonUnicode', style='normal', variant='normal', weight=400, stretch='normal', size='scalable')) = 10.05
2025-10-06 11:02:21,268 - matplotlib.font_manager - DEBUG - findfont: score(FontEntry(fname='/Users/longlh123/Languages/GitHub/IPSOS-VINCENZO-2025/env/lib/python3.10/site-packages/matplotlib/mpl-data/fonts/ttf/cmex10.ttf', name='cmex10', style='normal', variant='normal', weight=400, stretch='normal', size='scalable')) = 10.05
2025-10-06 11:02:21,269 - matplotlib.font_manager - DEBUG - findfont: score(FontEntry(fname='/Users/longlh123/Languages/GitHub/IPSOS-VINCENZO-2025/env/lib/python3.10/site-packages/matplotlib/mpl-data/fonts/ttf/DejaVuSerif.ttf', name='DejaVu Serif', style='normal', variant='normal', weight=400, stretch='normal', size='scalable')) = 10.05
2025-10-06 11:02:21,269 - matplotlib.font_manager - DEBUG - findfont: score(FontEntry(fname='/Users/longlh123/Languages/GitHub/IPSOS-VINCENZO-2025/env/lib/python3.10/site-packages/matplotlib/mpl-data/fonts/ttf/STIXSizOneSymReg.ttf', name='STIXSizeOneSym', style='normal', variant='normal', weight=400, stretch='normal', size='scalable')) = 10.05
2025-10-06 11:02:21,269 - matplotlib.font_manager - DEBUG - findfont: score(FontEntry(fname='/Users/longlh123/Languages/GitHub/IPSOS-VINCENZO-2025/env/lib/python3.10/site-packages/matplotlib/mpl-data/fonts/ttf/DejaVuSerifDisplay.ttf', name='DejaVu Serif Display', style='normal', variant='normal', weight=400, stretch='normal', size='scalable')) = 10.05
2025-10-06 11:02:21,269 - matplotlib.font_manager - DEBUG - findfont: score(FontEntry(fname='/Users/longlh123/Languages/GitHub/IPSOS-VINCENZO-2025/env/lib/python3.10/site-packages/matplotlib/mpl-data/fonts/ttf/DejaVuSansMono.ttf', name='DejaVu Sans Mono', style='normal', variant='normal', weight=400, stretch='normal', size='scalable')) = 10.05
2025-10-06 11:02:21,270 - matplotlib.font_manager - DEBUG - findfont: score(FontEntry(fname='/Users/longlh123/Languages/GitHub/IPSOS-VINCENZO-2025/env/lib/python3.10/site-packages/matplotlib/mpl-data/fonts/ttf/cmmi10.ttf', name='cmmi10', style='normal', variant='normal', weight=400, stretch='normal', size='scalable')) = 10.05
2025-10-06 11:02:21,270 - matplotlib.font_manager - DEBUG - findfont: score(FontEntry(fname='/Users/longlh123/Languages/GitHub/IPSOS-VINCENZO-2025/env/lib/python3.10/site-packages/matplotlib/mpl-data/fonts/ttf/DejaVuSans-BoldOblique.ttf', name='DejaVu Sans', style='oblique', variant='normal', weight=700, stretch='normal', size='scalable')) = 1.335
2025-10-06 11:02:21,270 - matplotlib.font_manager - DEBUG - findfont: score(FontEntry(fname='/Users/longlh123/Languages/GitHub/IPSOS-VINCENZO-2025/env/lib/python3.10/site-packages/matplotlib/mpl-data/fonts/ttf/DejaVuSerif-Bold.ttf', name='DejaVu Serif', style='normal', variant='normal', weight=700, stretch='normal', size='scalable')) = 10.335
2025-10-06 11:02:21,270 - matplotlib.font_manager - DEBUG - findfont: score(FontEntry(fname='/Users/longlh123/Languages/GitHub/IPSOS-VINCENZO-2025/env/lib/python3.10/site-packages/matplotlib/mpl-data/fonts/ttf/DejaVuSerif-Italic.ttf', name='DejaVu Serif', style='italic', variant='normal', weight=400, stretch='normal', size='scalable')) = 11.05
2025-10-06 11:02:21,270 - matplotlib.font_manager - DEBUG - findfont: score(FontEntry(fname='/Users/longlh123/Languages/GitHub/IPSOS-VINCENZO-2025/env/lib/python3.10/site-packages/matplotlib/mpl-data/fonts/ttf/DejaVuSans-Bold.ttf', name='DejaVu Sans', style='normal', variant='normal', weight=700, stretch='normal', size='scalable')) = 0.33499999999999996
2025-10-06 11:02:21,270 - matplotlib.font_manager - DEBUG - findfont: score(FontEntry(fname='/Users/longlh123/Languages/GitHub/IPSOS-VINCENZO-2025/env/lib/python3.10/site-packages/matplotlib/mpl-data/fonts/ttf/STIXSizOneSymBol.ttf', name='STIXSizeOneSym', style='normal', variant='normal', weight=700, stretch='normal', size='scalable')) = 10.335
2025-10-06 11:02:21,271 - matplotlib.font_manager - DEBUG - findfont: score(FontEntry(fname='/Users/longlh123/Languages/GitHub/IPSOS-VINCENZO-2025/env/lib/python3.10/site-packages/matplotlib/mpl-data/fonts/ttf/STIXSizThreeSymBol.ttf', name='STIXSizeThreeSym', style='normal', variant='normal', weight=700, stretch='normal', size='scalable')) = 10.335
2025-10-06 11:02:21,271 - matplotlib.font_manager - DEBUG - findfont: score(FontEntry(fname='/Users/longlh123/Languages/GitHub/IPSOS-VINCENZO-2025/env/lib/python3.10/site-packages/matplotlib/mpl-data/fonts/ttf/STIXGeneralBol.ttf', name='STIXGeneral', style='normal', variant='normal', weight=700, stretch='normal', size='scalable')) = 10.335
2025-10-06 11:02:21,271 - matplotlib.font_manager - DEBUG - findfont: score(FontEntry(fname='/Users/longlh123/Languages/GitHub/IPSOS-VINCENZO-2025/env/lib/python3.10/site-packages/matplotlib/mpl-data/fonts/ttf/cmb10.ttf', name='cmb10', style='normal', variant='normal', weight=400, stretch='normal', size='scalable')) = 10.05
2025-10-06 11:02:21,271 - matplotlib.font_manager - DEBUG - findfont: score(FontEntry(fname='/Users/longlh123/Languages/GitHub/IPSOS-VINCENZO-2025/env/lib/python3.10/site-packages/matplotlib/mpl-data/fonts/ttf/STIXGeneral.ttf', name='STIXGeneral', style='normal', variant='normal', weight=400, stretch='normal', size='scalable')) = 10.05
2025-10-06 11:02:21,271 - matplotlib.font_manager - DEBUG - findfont: score(FontEntry(fname='/Users/longlh123/Languages/GitHub/IPSOS-VINCENZO-2025/env/lib/python3.10/site-packages/matplotlib/mpl-data/fonts/ttf/STIXGeneralBolIta.ttf', name='STIXGeneral', style='italic', variant='normal', weight=700, stretch='normal', size='scalable')) = 11.335
2025-10-06 11:02:21,271 - matplotlib.font_manager - DEBUG - findfont: score(FontEntry(fname='/Users/longlh123/Languages/GitHub/IPSOS-VINCENZO-2025/env/lib/python3.10/site-packages/matplotlib/mpl-data/fonts/ttf/STIXSizThreeSymReg.ttf', name='STIXSizeThreeSym', style='normal', variant='normal', weight=400, stretch='normal', size='scalable')) = 10.05
2025-10-06 11:02:21,272 - matplotlib.font_manager - DEBUG - findfont: score(FontEntry(fname='/Users/longlh123/Languages/GitHub/IPSOS-VINCENZO-2025/env/lib/python3.10/site-packages/matplotlib/mpl-data/fonts/ttf/DejaVuSans.ttf', name='DejaVu Sans', style='normal', variant='normal', weight=400, stretch='normal', size='scalable')) = 0.05
2025-10-06 11:02:21,272 - matplotlib.font_manager - DEBUG - findfont: score(FontEntry(fname='/Users/longlh123/Languages/GitHub/IPSOS-VINCENZO-2025/env/lib/python3.10/site-packages/matplotlib/mpl-data/fonts/ttf/STIXNonUniIta.ttf', name='STIXNonUnicode', style='italic', variant='normal', weight=400, stretch='normal', size='scalable')) = 11.05
2025-10-06 11:02:21,272 - matplotlib.font_manager - DEBUG - findfont: score(FontEntry(fname='/Users/longlh123/Languages/GitHub/IPSOS-VINCENZO-2025/env/lib/python3.10/site-packages/matplotlib/mpl-data/fonts/ttf/STIXSizFourSymReg.ttf', name='STIXSizeFourSym', style='normal', variant='normal', weight=400, stretch='normal', size='scalable')) = 10.05
2025-10-06 11:02:21,272 - matplotlib.font_manager - DEBUG - findfont: score(FontEntry(fname='/Users/longlh123/Languages/GitHub/IPSOS-VINCENZO-2025/env/lib/python3.10/site-packages/matplotlib/mpl-data/fonts/ttf/cmss10.ttf', name='cmss10', style='normal', variant='normal', weight=400, stretch='normal', size='scalable')) = 10.05
2025-10-06 11:02:21,273 - matplotlib.font_manager - DEBUG - findfont: score(FontEntry(fname='/Users/longlh123/Languages/GitHub/IPSOS-VINCENZO-2025/env/lib/python3.10/site-packages/matplotlib/mpl-data/fonts/ttf/DejaVuSans-Oblique.ttf', name='DejaVu Sans', style='oblique', variant='normal', weight=400, stretch='normal', size='scalable')) = 1.05
2025-10-06 11:02:21,273 - matplotlib.font_manager - DEBUG - findfont: score(FontEntry(fname='/Users/longlh123/Languages/GitHub/IPSOS-VINCENZO-2025/env/lib/python3.10/site-packages/matplotlib/mpl-data/fonts/ttf/DejaVuSansMono-Bold.ttf', name='DejaVu Sans Mono', style='normal', variant='normal', weight=700, stretch='normal', size='scalable')) = 10.335
2025-10-06 11:02:21,273 - matplotlib.font_manager - DEBUG - findfont: score(FontEntry(fname='/Users/longlh123/Languages/GitHub/IPSOS-VINCENZO-2025/env/lib/python3.10/site-packages/matplotlib/mpl-data/fonts/ttf/cmr10.ttf', name='cmr10', style='normal', variant='normal', weight=400, stretch='normal', size='scalable')) = 10.05
2025-10-06 11:02:21,273 - matplotlib.font_manager - DEBUG - findfont: score(FontEntry(fname='/Users/longlh123/Languages/GitHub/IPSOS-VINCENZO-2025/env/lib/python3.10/site-packages/matplotlib/mpl-data/fonts/ttf/DejaVuSerif-BoldItalic.ttf', name='DejaVu Serif', style='italic', variant='normal', weight=700, stretch='normal', size='scalable')) = 11.335
2025-10-06 11:02:21,273 - matplotlib.font_manager - DEBUG - findfont: score(FontEntry(fname='/Users/longlh123/Languages/GitHub/IPSOS-VINCENZO-2025/env/lib/python3.10/site-packages/matplotlib/mpl-data/fonts/ttf/DejaVuSansDisplay.ttf', name='DejaVu Sans Display', style='normal', variant='normal', weight=400, stretch='normal', size='scalable')) = 10.05
2025-10-06 11:02:21,273 - matplotlib.font_manager - DEBUG - findfont: score(FontEntry(fname='/Users/longlh123/Languages/GitHub/IPSOS-VINCENZO-2025/env/lib/python3.10/site-packages/matplotlib/mpl-data/fonts/ttf/STIXNonUniBol.ttf', name='STIXNonUnicode', style='normal', variant='normal', weight=700, stretch='normal', size='scalable')) = 10.335
2025-10-06 11:02:21,274 - matplotlib.font_manager - DEBUG - findfont: score(FontEntry(fname='/Users/longlh123/Languages/GitHub/IPSOS-VINCENZO-2025/env/lib/python3.10/site-packages/matplotlib/mpl-data/fonts/ttf/STIXSizFiveSymReg.ttf', name='STIXSizeFiveSym', style='normal', variant='normal', weight=400, stretch='normal', size='scalable')) = 10.05
2025-10-06 11:02:21,274 - matplotlib.font_manager - DEBUG - findfont: score(FontEntry(fname='/Users/longlh123/Languages/GitHub/IPSOS-VINCENZO-2025/env/lib/python3.10/site-packages/matplotlib/mpl-data/fonts/ttf/STIXSizFourSymBol.ttf', name='STIXSizeFourSym', style='normal', variant='normal', weight=700, stretch='normal', size='scalable')) = 10.335
2025-10-06 11:02:21,274 - matplotlib.font_manager - DEBUG - findfont: score(FontEntry(fname='/System/Library/Fonts/NewYork.ttf', name='.New York', style='normal', variant='normal', weight=400, stretch='normal', size='scalable')) = 10.05
2025-10-06 11:02:21,274 - matplotlib.font_manager - DEBUG - findfont: score(FontEntry(fname='/System/Library/Fonts/Supplemental/NotoSansPsalterPahlavi-Regular.ttf', name='Noto Sans Psalter Pahlavi', style='normal', variant='normal', weight=400, stretch='normal', size='scalable')) = 10.05
2025-10-06 11:02:21,274 - matplotlib.font_manager - DEBUG - findfont: score(FontEntry(fname='/System/Library/Fonts/Hiragino Sans GB.ttc', name='Hiragino Sans GB', style='normal', variant='normal', weight=300, stretch='normal', size='scalable')) = 10.145
2025-10-06 11:02:21,275 - matplotlib.font_manager - DEBUG - findfont: score(FontEntry(fname='/System/Library/Fonts/Supplemental/Futura.ttc', name='Futura', style='normal', variant='normal', weight=500, stretch='normal', size='scalable')) = 10.145
2025-10-06 11:02:21,275 - matplotlib.font_manager - DEBUG - findfont: score(FontEntry(fname='/Library/Fonts/VKUNM.TTF', name='VNI-Kun', style='normal', variant='normal', weight=400, stretch='normal', size='scalable')) = 10.05
2025-10-06 11:02:21,275 - matplotlib.font_manager - DEBUG - findfont: score(FontEntry(fname='/System/Library/Fonts/Keyboard.ttf', name='.Keyboard', style='normal', variant='normal', weight=100, stretch='normal', size='scalable')) = 10.335
2025-10-06 11:02:21,275 - matplotlib.font_manager - DEBUG - findfont: score(FontEntry(fname='/Library/Fonts/VNAVANB.TTF', name='.VnAvant', style='normal', variant='normal', weight=700, stretch='normal', size='scalable')) = 10.335
2025-10-06 11:02:21,276 - matplotlib.font_manager - DEBUG - findfont: score(FontEntry(fname='/System/Library/Fonts/Supplemental/NotoSansBhaiksuki-Regular.ttf', name='Noto Sans Bhaiksuki', style='normal', variant='normal', weight=400, stretch='normal', size='scalable')) = 10.05
2025-10-06 11:02:21,276 - matplotlib.font_manager - DEBUG - findfont: score(FontEntry(fname='/Library/Fonts/VMURRAYN.TTF', name='VNI-Murray', style='normal', variant='normal', weight=400, stretch='normal', size='scalable')) = 10.05
2025-10-06 11:02:21,276 - matplotlib.font_manager - DEBUG - findfont: score(FontEntry(fname='/Library/Fonts/VHTIMEBI.TTF', name='.VnTimeH', style='italic', variant='normal', weight=700, stretch='normal', size='scalable')) = 11.335
2025-10-06 11:02:21,276 - matplotlib.font_manager - DEBUG - findfont: score(FontEntry(fname='/Library/Fonts/VHARIS.TTF', name='.VnAristoteH', style='normal', variant='normal', weight=500, stretch='normal', size='scalable')) = 10.145
2025-10-06 11:02:21,276 - matplotlib.font_manager - DEBUG - findfont: score(FontEntry(fname='/System/Library/Fonts/Supplemental/Courier New.ttf', name='Courier New', style='normal', variant='normal', weight=400, stretch='normal', size='scalable')) = 10.05
2025-10-06 11:02:21,276 - matplotlib.font_manager - DEBUG - findfont: score(FontEntry(fname='/System/Library/Fonts/Supplemental/NotoSansAdlam-Regular.ttf', name='Noto Sans Adlam', style='normal', variant='normal', weight=400, stretch='normal', size='scalable')) = 10.05
2025-10-06 11:02:21,277 - matplotlib.font_manager - DEBUG - findfont: score(FontEntry(fname='/Library/Fonts/VBROADW.TTF', name='VNI-Broad', style='normal', variant='normal', weight=400, stretch='normal', size='scalable')) = 10.05
2025-10-06 11:02:21,277 - matplotlib.font_manager - DEBUG - findfont: score(FontEntry(fname='/Library/Fonts/VARISON.TTF', name='VNI-Ariston', style='italic', variant='normal', weight=800, stretch='normal', size='scalable')) = 11.43
2025-10-06 11:02:21,277 - matplotlib.font_manager - DEBUG - findfont: score(FontEntry(fname='/System/Library/Fonts/Supplemental/Kailasa.ttc', name='Kailasa', style='normal', variant='normal', weight=400, stretch='normal', size='scalable')) = 10.05
2025-10-06 11:02:21,277 - matplotlib.font_manager - DEBUG - findfont: score(FontEntry(fname='/System/Library/Fonts/NotoSerifMyanmar.ttc', name='Noto Serif Myanmar', style='normal', variant='normal', weight=900, stretch='normal', size='scalable')) = 10.525
2025-10-06 11:02:21,277 - matplotlib.font_manager - DEBUG - findfont: score(FontEntry(fname='/Library/Fonts/VNCENTN.TTF', name='.VnCentury Schoolbook', style='normal', variant='normal', weight=400, stretch='normal', size='scalable')) = 10.05
2025-10-06 11:02:21,277 - matplotlib.font_manager - DEBUG - findfont: score(FontEntry(fname='/System/Library/Fonts/ヒラギノ角ゴシック W0.ttc', name='Hiragino Sans', style='normal', variant='normal', weight=100, stretch='normal', size='scalable')) = 10.335
2025-10-06 11:02:21,277 - matplotlib.font_manager - DEBUG - findfont: score(FontEntry(fname='/Library/Fonts/VVIVI.TTF', name='VNI-Vivi', style='normal', variant='normal', weight=400, stretch='normal', size='scalable')) = 10.05
2025-10-06 11:02:21,278 - matplotlib.font_manager - DEBUG - findfont: score(FontEntry(fname='/Library/Fonts/VHCOMSCI.TTF', name='.VnCommercial ScriptH', style='italic', variant='normal', weight=400, stretch='normal', size='scalable')) = 11.05
2025-10-06 11:02:21,278 - matplotlib.font_manager - DEBUG - findfont: score(FontEntry(fname='/System/Library/Fonts/Supplemental/Herculanum.ttf', name='Herculanum', style='normal', variant='normal', weight=400, stretch='normal', size='scalable')) = 10.05
2025-10-06 11:02:21,278 - matplotlib.font_manager - DEBUG - findfont: score(FontEntry(fname='/System/Library/Fonts/Supplemental/Telugu Sangam MN.ttc', name='Telugu Sangam MN', style='normal', variant='normal', weight=400, stretch='normal', size='scalable')) = 10.05
2025-10-06 11:02:21,278 - matplotlib.font_manager - DEBUG - findfont: score(FontEntry(fname='/Library/Fonts/VREVUE.TTF', name='VNI-Revue', style='normal', variant='normal', weight=700, stretch='normal', size='scalable')) = 10.335
2025-10-06 11:02:21,278 - matplotlib.font_manager - DEBUG - findfont: score(FontEntry(fname='/System/Library/Fonts/Supplemental/PTSerif.ttc', name='PT Serif', style='normal', variant='normal', weight=400, stretch='normal', size='scalable')) = 10.05
2025-10-06 11:02:21,278 - matplotlib.font_manager - DEBUG - findfont: score(FontEntry(fname='/System/Library/Fonts/Supplemental/Savoye LET.ttc', name='Savoye LET', style='normal', variant='normal', weight=400, stretch='normal', size='scalable')) = 10.05
2025-10-06 11:02:21,279 - matplotlib.font_manager - DEBUG - findfont: score(FontEntry(fname='/Library/Fonts/VHELVEN.TTF', name='VNI-Helve', style='normal', variant='normal', weight=400, stretch='normal', size='scalable')) = 10.05
2025-10-06 11:02:21,279 - matplotlib.font_manager - DEBUG - findfont: score(FontEntry(fname='/System/Library/Fonts/Supplemental/Wingdings.ttf', name='Wingdings', style='normal', variant='normal', weight=400, stretch='normal', size='scalable')) = 10.05
2025-10-06 11:02:21,279 - matplotlib.font_manager - DEBUG - findfont: score(FontEntry(fname='/System/Library/Fonts/Supplemental/Arial Narrow Bold Italic.ttf', name='Arial Narrow', style='italic', variant='normal', weight=700, stretch='condensed', size='scalable')) = 11.535
2025-10-06 11:02:21,279 - matplotlib.font_manager - DEBUG - findfont: score(FontEntry(fname='/Library/Fonts/VNCOUR2.TTF', name='.VnCourier', style='normal', variant='normal', weight=400, stretch='normal', size='scalable')) = 10.05
2025-10-06 11:02:21,279 - matplotlib.font_manager - DEBUG - findfont: score(FontEntry(fname='/System/Library/Fonts/Supplemental/GillSans.ttc', name='Gill Sans', style='normal', variant='normal', weight=400, stretch='normal', size='scalable')) = 10.05
2025-10-06 11:02:21,279 - matplotlib.font_manager - DEBUG - findfont: score(FontEntry(fname='/Library/Fonts/VPALATIB.TTF', name='VNI-Palatin', style='normal', variant='normal', weight=700, stretch='normal', size='scalable')) = 10.335
2025-10-06 11:02:21,279 - matplotlib.font_manager - DEBUG - findfont: score(FontEntry(fname='/System/Library/Fonts/Supplemental/Malayalam MN.ttc', name='Malayalam MN', style='normal', variant='normal', weight=400, stretch='normal', size='scalable')) = 10.05
2025-10-06 11:02:21,280 - matplotlib.font_manager - DEBUG - findfont: score(FontEntry(fname='/Library/Fonts/VHELVEB.TTF', name='VNI-Helve', style='normal', variant='normal', weight=700, stretch='normal', size='scalable')) = 10.335
2025-10-06 11:02:21,280 - matplotlib.font_manager - DEBUG - findfont: score(FontEntry(fname='/Library/Fonts/VHAVANI.TTF', name='.VnAvantH', style='italic', variant='normal', weight=400, stretch='normal', size='scalable')) = 11.05
2025-10-06 11:02:21,280 - matplotlib.font_manager - DEBUG - findfont: score(FontEntry(fname='/Library/Fonts/vniviettay.ttf', name='VNI-Viettay', style='normal', variant='normal', weight=400, stretch='normal', size='scalable')) = 10.05
2025-10-06 11:02:21,280 - matplotlib.font_manager - DEBUG - findfont: score(FontEntry(fname='/System/Library/Fonts/Supplemental/NotoSansCaucasianAlbanian-Regular.ttf', name='Noto Sans Caucasian Albanian', style='normal', variant='normal', weight=400, stretch='normal', size='scalable')) = 10.05
2025-10-06 11:02:21,280 - matplotlib.font_manager - DEBUG - findfont: score(FontEntry(fname='/System/Library/Fonts/NotoSansMyanmar.ttc', name='Noto Sans Myanmar', style='normal', variant='normal', weight=900, stretch='normal', size='scalable')) = 10.525
2025-10-06 11:02:21,280 - matplotlib.font_manager - DEBUG - findfont: score(FontEntry(fname='/Library/Fonts/VHCENTB.TTF', name='.VnCentury SchoolbookH', style='normal', variant='normal', weight=700, stretch='normal', size='scalable')) = 10.335
2025-10-06 11:02:21,280 - matplotlib.font_manager - DEBUG - findfont: score(FontEntry(fname='/System/Library/Fonts/Supplemental/Kokonor.ttf', name='Kokonor', style='normal', variant='normal', weight=400, stretch='normal', size='scalable')) = 10.05
2025-10-06 11:02:21,281 - matplotlib.font_manager - DEBUG - findfont: score(FontEntry(fname='/Library/Fonts/VNARIABI.TTF', name='.VnArial', style='italic', variant='normal', weight=700, stretch='normal', size='scalable')) = 11.335
2025-10-06 11:02:21,281 - matplotlib.font_manager - DEBUG - findfont: score(FontEntry(fname='/Library/Fonts/VTIMESN.TTF', name='VNI-Times', style='normal', variant='normal', weight=400, stretch='normal', size='scalable')) = 10.05
2025-10-06 11:02:21,281 - matplotlib.font_manager - DEBUG - findfont: score(FontEntry(fname='/System/Library/Fonts/Supplemental/STIXIntUpDBol.otf', name='STIXIntegralsUpD', style='normal', variant='normal', weight=700, stretch='normal', size='scalable')) = 10.335
2025-10-06 11:02:21,281 - matplotlib.font_manager - DEBUG - findfont: score(FontEntry(fname='/Library/Fonts/VNARIAL.TTF', name='.VnArial', style='normal', variant='normal', weight=400, stretch='normal', size='scalable')) = 10.05
2025-10-06 11:02:21,281 - matplotlib.font_manager - DEBUG - findfont: score(FontEntry(fname='/System/Library/Fonts/Supplemental/NotoSansNewTaiLue-Regular.ttf', name='Noto Sans New Tai Lue', style='normal', variant='normal', weight=400, stretch='normal', size='scalable')) = 10.05
2025-10-06 11:02:21,281 - matplotlib.font_manager - DEBUG - findfont: score(FontEntry(fname='/System/Library/Fonts/Supplemental/Bodoni 72 OS.ttc', name='Bodoni 72 Oldstyle', style='normal', variant='normal', weight=400, stretch='normal', size='scalable')) = 10.05
2025-10-06 11:02:21,281 - matplotlib.font_manager - DEBUG - findfont: score(FontEntry(fname='/System/Library/Fonts/Supplemental/PTSerifCaption.ttc', name='PT Serif Caption', style='normal', variant='normal', weight=400, stretch='normal', size='scalable')) = 10.05
2025-10-06 11:02:21,282 - matplotlib.font_manager - DEBUG - findfont: score(FontEntry(fname='/Library/Fonts/VDUFFY.TTF', name='VNI-Duff', style='normal', variant='normal', weight=400, stretch='normal', size='scalable')) = 10.05
2025-10-06 11:02:21,282 - matplotlib.font_manager - DEBUG - findfont: score(FontEntry(fname='/System/Library/Fonts/ヒラギノ角ゴシック W9.ttc', name='Hiragino Sans', style='normal', variant='normal', weight=900, stretch='normal', size='scalable')) = 10.525
2025-10-06 11:02:21,282 - matplotlib.font_manager - DEBUG - findfont: score(FontEntry(fname='/Library/Fonts/VHREVU.TTF', name='.VnRevueH', style='normal', variant='normal', weight=500, stretch='normal', size='scalable')) = 10.145
2025-10-06 11:02:21,282 - matplotlib.font_manager - DEBUG - findfont: score(FontEntry(fname='/Library/Fonts/VHKOALA.TTF', name='.VnKoalaH', style='normal', variant='normal', weight=400, stretch='normal', size='scalable')) = 10.05
2025-10-06 11:02:21,282 - matplotlib.font_manager - DEBUG - findfont: score(FontEntry(fname='/System/Library/Fonts/Supplemental/NotoSansThaana-Regular.ttf', name='Noto Sans Thaana', style='normal', variant='normal', weight=400, stretch='normal', size='scalable')) = 10.05
2025-10-06 11:02:21,282 - matplotlib.font_manager - DEBUG - findfont: score(FontEntry(fname='/Library/Fonts/VPRESENT.TTF', name='VNI-Present', style='normal', variant='normal', weight=400, stretch='normal', size='scalable')) = 10.05
2025-10-06 11:02:21,283 - matplotlib.font_manager - DEBUG - findfont: score(FontEntry(fname='/System/Library/Fonts/Supplemental/Bodoni 72.ttc', name='Bodoni 72', style='normal', variant='normal', weight=400, stretch='normal', size='scalable')) = 10.05
2025-10-06 11:02:21,283 - matplotlib.font_manager - DEBUG - findfont: score(FontEntry(fname='/Library/Fonts/VHELVCB.TTF', name='VNI-Helve-Condense', style='normal', variant='normal', weight=700, stretch='condensed', size='scalable')) = 10.535
2025-10-06 11:02:21,283 - matplotlib.font_manager - DEBUG - findfont: score(FontEntry(fname='/System/Library/Fonts/Apple Braille Pinpoint 6 Dot.ttf', name='Apple Braille', style='normal', variant='normal', weight=400, stretch='normal', size='scalable')) = 10.05
2025-10-06 11:02:21,283 - matplotlib.font_manager - DEBUG - findfont: score(FontEntry(fname='/System/Library/Fonts/Supplemental/Malayalam Sangam MN.ttc', name='Malayalam Sangam MN', style='normal', variant='normal', weight=400, stretch='normal', size='scalable')) = 10.05
2025-10-06 11:02:21,283 - matplotlib.font_manager - DEBUG - findfont: score(FontEntry(fname='/System/Library/Fonts/Supplemental/NotoSansSyriac-Regular.ttf', name='Noto Sans Syriac', style='normal', variant='normal', weight=400, stretch='normal', size='scalable')) = 10.05
2025-10-06 11:02:21,283 - matplotlib.font_manager - DEBUG - findfont: score(FontEntry(fname='/System/Library/Fonts/Supplemental/DIN Condensed Bold.ttf', name='DIN Condensed', style='normal', variant='normal', weight=700, stretch='condensed', size='scalable')) = 10.535
2025-10-06 11:02:21,283 - matplotlib.font_manager - DEBUG - findfont: score(FontEntry(fname='/Library/Fonts/VNAVAN.TTF', name='.VnAvant', style='normal', variant='normal', weight=400, stretch='normal', size='scalable')) = 10.05
2025-10-06 11:02:21,284 - matplotlib.font_manager - DEBUG - findfont: score(FontEntry(fname='/System/Library/Fonts/Supplemental/NotoSansTifinagh-Regular.ttf', name='Noto Sans Tifinagh', style='normal', variant='normal', weight=400, stretch='normal', size='scalable')) = 10.05
2025-10-06 11:02:21,284 - matplotlib.font_manager - DEBUG - findfont: score(FontEntry(fname='/System/Library/Fonts/ヒラギノ角ゴシック W5.ttc', name='Hiragino Sans', style='normal', variant='normal', weight=500, stretch='normal', size='scalable')) = 10.145
2025-10-06 11:02:21,284 - matplotlib.font_manager - DEBUG - findfont: score(FontEntry(fname='/System/Library/Fonts/Supplemental/Krungthep.ttf', name='Krungthep', style='normal', variant='normal', weight=400, stretch='normal', size='scalable')) = 10.05
2025-10-06 11:02:21,284 - matplotlib.font_manager - DEBUG - findfont: score(FontEntry(fname='/System/Library/Fonts/Supplemental/NotoSansPahawhHmong-Regular.ttf', name='Noto Sans Pahawh Hmong', style='normal', variant='normal', weight=400, stretch='normal', size='scalable')) = 10.05
2025-10-06 11:02:21,284 - matplotlib.font_manager - DEBUG - findfont: score(FontEntry(fname='/Library/Fonts/VNCOOP.TTF', name='.VnCooper', style='normal', variant='normal', weight=500, stretch='normal', size='scalable')) = 10.145
2025-10-06 11:02:21,284 - matplotlib.font_manager - DEBUG - findfont: score(FontEntry(fname='/Library/Fonts/VKORINB.TTF', name='VNI-Korin', style='normal', variant='normal', weight=700, stretch='normal', size='scalable')) = 10.335
2025-10-06 11:02:21,284 - matplotlib.font_manager - DEBUG - findfont: score(FontEntry(fname='/Library/Fonts/VAZTEK.TTF', name='VNI-Aztek', style='normal', variant='normal', weight=700, stretch='normal', size='scalable')) = 10.335
2025-10-06 11:02:21,285 - matplotlib.font_manager - DEBUG - findfont: score(FontEntry(fname='/System/Library/Fonts/SFArabic.ttf', name='.SF Arabic', style='normal', variant='normal', weight=400, stretch='normal', size='scalable')) = 10.05
2025-10-06 11:02:21,285 - matplotlib.font_manager - DEBUG - findfont: score(FontEntry(fname='/System/Library/Fonts/ヒラギノ角ゴシック W2.ttc', name='Hiragino Sans', style='normal', variant='normal', weight=250, stretch='normal', size='scalable')) = 10.1925
2025-10-06 11:02:21,285 - matplotlib.font_manager - DEBUG - findfont: score(FontEntry(fname='/Library/Fonts/VHTIFH.TTF', name='.VnTifani HeavyH', style='normal', variant='normal', weight=400, stretch='normal', size='scalable')) = 10.05
2025-10-06 11:02:21,285 - matplotlib.font_manager - DEBUG - findfont: score(FontEntry(fname='/System/Library/Fonts/Supplemental/Trebuchet MS.ttf', name='Trebuchet MS', style='normal', variant='normal', weight=400, stretch='normal', size='scalable')) = 10.05
2025-10-06 11:02:21,285 - matplotlib.font_manager - DEBUG - findfont: score(FontEntry(fname='/System/Library/Fonts/Supplemental/Times New Roman.ttf', name='Times New Roman', style='normal', variant='normal', weight=400, stretch='normal', size='scalable')) = 10.05
2025-10-06 11:02:21,285 - matplotlib.font_manager - DEBUG - findfont: score(FontEntry(fname='/System/Library/Fonts/Supplemental/Didot.ttc', name='Didot', style='normal', variant='normal', weight=400, stretch='normal', size='scalable')) = 10.05
2025-10-06 11:02:21,285 - matplotlib.font_manager - DEBUG - findfont: score(FontEntry(fname='/System/Library/Fonts/Supplemental/Gurmukhi.ttf', name='Gurmukhi MT', style='normal', variant='normal', weight=500, stretch='normal', size='scalable')) = 10.145
2025-10-06 11:02:21,286 - matplotlib.font_manager - DEBUG - findfont: score(FontEntry(fname='/Library/Fonts/VGOUDYN.TTF', name='VNI-Goudy', style='normal', variant='normal', weight=400, stretch='normal', size='scalable')) = 10.05
2025-10-06 11:02:21,286 - matplotlib.font_manager - DEBUG - findfont: score(FontEntry(fname='/System/Library/Fonts/ヒラギノ角ゴシック W6.ttc', name='Hiragino Sans', style='normal', variant='normal', weight=600, stretch='normal', size='scalable')) = 10.24
2025-10-06 11:02:21,286 - matplotlib.font_manager - DEBUG - findfont: score(FontEntry(fname='/Library/Fonts/VNICAMBO.TTF', name='VNI Cambodia', style='normal', variant='normal', weight=400, stretch='normal', size='scalable')) = 10.05
2025-10-06 11:02:21,286 - matplotlib.font_manager - DEBUG - findfont: score(FontEntry(fname='/Library/Fonts/VLITHOS.TTF', name='VNI-Lithos', style='normal', variant='normal', weight=700, stretch='normal', size='scalable')) = 10.335
2025-10-06 11:02:21,286 - matplotlib.font_manager - DEBUG - findfont: score(FontEntry(fname='/Library/Fonts/VGARAMN.TTF', name='VNI-Garam', style='normal', variant='normal', weight=400, stretch='normal', size='scalable')) = 10.05
2025-10-06 11:02:21,286 - matplotlib.font_manager - DEBUG - findfont: score(FontEntry(fname='/Library/Fonts/VN3D.TTF', name='.Vn3DH', style='normal', variant='normal', weight=400, stretch='normal', size='scalable')) = 10.05
2025-10-06 11:02:21,287 - matplotlib.font_manager - DEBUG - findfont: score(FontEntry(fname='/System/Library/Fonts/Supplemental/Oriya MN.ttc', name='Oriya MN', style='normal', variant='normal', weight=400, stretch='normal', size='scalable')) = 10.05
2025-10-06 11:02:21,287 - matplotlib.font_manager - DEBUG - findfont: score(FontEntry(fname='/Library/Fonts/VNTIMEI.TTF', name='.VnTime', style='italic', variant='normal', weight=400, stretch='normal', size='scalable')) = 11.05
2025-10-06 11:02:21,287 - matplotlib.font_manager - DEBUG - findfont: score(FontEntry(fname='/Library/Fonts/VNCENTB.TTF', name='.VnCentury Schoolbook', style='normal', variant='normal', weight=700, stretch='normal', size='scalable')) = 10.335
2025-10-06 11:02:21,287 - matplotlib.font_manager - DEBUG - findfont: score(FontEntry(fname='/System/Library/Fonts/Supplemental/Mishafi.ttf', name='Mishafi', style='normal', variant='normal', weight=400, stretch='normal', size='scalable')) = 10.05
2025-10-06 11:02:21,287 - matplotlib.font_manager - DEBUG - findfont: score(FontEntry(fname='/Library/Fonts/VAPTIMN.TTF', name='VNI-Aptima', style='normal', variant='normal', weight=400, stretch='normal', size='scalable')) = 10.05
2025-10-06 11:02:21,287 - matplotlib.font_manager - DEBUG - findfont: score(FontEntry(fname='/System/Library/Fonts/Supplemental/NotoSansMeeteiMayek-Regular.ttf', name='Noto Sans Meetei Mayek', style='normal', variant='normal', weight=400, stretch='normal', size='scalable')) = 10.05
2025-10-06 11:02:21,288 - matplotlib.font_manager - DEBUG - findfont: score(FontEntry(fname='/System/Library/Fonts/Supplemental/NotoSansTaiLe-Regular.ttf', name='Noto Sans Tai Le', style='normal', variant='normal', weight=400, stretch='normal', size='scalable')) = 10.05
2025-10-06 11:02:21,288 - matplotlib.font_manager - DEBUG - findfont: score(FontEntry(fname='/System/Library/Fonts/ThonburiUI.ttc', name='.ThonburiUI', style='normal', variant='normal', weight=400, stretch='normal', size='scalable')) = 10.05
2025-10-06 11:02:21,288 - matplotlib.font_manager - DEBUG - findfont: score(FontEntry(fname='/Library/Fonts/VNTIME.TTF', name='.VnTime', style='normal', variant='normal', weight=400, stretch='normal', size='scalable')) = 10.05
2025-10-06 11:02:21,288 - matplotlib.font_manager - DEBUG - findfont: score(FontEntry(fname='/Library/Fonts/VBOOKMI.TTF', name='VNI-Book', style='italic', variant='normal', weight=400, stretch='normal', size='scalable')) = 11.05
2025-10-06 11:02:21,288 - matplotlib.font_manager - DEBUG - findfont: score(FontEntry(fname='/Library/Fonts/VZAP.TTF', name='VNI-Zap', style='italic', variant='normal', weight=400, stretch='normal', size='scalable')) = 11.05
2025-10-06 11:02:21,288 - matplotlib.font_manager - DEBUG - findfont: score(FontEntry(fname='/System/Library/Fonts/Supplemental/Nadeem.ttc', name='Nadeem', style='normal', variant='normal', weight=400, stretch='normal', size='scalable')) = 10.05
2025-10-06 11:02:21,289 - matplotlib.font_manager - DEBUG - findfont: score(FontEntry(fname='/Library/Fonts/VNFREE.TTF', name='.VnFree', style='normal', variant='normal', weight=500, stretch='normal', size='scalable')) = 10.145
2025-10-06 11:02:21,289 - matplotlib.font_manager - DEBUG - findfont: score(FontEntry(fname='/Library/Fonts/VAVON.TTF', name='VNI-Avo', style='normal', variant='normal', weight=400, stretch='normal', size='scalable')) = 10.05
2025-10-06 11:02:21,289 - matplotlib.font_manager - DEBUG - findfont: score(FontEntry(fname='/System/Library/Fonts/Supplemental/STIXNonUniBol.otf', name='STIXNonUnicode', style='normal', variant='normal', weight=700, stretch='normal', size='scalable')) = 10.335
2025-10-06 11:02:21,289 - matplotlib.font_manager - DEBUG - findfont: score(FontEntry(fname='/Library/Fonts/VAVOBI.TTF', name='VNI-Avo', style='italic', variant='normal', weight=700, stretch='normal', size='scalable')) = 11.335
2025-10-06 11:02:21,289 - matplotlib.font_manager - DEBUG - findfont: score(FontEntry(fname='/System/Library/Fonts/Supplemental/NotoSansTaiTham-Regular.ttf', name='Noto Sans Tai Tham', style='normal', variant='normal', weight=400, stretch='normal', size='scalable')) = 10.05
2025-10-06 11:02:21,289 - matplotlib.font_manager - DEBUG - findfont: score(FontEntry(fname='/System/Library/Fonts/Apple Symbols.ttf', name='Apple Symbols', style='normal', variant='normal', weight=400, stretch='normal', size='scalable')) = 10.05
2025-10-06 11:02:21,290 - matplotlib.font_manager - DEBUG - findfont: score(FontEntry(fname='/System/Library/Fonts/Supplemental/Arial Black.ttf', name='Arial Black', style='normal', variant='normal', weight=900, stretch='normal', size='scalable')) = 10.525
2025-10-06 11:02:21,290 - matplotlib.font_manager - DEBUG - findfont: score(FontEntry(fname='/Library/Fonts/VINHAN.TTF', name='Vinhan', style='normal', variant='normal', weight=700, stretch='normal', size='scalable')) = 10.335
2025-10-06 11:02:21,290 - matplotlib.font_manager - DEBUG - findfont: score(FontEntry(fname='/Library/Fonts/VCOURIB.TTF', name='VNI-Couri', style='normal', variant='normal', weight=700, stretch='normal', size='scalable')) = 10.335
2025-10-06 11:02:21,290 - matplotlib.font_manager - DEBUG - findfont: score(FontEntry(fname='/System/Library/Fonts/MuktaMahee.ttc', name='Mukta Mahee', style='normal', variant='normal', weight=400, stretch='normal', size='scalable')) = 10.05
2025-10-06 11:02:21,290 - matplotlib.font_manager - DEBUG - findfont: score(FontEntry(fname='/Library/Fonts/VBANDIT.TTF', name='VNI-Bandit', style='italic', variant='normal', weight=700, stretch='normal', size='scalable')) = 11.335
2025-10-06 11:02:21,290 - matplotlib.font_manager - DEBUG - findfont: score(FontEntry(fname='/Library/Fonts/VKORINI.TTF', name='VNI-Korin', style='italic', variant='normal', weight=400, stretch='normal', size='scalable')) = 11.05
2025-10-06 11:02:21,290 - matplotlib.font_manager - DEBUG - findfont: score(FontEntry(fname='/System/Library/Fonts/Palatino.ttc', name='Palatino', style='normal', variant='normal', weight=400, stretch='normal', size='scalable')) = 10.05
2025-10-06 11:02:21,291 - matplotlib.font_manager - DEBUG - findfont: score(FontEntry(fname='/System/Library/Fonts/Supplemental/NotoSansOldTurkic-Regular.ttf', name='Noto Sans Old Turkic', style='normal', variant='normal', weight=400, stretch='normal', size='scalable')) = 10.05
2025-10-06 11:02:21,291 - matplotlib.font_manager - DEBUG - findfont: score(FontEntry(fname='/System/Library/Fonts/NewYorkItalic.ttf', name='.New York', style='italic', variant='normal', weight=400, stretch='normal', size='scalable')) = 11.05
2025-10-06 11:02:21,291 - matplotlib.font_manager - DEBUG - findfont: score(FontEntry(fname='/System/Library/Fonts/Supplemental/AlBayan.ttc', name='Al Bayan', style='normal', variant='normal', weight=400, stretch='normal', size='scalable')) = 10.05
2025-10-06 11:02:21,291 - matplotlib.font_manager - DEBUG - findfont: score(FontEntry(fname='/Library/Fonts/VNARIALI.TTF', name='.VnArial', style='italic', variant='normal', weight=400, stretch='normal', size='scalable')) = 11.05
2025-10-06 11:02:21,291 - matplotlib.font_manager - DEBUG - findfont: score(FontEntry(fname='/System/Library/Fonts/Supplemental/BigCaslon.ttf', name='Big Caslon', style='normal', variant='normal', weight=500, stretch='normal', size='scalable')) = 10.145
2025-10-06 11:02:21,291 - matplotlib.font_manager - DEBUG - findfont: score(FontEntry(fname='/System/Library/Fonts/Supplemental/NotoSansPhagsPa-Regular.ttf', name='Noto Sans PhagsPa', style='normal', variant='normal', weight=400, stretch='normal', size='scalable')) = 10.05
2025-10-06 11:02:21,291 - matplotlib.font_manager - DEBUG - findfont: score(FontEntry(fname='/Library/Fonts/VNTEKN.TTF', name='.VnTeknical', style='normal', variant='normal', weight=400, stretch='normal', size='scalable')) = 10.05
2025-10-06 11:02:21,292 - matplotlib.font_manager - DEBUG - findfont: score(FontEntry(fname='/System/Library/Fonts/Supplemental/InaiMathi-MN.ttc', name='InaiMathi', style='normal', variant='normal', weight=400, stretch='normal', size='scalable')) = 10.05
2025-10-06 11:02:21,292 - matplotlib.font_manager - DEBUG - findfont: score(FontEntry(fname='/Library/Fonts/vnimatisse.ttf', name='VNI-Matisse', style='normal', variant='normal', weight=400, stretch='normal', size='scalable')) = 10.05
2025-10-06 11:02:21,292 - matplotlib.font_manager - DEBUG - findfont: score(FontEntry(fname='/System/Library/Fonts/Supplemental/Silom.ttf', name='Silom', style='normal', variant='normal', weight=400, stretch='normal', size='scalable')) = 10.05
2025-10-06 11:02:21,292 - matplotlib.font_manager - DEBUG - findfont: score(FontEntry(fname='/Library/Fonts/VHGOTH.TTF', name='.VnGothicH', style='normal', variant='normal', weight=400, stretch='normal', size='scalable')) = 10.05
2025-10-06 11:02:21,292 - matplotlib.font_manager - DEBUG - findfont: score(FontEntry(fname='/Library/Fonts/VNCLARE.TTF', name='.VnClarendon', style='normal', variant='normal', weight=400, stretch='normal', size='scalable')) = 10.05
2025-10-06 11:02:21,292 - matplotlib.font_manager - DEBUG - findfont: score(FontEntry(fname='/Library/Fonts/VNPRES.TTF', name='.VnPresent', style='normal', variant='normal', weight=500, stretch='normal', size='scalable')) = 10.145
2025-10-06 11:02:21,292 - matplotlib.font_manager - DEBUG - findfont: score(FontEntry(fname='/Library/Fonts/VHBLACK.TTF', name='.VnBlackH', style='normal', variant='normal', weight=400, stretch='normal', size='scalable')) = 10.05
2025-10-06 11:02:21,293 - matplotlib.font_manager - DEBUG - findfont: score(FontEntry(fname='/Library/Fonts/VNARIANI.TTF', name='.VnArial Narrow', style='italic', variant='normal', weight=400, stretch='condensed', size='scalable')) = 11.25
2025-10-06 11:02:21,293 - matplotlib.font_manager - DEBUG - findfont: score(FontEntry(fname='/System/Library/Fonts/Supplemental/Academy Engraved LET Fonts.ttf', name='Academy Engraved LET', style='normal', variant='normal', weight=400, stretch='normal', size='scalable')) = 10.05
2025-10-06 11:02:21,293 - matplotlib.font_manager - DEBUG - findfont: score(FontEntry(fname='/System/Library/Fonts/Supplemental/NotoSerifNyiakengPuachueHmong-Regular.ttf', name='Noto Serif Hmong Nyiakeng', style='normal', variant='normal', weight=400, stretch='normal', size='scalable')) = 10.05
2025-10-06 11:02:21,293 - matplotlib.font_manager - DEBUG - findfont: score(FontEntry(fname='/System/Library/Fonts/Supplemental/Mishafi Gold.ttf', name='Mishafi Gold', style='normal', variant='normal', weight=400, stretch='normal', size='scalable')) = 10.05
2025-10-06 11:02:21,293 - matplotlib.font_manager - DEBUG - findfont: score(FontEntry(fname='/System/Library/Fonts/Supplemental/Luminari.ttf', name='Luminari', style='normal', variant='normal', weight=400, stretch='normal', size='scalable')) = 10.05
2025-10-06 11:02:21,293 - matplotlib.font_manager - DEBUG - findfont: score(FontEntry(fname='/Library/Fonts/vnibriquet.ttf', name='VNI-Briquet', style='normal', variant='normal', weight=400, stretch='normal', size='scalable')) = 10.05
2025-10-06 11:02:21,293 - matplotlib.font_manager - DEBUG - findfont: score(FontEntry(fname='/System/Library/Fonts/Supplemental/Bradley Hand Bold.ttf', name='Bradley Hand', style='normal', variant='normal', weight=700, stretch='normal', size='scalable')) = 10.335
2025-10-06 11:02:21,294 - matplotlib.font_manager - DEBUG - findfont: score(FontEntry(fname='/System/Library/Fonts/Supplemental/Trebuchet MS Bold.ttf', name='Trebuchet MS', style='normal', variant='normal', weight=700, stretch='normal', size='scalable')) = 10.335
2025-10-06 11:02:21,294 - matplotlib.font_manager - DEBUG - findfont: score(FontEntry(fname='/Library/Fonts/VKUNN.TTF', name='VNI-Kun', style='normal', variant='normal', weight=400, stretch='normal', size='scalable')) = 10.05
2025-10-06 11:02:21,294 - matplotlib.font_manager - DEBUG - findfont: score(FontEntry(fname='/System/Library/Fonts/Supplemental/Shree714.ttc', name='Shree Devanagari 714', style='normal', variant='normal', weight=400, stretch='normal', size='scalable')) = 10.05
2025-10-06 11:02:21,294 - matplotlib.font_manager - DEBUG - findfont: score(FontEntry(fname='/System/Library/Fonts/Supplemental/Raanana.ttc', name='Raanana', style='normal', variant='normal', weight=400, stretch='normal', size='scalable')) = 10.05
2025-10-06 11:02:21,294 - matplotlib.font_manager - DEBUG - findfont: score(FontEntry(fname='/System/Library/Fonts/LucidaGrande.ttc', name='Lucida Grande', style='normal', variant='normal', weight=500, stretch='normal', size='scalable')) = 2.872272727272727
2025-10-06 11:02:21,294 - matplotlib.font_manager - DEBUG - findfont: score(FontEntry(fname='/System/Library/Fonts/Supplemental/STIXNonUniBolIta.otf', name='STIXNonUnicode', style='italic', variant='normal', weight=700, stretch='normal', size='scalable')) = 11.335
2025-10-06 11:02:21,294 - matplotlib.font_manager - DEBUG - findfont: score(FontEntry(fname='/Library/Fonts/VNARIALN.TTF', name='.VnArial Narrow', style='normal', variant='normal', weight=400, stretch='condensed', size='scalable')) = 10.25
2025-10-06 11:02:21,295 - matplotlib.font_manager - DEBUG - findfont: score(FontEntry(fname='/System/Library/Fonts/Supplemental/Cochin.ttc', name='Cochin', style='normal', variant='normal', weight=500, stretch='normal', size='scalable')) = 10.145
2025-10-06 11:02:21,295 - matplotlib.font_manager - DEBUG - findfont: score(FontEntry(fname='/System/Library/Fonts/Supplemental/NotoSansTirhuta-Regular.ttf', name='Noto Sans Tirhuta', style='normal', variant='normal', weight=400, stretch='normal', size='scalable')) = 10.05
2025-10-06 11:02:21,295 - matplotlib.font_manager - DEBUG - findfont: score(FontEntry(fname='/Library/Fonts/VMURRAYB.TTF', name='VNI-Murray', style='normal', variant='normal', weight=700, stretch='normal', size='scalable')) = 10.335
2025-10-06 11:02:21,295 - matplotlib.font_manager - DEBUG - findfont: score(FontEntry(fname='/System/Library/Fonts/STHeiti Light.ttc', name='Heiti TC', style='normal', variant='normal', weight=300, stretch='normal', size='scalable')) = 10.145
2025-10-06 11:02:21,295 - matplotlib.font_manager - DEBUG - findfont: score(FontEntry(fname='/System/Library/Fonts/Supplemental/NotoSansOsmanya-Regular.ttf', name='Noto Sans Osmanya', style='normal', variant='normal', weight=400, stretch='normal', size='scalable')) = 10.05
2025-10-06 11:02:21,295 - matplotlib.font_manager - DEBUG - findfont: score(FontEntry(fname='/Library/Fonts/VBRUSH.TTF', name='VNI-Brush', style='italic', variant='normal', weight=400, stretch='normal', size='scalable')) = 11.05
2025-10-06 11:02:21,295 - matplotlib.font_manager - DEBUG - findfont: score(FontEntry(fname='/System/Library/Fonts/Supplemental/STIXIntSmReg.otf', name='STIXIntegralsSm', style='normal', variant='normal', weight=400, stretch='normal', size='scalable')) = 10.05
2025-10-06 11:02:21,296 - matplotlib.font_manager - DEBUG - findfont: score(FontEntry(fname='/System/Library/Fonts/Supplemental/Kannada MN.ttc', name='Kannada MN', style='normal', variant='normal', weight=400, stretch='normal', size='scalable')) = 10.05
2025-10-06 11:02:21,296 - matplotlib.font_manager - DEBUG - findfont: score(FontEntry(fname='/System/Library/Fonts/Apple Braille.ttf', name='Apple Braille', style='normal', variant='normal', weight=400, stretch='normal', size='scalable')) = 10.05
2025-10-06 11:02:21,296 - matplotlib.font_manager - DEBUG - findfont: score(FontEntry(fname='/Library/Fonts/VNTIMEB.TTF', name='.VnTime', style='normal', variant='normal', weight=700, stretch='normal', size='scalable')) = 10.335
2025-10-06 11:02:21,296 - matplotlib.font_manager - DEBUG - findfont: score(FontEntry(fname='/System/Library/Fonts/Supplemental/GujaratiMT.ttc', name='Gujarati MT', style='normal', variant='normal', weight=400, stretch='normal', size='scalable')) = 10.05
2025-10-06 11:02:21,296 - matplotlib.font_manager - DEBUG - findfont: score(FontEntry(fname='/Library/Fonts/VHLINCOL.TTF', name='.VnLincolnH', style='normal', variant='normal', weight=400, stretch='normal', size='scalable')) = 10.05
2025-10-06 11:02:21,296 - matplotlib.font_manager - DEBUG - findfont: score(FontEntry(fname='/Library/Fonts/VHPARK.TTF', name='.VnParkH', style='normal', variant='normal', weight=500, stretch='normal', size='scalable')) = 10.145
2025-10-06 11:02:21,297 - matplotlib.font_manager - DEBUG - findfont: score(FontEntry(fname='/System/Library/Fonts/Supplemental/AppleMyungjo.ttf', name='AppleMyungjo', style='normal', variant='normal', weight=400, stretch='normal', size='scalable')) = 10.05
2025-10-06 11:02:21,297 - matplotlib.font_manager - DEBUG - findfont: score(FontEntry(fname='/System/Library/Fonts/Supplemental/Devanagari Sangam MN.ttc', name='Devanagari Sangam MN', style='normal', variant='normal', weight=400, stretch='normal', size='scalable')) = 10.05
2025-10-06 11:02:21,297 - matplotlib.font_manager - DEBUG - findfont: score(FontEntry(fname='/Library/Fonts/VHANTIQ.TTF', name='.VnBook-AntiquaH', style='normal', variant='normal', weight=400, stretch='normal', size='scalable')) = 10.05
2025-10-06 11:02:21,297 - matplotlib.font_manager - DEBUG - findfont: score(FontEntry(fname='/System/Library/Fonts/Supplemental/Georgia Bold.ttf', name='Georgia', style='normal', variant='normal', weight=700, stretch='normal', size='scalable')) = 10.335
2025-10-06 11:02:21,297 - matplotlib.font_manager - DEBUG - findfont: score(FontEntry(fname='/System/Library/Fonts/GeezaPro.ttc', name='Geeza Pro', style='normal', variant='normal', weight=400, stretch='normal', size='scalable')) = 10.05
2025-10-06 11:02:21,297 - matplotlib.font_manager - DEBUG - findfont: score(FontEntry(fname='/Library/Fonts/VNREVU.TTF', name='.VnRevue', style='normal', variant='normal', weight=500, stretch='normal', size='scalable')) = 10.145
2025-10-06 11:02:21,298 - matplotlib.font_manager - DEBUG - findfont: score(FontEntry(fname='/Library/Fonts/VJAMAI.TTF', name='VNI-Jamai', style='italic', variant='normal', weight=700, stretch='normal', size='scalable')) = 11.335
2025-10-06 11:02:21,298 - matplotlib.font_manager - DEBUG - findfont: score(FontEntry(fname='/System/Library/Fonts/Supplemental/STIXTwoMath.otf', name='STIX Two Math', style='normal', variant='normal', weight=400, stretch='normal', size='scalable')) = 10.05
2025-10-06 11:02:21,298 - matplotlib.font_manager - DEBUG - findfont: score(FontEntry(fname='/System/Library/Fonts/Avenir.ttc', name='Avenir', style='normal', variant='normal', weight=400, stretch='normal', size='scalable')) = 10.05
2025-10-06 11:02:21,298 - matplotlib.font_manager - DEBUG - findfont: score(FontEntry(fname='/System/Library/Fonts/SFArabicRounded.ttf', name='.SF Arabic Rounded', style='normal', variant='normal', weight=400, stretch='normal', size='scalable')) = 10.05
2025-10-06 11:02:21,298 - matplotlib.font_manager - DEBUG - findfont: score(FontEntry(fname='/System/Library/Fonts/AquaKana.ttc', name='.Aqua Kana', style='normal', variant='normal', weight=300, stretch='normal', size='scalable')) = 10.145
2025-10-06 11:02:21,298 - matplotlib.font_manager - DEBUG - findfont: score(FontEntry(fname='/System/Library/Fonts/AppleSDGothicNeo.ttc', name='Apple SD Gothic Neo', style='normal', variant='normal', weight=400, stretch='normal', size='scalable')) = 10.05
2025-10-06 11:02:21,299 - matplotlib.font_manager - DEBUG - findfont: score(FontEntry(fname='/System/Library/Fonts/Supplemental/NotoSansOldPermic-Regular.ttf', name='Noto Sans Old Permic', style='normal', variant='normal', weight=400, stretch='normal', size='scalable')) = 10.05
2025-10-06 11:02:21,299 - matplotlib.font_manager - DEBUG - findfont: score(FontEntry(fname='/System/Library/Fonts/Supplemental/Trebuchet MS Italic.ttf', name='Trebuchet MS', style='italic', variant='normal', weight=400, stretch='normal', size='scalable')) = 11.05
2025-10-06 11:02:21,299 - matplotlib.font_manager - DEBUG - findfont: score(FontEntry(fname='/System/Library/Fonts/Supplemental/NotoSerifBalinese-Regular.ttf', name='Noto Serif Balinese', style='normal', variant='normal', weight=400, stretch='normal', size='scalable')) = 10.05
2025-10-06 11:02:21,299 - matplotlib.font_manager - DEBUG - findfont: score(FontEntry(fname='/System/Library/Fonts/Kohinoor.ttc', name='Kohinoor Devanagari', style='normal', variant='normal', weight=400, stretch='normal', size='scalable')) = 10.05
2025-10-06 11:02:21,299 - matplotlib.font_manager - DEBUG - findfont: score(FontEntry(fname='/System/Library/Fonts/Supplemental/STIXGeneral.otf', name='STIXGeneral', style='normal', variant='normal', weight=400, stretch='normal', size='scalable')) = 10.05
2025-10-06 11:02:21,299 - matplotlib.font_manager - DEBUG - findfont: score(FontEntry(fname='/System/Library/Fonts/Supplemental/STIXNonUniIta.otf', name='STIXNonUnicode', style='italic', variant='normal', weight=400, stretch='normal', size='scalable')) = 11.05
2025-10-06 11:02:21,299 - matplotlib.font_manager - DEBUG - findfont: score(FontEntry(fname='/System/Library/Fonts/Supplemental/NotoSansMeroitic-Regular.ttf', name='Noto Sans Meroitic', style='normal', variant='normal', weight=400, stretch='normal', size='scalable')) = 10.05
2025-10-06 11:02:21,300 - matplotlib.font_manager - DEBUG - findfont: score(FontEntry(fname='/System/Library/Fonts/Supplemental/Verdana Bold.ttf', name='Verdana', style='normal', variant='normal', weight=700, stretch='normal', size='scalable')) = 3.9713636363636367
2025-10-06 11:02:21,300 - matplotlib.font_manager - DEBUG - findfont: score(FontEntry(fname='/Library/Fonts/VHCOURB.TTF', name='.VnCourier NewH', style='normal', variant='normal', weight=700, stretch='normal', size='scalable')) = 10.335
2025-10-06 11:02:21,300 - matplotlib.font_manager - DEBUG - findfont: score(FontEntry(fname='/System/Library/Fonts/KohinoorGujarati.ttc', name='Kohinoor Gujarati', style='normal', variant='normal', weight=700, stretch='normal', size='scalable')) = 10.335
2025-10-06 11:02:21,300 - matplotlib.font_manager - DEBUG - findfont: score(FontEntry(fname='/System/Library/Fonts/Apple Braille Outline 8 Dot.ttf', name='Apple Braille', style='normal', variant='normal', weight=400, stretch='normal', size='scalable')) = 10.05
2025-10-06 11:02:21,300 - matplotlib.font_manager - DEBUG - findfont: score(FontEntry(fname='/System/Library/Fonts/Supplemental/Arial Narrow Italic.ttf', name='Arial Narrow', style='italic', variant='normal', weight=400, stretch='condensed', size='scalable')) = 11.25
2025-10-06 11:02:21,300 - matplotlib.font_manager - DEBUG - findfont: score(FontEntry(fname='/System/Library/Fonts/Supplemental/KufiStandardGK.ttc', name='KufiStandardGK', style='normal', variant='normal', weight=400, stretch='normal', size='scalable')) = 10.05
2025-10-06 11:02:21,300 - matplotlib.font_manager - DEBUG - findfont: score(FontEntry(fname='/System/Library/Fonts/Supplemental/Trattatello.ttf', name='Trattatello', style='normal', variant='normal', weight=400, stretch='normal', size='scalable')) = 10.05
2025-10-06 11:02:21,301 - matplotlib.font_manager - DEBUG - findfont: score(FontEntry(fname='/System/Library/Fonts/Avenir Next Condensed.ttc', name='Avenir Next Condensed', style='normal', variant='normal', weight=700, stretch='condensed', size='scalable')) = 10.535
2025-10-06 11:02:21,301 - matplotlib.font_manager - DEBUG - findfont: score(FontEntry(fname='/System/Library/Fonts/Supplemental/NotoSansSharada-Regular.ttf', name='Noto Sans Sharada', style='normal', variant='normal', weight=400, stretch='normal', size='scalable')) = 10.05
2025-10-06 11:02:21,301 - matplotlib.font_manager - DEBUG - findfont: score(FontEntry(fname='/System/Library/Fonts/Supplemental/STIXGeneralBol.otf', name='STIXGeneral', style='normal', variant='normal', weight=700, stretch='normal', size='scalable')) = 10.335
2025-10-06 11:02:21,301 - matplotlib.font_manager - DEBUG - findfont: score(FontEntry(fname='/System/Library/Fonts/Supplemental/Georgia Bold Italic.ttf', name='Georgia', style='italic', variant='normal', weight=700, stretch='normal', size='scalable')) = 11.335
2025-10-06 11:02:21,301 - matplotlib.font_manager - DEBUG - findfont: score(FontEntry(fname='/Library/Fonts/VMARIAGE.TTF', name='VNI-Maria', style='normal', variant='normal', weight=400, stretch='normal', size='scalable')) = 10.05
2025-10-06 11:02:21,302 - matplotlib.font_manager - DEBUG - findfont: score(FontEntry(fname='/System/Library/Fonts/Supplemental/Sathu.ttf', name='Sathu', style='normal', variant='normal', weight=400, stretch='normal', size='scalable')) = 10.05
2025-10-06 11:02:21,302 - matplotlib.font_manager - DEBUG - findfont: score(FontEntry(fname='/System/Library/Fonts/Supplemental/NotoSansPhoenician-Regular.ttf', name='Noto Sans Phoenician', style='normal', variant='normal', weight=400, stretch='normal', size='scalable')) = 10.05
2025-10-06 11:02:21,302 - matplotlib.font_manager - DEBUG - findfont: score(FontEntry(fname='/System/Library/Fonts/Supplemental/Arial Rounded Bold.ttf', name='Arial Rounded MT Bold', style='normal', variant='normal', weight=400, stretch='normal', size='scalable')) = 10.05
2025-10-06 11:02:21,302 - matplotlib.font_manager - DEBUG - findfont: score(FontEntry(fname='/Library/Fonts/VNGOTHIC.TTF', name='.VnGothic', style='normal', variant='normal', weight=400, stretch='normal', size='scalable')) = 10.05
2025-10-06 11:02:21,302 - matplotlib.font_manager - DEBUG - findfont: score(FontEntry(fname='/Library/Fonts/VNSTAMP.TTF', name='.VnStamp', style='normal', variant='normal', weight=400, stretch='normal', size='scalable')) = 10.05
2025-10-06 11:02:21,302 - matplotlib.font_manager - DEBUG - findfont: score(FontEntry(fname='/System/Library/Fonts/Supplemental/NotoSansTagalog-Regular.ttf', name='Noto Sans Tagalog', style='normal', variant='normal', weight=400, stretch='normal', size='scalable')) = 10.05
2025-10-06 11:02:21,302 - matplotlib.font_manager - DEBUG - findfont: score(FontEntry(fname='/Library/Fonts/VHCENTN.TTF', name='.VnCentury SchoolbookH', style='normal', variant='normal', weight=400, stretch='normal', size='scalable')) = 10.05
2025-10-06 11:02:21,303 - matplotlib.font_manager - DEBUG - findfont: score(FontEntry(fname='/Library/Fonts/VNAVANI.TTF', name='.VnAvant', style='italic', variant='normal', weight=400, stretch='normal', size='scalable')) = 11.05
2025-10-06 11:02:21,303 - matplotlib.font_manager - DEBUG - findfont: score(FontEntry(fname='/System/Library/Fonts/Supplemental/Damascus.ttc', name='Damascus', style='normal', variant='normal', weight=400, stretch='normal', size='scalable')) = 10.05
2025-10-06 11:02:21,303 - matplotlib.font_manager - DEBUG - findfont: score(FontEntry(fname='/Library/Fonts/VHCORVI.TTF', name='.VnMonotype corsivaH', style='italic', variant='normal', weight=400, stretch='normal', size='scalable')) = 11.05
2025-10-06 11:02:21,303 - matplotlib.font_manager - DEBUG - findfont: score(FontEntry(fname='/System/Library/Fonts/Supplemental/Phosphate.ttc', name='Phosphate', style='normal', variant='normal', weight=400, stretch='normal', size='scalable')) = 10.05
2025-10-06 11:02:21,303 - matplotlib.font_manager - DEBUG - findfont: score(FontEntry(fname='/System/Library/Fonts/Supplemental/NotoSansMiao-Regular.ttf', name='Noto Sans Miao', style='normal', variant='normal', weight=400, stretch='normal', size='scalable')) = 10.05
2025-10-06 11:02:21,303 - matplotlib.font_manager - DEBUG - findfont: score(FontEntry(fname='/Library/Fonts/vnibaybuom.ttf', name='VNI-Baybuom', style='normal', variant='normal', weight=400, stretch='normal', size='scalable')) = 10.05
2025-10-06 11:02:21,303 - matplotlib.font_manager - DEBUG - findfont: score(FontEntry(fname='/System/Library/Fonts/Supplemental/NotoSansInscriptionalPahlavi-Regular.ttf', name='Noto Sans Inscriptional Pahlavi', style='normal', variant='normal', weight=400, stretch='normal', size='scalable')) = 10.05
2025-10-06 11:02:21,304 - matplotlib.font_manager - DEBUG - findfont: score(FontEntry(fname='/System/Library/Fonts/Supplemental/NotoSansModi-Regular.ttf', name='Noto Sans Modi', style='normal', variant='normal', weight=400, stretch='normal', size='scalable')) = 10.05
2025-10-06 11:02:21,304 - matplotlib.font_manager - DEBUG - findfont: score(FontEntry(fname='/Library/Fonts/VNEXOTIC.TTF', name='.VnExotic', style='normal', variant='normal', weight=400, stretch='normal', size='scalable')) = 10.05
2025-10-06 11:02:21,304 - matplotlib.font_manager - DEBUG - findfont: score(FontEntry(fname='/Library/Fonts/VHELVEBI.TTF', name='VNI-Helve', style='italic', variant='normal', weight=700, stretch='normal', size='scalable')) = 11.335
2025-10-06 11:02:21,304 - matplotlib.font_manager - DEBUG - findfont: score(FontEntry(fname='/System/Library/Fonts/Supplemental/NotoSansWancho-Regular.ttf', name='Noto Sans Wancho', style='normal', variant='normal', weight=400, stretch='normal', size='scalable')) = 10.05
2025-10-06 11:02:21,304 - matplotlib.font_manager - DEBUG - findfont: score(FontEntry(fname='/System/Library/Fonts/Supplemental/NotoSansLydian-Regular.ttf', name='Noto Sans Lydian', style='normal', variant='normal', weight=400, stretch='normal', size='scalable')) = 10.05
2025-10-06 11:02:21,304 - matplotlib.font_manager - DEBUG - findfont: score(FontEntry(fname='/System/Library/Fonts/SFNSRounded.ttf', name='.SF NS Rounded', style='normal', variant='normal', weight=400, stretch='normal', size='scalable')) = 10.05
2025-10-06 11:02:21,304 - matplotlib.font_manager - DEBUG - findfont: score(FontEntry(fname='/Library/Fonts/VHLINUS.TTF', name='.VnLinusH', style='normal', variant='normal', weight=400, stretch='normal', size='scalable')) = 10.05
2025-10-06 11:02:21,305 - matplotlib.font_manager - DEBUG - findfont: score(FontEntry(fname='/System/Library/Fonts/Courier.ttc', name='Courier', style='normal', variant='normal', weight=400, stretch='normal', size='scalable')) = 10.05
2025-10-06 11:02:21,305 - matplotlib.font_manager - DEBUG - findfont: score(FontEntry(fname='/Library/Fonts/VHARABIA.TTF', name='.VnArabiaH', style='normal', variant='normal', weight=400, stretch='normal', size='scalable')) = 10.05
2025-10-06 11:02:21,305 - matplotlib.font_manager - DEBUG - findfont: score(FontEntry(fname='/System/Library/Fonts/Supplemental/NotoSansLycian-Regular.ttf', name='Noto Sans Lycian', style='normal', variant='normal', weight=400, stretch='normal', size='scalable')) = 10.05
2025-10-06 11:02:21,305 - matplotlib.font_manager - DEBUG - findfont: score(FontEntry(fname='/System/Library/Fonts/MarkerFelt.ttc', name='Marker Felt', style='normal', variant='normal', weight=400, stretch='normal', size='scalable')) = 10.05
2025-10-06 11:02:21,305 - matplotlib.font_manager - DEBUG - findfont: score(FontEntry(fname='/System/Library/Fonts/Supplemental/Verdana.ttf', name='Verdana', style='normal', variant='normal', weight=400, stretch='normal', size='scalable')) = 3.6863636363636365
2025-10-06 11:02:21,305 - matplotlib.font_manager - DEBUG - findfont: score(FontEntry(fname='/System/Library/Fonts/Supplemental/Ayuthaya.ttf', name='Ayuthaya', style='normal', variant='normal', weight=400, stretch='normal', size='scalable')) = 10.05
2025-10-06 11:02:21,306 - matplotlib.font_manager - DEBUG - findfont: score(FontEntry(fname='/Library/Fonts/VNBODO.TTF', name='.VnBodoni', style='normal', variant='normal', weight=400, stretch='normal', size='scalable')) = 10.05
2025-10-06 11:02:21,306 - matplotlib.font_manager - DEBUG - findfont: score(FontEntry(fname='/Library/Fonts/VAVOI.TTF', name='VNI-Avo', style='italic', variant='normal', weight=400, stretch='normal', size='scalable')) = 11.05
2025-10-06 11:02:21,306 - matplotlib.font_manager - DEBUG - findfont: score(FontEntry(fname='/Library/Fonts/VSCRIPT.TTF', name='VNI-Script', style='italic', variant='normal', weight=100, stretch='normal', size='scalable')) = 11.335
2025-10-06 11:02:21,306 - matplotlib.font_manager - DEBUG - findfont: score(FontEntry(fname='/System/Library/Fonts/Supplemental/Wingdings 2.ttf', name='Wingdings 2', style='normal', variant='normal', weight=400, stretch='normal', size='scalable')) = 10.05
2025-10-06 11:02:21,306 - matplotlib.font_manager - DEBUG - findfont: score(FontEntry(fname='/System/Library/Fonts/Supplemental/NotoSansJavanese-Regular.otf', name='Noto Sans Javanese', style='normal', variant='normal', weight=400, stretch='normal', size='scalable')) = 10.05
2025-10-06 11:02:21,306 - matplotlib.font_manager - DEBUG - findfont: score(FontEntry(fname='/System/Library/Fonts/ヒラギノ角ゴシック W4.ttc', name='Hiragino Sans', style='normal', variant='normal', weight=400, stretch='normal', size='scalable')) = 10.05
2025-10-06 11:02:21,307 - matplotlib.font_manager - DEBUG - findfont: score(FontEntry(fname='/System/Library/Fonts/Supplemental/STIXSizTwoSymReg.otf', name='STIXSizeTwoSym', style='normal', variant='normal', weight=400, stretch='normal', size='scalable')) = 10.05
2025-10-06 11:02:21,307 - matplotlib.font_manager - DEBUG - findfont: score(FontEntry(fname='/System/Library/Fonts/SFNSMono.ttf', name='.SF NS Mono', style='normal', variant='normal', weight=295, stretch='normal', size='scalable')) = 10.14975
2025-10-06 11:02:21,307 - matplotlib.font_manager - DEBUG - findfont: score(FontEntry(fname='/Library/Fonts/VPALATI.TTF', name='VNI-Palatin', style='italic', variant='normal', weight=400, stretch='normal', size='scalable')) = 11.05
2025-10-06 11:02:21,307 - matplotlib.font_manager - DEBUG - findfont: score(FontEntry(fname='/System/Library/Fonts/Supplemental/Times New Roman Italic.ttf', name='Times New Roman', style='italic', variant='normal', weight=400, stretch='normal', size='scalable')) = 11.05
2025-10-06 11:02:21,307 - matplotlib.font_manager - DEBUG - findfont: score(FontEntry(fname='/System/Library/Fonts/ヒラギノ角ゴシック W1.ttc', name='Hiragino Sans', style='normal', variant='normal', weight=200, stretch='normal', size='scalable')) = 10.24
2025-10-06 11:02:21,307 - matplotlib.font_manager - DEBUG - findfont: score(FontEntry(fname='/Library/Fonts/VNKOALA.TTF', name='.VnKoala', style='normal', variant='normal', weight=400, stretch='normal', size='scalable')) = 10.05
2025-10-06 11:02:21,307 - matplotlib.font_manager - DEBUG - findfont: score(FontEntry(fname='/System/Library/Fonts/Supplemental/Mshtakan.ttc', name='Mshtakan', style='normal', variant='normal', weight=400, stretch='normal', size='scalable')) = 10.05
2025-10-06 11:02:21,308 - matplotlib.font_manager - DEBUG - findfont: score(FontEntry(fname='/Library/Fonts/VLINUSN.TTF', name='VNI-Linus', style='normal', variant='normal', weight=400, stretch='normal', size='scalable')) = 10.05
2025-10-06 11:02:21,308 - matplotlib.font_manager - DEBUG - findfont: score(FontEntry(fname='/Library/Fonts/VFATSO.TTF', name='VNI-Fato', style='normal', variant='normal', weight=700, stretch='normal', size='scalable')) = 10.335
2025-10-06 11:02:21,308 - matplotlib.font_manager - DEBUG - findfont: score(FontEntry(fname='/System/Library/Fonts/Supplemental/DevanagariMT.ttc', name='Devanagari MT', style='normal', variant='normal', weight=400, stretch='normal', size='scalable')) = 10.05
2025-10-06 11:02:21,308 - matplotlib.font_manager - DEBUG - findfont: score(FontEntry(fname='/Library/Fonts/vnithufap.ttf', name='VNI-HLThuphap', style='normal', variant='normal', weight=400, stretch='normal', size='scalable')) = 10.05
2025-10-06 11:02:21,308 - matplotlib.font_manager - DEBUG - findfont: score(FontEntry(fname='/Library/Fonts/VNSOUTHB.TTF', name='.VnSouthern', style='normal', variant='normal', weight=700, stretch='normal', size='scalable')) = 10.335
2025-10-06 11:02:21,308 - matplotlib.font_manager - DEBUG - findfont: score(FontEntry(fname='/Library/Fonts/VHFREE.TTF', name='.VnFreeH', style='normal', variant='normal', weight=500, stretch='normal', size='scalable')) = 10.145
2025-10-06 11:02:21,309 - matplotlib.font_manager - DEBUG - findfont: score(FontEntry(fname='/System/Library/Fonts/Supplemental/ChalkboardSE.ttc', name='Chalkboard SE', style='normal', variant='normal', weight=400, stretch='normal', size='scalable')) = 10.05
2025-10-06 11:02:21,309 - matplotlib.font_manager - DEBUG - findfont: score(FontEntry(fname='/System/Library/Fonts/ヒラギノ角ゴシック W8.ttc', name='Hiragino Sans', style='normal', variant='normal', weight=800, stretch='normal', size='scalable')) = 10.43
2025-10-06 11:02:21,309 - matplotlib.font_manager - DEBUG - findfont: score(FontEntry(fname='/System/Library/Fonts/Supplemental/Skia.ttf', name='Skia', style='normal', variant='normal', weight=5, stretch='normal', size='scalable')) = 10.42525
2025-10-06 11:02:21,309 - matplotlib.font_manager - DEBUG - findfont: score(FontEntry(fname='/System/Library/Fonts/Supplemental/Times New Roman Bold Italic.ttf', name='Times New Roman', style='italic', variant='normal', weight=700, stretch='normal', size='scalable')) = 11.335
2025-10-06 11:02:21,309 - matplotlib.font_manager - DEBUG - findfont: score(FontEntry(fname='/System/Library/Fonts/Times.ttc', name='Times', style='normal', variant='normal', weight=400, stretch='normal', size='scalable')) = 10.05
2025-10-06 11:02:21,309 - matplotlib.font_manager - DEBUG - findfont: score(FontEntry(fname='/System/Library/Fonts/Supplemental/Courier New Bold Italic.ttf', name='Courier New', style='italic', variant='normal', weight=700, stretch='normal', size='scalable')) = 11.335
2025-10-06 11:02:21,310 - matplotlib.font_manager - DEBUG - findfont: score(FontEntry(fname='/System/Library/Fonts/Supplemental/Khmer Sangam MN.ttf', name='Khmer Sangam MN', style='normal', variant='normal', weight=400, stretch='normal', size='scalable')) = 10.05
2025-10-06 11:02:21,310 - matplotlib.font_manager - DEBUG - findfont: score(FontEntry(fname='/System/Library/Fonts/Supplemental/Lao MN.ttc', name='Lao MN', style='normal', variant='normal', weight=400, stretch='normal', size='scalable')) = 10.05
2025-10-06 11:02:21,310 - matplotlib.font_manager - DEBUG - findfont: score(FontEntry(fname='/Library/Fonts/VHSOUTH.TTF', name='.VnSouthernH', style='normal', variant='normal', weight=400, stretch='normal', size='scalable')) = 10.05
2025-10-06 11:02:21,310 - matplotlib.font_manager - DEBUG - findfont: score(FontEntry(fname='/System/Library/Fonts/Supplemental/ITFDevanagari.ttc', name='ITF Devanagari', style='normal', variant='normal', weight=400, stretch='normal', size='scalable')) = 10.05
2025-10-06 11:02:21,310 - matplotlib.font_manager - DEBUG - findfont: score(FontEntry(fname='/System/Library/Fonts/Supplemental/NotoSansMarchen-Regular.ttf', name='Noto Sans Marchen', style='normal', variant='normal', weight=400, stretch='normal', size='scalable')) = 10.05
2025-10-06 11:02:21,310 - matplotlib.font_manager - DEBUG - findfont: score(FontEntry(fname='/System/Library/Fonts/Avenir Next.ttc', name='Avenir Next', style='normal', variant='normal', weight=700, stretch='normal', size='scalable')) = 10.335
2025-10-06 11:02:21,310 - matplotlib.font_manager - DEBUG - findfont: score(FontEntry(fname='/System/Library/Fonts/Supplemental/Andale Mono.ttf', name='Andale Mono', style='normal', variant='normal', weight=400, stretch='normal', size='scalable')) = 10.05
2025-10-06 11:02:21,311 - matplotlib.font_manager - DEBUG - findfont: score(FontEntry(fname='/Library/Fonts/VCOURIBI.TTF', name='VNI-Couri', style='italic', variant='normal', weight=700, stretch='normal', size='scalable')) = 11.335
2025-10-06 11:02:21,311 - matplotlib.font_manager - DEBUG - findfont: score(FontEntry(fname='/System/Library/Fonts/Supplemental/NotoSansHanunoo-Regular.ttf', name='Noto Sans Hanunoo', style='normal', variant='normal', weight=400, stretch='normal', size='scalable')) = 10.05
2025-10-06 11:02:21,311 - matplotlib.font_manager - DEBUG - findfont: score(FontEntry(fname='/Library/Fonts/VHELVCI.TTF', name='VNI-Helve-Condense', style='italic', variant='normal', weight=400, stretch='condensed', size='scalable')) = 11.25
2025-10-06 11:02:21,311 - matplotlib.font_manager - DEBUG - findfont: score(FontEntry(fname='/System/Library/Fonts/Supplemental/NotoSansCuneiform-Regular.ttf', name='Noto Sans Cuneiform', style='normal', variant='normal', weight=400, stretch='normal', size='scalable')) = 10.05
2025-10-06 11:02:21,311 - matplotlib.font_manager - DEBUG - findfont: score(FontEntry(fname='/System/Library/Fonts/Supplemental/Corsiva.ttc', name='Corsiva Hebrew', style='normal', variant='normal', weight=400, stretch='normal', size='scalable')) = 10.05
2025-10-06 11:02:21,311 - matplotlib.font_manager - DEBUG - findfont: score(FontEntry(fname='/System/Library/Fonts/Supplemental/NotoSansPauCinHau-Regular.ttf', name='Noto Sans Pau Cin Hau', style='normal', variant='normal', weight=400, stretch='normal', size='scalable')) = 10.05
2025-10-06 11:02:21,311 - matplotlib.font_manager - DEBUG - findfont: score(FontEntry(fname='/Library/Fonts/VAPTIMBI.TTF', name='VNI-Aptima', style='italic', variant='normal', weight=700, stretch='normal', size='scalable')) = 11.335
2025-10-06 11:02:21,312 - matplotlib.font_manager - DEBUG - findfont: score(FontEntry(fname='/System/Library/Fonts/Supplemental/NotoSansVai-Regular.ttf', name='Noto Sans Vai', style='normal', variant='normal', weight=400, stretch='normal', size='scalable')) = 10.05
2025-10-06 11:02:21,312 - matplotlib.font_manager - DEBUG - findfont: score(FontEntry(fname='/System/Library/Fonts/Supplemental/Khmer MN.ttc', name='Khmer MN', style='normal', variant='normal', weight=400, stretch='normal', size='scalable')) = 10.05
2025-10-06 11:02:21,312 - matplotlib.font_manager - DEBUG - findfont: score(FontEntry(fname='/System/Library/Fonts/Supplemental/DIN Alternate Bold.ttf', name='DIN Alternate', style='normal', variant='normal', weight=700, stretch='normal', size='scalable')) = 10.335
2025-10-06 11:02:21,312 - matplotlib.font_manager - DEBUG - findfont: score(FontEntry(fname='/Library/Fonts/VHMEMO.TTF', name='.VnMemorandumH', style='normal', variant='normal', weight=400, stretch='normal', size='scalable')) = 10.05
2025-10-06 11:02:21,312 - matplotlib.font_manager - DEBUG - findfont: score(FontEntry(fname='/System/Library/Fonts/Supplemental/NotoSansSiddham-Regular.ttf', name='Noto Sans Siddham', style='normal', variant='normal', weight=400, stretch='normal', size='scalable')) = 10.05
2025-10-06 11:02:21,312 - matplotlib.font_manager - DEBUG - findfont: score(FontEntry(fname='/System/Library/Fonts/Supplemental/NotoSansGunjalaGondi-Regular.otf', name='Noto Sans Gunjala Gondi', style='normal', variant='normal', weight=400, stretch='normal', size='scalable')) = 10.05
2025-10-06 11:02:21,312 - matplotlib.font_manager - DEBUG - findfont: score(FontEntry(fname='/System/Library/Fonts/Monaco.ttf', name='Monaco', style='normal', variant='normal', weight=400, stretch='normal', size='scalable')) = 10.05
2025-10-06 11:02:21,313 - matplotlib.font_manager - DEBUG - findfont: score(FontEntry(fname='/System/Library/Fonts/Supplemental/Arial Narrow Bold.ttf', name='Arial Narrow', style='normal', variant='normal', weight=700, stretch='condensed', size='scalable')) = 10.535
2025-10-06 11:02:21,313 - matplotlib.font_manager - DEBUG - findfont: score(FontEntry(fname='/System/Library/Fonts/Supplemental/NotoSansPalmyrene-Regular.ttf', name='Noto Sans Palmyrene', style='normal', variant='normal', weight=400, stretch='normal', size='scalable')) = 10.05
2025-10-06 11:02:21,313 - matplotlib.font_manager - DEBUG - findfont: score(FontEntry(fname='/System/Library/Fonts/SFCompactRounded.ttf', name='.SF Compact Rounded', style='normal', variant='normal', weight=400, stretch='normal', size='scalable')) = 10.05
2025-10-06 11:02:21,313 - matplotlib.font_manager - DEBUG - findfont: score(FontEntry(fname='/Library/Fonts/VTEKTI.TTF', name='VNI-Tekon', style='italic', variant='normal', weight=400, stretch='normal', size='scalable')) = 11.05
2025-10-06 11:02:21,313 - matplotlib.font_manager - DEBUG - findfont: score(FontEntry(fname='/Library/Fonts/VHARIALN.TTF', name='.VnArial NarrowH', style='normal', variant='normal', weight=400, stretch='condensed', size='scalable')) = 10.25
2025-10-06 11:02:21,313 - matplotlib.font_manager - DEBUG - findfont: score(FontEntry(fname='/Library/Fonts/VPARK.TTF', name='VNI-Park', style='normal', variant='normal', weight=400, stretch='normal', size='scalable')) = 10.05
2025-10-06 11:02:21,314 - matplotlib.font_manager - DEBUG - findfont: score(FontEntry(fname='/Library/Fonts/VNIDOS.TTF', name='VNI-DOS Sample Font ', style='normal', variant='normal', weight=400, stretch='normal', size='scalable')) = 10.05
2025-10-06 11:02:21,314 - matplotlib.font_manager - DEBUG - findfont: score(FontEntry(fname='/System/Library/Fonts/Menlo.ttc', name='Menlo', style='normal', variant='normal', weight=400, stretch='normal', size='scalable')) = 10.05
2025-10-06 11:02:21,314 - matplotlib.font_manager - DEBUG - findfont: score(FontEntry(fname='/System/Library/Fonts/Supplemental/Georgia.ttf', name='Georgia', style='normal', variant='normal', weight=400, stretch='normal', size='scalable')) = 10.05
2025-10-06 11:02:21,314 - matplotlib.font_manager - DEBUG - findfont: score(FontEntry(fname='/System/Library/Fonts/Supplemental/NotoSansOldSouthArabian-Regular.ttf', name='Noto Sans Old South Arabian', style='normal', variant='normal', weight=400, stretch='normal', size='scalable')) = 10.05
2025-10-06 11:02:21,314 - matplotlib.font_manager - DEBUG - findfont: score(FontEntry(fname='/System/Library/Fonts/Supplemental/NotoSansBuginese-Regular.ttf', name='Noto Sans Buginese', style='normal', variant='normal', weight=400, stretch='normal', size='scalable')) = 10.05
2025-10-06 11:02:21,314 - matplotlib.font_manager - DEBUG - findfont: score(FontEntry(fname='/System/Library/Fonts/Supplemental/Verdana Italic.ttf', name='Verdana', style='italic', variant='normal', weight=400, stretch='normal', size='scalable')) = 4.6863636363636365
2025-10-06 11:02:21,314 - matplotlib.font_manager - DEBUG - findfont: score(FontEntry(fname='/System/Library/Fonts/Supplemental/NotoSansNabataean-Regular.ttf', name='Noto Sans Nabataean', style='normal', variant='normal', weight=400, stretch='normal', size='scalable')) = 10.05
2025-10-06 11:02:21,315 - matplotlib.font_manager - DEBUG - findfont: score(FontEntry(fname='/System/Library/Fonts/Supplemental/Farisi.ttf', name='Farisi', style='normal', variant='normal', weight=400, stretch='normal', size='scalable')) = 10.05
2025-10-06 11:02:21,315 - matplotlib.font_manager - DEBUG - findfont: score(FontEntry(fname='/System/Library/Fonts/Supplemental/STIXNonUni.otf', name='STIXNonUnicode', style='normal', variant='normal', weight=400, stretch='normal', size='scalable')) = 10.05
2025-10-06 11:02:21,315 - matplotlib.font_manager - DEBUG - findfont: score(FontEntry(fname='/System/Library/Fonts/Supplemental/NotoSansKaithi-Regular.ttf', name='Noto Sans Kaithi', style='normal', variant='normal', weight=400, stretch='normal', size='scalable')) = 10.05
2025-10-06 11:02:21,315 - matplotlib.font_manager - DEBUG - findfont: score(FontEntry(fname='/System/Library/Fonts/Supplemental/Arial Italic.ttf', name='Arial', style='italic', variant='normal', weight=400, stretch='normal', size='scalable')) = 7.413636363636363
2025-10-06 11:02:21,315 - matplotlib.font_manager - DEBUG - findfont: score(FontEntry(fname='/System/Library/Fonts/Supplemental/NotoSansBuhid-Regular.ttf', name='Noto Sans Buhid', style='normal', variant='normal', weight=400, stretch='normal', size='scalable')) = 10.05
2025-10-06 11:02:21,315 - matplotlib.font_manager - DEBUG - findfont: score(FontEntry(fname='/System/Library/Fonts/Supplemental/NotoSansSundanese-Regular.ttf', name='Noto Sans Sundanese', style='normal', variant='normal', weight=400, stretch='normal', size='scalable')) = 10.05
2025-10-06 11:02:21,315 - matplotlib.font_manager - DEBUG - findfont: score(FontEntry(fname='/System/Library/Fonts/Supplemental/Wingdings 3.ttf', name='Wingdings 3', style='normal', variant='normal', weight=400, stretch='normal', size='scalable')) = 10.05
2025-10-06 11:02:21,316 - matplotlib.font_manager - DEBUG - findfont: score(FontEntry(fname='/System/Library/Fonts/Supplemental/Sana.ttc', name='Sana', style='normal', variant='normal', weight=400, stretch='normal', size='scalable')) = 10.05
2025-10-06 11:02:21,316 - matplotlib.font_manager - DEBUG - findfont: score(FontEntry(fname='/Library/Fonts/VCORONET.TTF', name='VNI-Coronet', style='italic', variant='normal', weight=700, stretch='normal', size='scalable')) = 11.335
2025-10-06 11:02:21,316 - matplotlib.font_manager - DEBUG - findfont: score(FontEntry(fname='/System/Library/Fonts/Supplemental/NotoSerifAhom-Regular.ttf', name='Noto Serif Ahom', style='normal', variant='normal', weight=400, stretch='normal', size='scalable')) = 10.05
2025-10-06 11:02:21,316 - matplotlib.font_manager - DEBUG - findfont: score(FontEntry(fname='/Library/Fonts/VNLINUS.TTF', name='.VnLinus', style='normal', variant='normal', weight=400, stretch='normal', size='scalable')) = 10.05
2025-10-06 11:02:21,316 - matplotlib.font_manager - DEBUG - findfont: score(FontEntry(fname='/Library/Fonts/VNBAHAB.TTF', name='.VnBahamasB', style='normal', variant='normal', weight=700, stretch='normal', size='scalable')) = 10.335
2025-10-06 11:02:21,317 - matplotlib.font_manager - DEBUG - findfont: score(FontEntry(fname='/System/Library/Fonts/Supplemental/NotoSansMongolian-Regular.ttf', name='Noto Sans Mongolian', style='normal', variant='normal', weight=400, stretch='normal', size='scalable')) = 10.05
2025-10-06 11:02:21,317 - matplotlib.font_manager - DEBUG - findfont: score(FontEntry(fname='/System/Library/Fonts/Supplemental/NotoSansOsage-Regular.ttf', name='Noto Sans Osage', style='normal', variant='normal', weight=400, stretch='normal', size='scalable')) = 10.05
2025-10-06 11:02:21,317 - matplotlib.font_manager - DEBUG - findfont: score(FontEntry(fname='/System/Library/Fonts/HelveticaNeue.ttc', name='Helvetica Neue', style='normal', variant='normal', weight=400, stretch='normal', size='scalable')) = 10.05
2025-10-06 11:02:21,317 - matplotlib.font_manager - DEBUG - findfont: score(FontEntry(fname='/System/Library/Fonts/Supplemental/Telugu MN.ttc', name='Telugu MN', style='normal', variant='normal', weight=400, stretch='normal', size='scalable')) = 10.05
2025-10-06 11:02:21,317 - matplotlib.font_manager - DEBUG - findfont: score(FontEntry(fname='/Library/Fonts/VHARIALI.TTF', name='.VnArialH', style='italic', variant='normal', weight=400, stretch='normal', size='scalable')) = 11.05
2025-10-06 11:02:21,317 - matplotlib.font_manager - DEBUG - findfont: score(FontEntry(fname='/Library/Fonts/VNLINCOL.TTF', name='.VnLincoln', style='normal', variant='normal', weight=400, stretch='normal', size='scalable')) = 10.05
2025-10-06 11:02:21,317 - matplotlib.font_manager - DEBUG - findfont: score(FontEntry(fname='/Library/Fonts/VFREE.TTF', name='VNI-Free', style='normal', variant='normal', weight=400, stretch='normal', size='scalable')) = 10.05
2025-10-06 11:02:21,318 - matplotlib.font_manager - DEBUG - findfont: score(FontEntry(fname='/Library/Fonts/VGOUDYI.TTF', name='VNI-Goudy', style='italic', variant='normal', weight=400, stretch='normal', size='scalable')) = 11.05
2025-10-06 11:02:21,318 - matplotlib.font_manager - DEBUG - findfont: score(FontEntry(fname='/System/Library/Fonts/NotoSansKannada.ttc', name='Noto Sans Kannada', style='normal', variant='normal', weight=900, stretch='normal', size='scalable')) = 10.525
2025-10-06 11:02:21,318 - matplotlib.font_manager - DEBUG - findfont: score(FontEntry(fname='/System/Library/Fonts/Supplemental/Hoefler Text Ornaments.ttf', name='Hoefler Text', style='normal', variant='normal', weight=400, stretch='normal', size='scalable')) = 10.05
2025-10-06 11:02:21,318 - matplotlib.font_manager - DEBUG - findfont: score(FontEntry(fname='/System/Library/Fonts/Supplemental/NotoSansElbasan-Regular.ttf', name='Noto Sans Elbasan', style='normal', variant='normal', weight=400, stretch='normal', size='scalable')) = 10.05
2025-10-06 11:02:21,318 - matplotlib.font_manager - DEBUG - findfont: score(FontEntry(fname='/System/Library/Fonts/Supplemental/Gurmukhi MN.ttc', name='Gurmukhi MN', style='normal', variant='normal', weight=400, stretch='normal', size='scalable')) = 10.05
2025-10-06 11:02:21,318 - matplotlib.font_manager - DEBUG - findfont: score(FontEntry(fname='/System/Library/Fonts/Supplemental/NotoSansCypriot-Regular.ttf', name='Noto Sans Cypriot', style='normal', variant='normal', weight=400, stretch='normal', size='scalable')) = 10.05
2025-10-06 11:02:21,318 - matplotlib.font_manager - DEBUG - findfont: score(FontEntry(fname='/Library/Fonts/VMELIB.TTF', name='VNI-Meli', style='normal', variant='normal', weight=700, stretch='normal', size='scalable')) = 10.335
2025-10-06 11:02:21,319 - matplotlib.font_manager - DEBUG - findfont: score(FontEntry(fname='/System/Library/Fonts/STHeiti Medium.ttc', name='Heiti TC', style='normal', variant='normal', weight=400, stretch='normal', size='scalable')) = 10.05
2025-10-06 11:02:21,319 - matplotlib.font_manager - DEBUG - findfont: score(FontEntry(fname='/Library/Fonts/VNANTIQB.TTF', name='.VnBook-Antiqua', style='normal', variant='normal', weight=700, stretch='normal', size='scalable')) = 10.335
2025-10-06 11:02:21,319 - matplotlib.font_manager - DEBUG - findfont: score(FontEntry(fname='/System/Library/Fonts/Supplemental/STIXSizTwoSymBol.otf', name='STIXSizeTwoSym', style='normal', variant='normal', weight=700, stretch='normal', size='scalable')) = 10.335
2025-10-06 11:02:21,319 - matplotlib.font_manager - DEBUG - findfont: score(FontEntry(fname='/Library/Fonts/VNARIS.TTF', name='.VnAristote', style='normal', variant='normal', weight=500, stretch='normal', size='scalable')) = 10.145
2025-10-06 11:02:21,319 - matplotlib.font_manager - DEBUG - findfont: score(FontEntry(fname='/System/Library/Fonts/Supplemental/NotoSansNewa-Regular.ttf', name='Noto Sans Newa', style='normal', variant='normal', weight=400, stretch='normal', size='scalable')) = 10.05
2025-10-06 11:02:21,319 - matplotlib.font_manager - DEBUG - findfont: score(FontEntry(fname='/Library/Fonts/VBOOKMBI.TTF', name='VNI-Book', style='italic', variant='normal', weight=700, stretch='normal', size='scalable')) = 11.335
2025-10-06 11:02:21,319 - matplotlib.font_manager - DEBUG - findfont: score(FontEntry(fname='/Library/Fonts/VKUNBI.TTF', name='VNI-Kun', style='italic', variant='normal', weight=700, stretch='normal', size='scalable')) = 11.335
2025-10-06 11:02:21,320 - matplotlib.font_manager - DEBUG - findfont: score(FontEntry(fname='/System/Library/Fonts/Supplemental/STIXGeneralBolIta.otf', name='STIXGeneral', style='italic', variant='normal', weight=700, stretch='normal', size='scalable')) = 11.335
2025-10-06 11:02:21,320 - matplotlib.font_manager - DEBUG - findfont: score(FontEntry(fname='/System/Library/Fonts/Supplemental/PartyLET-plain.ttf', name='Party LET', style='normal', variant='normal', weight=400, stretch='normal', size='scalable')) = 10.05
2025-10-06 11:02:21,320 - matplotlib.font_manager - DEBUG - findfont: score(FontEntry(fname='/System/Library/Fonts/Supplemental/Diwan Kufi.ttc', name='Diwan Kufi', style='normal', variant='normal', weight=400, stretch='normal', size='scalable')) = 10.05
2025-10-06 11:02:21,320 - matplotlib.font_manager - DEBUG - findfont: score(FontEntry(fname='/Library/Fonts/VHVOGU.TTF', name='.VnVogueH', style='normal', variant='normal', weight=500, stretch='normal', size='scalable')) = 10.145
2025-10-06 11:02:21,320 - matplotlib.font_manager - DEBUG - findfont: score(FontEntry(fname='/Library/Fonts/VHMUSTI.TTF', name='.VnMysticalH', style='normal', variant='normal', weight=400, stretch='normal', size='scalable')) = 10.05
2025-10-06 11:02:21,320 - matplotlib.font_manager - DEBUG - findfont: score(FontEntry(fname='/System/Library/Fonts/Supplemental/AmericanTypewriter.ttc', name='American Typewriter', style='normal', variant='normal', weight=400, stretch='normal', size='scalable')) = 10.05
2025-10-06 11:02:21,320 - matplotlib.font_manager - DEBUG - findfont: score(FontEntry(fname='/Library/Fonts/VHARIABI.TTF', name='.VnArialH', style='italic', variant='normal', weight=700, stretch='normal', size='scalable')) = 11.335
2025-10-06 11:02:21,321 - matplotlib.font_manager - DEBUG - findfont: score(FontEntry(fname='/System/Library/Fonts/Supplemental/STIXIntUpBol.otf', name='STIXIntegralsUp', style='normal', variant='normal', weight=700, stretch='normal', size='scalable')) = 10.335
2025-10-06 11:02:21,321 - matplotlib.font_manager - DEBUG - findfont: score(FontEntry(fname='/System/Library/Fonts/Supplemental/NotoSansImperialAramaic-Regular.ttf', name='Noto Sans Imperial Aramaic', style='normal', variant='normal', weight=400, stretch='normal', size='scalable')) = 10.05
2025-10-06 11:02:21,321 - matplotlib.font_manager - DEBUG - findfont: score(FontEntry(fname='/System/Library/Fonts/Supplemental/NotoSansEgyptianHieroglyphs-Regular.ttf', name='Noto Sans Egyptian Hieroglyphs', style='normal', variant='normal', weight=400, stretch='normal', size='scalable')) = 10.05
2025-10-06 11:02:21,321 - matplotlib.font_manager - DEBUG - findfont: score(FontEntry(fname='/System/Library/Fonts/Supplemental/Bangla MN.ttc', name='Bangla MN', style='normal', variant='normal', weight=400, stretch='normal', size='scalable')) = 10.05
2025-10-06 11:02:21,321 - matplotlib.font_manager - DEBUG - findfont: score(FontEntry(fname='/System/Library/Fonts/Supplemental/NotoSansUgaritic-Regular.ttf', name='Noto Sans Ugaritic', style='normal', variant='normal', weight=400, stretch='normal', size='scalable')) = 10.05
2025-10-06 11:02:21,321 - matplotlib.font_manager - DEBUG - findfont: score(FontEntry(fname='/System/Library/Fonts/Supplemental/Oriya Sangam MN.ttc', name='Oriya Sangam MN', style='normal', variant='normal', weight=400, stretch='normal', size='scalable')) = 10.05
2025-10-06 11:02:21,322 - matplotlib.font_manager - DEBUG - findfont: score(FontEntry(fname='/System/Library/Fonts/Supplemental/Apple Chancery.ttf', name='Apple Chancery', style='normal', variant='normal', weight=0, stretch='normal', size='scalable')) = 10.43
2025-10-06 11:02:21,322 - matplotlib.font_manager - DEBUG - findfont: score(FontEntry(fname='/System/Library/Fonts/Supplemental/Microsoft Sans Serif.ttf', name='Microsoft Sans Serif', style='normal', variant='normal', weight=400, stretch='normal', size='scalable')) = 10.05
2025-10-06 11:02:21,322 - matplotlib.font_manager - DEBUG - findfont: score(FontEntry(fname='/Library/Fonts/VDURHAM.TTF', name='VNI-Dur', style='normal', variant='normal', weight=700, stretch='normal', size='scalable')) = 10.335
2025-10-06 11:02:21,322 - matplotlib.font_manager - DEBUG - findfont: score(FontEntry(fname='/System/Library/Fonts/SFNS.ttf', name='System Font', style='normal', variant='normal', weight=400, stretch='normal', size='scalable')) = 10.05
2025-10-06 11:02:21,323 - matplotlib.font_manager - DEBUG - findfont: score(FontEntry(fname='/System/Library/Fonts/Supplemental/Tamil MN.ttc', name='Tamil MN', style='normal', variant='normal', weight=400, stretch='normal', size='scalable')) = 10.05
2025-10-06 11:02:21,323 - matplotlib.font_manager - DEBUG - findfont: score(FontEntry(fname='/System/Library/Fonts/SFCompactItalic.ttf', name='.SF Compact', style='italic', variant='normal', weight=1000, stretch='normal', size='scalable')) = 11.62
2025-10-06 11:02:21,323 - matplotlib.font_manager - DEBUG - findfont: score(FontEntry(fname='/Library/Fonts/VALLERGO.TTF', name='VNI-Allegie', style='italic', variant='normal', weight=400, stretch='normal', size='scalable')) = 11.05
2025-10-06 11:02:21,323 - matplotlib.font_manager - DEBUG - findfont: score(FontEntry(fname='/System/Library/Fonts/Supplemental/Courier New Bold.ttf', name='Courier New', style='normal', variant='normal', weight=700, stretch='normal', size='scalable')) = 10.335
2025-10-06 11:02:21,323 - matplotlib.font_manager - DEBUG - findfont: score(FontEntry(fname='/Library/Fonts/VFRANKO.TTF', name='VNI-Franko', style='normal', variant='normal', weight=400, stretch='normal', size='scalable')) = 10.05
2025-10-06 11:02:21,323 - matplotlib.font_manager - DEBUG - findfont: score(FontEntry(fname='/System/Library/Fonts/Supplemental/Songti.ttc', name='Songti SC', style='normal', variant='normal', weight=900, stretch='normal', size='scalable')) = 10.525
2025-10-06 11:02:21,323 - matplotlib.font_manager - DEBUG - findfont: score(FontEntry(fname='/System/Library/Fonts/Supplemental/Al Tarikh.ttc', name='Al Tarikh', style='normal', variant='normal', weight=400, stretch='normal', size='scalable')) = 10.05
2025-10-06 11:02:21,324 - matplotlib.font_manager - DEBUG - findfont: score(FontEntry(fname='/System/Library/Fonts/Supplemental/Comic Sans MS Bold.ttf', name='Comic Sans MS', style='normal', variant='normal', weight=700, stretch='normal', size='scalable')) = 10.335
2025-10-06 11:02:21,324 - matplotlib.font_manager - DEBUG - findfont: score(FontEntry(fname='/System/Library/Fonts/Supplemental/Arial Unicode.ttf', name='Arial Unicode MS', style='normal', variant='normal', weight=400, stretch='normal', size='scalable')) = 10.05
2025-10-06 11:02:21,324 - matplotlib.font_manager - DEBUG - findfont: score(FontEntry(fname='/System/Library/Fonts/Supplemental/NotoSansCarian-Regular.ttf', name='Noto Sans Carian', style='normal', variant='normal', weight=400, stretch='normal', size='scalable')) = 10.05
2025-10-06 11:02:21,324 - matplotlib.font_manager - DEBUG - findfont: score(FontEntry(fname='/System/Library/Fonts/Supplemental/Arial Narrow.ttf', name='Arial Narrow', style='normal', variant='normal', weight=400, stretch='condensed', size='scalable')) = 10.25
2025-10-06 11:02:21,324 - matplotlib.font_manager - DEBUG - findfont: score(FontEntry(fname='/System/Library/Fonts/Helvetica.ttc', name='Helvetica', style='normal', variant='normal', weight=400, stretch='normal', size='scalable')) = 7.322727272727273
2025-10-06 11:02:21,324 - matplotlib.font_manager - DEBUG - findfont: score(FontEntry(fname='/System/Library/Fonts/Supplemental/NotoSansMultani-Regular.ttf', name='Noto Sans Multani', style='normal', variant='normal', weight=400, stretch='normal', size='scalable')) = 10.05
2025-10-06 11:02:21,324 - matplotlib.font_manager - DEBUG - findfont: score(FontEntry(fname='/Library/Fonts/VHCENTBI.TTF', name='.VnCentury SchoolbookH', style='italic', variant='normal', weight=700, stretch='normal', size='scalable')) = 11.335
2025-10-06 11:02:21,325 - matplotlib.font_manager - DEBUG - findfont: score(FontEntry(fname='/System/Library/Fonts/Supplemental/STIXVar.otf', name='STIXVariants', style='normal', variant='normal', weight=400, stretch='normal', size='scalable')) = 10.05
2025-10-06 11:02:21,325 - matplotlib.font_manager - DEBUG - findfont: score(FontEntry(fname='/Library/Fonts/VHPRES.TTF', name='.VnPresentH', style='normal', variant='normal', weight=500, stretch='normal', size='scalable')) = 10.145
2025-10-06 11:02:21,325 - matplotlib.font_manager - DEBUG - findfont: score(FontEntry(fname='/System/Library/Fonts/Supplemental/NotoSerifYezidi-Regular.otf', name='Noto Serif Yezidi', style='normal', variant='normal', weight=400, stretch='normal', size='scalable')) = 10.05
2025-10-06 11:02:21,325 - matplotlib.font_manager - DEBUG - findfont: score(FontEntry(fname='/Library/Fonts/VMELII.TTF', name='VNI-Meli', style='italic', variant='normal', weight=400, stretch='normal', size='scalable')) = 11.05
2025-10-06 11:02:21,325 - matplotlib.font_manager - DEBUG - findfont: score(FontEntry(fname='/System/Library/Fonts/Supplemental/NotoSansSoraSompeng-Regular.ttf', name='Noto Sans Sora Sompeng', style='normal', variant='normal', weight=400, stretch='normal', size='scalable')) = 10.05
2025-10-06 11:02:21,325 - matplotlib.font_manager - DEBUG - findfont: score(FontEntry(fname='/Library/Fonts/VNLUCIDA.TTF', name='.VnLucida sans', style='normal', variant='normal', weight=400, stretch='normal', size='scalable')) = 10.05
2025-10-06 11:02:21,325 - matplotlib.font_manager - DEBUG - findfont: score(FontEntry(fname='/Library/Fonts/VNSOUTHD.TTF', name='.VnSouthern', style='italic', variant='normal', weight=700, stretch='normal', size='scalable')) = 11.335
2025-10-06 11:02:21,326 - matplotlib.font_manager - DEBUG - findfont: score(FontEntry(fname='/System/Library/Fonts/Supplemental/Webdings.ttf', name='Webdings', style='normal', variant='normal', weight=400, stretch='normal', size='scalable')) = 10.05
2025-10-06 11:02:21,326 - matplotlib.font_manager - DEBUG - findfont: score(FontEntry(fname='/System/Library/Fonts/Supplemental/Arial.ttf', name='Arial', style='normal', variant='normal', weight=400, stretch='normal', size='scalable')) = 6.413636363636363
2025-10-06 11:02:21,326 - matplotlib.font_manager - DEBUG - findfont: score(FontEntry(fname='/Library/Fonts/VHBODO.TTF', name='.VnBodoniH', style='normal', variant='normal', weight=400, stretch='normal', size='scalable')) = 10.05
2025-10-06 11:02:21,326 - matplotlib.font_manager - DEBUG - findfont: score(FontEntry(fname='/Library/Fonts/VCOOPERB.TTF', name='VNI-Cooper', style='normal', variant='normal', weight=900, stretch='normal', size='scalable')) = 10.525
2025-10-06 11:02:21,326 - matplotlib.font_manager - DEBUG - findfont: score(FontEntry(fname='/Library/Fonts/VNPARK.TTF', name='.VnPark', style='normal', variant='normal', weight=500, stretch='normal', size='scalable')) = 10.145
2025-10-06 11:02:21,326 - matplotlib.font_manager - DEBUG - findfont: score(FontEntry(fname='/System/Library/Fonts/Supplemental/STIXSizOneSymReg.otf', name='STIXSizeOneSym', style='normal', variant='normal', weight=400, stretch='normal', size='scalable')) = 10.05
2025-10-06 11:02:21,327 - matplotlib.font_manager - DEBUG - findfont: score(FontEntry(fname='/System/Library/Fonts/Supplemental/Beirut.ttc', name='Beirut', style='normal', variant='normal', weight=700, stretch='normal', size='scalable')) = 10.335
2025-10-06 11:02:21,327 - matplotlib.font_manager - DEBUG - findfont: score(FontEntry(fname='/System/Library/Fonts/Supplemental/Iowan Old Style.ttc', name='Iowan Old Style', style='normal', variant='normal', weight=400, stretch='normal', size='scalable')) = 10.05
2025-10-06 11:02:21,327 - matplotlib.font_manager - DEBUG - findfont: score(FontEntry(fname='/System/Library/Fonts/Supplemental/NotoSansCoptic-Regular.ttf', name='Noto Sans Coptic', style='normal', variant='normal', weight=400, stretch='normal', size='scalable')) = 10.05
2025-10-06 11:02:21,327 - matplotlib.font_manager - DEBUG - findfont: score(FontEntry(fname='/Library/Fonts/VNIGREEC.TTF', name='VNI Greece', style='normal', variant='normal', weight=400, stretch='normal', size='scalable')) = 10.05
2025-10-06 11:02:21,327 - matplotlib.font_manager - DEBUG - findfont: score(FontEntry(fname='/System/Library/Fonts/Supplemental/Kefa.ttc', name='Kefa', style='normal', variant='normal', weight=400, stretch='normal', size='scalable')) = 10.05
2025-10-06 11:02:21,327 - matplotlib.font_manager - DEBUG - findfont: score(FontEntry(fname='/Library/Fonts/VPALABI.TTF', name='VNI-Palatin', style='italic', variant='normal', weight=700, stretch='normal', size='scalable')) = 11.335
2025-10-06 11:02:21,327 - matplotlib.font_manager - DEBUG - findfont: score(FontEntry(fname='/Library/Fonts/VSWISEC.TTF', name='VNI-Swiss-Condense', style='normal', variant='normal', weight=400, stretch='condensed', size='scalable')) = 10.25
2025-10-06 11:02:21,328 - matplotlib.font_manager - DEBUG - findfont: score(FontEntry(fname='/System/Library/Fonts/Supplemental/STIXSizFourSymReg.otf', name='STIXSizeFourSym', style='normal', variant='normal', weight=400, stretch='normal', size='scalable')) = 10.05
2025-10-06 11:02:21,328 - matplotlib.font_manager - DEBUG - findfont: score(FontEntry(fname='/System/Library/Fonts/Supplemental/Rockwell.ttc', name='Rockwell', style='normal', variant='normal', weight=400, stretch='normal', size='scalable')) = 10.05
2025-10-06 11:02:21,328 - matplotlib.font_manager - DEBUG - findfont: score(FontEntry(fname='/Library/Fonts/VHCLARE.TTF', name='.VnClarendonH', style='normal', variant='normal', weight=400, stretch='normal', size='scalable')) = 10.05
2025-10-06 11:02:21,328 - matplotlib.font_manager - DEBUG - findfont: score(FontEntry(fname='/System/Library/Fonts/Supplemental/NotoSansManichaean-Regular.ttf', name='Noto Sans Manichaean', style='normal', variant='normal', weight=400, stretch='normal', size='scalable')) = 10.05
2025-10-06 11:02:21,328 - matplotlib.font_manager - DEBUG - findfont: score(FontEntry(fname='/Library/Fonts/vniongdo.ttf', name='.TMC-Ong Do', style='normal', variant='normal', weight=400, stretch='normal', size='scalable')) = 10.05
2025-10-06 11:02:21,328 - matplotlib.font_manager - DEBUG - findfont: score(FontEntry(fname='/System/Library/Fonts/Supplemental/STIXIntUpSmReg.otf', name='STIXIntegralsUpSm', style='normal', variant='normal', weight=400, stretch='normal', size='scalable')) = 10.05
2025-10-06 11:02:21,329 - matplotlib.font_manager - DEBUG - findfont: score(FontEntry(fname='/Library/Fonts/VNHELVS.TTF', name='.VnHelvetIns', style='normal', variant='normal', weight=500, stretch='normal', size='scalable')) = 10.145
2025-10-06 11:02:21,329 - matplotlib.font_manager - DEBUG - findfont: score(FontEntry(fname='/System/Library/Fonts/Supplemental/PTMono.ttc', name='PT Mono', style='normal', variant='normal', weight=700, stretch='normal', size='scalable')) = 10.335
2025-10-06 11:02:21,329 - matplotlib.font_manager - DEBUG - findfont: score(FontEntry(fname='/System/Library/Fonts/Supplemental/Trebuchet MS Bold Italic.ttf', name='Trebuchet MS', style='italic', variant='normal', weight=700, stretch='normal', size='scalable')) = 11.335
2025-10-06 11:02:21,329 - matplotlib.font_manager - DEBUG - findfont: score(FontEntry(fname='/Library/Fonts/VHAVAN.TTF', name='.VnAvantH', style='normal', variant='normal', weight=400, stretch='normal', size='scalable')) = 10.05
2025-10-06 11:02:21,329 - matplotlib.font_manager - DEBUG - findfont: score(FontEntry(fname='/System/Library/Fonts/Supplemental/NotoSansGlagolitic-Regular.ttf', name='Noto Sans Glagolitic', style='normal', variant='normal', weight=400, stretch='normal', size='scalable')) = 10.05
2025-10-06 11:02:21,329 - matplotlib.font_manager - DEBUG - findfont: score(FontEntry(fname='/Library/Fonts/VNSOUTHI.TTF', name='.VnSouthern', style='italic', variant='normal', weight=400, stretch='normal', size='scalable')) = 11.05
2025-10-06 11:02:21,329 - matplotlib.font_manager - DEBUG - findfont: score(FontEntry(fname='/System/Library/Fonts/Supplemental/Brush Script.ttf', name='Brush Script MT', style='italic', variant='normal', weight=400, stretch='normal', size='scalable')) = 11.05
2025-10-06 11:02:21,330 - matplotlib.font_manager - DEBUG - findfont: score(FontEntry(fname='/System/Library/Fonts/Supplemental/NotoSansBrahmi-Regular.ttf', name='Noto Sans Brahmi', style='normal', variant='normal', weight=400, stretch='normal', size='scalable')) = 10.05
2025-10-06 11:02:21,330 - matplotlib.font_manager - DEBUG - findfont: score(FontEntry(fname='/System/Library/Fonts/Supplemental/Tahoma Bold.ttf', name='Tahoma', style='normal', variant='normal', weight=700, stretch='normal', size='scalable')) = 10.335
2025-10-06 11:02:21,330 - matplotlib.font_manager - DEBUG - findfont: score(FontEntry(fname='/Library/Fonts/Arial Unicode.ttf', name='Arial Unicode MS', style='normal', variant='normal', weight=400, stretch='normal', size='scalable')) = 10.05
2025-10-06 11:02:21,330 - matplotlib.font_manager - DEBUG - findfont: score(FontEntry(fname='/Library/Fonts/VHELVCBI.TTF', name='VNI-Helve-Condense', style='italic', variant='normal', weight=700, stretch='condensed', size='scalable')) = 11.535
2025-10-06 11:02:21,330 - matplotlib.font_manager - DEBUG - findfont: score(FontEntry(fname='/System/Library/Fonts/NotoSansArmenian.ttc', name='Noto Sans Armenian', style='normal', variant='normal', weight=900, stretch='normal', size='scalable')) = 10.525
2025-10-06 11:02:21,330 - matplotlib.font_manager - DEBUG - findfont: score(FontEntry(fname='/Library/Fonts/VSWISC.TTF', name='VNI-Swiss-Condense', style='normal', variant='normal', weight=700, stretch='condensed', size='scalable')) = 10.535
2025-10-06 11:02:21,331 - matplotlib.font_manager - DEBUG - findfont: score(FontEntry(fname='/Library/Fonts/VNCENTI.TTF', name='.VnCentury Schoolbook', style='italic', variant='normal', weight=400, stretch='normal', size='scalable')) = 11.05
2025-10-06 11:02:21,331 - matplotlib.font_manager - DEBUG - findfont: score(FontEntry(fname='/System/Library/Fonts/Supplemental/NotoSansYi-Regular.ttf', name='Noto Sans Yi', style='normal', variant='normal', weight=400, stretch='normal', size='scalable')) = 10.05
2025-10-06 11:02:21,331 - matplotlib.font_manager - DEBUG - findfont: score(FontEntry(fname='/System/Library/Fonts/Noteworthy.ttc', name='Noteworthy', style='normal', variant='normal', weight=300, stretch='normal', size='scalable')) = 10.145
2025-10-06 11:02:21,331 - matplotlib.font_manager - DEBUG - findfont: score(FontEntry(fname='/System/Library/Fonts/Supplemental/Al Nile.ttc', name='Al Nile', style='normal', variant='normal', weight=400, stretch='normal', size='scalable')) = 10.05
2025-10-06 11:02:21,331 - matplotlib.font_manager - DEBUG - findfont: score(FontEntry(fname='/Library/Fonts/VBODONP.TTF', name='VNI-Bodon-Poster', style='normal', variant='normal', weight=700, stretch='normal', size='scalable')) = 10.335
2025-10-06 11:02:21,331 - matplotlib.font_manager - DEBUG - findfont: score(FontEntry(fname='/System/Library/Fonts/Supplemental/NotoSansKhudawadi-Regular.ttf', name='Noto Sans Khudawadi', style='normal', variant='normal', weight=400, stretch='normal', size='scalable')) = 10.05
2025-10-06 11:02:21,331 - matplotlib.font_manager - DEBUG - findfont: score(FontEntry(fname='/System/Library/Fonts/Supplemental/SuperClarendon.ttc', name='Superclarendon', style='normal', variant='normal', weight=400, stretch='normal', size='scalable')) = 10.05
2025-10-06 11:02:21,332 - matplotlib.font_manager - DEBUG - findfont: score(FontEntry(fname='/System/Library/Fonts/Supplemental/Arial Bold.ttf', name='Arial', style='normal', variant='normal', weight=700, stretch='normal', size='scalable')) = 6.698636363636363
2025-10-06 11:02:21,332 - matplotlib.font_manager - DEBUG - findfont: score(FontEntry(fname='/System/Library/Fonts/Symbol.ttf', name='Symbol', style='normal', variant='normal', weight=400, stretch='normal', size='scalable')) = 10.05
2025-10-06 11:02:21,332 - matplotlib.font_manager - DEBUG - findfont: score(FontEntry(fname='/System/Library/Fonts/Supplemental/Chalkboard.ttc', name='Chalkboard', style='normal', variant='normal', weight=400, stretch='normal', size='scalable')) = 10.05
2025-10-06 11:02:21,332 - matplotlib.font_manager - DEBUG - findfont: score(FontEntry(fname='/Library/Fonts/VKORIN.TTF', name='VNI-Korin', style='normal', variant='normal', weight=400, stretch='normal', size='scalable')) = 10.05
2025-10-06 11:02:21,332 - matplotlib.font_manager - DEBUG - findfont: score(FontEntry(fname='/Library/Fonts/VGARAMB.TTF', name='VNI-Garam', style='normal', variant='normal', weight=700, stretch='normal', size='scalable')) = 10.335
2025-10-06 11:02:21,332 - matplotlib.font_manager - DEBUG - findfont: score(FontEntry(fname='/System/Library/Fonts/Supplemental/NotoSansSaurashtra-Regular.ttf', name='Noto Sans Saurashtra', style='normal', variant='normal', weight=400, stretch='normal', size='scalable')) = 10.05
2025-10-06 11:02:21,333 - matplotlib.font_manager - DEBUG - findfont: score(FontEntry(fname='/System/Library/Fonts/ヒラギノ角ゴシック W7.ttc', name='Hiragino Sans', style='normal', variant='normal', weight=700, stretch='normal', size='scalable')) = 10.335
2025-10-06 11:02:21,333 - matplotlib.font_manager - DEBUG - findfont: score(FontEntry(fname='/System/Library/Fonts/Supplemental/Bodoni Ornaments.ttf', name='Bodoni Ornaments', style='normal', variant='normal', weight=400, stretch='normal', size='scalable')) = 10.05
2025-10-06 11:02:21,333 - matplotlib.font_manager - DEBUG - findfont: score(FontEntry(fname='/System/Library/Fonts/Supplemental/Comic Sans MS.ttf', name='Comic Sans MS', style='normal', variant='normal', weight=400, stretch='normal', size='scalable')) = 10.05
2025-10-06 11:02:21,333 - matplotlib.font_manager - DEBUG - findfont: score(FontEntry(fname='/Library/Fonts/VNMEMO.TTF', name='.VnMemorandum', style='normal', variant='normal', weight=400, stretch='normal', size='scalable')) = 10.05
2025-10-06 11:02:21,333 - matplotlib.font_manager - DEBUG - findfont: score(FontEntry(fname='/Library/Fonts/VNCOURBI.TTF', name='.VnCourier New', style='italic', variant='normal', weight=700, stretch='normal', size='scalable')) = 11.335
2025-10-06 11:02:21,333 - matplotlib.font_manager - DEBUG - findfont: score(FontEntry(fname='/Library/Fonts/VSOUVBI.TTF', name='VNI-Souvir', style='italic', variant='normal', weight=700, stretch='normal', size='scalable')) = 11.335
2025-10-06 11:02:21,333 - matplotlib.font_manager - DEBUG - findfont: score(FontEntry(fname='/Library/Fonts/VCOMMERC.TTF', name='VNI-Commerce', style='italic', variant='normal', weight=700, stretch='normal', size='scalable')) = 11.335
2025-10-06 11:02:21,334 - matplotlib.font_manager - DEBUG - findfont: score(FontEntry(fname='/System/Library/Fonts/Supplemental/SignPainter.ttc', name='SignPainter', style='normal', variant='normal', weight=400, stretch='normal', size='scalable')) = 10.05
2025-10-06 11:02:21,334 - matplotlib.font_manager - DEBUG - findfont: score(FontEntry(fname='/Library/Fonts/VHTIMEI.TTF', name='.VnTimeH', style='italic', variant='normal', weight=400, stretch='normal', size='scalable')) = 11.05
2025-10-06 11:02:21,334 - matplotlib.font_manager - DEBUG - findfont: score(FontEntry(fname='/Library/Fonts/vnithufap3.ttf', name='VNI-Thufap3', style='normal', variant='normal', weight=400, stretch='normal', size='scalable')) = 10.05
2025-10-06 11:02:21,334 - matplotlib.font_manager - DEBUG - findfont: score(FontEntry(fname='/Library/Fonts/VAWCHON.TTF', name='VNI-Awchon', style='normal', variant='normal', weight=700, stretch='normal', size='scalable')) = 10.335
2025-10-06 11:02:21,334 - matplotlib.font_manager - DEBUG - findfont: score(FontEntry(fname='/Library/Fonts/VHARIALB.TTF', name='.VnArialH', style='normal', variant='normal', weight=700, stretch='normal', size='scalable')) = 10.335
2025-10-06 11:02:21,334 - matplotlib.font_manager - DEBUG - findfont: score(FontEntry(fname='/Library/Fonts/VBODON.TTF', name='VNI-Bodon', style='normal', variant='normal', weight=400, stretch='normal', size='scalable')) = 10.05
2025-10-06 11:02:21,334 - matplotlib.font_manager - DEBUG - findfont: score(FontEntry(fname='/System/Library/Fonts/Supplemental/Seravek.ttc', name='Seravek', style='normal', variant='normal', weight=400, stretch='normal', size='scalable')) = 10.05
2025-10-06 11:02:21,335 - matplotlib.font_manager - DEBUG - findfont: score(FontEntry(fname='/Library/Fonts/VNIRUSSI.TTF', name='VNI Russia', style='normal', variant='normal', weight=400, stretch='normal', size='scalable')) = 10.05
2025-10-06 11:02:21,335 - matplotlib.font_manager - DEBUG - findfont: score(FontEntry(fname='/System/Library/Fonts/Supplemental/NotoSansLimbu-Regular.ttf', name='Noto Sans Limbu', style='normal', variant='normal', weight=400, stretch='normal', size='scalable')) = 10.05
2025-10-06 11:02:21,335 - matplotlib.font_manager - DEBUG - findfont: score(FontEntry(fname='/Library/Fonts/VHBAHAB.TTF', name='.VnBahamasBH', style='normal', variant='normal', weight=700, stretch='normal', size='scalable')) = 10.335
2025-10-06 11:02:21,335 - matplotlib.font_manager - DEBUG - findfont: score(FontEntry(fname='/System/Library/Fonts/NotoNastaliq.ttc', name='Noto Nastaliq Urdu', style='normal', variant='normal', weight=400, stretch='normal', size='scalable')) = 10.05
2025-10-06 11:02:21,335 - matplotlib.font_manager - DEBUG - findfont: score(FontEntry(fname='/System/Library/Fonts/Supplemental/Baghdad.ttc', name='Baghdad', style='normal', variant='normal', weight=400, stretch='normal', size='scalable')) = 10.05
2025-10-06 11:02:21,335 - matplotlib.font_manager - DEBUG - findfont: score(FontEntry(fname='/Library/Fonts/VNTIFH.TTF', name='.VnTifani Heavy', style='normal', variant='normal', weight=400, stretch='normal', size='scalable')) = 10.05
2025-10-06 11:02:21,335 - matplotlib.font_manager - DEBUG - findfont: score(FontEntry(fname='/Library/Fonts/vnithuphapslogan.ttf', name='VNI-Slogan', style='normal', variant='normal', weight=400, stretch='normal', size='scalable')) = 10.05
2025-10-06 11:02:21,336 - matplotlib.font_manager - DEBUG - findfont: score(FontEntry(fname='/System/Library/Fonts/Supplemental/Athelas.ttc', name='Athelas', style='normal', variant='normal', weight=400, stretch='normal', size='scalable')) = 10.05
2025-10-06 11:02:21,336 - matplotlib.font_manager - DEBUG - findfont: score(FontEntry(fname='/System/Library/Fonts/Supplemental/Bodoni 72 Smallcaps Book.ttf', name='Bodoni 72 Smallcaps', style='normal', variant='normal', weight=400, stretch='normal', size='scalable')) = 10.05
2025-10-06 11:02:21,336 - matplotlib.font_manager - DEBUG - findfont: score(FontEntry(fname='/System/Library/Fonts/Supplemental/STIXSizThreeSymReg.otf', name='STIXSizeThreeSym', style='normal', variant='normal', weight=400, stretch='normal', size='scalable')) = 10.05
2025-10-06 11:02:21,336 - matplotlib.font_manager - DEBUG - findfont: score(FontEntry(fname='/System/Library/Fonts/Supplemental/NotoSansGothic-Regular.ttf', name='Noto Sans Gothic', style='normal', variant='normal', weight=400, stretch='normal', size='scalable')) = 10.05
2025-10-06 11:02:21,336 - matplotlib.font_manager - DEBUG - findfont: score(FontEntry(fname='/System/Library/Fonts/Supplemental/Sinhala Sangam MN.ttc', name='Sinhala Sangam MN', style='normal', variant='normal', weight=400, stretch='normal', size='scalable')) = 10.05
2025-10-06 11:02:21,336 - matplotlib.font_manager - DEBUG - findfont: score(FontEntry(fname='/Library/Fonts/VNCOUR.TTF', name='.VnCourier New', style='normal', variant='normal', weight=400, stretch='normal', size='scalable')) = 10.05
2025-10-06 11:02:21,337 - matplotlib.font_manager - DEBUG - findfont: score(FontEntry(fname='/Library/Fonts/VNCOURI.TTF', name='.VnCourier New', style='italic', variant='normal', weight=400, stretch='normal', size='scalable')) = 11.05
2025-10-06 11:02:21,337 - matplotlib.font_manager - DEBUG - findfont: score(FontEntry(fname='/System/Library/Fonts/Supplemental/Marion.ttc', name='Marion', style='normal', variant='normal', weight=400, stretch='normal', size='scalable')) = 10.05
2025-10-06 11:02:21,337 - matplotlib.font_manager - DEBUG - findfont: score(FontEntry(fname='/Library/Fonts/VBODONBI.TTF', name='VNI-Bodon', style='italic', variant='normal', weight=700, stretch='normal', size='scalable')) = 11.335
2025-10-06 11:02:21,337 - matplotlib.font_manager - DEBUG - findfont: score(FontEntry(fname='/Library/Fonts/VNUNIV.TTF', name='.VnUniverse', style='normal', variant='normal', weight=400, stretch='normal', size='scalable')) = 10.05
2025-10-06 11:02:21,337 - matplotlib.font_manager - DEBUG - findfont: score(FontEntry(fname='/System/Library/Fonts/Supplemental/NotoSansLinearA-Regular.ttf', name='Noto Sans Linear A', style='normal', variant='normal', weight=400, stretch='normal', size='scalable')) = 10.05
2025-10-06 11:02:21,337 - matplotlib.font_manager - DEBUG - findfont: score(FontEntry(fname='/System/Library/Fonts/Supplemental/Arial Bold Italic.ttf', name='Arial', style='italic', variant='normal', weight=700, stretch='normal', size='scalable')) = 7.698636363636363
2025-10-06 11:02:21,337 - matplotlib.font_manager - DEBUG - findfont: score(FontEntry(fname='/System/Library/Fonts/Supplemental/SnellRoundhand.ttc', name='Snell Roundhand', style='normal', variant='normal', weight=500, stretch='normal', size='scalable')) = 10.145
2025-10-06 11:02:21,338 - matplotlib.font_manager - DEBUG - findfont: score(FontEntry(fname='/Library/Fonts/VCENTBI.TTF', name='VNI-Centur', style='italic', variant='normal', weight=700, stretch='normal', size='scalable')) = 11.335
2025-10-06 11:02:21,338 - matplotlib.font_manager - DEBUG - findfont: score(FontEntry(fname='/System/Library/Fonts/Supplemental/NotoSansMahajani-Regular.ttf', name='Noto Sans Mahajani', style='normal', variant='normal', weight=400, stretch='normal', size='scalable')) = 10.05
2025-10-06 11:02:21,338 - matplotlib.font_manager - DEBUG - findfont: score(FontEntry(fname='/Library/Fonts/VBODONII.TTF', name='VNI-Bodon', style='italic', variant='normal', weight=400, stretch='normal', size='scalable')) = 11.05
2025-10-06 11:02:21,339 - matplotlib.font_manager - DEBUG - findfont: score(FontEntry(fname='/System/Library/Fonts/Supplemental/STIXIntUpDReg.otf', name='STIXIntegralsUpD', style='normal', variant='normal', weight=400, stretch='normal', size='scalable')) = 10.05
2025-10-06 11:02:21,339 - matplotlib.font_manager - DEBUG - findfont: score(FontEntry(fname='/Library/Fonts/vnithufap2.ttf', name='VNI-Thufap2', style='normal', variant='normal', weight=400, stretch='normal', size='scalable')) = 10.05
2025-10-06 11:02:21,339 - matplotlib.font_manager - DEBUG - findfont: score(FontEntry(fname='/System/Library/Fonts/ヒラギノ角ゴシック W3.ttc', name='Hiragino Sans', style='normal', variant='normal', weight=300, stretch='normal', size='scalable')) = 10.145
2025-10-06 11:02:21,339 - matplotlib.font_manager - DEBUG - findfont: score(FontEntry(fname='/System/Library/Fonts/ヒラギノ明朝 ProN.ttc', name='Hiragino Mincho ProN', style='normal', variant='normal', weight=300, stretch='normal', size='scalable')) = 10.145
2025-10-06 11:02:21,339 - matplotlib.font_manager - DEBUG - findfont: score(FontEntry(fname='/System/Library/Fonts/Supplemental/Chalkduster.ttf', name='Chalkduster', style='normal', variant='normal', weight=400, stretch='normal', size='scalable')) = 10.05
2025-10-06 11:02:21,339 - matplotlib.font_manager - DEBUG - findfont: score(FontEntry(fname='/System/Library/Fonts/Geneva.ttf', name='Geneva', style='normal', variant='normal', weight=400, stretch='normal', size='scalable')) = 4.595454545454545
2025-10-06 11:02:21,340 - matplotlib.font_manager - DEBUG - findfont: score(FontEntry(fname='/System/Library/Fonts/Supplemental/Waseem.ttc', name='Waseem', style='normal', variant='normal', weight=400, stretch='normal', size='scalable')) = 10.05
2025-10-06 11:02:21,340 - matplotlib.font_manager - DEBUG - findfont: score(FontEntry(fname='/Library/Fonts/VAPTIMB.TTF', name='VNI-Aptima', style='normal', variant='normal', weight=700, stretch='normal', size='scalable')) = 10.335
2025-10-06 11:02:21,340 - matplotlib.font_manager - DEBUG - findfont: score(FontEntry(fname='/Library/Fonts/VNCOMSI.TTF', name='.VnCommercial Script', style='italic', variant='normal', weight=400, stretch='normal', size='scalable')) = 11.05
2025-10-06 11:02:21,340 - matplotlib.font_manager - DEBUG - findfont: score(FontEntry(fname='/Library/Fonts/VNCORSI.TTF', name='.VnMonotype corsiva', style='italic', variant='normal', weight=400, stretch='normal', size='scalable')) = 11.05
2025-10-06 11:02:21,340 - matplotlib.font_manager - DEBUG - findfont: score(FontEntry(fname='/System/Library/Fonts/Supplemental/DecoTypeNaskh.ttc', name='DecoType Naskh', style='normal', variant='normal', weight=400, stretch='normal', size='scalable')) = 10.05
2025-10-06 11:02:21,340 - matplotlib.font_manager - DEBUG - findfont: score(FontEntry(fname='/System/Library/Fonts/Supplemental/NotoSansCham-Regular.ttf', name='Noto Sans Cham', style='normal', variant='normal', weight=400, stretch='normal', size='scalable')) = 10.05
2025-10-06 11:02:21,340 - matplotlib.font_manager - DEBUG - findfont: score(FontEntry(fname='/System/Library/Fonts/Supplemental/Bangla Sangam MN.ttc', name='Bangla Sangam MN', style='normal', variant='normal', weight=400, stretch='normal', size='scalable')) = 10.05
2025-10-06 11:02:21,341 - matplotlib.font_manager - DEBUG - findfont: score(FontEntry(fname='/System/Library/Fonts/Supplemental/STIXIntDReg.otf', name='STIXIntegralsD', style='normal', variant='normal', weight=400, stretch='normal', size='scalable')) = 10.05
2025-10-06 11:02:21,341 - matplotlib.font_manager - DEBUG - findfont: score(FontEntry(fname='/Library/Fonts/VCOURII.TTF', name='VNI-Couri', style='italic', variant='normal', weight=400, stretch='normal', size='scalable')) = 11.05
2025-10-06 11:02:21,341 - matplotlib.font_manager - DEBUG - findfont: score(FontEntry(fname='/System/Library/Fonts/Supplemental/STIXGeneralItalic.otf', name='STIXGeneral', style='italic', variant='normal', weight=400, stretch='normal', size='scalable')) = 11.05
2025-10-06 11:02:21,341 - matplotlib.font_manager - DEBUG - findfont: score(FontEntry(fname='/System/Library/Fonts/Supplemental/NotoSansSylotiNagri-Regular.ttf', name='Noto Sans Syloti Nagri', style='normal', variant='normal', weight=400, stretch='normal', size='scalable')) = 10.05
2025-10-06 11:02:21,341 - matplotlib.font_manager - DEBUG - findfont: score(FontEntry(fname='/System/Library/Fonts/Supplemental/STIXVarBol.otf', name='STIXVariants', style='normal', variant='normal', weight=700, stretch='normal', size='scalable')) = 10.335
2025-10-06 11:02:21,341 - matplotlib.font_manager - DEBUG - findfont: score(FontEntry(fname='/Library/Fonts/VNINET.TTF', name='VNI-Internet Mail', style='normal', variant='normal', weight=400, stretch='normal', size='scalable')) = 10.05
2025-10-06 11:02:21,341 - matplotlib.font_manager - DEBUG - findfont: score(FontEntry(fname='/Library/Fonts/VTIMESBI.TTF', name='VNI-Times', style='italic', variant='normal', weight=700, stretch='normal', size='scalable')) = 11.335
2025-10-06 11:02:21,342 - matplotlib.font_manager - DEBUG - findfont: score(FontEntry(fname='/System/Library/Fonts/SFNSItalic.ttf', name='System Font', style='italic', variant='normal', weight=400, stretch='normal', size='scalable')) = 11.05
2025-10-06 11:02:21,342 - matplotlib.font_manager - DEBUG - findfont: score(FontEntry(fname='/Library/Fonts/VHTIME.TTF', name='.VnTimeH', style='normal', variant='normal', weight=400, stretch='normal', size='scalable')) = 10.05
2025-10-06 11:02:21,342 - matplotlib.font_manager - DEBUG - findfont: score(FontEntry(fname='/Library/Fonts/VMELIBI.TTF', name='VNI-Meli', style='italic', variant='normal', weight=700, stretch='normal', size='scalable')) = 11.335
2025-10-06 11:02:21,342 - matplotlib.font_manager - DEBUG - findfont: score(FontEntry(fname='/System/Library/Fonts/Supplemental/STIXSizFourSymBol.otf', name='STIXSizeFourSym', style='normal', variant='normal', weight=700, stretch='normal', size='scalable')) = 10.335
2025-10-06 11:02:21,342 - matplotlib.font_manager - DEBUG - findfont: score(FontEntry(fname='/System/Library/Fonts/Supplemental/STIXTwoText-Italic.ttf', name='STIX Two Text', style='italic', variant='normal', weight=400, stretch='normal', size='scalable')) = 11.05
2025-10-06 11:02:21,342 - matplotlib.font_manager - DEBUG - findfont: score(FontEntry(fname='/System/Library/Fonts/Supplemental/Gurmukhi Sangam MN.ttc', name='Gurmukhi Sangam MN', style='normal', variant='normal', weight=400, stretch='normal', size='scalable')) = 10.05
2025-10-06 11:02:21,342 - matplotlib.font_manager - DEBUG - findfont: score(FontEntry(fname='/System/Library/Fonts/Apple Braille Outline 6 Dot.ttf', name='Apple Braille', style='normal', variant='normal', weight=400, stretch='normal', size='scalable')) = 10.05
2025-10-06 11:02:21,343 - matplotlib.font_manager - DEBUG - findfont: score(FontEntry(fname='/System/Library/Fonts/Supplemental/Georgia Italic.ttf', name='Georgia', style='italic', variant='normal', weight=400, stretch='normal', size='scalable')) = 11.05
2025-10-06 11:02:21,343 - matplotlib.font_manager - DEBUG - findfont: score(FontEntry(fname='/Library/Fonts/VNSHELL.TTF', name='.VnShelley Allegro', style='normal', variant='normal', weight=400, stretch='normal', size='scalable')) = 10.05
2025-10-06 11:02:21,343 - matplotlib.font_manager - DEBUG - findfont: score(FontEntry(fname='/System/Library/Fonts/Supplemental/NotoSansTakri-Regular.ttf', name='Noto Sans Takri', style='normal', variant='normal', weight=400, stretch='normal', size='scalable')) = 10.05
2025-10-06 11:02:21,343 - matplotlib.font_manager - DEBUG - findfont: score(FontEntry(fname='/System/Library/Fonts/Supplemental/NotoSansWarangCiti-Regular.ttf', name='Noto Sans Warang Citi', style='normal', variant='normal', weight=400, stretch='normal', size='scalable')) = 10.05
2025-10-06 11:02:21,343 - matplotlib.font_manager - DEBUG - findfont: score(FontEntry(fname='/Library/Fonts/VNARIANB.TTF', name='.VnArial Narrow', style='normal', variant='normal', weight=700, stretch='condensed', size='scalable')) = 10.535
2025-10-06 11:02:21,343 - matplotlib.font_manager - DEBUG - findfont: score(FontEntry(fname='/Library/Fonts/VCENTB.TTF', name='VNI-Centur', style='normal', variant='normal', weight=700, stretch='normal', size='scalable')) = 10.335
2025-10-06 11:02:21,343 - matplotlib.font_manager - DEBUG - findfont: score(FontEntry(fname='/Library/Fonts/VAGRB.TTF', name='VNI-Vari', style='normal', variant='normal', weight=700, stretch='normal', size='scalable')) = 10.335
2025-10-06 11:02:21,344 - matplotlib.font_manager - DEBUG - findfont: score(FontEntry(fname='/Library/Fonts/VNARIALB.TTF', name='.VnArial', style='normal', variant='normal', weight=700, stretch='normal', size='scalable')) = 10.335
2025-10-06 11:02:21,344 - matplotlib.font_manager - DEBUG - findfont: score(FontEntry(fname='/System/Library/Fonts/Supplemental/Courier New Italic.ttf', name='Courier New', style='italic', variant='normal', weight=400, stretch='normal', size='scalable')) = 11.05
2025-10-06 11:02:21,344 - matplotlib.font_manager - DEBUG - findfont: score(FontEntry(fname='/System/Library/Fonts/Supplemental/Tahoma.ttf', name='Tahoma', style='normal', variant='normal', weight=400, stretch='normal', size='scalable')) = 10.05
2025-10-06 11:02:21,344 - matplotlib.font_manager - DEBUG - findfont: score(FontEntry(fname='/Library/Fonts/VSOUVB.TTF', name='VNI-Souvir', style='normal', variant='normal', weight=700, stretch='normal', size='scalable')) = 10.335
2025-10-06 11:02:21,344 - matplotlib.font_manager - DEBUG - findfont: score(FontEntry(fname='/Library/Fonts/VTEKTN.TTF', name='VNI-Tekon', style='normal', variant='normal', weight=400, stretch='normal', size='scalable')) = 10.05
2025-10-06 11:02:21,344 - matplotlib.font_manager - DEBUG - findfont: score(FontEntry(fname='/Library/Fonts/VCOURI.TTF', name='VNI-Couri', style='normal', variant='normal', weight=400, stretch='normal', size='scalable')) = 10.05
2025-10-06 11:02:21,344 - matplotlib.font_manager - DEBUG - findfont: score(FontEntry(fname='/Library/Fonts/VTIMESI.TTF', name='VNI-Times', style='italic', variant='normal', weight=400, stretch='normal', size='scalable')) = 11.05
2025-10-06 11:02:21,345 - matplotlib.font_manager - DEBUG - findfont: score(FontEntry(fname='/Library/Fonts/VBOOKMN.TTF', name='VNI-Book', style='normal', variant='normal', weight=400, stretch='normal', size='scalable')) = 10.05
2025-10-06 11:02:21,345 - matplotlib.font_manager - DEBUG - findfont: score(FontEntry(fname='/Library/Fonts/VBODONB.TTF', name='VNI-Bodon', style='normal', variant='normal', weight=700, stretch='normal', size='scalable')) = 10.335
2025-10-06 11:02:21,345 - matplotlib.font_manager - DEBUG - findfont: score(FontEntry(fname='/Library/Fonts/VHELVEI.TTF', name='VNI-Helve', style='italic', variant='normal', weight=400, stretch='normal', size='scalable')) = 11.05
2025-10-06 11:02:21,345 - matplotlib.font_manager - DEBUG - findfont: score(FontEntry(fname='/Library/Fonts/VNANTIQ.TTF', name='.VnBook-Antiqua', style='normal', variant='normal', weight=400, stretch='normal', size='scalable')) = 10.05
2025-10-06 11:02:21,345 - matplotlib.font_manager - DEBUG - findfont: score(FontEntry(fname='/System/Library/Fonts/Supplemental/Hoefler Text.ttc', name='Hoefler Text', style='normal', variant='normal', weight=400, stretch='normal', size='scalable')) = 10.05
2025-10-06 11:02:21,345 - matplotlib.font_manager - DEBUG - findfont: score(FontEntry(fname='/Library/Fonts/VAUCHON.TTF', name='VNI-Auchon', style='normal', variant='normal', weight=700, stretch='normal', size='scalable')) = 10.335
2025-10-06 11:02:21,345 - matplotlib.font_manager - DEBUG - findfont: score(FontEntry(fname='/Library/Fonts/VNCOURB.TTF', name='.VnCourier New', style='normal', variant='normal', weight=700, stretch='normal', size='scalable')) = 10.335
2025-10-06 11:02:21,346 - matplotlib.font_manager - DEBUG - findfont: score(FontEntry(fname='/System/Library/Fonts/Supplemental/STIXIntUpSmBol.otf', name='STIXIntegralsUpSm', style='normal', variant='normal', weight=700, stretch='normal', size='scalable')) = 10.335
2025-10-06 11:02:21,346 - matplotlib.font_manager - DEBUG - findfont: score(FontEntry(fname='/System/Library/Fonts/Apple Braille Pinpoint 8 Dot.ttf', name='Apple Braille', style='normal', variant='normal', weight=400, stretch='normal', size='scalable')) = 10.05
2025-10-06 11:02:21,346 - matplotlib.font_manager - DEBUG - findfont: score(FontEntry(fname='/Library/Fonts/VCENTN.TTF', name='VNI-Centur', style='normal', variant='normal', weight=400, stretch='normal', size='scalable')) = 10.05
2025-10-06 11:02:21,346 - matplotlib.font_manager - DEBUG - findfont: score(FontEntry(fname='/System/Library/Fonts/Supplemental/EuphemiaCAS.ttc', name='Euphemia UCAS', style='normal', variant='normal', weight=400, stretch='normal', size='scalable')) = 10.05
2025-10-06 11:02:21,346 - matplotlib.font_manager - DEBUG - findfont: score(FontEntry(fname='/Library/Fonts/VMELIN.TTF', name='VNI-Meli', style='normal', variant='normal', weight=400, stretch='normal', size='scalable')) = 10.05
2025-10-06 11:02:21,346 - matplotlib.font_manager - DEBUG - findfont: score(FontEntry(fname='/System/Library/Fonts/Supplemental/Papyrus.ttc', name='Papyrus', style='normal', variant='normal', weight=400, stretch='condensed', size='scalable')) = 10.25
2025-10-06 11:02:21,347 - matplotlib.font_manager - DEBUG - findfont: score(FontEntry(fname='/System/Library/Fonts/Supplemental/NotoSansCanadianAboriginal-Regular.otf', name='Noto Sans Canadian Aboriginal', style='normal', variant='normal', weight=400, stretch='normal', size='scalable')) = 10.05
2025-10-06 11:02:21,347 - matplotlib.font_manager - DEBUG - findfont: score(FontEntry(fname='/Library/Fonts/VHOBO.TTF', name='VNI-Hobo', style='normal', variant='normal', weight=400, stretch='normal', size='scalable')) = 10.05
2025-10-06 11:02:21,347 - matplotlib.font_manager - DEBUG - findfont: score(FontEntry(fname='/System/Library/Fonts/ArialHB.ttc', name='Arial Hebrew', style='normal', variant='normal', weight=400, stretch='normal', size='scalable')) = 10.05
2025-10-06 11:02:21,347 - matplotlib.font_manager - DEBUG - findfont: score(FontEntry(fname='/Library/Fonts/VHAVANBI.TTF', name='.VnAvantH', style='italic', variant='normal', weight=700, stretch='normal', size='scalable')) = 11.335
2025-10-06 11:02:21,347 - matplotlib.font_manager - DEBUG - findfont: score(FontEntry(fname='/System/Library/Fonts/Supplemental/STIXSizThreeSymBol.otf', name='STIXSizeThreeSym', style='normal', variant='normal', weight=700, stretch='normal', size='scalable')) = 10.335
2025-10-06 11:02:21,347 - matplotlib.font_manager - DEBUG - findfont: score(FontEntry(fname='/System/Library/Fonts/Supplemental/AppleGothic.ttf', name='AppleGothic', style='normal', variant='normal', weight=400, stretch='normal', size='scalable')) = 10.05
2025-10-06 11:02:21,348 - matplotlib.font_manager - DEBUG - findfont: score(FontEntry(fname='/System/Library/Fonts/Supplemental/NotoSansLisu-Regular.ttf', name='Noto Sans Lisu', style='normal', variant='normal', weight=400, stretch='normal', size='scalable')) = 10.05
2025-10-06 11:02:21,348 - matplotlib.font_manager - DEBUG - findfont: score(FontEntry(fname='/Library/Fonts/VAVOB.TTF', name='VNI-Avo', style='normal', variant='normal', weight=700, stretch='normal', size='scalable')) = 10.335
2025-10-06 11:02:21,348 - matplotlib.font_manager - DEBUG - findfont: score(FontEntry(fname='/Library/Fonts/VTIMESB.TTF', name='VNI-Times', style='normal', variant='normal', weight=700, stretch='normal', size='scalable')) = 10.335
2025-10-06 11:02:21,348 - matplotlib.font_manager - DEBUG - findfont: score(FontEntry(fname='/System/Library/Fonts/Supplemental/NotoSansOldNorthArabian-Regular.ttf', name='Noto Sans Old North Arabian', style='normal', variant='normal', weight=400, stretch='normal', size='scalable')) = 10.05
2025-10-06 11:02:21,348 - matplotlib.font_manager - DEBUG - findfont: score(FontEntry(fname='/System/Library/Fonts/Supplemental/STIXIntDBol.otf', name='STIXIntegralsD', style='normal', variant='normal', weight=700, stretch='normal', size='scalable')) = 10.335
2025-10-06 11:02:21,348 - matplotlib.font_manager - DEBUG - findfont: score(FontEntry(fname='/System/Library/Fonts/Supplemental/NotoSansLepcha-Regular.ttf', name='Noto Sans Lepcha', style='normal', variant='normal', weight=400, stretch='normal', size='scalable')) = 10.05
2025-10-06 11:02:21,348 - matplotlib.font_manager - DEBUG - findfont: score(FontEntry(fname='/System/Library/Fonts/Supplemental/Farah.ttc', name='Farah', style='normal', variant='normal', weight=400, stretch='normal', size='scalable')) = 10.05
2025-10-06 11:02:21,349 - matplotlib.font_manager - DEBUG - findfont: score(FontEntry(fname='/System/Library/Fonts/PingFang.ttc', name='PingFang HK', style='normal', variant='normal', weight=400, stretch='normal', size='scalable')) = 10.05
2025-10-06 11:02:21,349 - matplotlib.font_manager - DEBUG - findfont: score(FontEntry(fname='/Library/Fonts/VJUNI.TTF', name='VNI-Juni', style='normal', variant='normal', weight=400, stretch='normal', size='scalable')) = 10.05
2025-10-06 11:02:21,349 - matplotlib.font_manager - DEBUG - findfont: score(FontEntry(fname='/System/Library/Fonts/Supplemental/NotoSansTagbanwa-Regular.ttf', name='Noto Sans Tagbanwa', style='normal', variant='normal', weight=400, stretch='normal', size='scalable')) = 10.05
2025-10-06 11:02:21,349 - matplotlib.font_manager - DEBUG - findfont: score(FontEntry(fname='/System/Library/Fonts/KohinoorTelugu.ttc', name='Kohinoor Telugu', style='normal', variant='normal', weight=400, stretch='normal', size='scalable')) = 10.05
2025-10-06 11:02:21,349 - matplotlib.font_manager - DEBUG - findfont: score(FontEntry(fname='/System/Library/Fonts/Supplemental/NotoSansOldPersian-Regular.ttf', name='Noto Sans Old Persian', style='normal', variant='normal', weight=400, stretch='normal', size='scalable')) = 10.05
2025-10-06 11:02:21,349 - matplotlib.font_manager - DEBUG - findfont: score(FontEntry(fname='/System/Library/Fonts/Supplemental/NotoSansBamum-Regular.ttf', name='Noto Sans Bamum', style='normal', variant='normal', weight=400, stretch='normal', size='scalable')) = 10.05
2025-10-06 11:02:21,349 - matplotlib.font_manager - DEBUG - findfont: score(FontEntry(fname='/System/Library/Fonts/Supplemental/PlantagenetCherokee.ttf', name='Plantagenet Cherokee', style='normal', variant='normal', weight=400, stretch='normal', size='scalable')) = 10.05
2025-10-06 11:02:21,350 - matplotlib.font_manager - DEBUG - findfont: score(FontEntry(fname='/System/Library/Fonts/Supplemental/NotoSansAvestan-Regular.ttf', name='Noto Sans Avestan', style='normal', variant='normal', weight=400, stretch='normal', size='scalable')) = 10.05
2025-10-06 11:02:21,350 - matplotlib.font_manager - DEBUG - findfont: score(FontEntry(fname='/System/Library/Fonts/Supplemental/NotoSansMandaic-Regular.ttf', name='Noto Sans Mandaic', style='normal', variant='normal', weight=400, stretch='normal', size='scalable')) = 10.05
2025-10-06 11:02:21,350 - matplotlib.font_manager - DEBUG - findfont: score(FontEntry(fname='/System/Library/Fonts/KohinoorBangla.ttc', name='Kohinoor Bangla', style='normal', variant='normal', weight=400, stretch='normal', size='scalable')) = 10.05
2025-10-06 11:02:21,350 - matplotlib.font_manager - DEBUG - findfont: score(FontEntry(fname='/System/Library/Fonts/Supplemental/NotoSansKhojki-Regular.ttf', name='Noto Sans Khojki', style='normal', variant='normal', weight=400, stretch='normal', size='scalable')) = 10.05
2025-10-06 11:02:21,350 - matplotlib.font_manager - DEBUG - findfont: score(FontEntry(fname='/System/Library/Fonts/Supplemental/Baskerville.ttc', name='Baskerville', style='normal', variant='normal', weight=400, stretch='normal', size='scalable')) = 10.05
2025-10-06 11:02:21,350 - matplotlib.font_manager - DEBUG - findfont: score(FontEntry(fname='/Library/Fonts/VNVOGU.TTF', name='.VnVogue', style='normal', variant='normal', weight=500, stretch='normal', size='scalable')) = 10.145
2025-10-06 11:02:21,350 - matplotlib.font_manager - DEBUG - findfont: score(FontEntry(fname='/Library/Fonts/VHCENTI.TTF', name='.VnCentury SchoolbookH', style='italic', variant='normal', weight=400, stretch='normal', size='scalable')) = 11.05
2025-10-06 11:02:21,351 - matplotlib.font_manager - DEBUG - findfont: score(FontEntry(fname='/System/Library/Fonts/Optima.ttc', name='Optima', style='normal', variant='normal', weight=400, stretch='normal', size='scalable')) = 10.05
2025-10-06 11:02:21,351 - matplotlib.font_manager - DEBUG - findfont: score(FontEntry(fname='/Library/Fonts/VHEXOTIC.TTF', name='.VnExoticH', style='normal', variant='normal', weight=400, stretch='normal', size='scalable')) = 10.05
2025-10-06 11:02:21,351 - matplotlib.font_manager - DEBUG - findfont: score(FontEntry(fname='/Library/Fonts/VHHELS.TTF', name='.VnHelvetInsH', style='normal', variant='normal', weight=500, stretch='normal', size='scalable')) = 10.145
2025-10-06 11:02:21,351 - matplotlib.font_manager - DEBUG - findfont: score(FontEntry(fname='/System/Library/Fonts/Supplemental/NotoSansMasaramGondi-Regular.otf', name='Noto Sans Masaram Gondi', style='normal', variant='normal', weight=400, stretch='normal', size='scalable')) = 10.05
2025-10-06 11:02:21,351 - matplotlib.font_manager - DEBUG - findfont: score(FontEntry(fname='/System/Library/Fonts/Supplemental/Gujarati Sangam MN.ttc', name='Gujarati Sangam MN', style='normal', variant='normal', weight=400, stretch='normal', size='scalable')) = 10.05
2025-10-06 11:02:21,351 - matplotlib.font_manager - DEBUG - findfont: score(FontEntry(fname='/System/Library/Fonts/Supplemental/STIXSizFiveSymReg.otf', name='STIXSizeFiveSym', style='normal', variant='normal', weight=400, stretch='normal', size='scalable')) = 10.05
2025-10-06 11:02:21,352 - matplotlib.font_manager - DEBUG - findfont: score(FontEntry(fname='/Library/Fonts/VDOMCAS.TTF', name='VNI-Dom', style='normal', variant='normal', weight=400, stretch='normal', size='scalable')) = 10.05
2025-10-06 11:02:21,352 - matplotlib.font_manager - DEBUG - findfont: score(FontEntry(fname='/System/Library/Fonts/Supplemental/Zapfino.ttf', name='Zapfino', style='normal', variant='normal', weight=400, stretch='normal', size='scalable')) = 10.05
2025-10-06 11:02:21,352 - matplotlib.font_manager - DEBUG - findfont: score(FontEntry(fname='/System/Library/Fonts/Supplemental/Myanmar Sangam MN.ttc', name='Myanmar Sangam MN', style='normal', variant='normal', weight=400, stretch='normal', size='scalable')) = 10.05
2025-10-06 11:02:21,352 - matplotlib.font_manager - DEBUG - findfont: score(FontEntry(fname='/System/Library/Fonts/Supplemental/Impact.ttf', name='Impact', style='normal', variant='normal', weight=400, stretch='normal', size='scalable')) = 10.05
2025-10-06 11:02:21,352 - matplotlib.font_manager - DEBUG - findfont: score(FontEntry(fname='/System/Library/Fonts/Supplemental/Sinhala MN.ttc', name='Sinhala MN', style='normal', variant='normal', weight=400, stretch='normal', size='scalable')) = 10.05
2025-10-06 11:02:21,352 - matplotlib.font_manager - DEBUG - findfont: score(FontEntry(fname='/System/Library/Fonts/Supplemental/Lao Sangam MN.ttf', name='Lao Sangam MN', style='normal', variant='normal', weight=400, stretch='normal', size='scalable')) = 10.05
2025-10-06 11:02:21,352 - matplotlib.font_manager - DEBUG - findfont: score(FontEntry(fname='/System/Library/Fonts/ZapfDingbats.ttf', name='Zapf Dingbats', style='normal', variant='normal', weight=400, stretch='normal', size='scalable')) = 10.05
2025-10-06 11:02:21,353 - matplotlib.font_manager - DEBUG - findfont: score(FontEntry(fname='/Library/Fonts/VTOPHAT.TTF', name='VNI-Top', style='normal', variant='normal', weight=400, stretch='normal', size='scalable')) = 10.05
2025-10-06 11:02:21,353 - matplotlib.font_manager - DEBUG - findfont: score(FontEntry(fname='/System/Library/Fonts/Supplemental/STIXIntUpReg.otf', name='STIXIntegralsUp', style='normal', variant='normal', weight=400, stretch='normal', size='scalable')) = 10.05
2025-10-06 11:02:21,353 - matplotlib.font_manager - DEBUG - findfont: score(FontEntry(fname='/System/Library/Fonts/Supplemental/NotoSansRejang-Regular.ttf', name='Noto Sans Rejang', style='normal', variant='normal', weight=400, stretch='normal', size='scalable')) = 10.05
2025-10-06 11:02:21,353 - matplotlib.font_manager - DEBUG - findfont: score(FontEntry(fname='/Library/Fonts/VPALATIN.TTF', name='VNI-Palatin', style='normal', variant='normal', weight=400, stretch='normal', size='scalable')) = 10.05
2025-10-06 11:02:21,353 - matplotlib.font_manager - DEBUG - findfont: score(FontEntry(fname='/System/Library/Fonts/Supplemental/NotoSansOldItalic-Regular.ttf', name='Noto Sans Old Italic', style='italic', variant='normal', weight=400, stretch='normal', size='scalable')) = 11.05
2025-10-06 11:02:21,353 - matplotlib.font_manager - DEBUG - findfont: score(FontEntry(fname='/System/Library/Fonts/Supplemental/NotoSansMendeKikakui-Regular.ttf', name='Noto Sans Mende Kikakui', style='normal', variant='normal', weight=400, stretch='normal', size='scalable')) = 10.05
2025-10-06 11:02:21,353 - matplotlib.font_manager - DEBUG - findfont: score(FontEntry(fname='/System/Library/Fonts/Supplemental/Times New Roman Bold.ttf', name='Times New Roman', style='normal', variant='normal', weight=700, stretch='normal', size='scalable')) = 10.335
2025-10-06 11:02:21,354 - matplotlib.font_manager - DEBUG - findfont: score(FontEntry(fname='/System/Library/Fonts/SFCompact.ttf', name='.SF Compact', style='normal', variant='normal', weight=1000, stretch='normal', size='scalable')) = 10.62
2025-10-06 11:02:21,354 - matplotlib.font_manager - DEBUG - findfont: score(FontEntry(fname='/System/Library/Fonts/Supplemental/NotoSansBassaVah-Regular.ttf', name='Noto Sans Bassa Vah', style='normal', variant='normal', weight=400, stretch='normal', size='scalable')) = 10.05
2025-10-06 11:02:21,354 - matplotlib.font_manager - DEBUG - findfont: score(FontEntry(fname='/System/Library/Fonts/Supplemental/Tamil Sangam MN.ttc', name='Tamil Sangam MN', style='normal', variant='normal', weight=400, stretch='normal', size='scalable')) = 10.05
2025-10-06 11:02:21,354 - matplotlib.font_manager - DEBUG - findfont: score(FontEntry(fname='/System/Library/Fonts/NotoSansOriya.ttc', name='Noto Sans Oriya', style='normal', variant='normal', weight=400, stretch='normal', size='scalable')) = 10.05
2025-10-06 11:02:21,354 - matplotlib.font_manager - DEBUG - findfont: score(FontEntry(fname='/Library/Fonts/VTUBE.TTF', name='VNI-Tubes', style='normal', variant='normal', weight=400, stretch='normal', size='scalable')) = 10.05
2025-10-06 11:02:21,354 - matplotlib.font_manager - DEBUG - findfont: score(FontEntry(fname='/System/Library/Fonts/ヒラギノ丸ゴ ProN W4.ttc', name='Hiragino Maru Gothic Pro', style='normal', variant='normal', weight=400, stretch='normal', size='scalable')) = 10.05
2025-10-06 11:02:21,354 - matplotlib.font_manager - DEBUG - findfont: score(FontEntry(fname='/System/Library/Fonts/Supplemental/Diwan Thuluth.ttf', name='Diwan Thuluth', style='normal', variant='normal', weight=400, stretch='normal', size='scalable')) = 10.05
2025-10-06 11:02:21,355 - matplotlib.font_manager - DEBUG - findfont: score(FontEntry(fname='/System/Library/Fonts/Supplemental/Galvji.ttc', name='Galvji', style='normal', variant='normal', weight=400, stretch='normal', size='scalable')) = 10.05
2025-10-06 11:02:21,355 - matplotlib.font_manager - DEBUG - findfont: score(FontEntry(fname='/System/Library/Fonts/Supplemental/SukhumvitSet.ttc', name='Sukhumvit Set', style='normal', variant='normal', weight=250, stretch='normal', size='scalable')) = 10.1925
2025-10-06 11:02:21,355 - matplotlib.font_manager - DEBUG - findfont: score(FontEntry(fname='/System/Library/Fonts/Supplemental/NotoSansLinearB-Regular.ttf', name='Noto Sans Linear B', style='normal', variant='normal', weight=400, stretch='normal', size='scalable')) = 10.05
2025-10-06 11:02:21,355 - matplotlib.font_manager - DEBUG - findfont: score(FontEntry(fname='/System/Library/Fonts/Supplemental/NotoSansChakma-Regular.ttf', name='Noto Sans Chakma', style='normal', variant='normal', weight=400, stretch='normal', size='scalable')) = 10.05
2025-10-06 11:02:21,355 - matplotlib.font_manager - DEBUG - findfont: score(FontEntry(fname='/Library/Fonts/VHELVCN.TTF', name='VNI-Helve-Condense', style='normal', variant='normal', weight=400, stretch='condensed', size='scalable')) = 10.25
2025-10-06 11:02:21,355 - matplotlib.font_manager - DEBUG - findfont: score(FontEntry(fname='/System/Library/Fonts/Supplemental/PTSans.ttc', name='PT Sans', style='normal', variant='normal', weight=400, stretch='normal', size='scalable')) = 10.05
2025-10-06 11:02:21,355 - matplotlib.font_manager - DEBUG - findfont: score(FontEntry(fname='/Library/Fonts/VNIWIN.TTF', name='VNI-WIN Sample Font', style='normal', variant='normal', weight=400, stretch='normal', size='scalable')) = 10.05
2025-10-06 11:02:21,356 - matplotlib.font_manager - DEBUG - findfont: score(FontEntry(fname='/Library/Fonts/VNILAOS_.TTF', name='VNI Laos', style='normal', variant='normal', weight=400, stretch='normal', size='scalable')) = 10.05
2025-10-06 11:02:21,356 - matplotlib.font_manager - DEBUG - findfont: score(FontEntry(fname='/Library/Fonts/VHAVANB.TTF', name='.VnAvantH', style='normal', variant='normal', weight=700, stretch='normal', size='scalable')) = 10.335
2025-10-06 11:02:21,356 - matplotlib.font_manager - DEBUG - findfont: score(FontEntry(fname='/System/Library/Fonts/Supplemental/NotoSansHatran-Regular.ttf', name='Noto Sans Hatran', style='normal', variant='normal', weight=400, stretch='normal', size='scalable')) = 10.05
2025-10-06 11:02:21,356 - matplotlib.font_manager - DEBUG - findfont: score(FontEntry(fname='/System/Library/Fonts/Supplemental/Charter.ttc', name='Charter', style='normal', variant='normal', weight=400, stretch='normal', size='scalable')) = 10.05
2025-10-06 11:02:21,356 - matplotlib.font_manager - DEBUG - findfont: score(FontEntry(fname='/Library/Fonts/VHCOUR.TTF', name='.VnCourier NewH', style='normal', variant='normal', weight=400, stretch='normal', size='scalable')) = 10.05
2025-10-06 11:02:21,356 - matplotlib.font_manager - DEBUG - findfont: score(FontEntry(fname='/Library/Fonts/VCENTI.TTF', name='VNI-Centur', style='italic', variant='normal', weight=400, stretch='normal', size='scalable')) = 11.05
2025-10-06 11:02:21,356 - matplotlib.font_manager - DEBUG - findfont: score(FontEntry(fname='/System/Library/Fonts/Supplemental/NotoSansBatak-Regular.ttf', name='Noto Sans Batak', style='normal', variant='normal', weight=400, stretch='normal', size='scalable')) = 10.05
2025-10-06 11:02:21,357 - matplotlib.font_manager - DEBUG - findfont: score(FontEntry(fname='/System/Library/Fonts/Supplemental/NotoSansDuployan-Regular.ttf', name='Noto Sans Duployan', style='normal', variant='normal', weight=400, stretch='normal', size='scalable')) = 10.05
2025-10-06 11:02:21,357 - matplotlib.font_manager - DEBUG - findfont: score(FontEntry(fname='/System/Library/Fonts/Supplemental/Verdana Bold Italic.ttf', name='Verdana', style='italic', variant='normal', weight=700, stretch='normal', size='scalable')) = 4.971363636363637
2025-10-06 11:02:21,357 - matplotlib.font_manager - DEBUG - findfont: score(FontEntry(fname='/System/Library/Fonts/Supplemental/NewPeninimMT.ttc', name='New Peninim MT', style='normal', variant='normal', weight=400, stretch='normal', size='scalable')) = 10.05
2025-10-06 11:02:21,357 - matplotlib.font_manager - DEBUG - findfont: score(FontEntry(fname='/System/Library/Fonts/Supplemental/STIXIntSmBol.otf', name='STIXIntegralsSm', style='normal', variant='normal', weight=700, stretch='normal', size='scalable')) = 10.335
2025-10-06 11:02:21,357 - matplotlib.font_manager - DEBUG - findfont: score(FontEntry(fname='/System/Library/Fonts/Supplemental/NotoSansKharoshthi-Regular.ttf', name='Noto Sans Kharoshthi', style='normal', variant='normal', weight=400, stretch='normal', size='scalable')) = 10.05
2025-10-06 11:02:21,357 - matplotlib.font_manager - DEBUG - findfont: score(FontEntry(fname='/Library/Fonts/VHTEKN.TTF', name='.VnTeknicalH', style='normal', variant='normal', weight=400, stretch='normal', size='scalable')) = 10.05
2025-10-06 11:02:21,358 - matplotlib.font_manager - DEBUG - findfont: score(FontEntry(fname='/System/Library/Fonts/Supplemental/NotoSansOlChiki-Regular.ttf', name='Noto Sans Ol Chiki', style='normal', variant='normal', weight=400, stretch='normal', size='scalable')) = 10.05
2025-10-06 11:02:21,358 - matplotlib.font_manager - DEBUG - findfont: score(FontEntry(fname='/Library/Fonts/VHCOOP.TTF', name='.VnCooperH', style='normal', variant='normal', weight=400, stretch='normal', size='scalable')) = 10.05
2025-10-06 11:02:21,358 - matplotlib.font_manager - DEBUG - findfont: score(FontEntry(fname='/Library/Fonts/VNTIMEBI.TTF', name='.VnTime', style='italic', variant='normal', weight=700, stretch='normal', size='scalable')) = 11.335
2025-10-06 11:02:21,358 - matplotlib.font_manager - DEBUG - findfont: score(FontEntry(fname='/System/Library/Fonts/Supplemental/NotoSansSamaritan-Regular.ttf', name='Noto Sans Samaritan', style='normal', variant='normal', weight=400, stretch='normal', size='scalable')) = 10.05
2025-10-06 11:02:21,358 - matplotlib.font_manager - DEBUG - findfont: score(FontEntry(fname='/Library/Fonts/VHTIMEB.TTF', name='.VnTimeH', style='normal', variant='normal', weight=700, stretch='normal', size='scalable')) = 10.335
2025-10-06 11:02:21,358 - matplotlib.font_manager - DEBUG - findfont: score(FontEntry(fname='/System/Library/Fonts/Supplemental/NotoSansTaiViet-Regular.ttf', name='Noto Sans Tai Viet', style='normal', variant='normal', weight=400, stretch='normal', size='scalable')) = 10.05
2025-10-06 11:02:21,359 - matplotlib.font_manager - DEBUG - findfont: score(FontEntry(fname='/Library/Fonts/VBOOKMB.TTF', name='VNI-Book', style='normal', variant='normal', weight=700, stretch='normal', size='scalable')) = 10.335
2025-10-06 11:02:21,359 - matplotlib.font_manager - DEBUG - findfont: score(FontEntry(fname='/System/Library/Fonts/Supplemental/Kannada Sangam MN.ttc', name='Kannada Sangam MN', style='normal', variant='normal', weight=400, stretch='normal', size='scalable')) = 10.05
2025-10-06 11:02:21,359 - matplotlib.font_manager - DEBUG - findfont: score(FontEntry(fname='/Library/Fonts/VNBLACK.TTF', name='.VnBlack', style='normal', variant='normal', weight=400, stretch='normal', size='scalable')) = 10.05
2025-10-06 11:02:21,359 - matplotlib.font_manager - DEBUG - findfont: score(FontEntry(fname='/Library/Fonts/VNSOUTHN.TTF', name='.VnSouthern', style='normal', variant='normal', weight=400, stretch='normal', size='scalable')) = 10.05
2025-10-06 11:02:21,359 - matplotlib.font_manager - DEBUG - findfont: score(FontEntry(fname='/System/Library/Fonts/Supplemental/Copperplate.ttc', name='Copperplate', style='normal', variant='normal', weight=400, stretch='normal', size='scalable')) = 10.05
2025-10-06 11:02:21,359 - matplotlib.font_manager - DEBUG - findfont: score(FontEntry(fname='/System/Library/Fonts/Supplemental/Muna.ttc', name='Muna', style='normal', variant='normal', weight=400, stretch='normal', size='scalable')) = 10.05
2025-10-06 11:02:21,359 - matplotlib.font_manager - DEBUG - findfont: score(FontEntry(fname='/Library/Fonts/VGARAMI.TTF', name='VNI-Garam', style='italic', variant='normal', weight=400, stretch='normal', size='scalable')) = 11.05
2025-10-06 11:02:21,360 - matplotlib.font_manager - DEBUG - findfont: score(FontEntry(fname='/System/Library/Fonts/Supplemental/Thonburi.ttc', name='Thonburi', style='normal', variant='normal', weight=400, stretch='normal', size='scalable')) = 10.05
2025-10-06 11:02:21,360 - matplotlib.font_manager - DEBUG - findfont: score(FontEntry(fname='/Library/Fonts/VUNIVER.TTF', name='VNI-Univer', style='normal', variant='normal', weight=300, stretch='normal', size='scalable')) = 10.145
2025-10-06 11:02:21,360 - matplotlib.font_manager - DEBUG - findfont: score(FontEntry(fname='/System/Library/Fonts/Supplemental/STIXSizOneSymBol.otf', name='STIXSizeOneSym', style='normal', variant='normal', weight=700, stretch='normal', size='scalable')) = 10.335
2025-10-06 11:02:21,360 - matplotlib.font_manager - DEBUG - findfont: score(FontEntry(fname='/System/Library/Fonts/Supplemental/STIXTwoText.ttf', name='STIX Two Text', style='normal', variant='normal', weight=400, stretch='normal', size='scalable')) = 10.05
2025-10-06 11:02:21,360 - matplotlib.font_manager - DEBUG - findfont: score(FontEntry(fname='/Library/Fonts/VNMUSTI.TTF', name='.VnMystical', style='normal', variant='normal', weight=400, stretch='normal', size='scalable')) = 10.05
2025-10-06 11:02:21,360 - matplotlib.font_manager - DEBUG - findfont: score(FontEntry(fname='/Library/Fonts/vnithufapfan.ttf', name='VNI-Thufapfan', style='normal', variant='normal', weight=400, stretch='normal', size='scalable')) = 10.05
2025-10-06 11:02:21,360 - matplotlib.font_manager - DEBUG - findfont: score(FontEntry(fname='/System/Library/Fonts/Supplemental/NotoSansInscriptionalParthian-Regular.ttf', name='Noto Sans Inscriptional Parthian', style='normal', variant='normal', weight=400, stretch='normal', size='scalable')) = 10.05
2025-10-06 11:02:21,361 - matplotlib.font_manager - DEBUG - findfont: score(FontEntry(fname='/Library/Fonts/VNAVANBI.TTF', name='.VnAvant', style='italic', variant='normal', weight=700, stretch='normal', size='scalable')) = 11.335
2025-10-06 11:02:21,361 - matplotlib.font_manager - DEBUG - findfont: score(FontEntry(fname='/System/Library/Fonts/Supplemental/NotoSansMro-Regular.ttf', name='Noto Sans Mro', style='normal', variant='normal', weight=400, stretch='normal', size='scalable')) = 10.05
2025-10-06 11:02:21,361 - matplotlib.font_manager - DEBUG - findfont: score(FontEntry(fname='/System/Library/Fonts/SFNSMonoItalic.ttf', name='.SF NS Mono', style='italic', variant='normal', weight=295, stretch='normal', size='scalable')) = 11.14975
2025-10-06 11:02:21,361 - matplotlib.font_manager - DEBUG - findfont: score(FontEntry(fname='/Library/Fonts/VGARAMBI.TTF', name='VNI-Garam', style='italic', variant='normal', weight=700, stretch='normal', size='scalable')) = 11.335
2025-10-06 11:02:21,361 - matplotlib.font_manager - DEBUG - findfont: score(FontEntry(fname='/Library/Fonts/VHUNIV.TTF', name='.VnUniverseH', style='normal', variant='normal', weight=400, stretch='normal', size='scalable')) = 10.05
2025-10-06 11:02:21,361 - matplotlib.font_manager - DEBUG - findfont: score(FontEntry(fname='/Library/Fonts/VGOUDYB.TTF', name='VNI-Goudy', style='normal', variant='normal', weight=700, stretch='normal', size='scalable')) = 10.335
2025-10-06 11:02:21,362 - matplotlib.font_manager - DEBUG - findfont: score(FontEntry(fname='/Library/Fonts/VNCENTBI.TTF', name='.VnCentury Schoolbook', style='italic', variant='normal', weight=700, stretch='normal', size='scalable')) = 11.335
2025-10-06 11:02:21,362 - matplotlib.font_manager - DEBUG - findfont: score(FontEntry(fname='/System/Library/Fonts/Supplemental/Myanmar MN.ttc', name='Myanmar MN', style='normal', variant='normal', weight=400, stretch='normal', size='scalable')) = 10.05
2025-10-06 11:02:21,362 - matplotlib.font_manager - DEBUG - findfont: score(FontEntry(fname='/System/Library/Fonts/Supplemental/NotoSansHanifiRohingya-Regular.ttf', name='Noto Sans Hanifi Rohingya', style='normal', variant='normal', weight=400, stretch='normal', size='scalable')) = 10.05
2025-10-06 11:02:21,362 - matplotlib.font_manager - DEBUG - findfont: score(FontEntry(fname='/Library/Fonts/VAPTIMI.TTF', name='VNI-Aptima', style='italic', variant='normal', weight=400, stretch='normal', size='scalable')) = 11.05
2025-10-06 11:02:21,362 - matplotlib.font_manager - DEBUG - findfont: score(FontEntry(fname='/Library/Fonts/VHARIAL.TTF', name='.VnArialH', style='normal', variant='normal', weight=400, stretch='normal', size='scalable')) = 10.05
2025-10-06 11:02:21,362 - matplotlib.font_manager - DEBUG - findfont: score(FontEntry(fname='/System/Library/Fonts/Supplemental/NotoSansKayahLi-Regular.ttf', name='Noto Sans Kayah Li', style='normal', variant='normal', weight=400, stretch='normal', size='scalable')) = 10.05
2025-10-06 11:02:21,363 - matplotlib.font_manager - DEBUG - findfont: score(FontEntry(fname='/System/Library/Fonts/Supplemental/NotoSansOldHungarian-Regular.ttf', name='Noto Sans Old Hungarian', style='normal', variant='normal', weight=400, stretch='normal', size='scalable')) = 10.05
2025-10-06 11:02:21,363 - matplotlib.font_manager - DEBUG - findfont: score(FontEntry(fname='/System/Library/Fonts/Supplemental/NotoSansNKo-Regular.ttf', name='Noto Sans NKo', style='normal', variant='normal', weight=400, stretch='normal', size='scalable')) = 10.05
2025-10-06 11:02:21,363 - matplotlib.font_manager - DEBUG - findfont: score(FontEntry(fname='/Library/Fonts/VNARABIA.TTF', name='.VnArabia', style='normal', variant='normal', weight=400, stretch='normal', size='scalable')) = 10.05
2025-10-06 11:02:21,363 - matplotlib.font_manager - DEBUG - findfont: Matching sans\-serif:style=normal:variant=normal:weight=normal:stretch=normal:size=8.0 to DejaVu Sans ('/Users/longlh123/Languages/GitHub/IPSOS-VINCENZO-2025/env/lib/python3.10/site-packages/matplotlib/mpl-data/fonts/ttf/DejaVuSans.ttf') with score of 0.050000.
