index,ID,ID,Q1_Q10,Bank,S1a,Wave,Quarter,Sample,S1b,City,Segment,Q20 (1/6),Q20 (2/6),Q20 (3/6),Q20 (4/6),Q20 (5/6),Q20 (6/6),Q21 (1/2),Q21 (2/2),Q18 (1/8),Q18 (2/8),Q18 (3/8),Q18 (4/8),Q18 (5/8),Q18 (6/8),Q18 (7/8),Q18 (8/8),NPS_Score,Q2_1,Q2_2,Q3,Q3_1,Q4,Q5,Q6,Q7,Q8,Q9a_R1,Q9a_R2,Q9a_R4,Q9a_R6,Q9a_R7,Q9a_R8,Q9a_R9,Q9a_The lowest rated product's score,Q9a_The lowest rated product,Q9a_1,Q9_R1,Q9_R2,Q9_R3,Q9_R4,Q9_R6,Q9_The lowest rated channel's score,Q9_The lowest rated channel,Q9_1,Q23_R1,Q23_R2,Q23_R3,Q23_R4,Q23_R5,Q23_R6,Q18a,Q18a.1,Q18a.2,Q18a.3,Q18b,Q18b.1,Q18b.2,Q18b.3,Q18c.1,Q18c.2,Q18c.3,Q18c.4,Q18a_Techcombank,Q18a_ACB,Q18a_Vietcombank,Q18a_BIDV,Q18a_MBBank,Q18a_VPBank,Q18a.1_Techcombank,Q18a.1_ACB,Q18a.1_Vietcombank,Q18a.1_BIDV,Q18a.1_MBBank,Q18a.1_VPBank,Q18a.2_Techcombank,Q18a.2_ACB,Q18a.2_Vietcombank,Q18a.2_BIDV,Q18a.2_MBBank,Q18a.2_VPBank,Q18a.3_Techcombank,Q18a.3_ACB,Q18a.3_Vietcombank,Q18a.3_BIDV,Q18a.3_MBBank,Q18a.3_VPBank,Q18b_Techcombank,Q18b_ACB,Q18b_Vietcombank,Q18b_BIDV,Q18b_MBBank,Q18b_VPBank,Q18b.1_Techcombank,Q18b.1_ACB,Q18b.1_Vietcombank,Q18b.1_BIDV,Q18b.1_MBBank,Q18b.1_VPBank,Q18b.2_Techcombank,Q18b.2_ACB,Q18b.2_Vietcombank,Q18b.2_BIDV,Q18b.2_MBBank,Q18b.2_VPBank,Q18b.3_Techcombank,Q18b.3_ACB,Q18b.3_Vietcombank,Q18b.3_BIDV,Q18b.3_MBBank,Q18b.3_VPBank,Q18c.1_Techcombank,Q18c.1_ACB,Q18c.1_Vietcombank,Q18c.1_BIDV,Q18c.1_MBBank,Q18c.1_VPBank,Q18c.2_Techcombank,Q18c.2_ACB,Q18c.2_Vietcombank,Q18c.2_BIDV,Q18c.2_MBBank,Q18c.2_VPBank,Q18c.3_Techcombank,Q18c.3_ACB,Q18c.3_Vietcombank,Q18c.3_BIDV,Q18c.3_MBBank,Q18c.3_VPBank,Q18c.4_Techcombank,Q18c.4_ACB,Q18c.4_Vietcombank,Q18c.4_BIDV,Q18c.4_MBBank,Q18c.4_VPBank,Quarter.1,Convenience,Product,Service,Experience,Price_Promotion,Convenience/Positive,Convenience/Negative,Product/Positive,Product/Negative,Service/Positive,Service/Negative,Experience/Positive,Experience/Negative,Price_Promotion/Positive,Price_Promotion/Negative,Convenience/Positive/AppIBstability,Convenience/Negative/AppIBstability,Convenience/Negative/SlowFailedTransfer,Convenience/Negative/DelayedNoNotification,Convenience/Negative/OverallAppPerformanceIssues,Convenience/Negative/FrequentMaintenance,Convenience/Positive/AppIBfeatures,Convenience/Negative/AppIBfeatures,Convenience/Positive/AppIBinterface,Convenience/Negative/AppIBinterface,Convenience/Positive/AppIBingeneral,Convenience/Negative/AppIBingeneral,Convenience/Positive/ATM,Convenience/Negative/ATM,Convenience/Positive/Branch,Convenience/Negative/Branch,Convenience/Positive/Other,Convenience/Negative/Other,Product/Positive/Productfeatures,Product/Negative/Productfeatures,Product/Positive/Productdiversity,Product/Negative/Productdiversity,Product/Positive/Security,Product/Negative/Security,Product/Positive/Partnership,Product/Negative/Partnership,Product/Positive/Specialaccount,Product/Negative/Specialaccount,Product/Positive/Other,Product/Negative/Other,Service/Positive/Servicespeed,Service/Negative/Servicespeed,Service/Positive/Standardprocess,Service/Negative/Standardprocess,Service/Positive/Other,Service/Negative/Other,Experience/Positive/Staffattitude,Experience/Negative/Staffattitude,Experience/Positive/Customerservice,Experience/Negative/Customerservice,Experience/Positive/Staffconsultingskill,Experience/Negative/Staffconsultingskill,Experience/Positive/Branding,Experience/Negative/Branding,Experience/Positive/Other,Experience/Negative/Other,Price_Promotion/Positive/Fees,Price_Promotion/Negative/Fees,Price_Promotion/Positive/Interestrate,Price_Promotion/Positive/Loaninterestrate,Price_Promotion/Negative/Interestrate,Price_Promotion/Negative/Loaninterestrate,Price_Promotion/Positive/Promotion,Price_Promotion/Negative/Promotion,Price_Promotion/Positive/Others,Price_Promotion/Negative/Others
1795,Q1_Jul'25###40415c50ed960-3197-11f0-90fd-b32794b35dae,40415c50ed960-3197-11f0-90fd-b32794b35dae,Q1,Vietcombank,36-45,Jul'25,Q3'25,Online,Male,Ha Noi,MAFF,Vietcombank,BIDV,MBBank,ACB,,,Vietcombank,ACB,VPBank,Vietinbank,,,,,,,9.0,"ngân hàng hàng đầu, nhiều tiện ích và hiện đại",app dùng cho doanh nghiệp chưa thực sự ấn tượng,9,"ứng dụng thông minh, dễ dùng và thuận tiện",4,4,3,5,4,4,4,3,5,5,5,3,3.0,Banca,sản phẩm chưa đa dạng và cần nhiều gói hỗ trợ hơn,4,4,5,3,4,3.0,Fanpage,chưa quá nổi bật so với các ngân hàng khác,9.0,8.0,9.0,8.0,9.0,9.0,,,,,Vietcombank,Vietinbank,Vietcombank,Vietinbank,Vietcombank,Vietinbank,Vietcombank,Vietinbank,,,0.0,,,,,,0.0,,,,,,0.0,,,,,,0.0,,,,,,1.0,,,,,,0.0,,,,,,1.0,,,,,,0.0,,,,,,1.0,,,,,,0.0,,,,,,1.0,,,,,,0.0,,,,Q3'25,0.0,0.9090625,0.0,0.9090322580645162,0.0,0.0,0.0,0.7784998276654411,0.0,0.0,0.0,0.7786916593968096,0.0,0.0,0.0,0.0,,,,0.0,0.0,,0.0,0.0,,,0.0,0.0,0.0,0.0,0.0,0.0,0.0,0.0,0.0,0.7787586609162896,0.0,0.0,0.0,0.0,,0.0,,0.0,,0.0,0.0,0.0,0.0,0.0,0.0,0.0,,0.0,,0.0,0.0,0.7786094877219756,0.0,0.0,0.0,0.0,0.0,0.0,0.0,0.0,,0.0,0.0,,
1796,Q10_Jul'25###40415c50ed960-3197-11f0-90fd-b32794b35dae,40415c50ed960-3197-11f0-90fd-b32794b35dae,Q10,ACB,36-45,Jul'25,Q3'25,Online,Male,Ha Noi,MAFF,Vietcombank,BIDV,MBBank,ACB,,,Vietcombank,ACB,VPBank,Vietinbank,,,,,,,9.0,ngân hàng thông minh và tiện dụng,cải thiện về app ngân hàng,8,ứng dụng chưa thực sự thông minh và tiện lợi,3,4,3,4,4,3,3,4,3,3,3,4,3.0,Secured Loan,lãi suất chưa cạnh tranh,4,4,3,3,4,3.0,Fanpage,trang fb chưa quá nổi bật và hấp dẫn,9.0,8.0,8.0,9.0,8.0,8.0,,,,,Vietcombank,Vietinbank,Vietcombank,Vietinbank,Vietcombank,Vietinbank,Vietcombank,Vietinbank,,0.0,,,,,,0.0,,,,,,0.0,,,,,,0.0,,,,,,0.0,,,,,,0.0,,,,,,0.0,,,,,,0.0,,,,,,0.0,,,,,,0.0,,,,,,0.0,,,,,,0.0,,,,,Q3'25,1.086875,0.0,0.0,1.087,0.0,1.1399762834821427,0.0,0.0,0.0,0.0,0.0,1.140092545638945,0.0,0.0,0.0,0.0,,,,0.0,,0.0,,0.0,0.0,0.0,,0.0,0.0,0.0,0.0,1.1381031709558822,,0.0,0.0,0.0,,0.0,,0.0,,0.0,,0.0,,0.0,0.0,0.0,,0.0,0.0,0.0,0.0,0.0,,0.0,,1.140069939108456,0.0,0.0,,0.0,0.0,0.0,0.0,,,0.0,0.0,,
1797,Q1_Jul'25###40416acae1500-479f-11f0-ab55-a172f9b7cf1e,40416acae1500-479f-11f0-ab55-a172f9b7cf1e,Q1,Vietcombank,36-45,Jul'25,Q3'25,Online,Male,Ho Chi Minh,MAFF,Vietcombank,BIDV,,,,,Vietcombank,,Vietinbank,ACB,,,,,,,9.0,"Ngân hàng có thương hiệu, uy tín, dịch vụ tốt",Có thêm nữa các chương trình khuyến mãi hấp dẫn,10,"Ứng dụng hoạt động tốt, không lag, sử dụng dễ dàng",4,3,4,4,4,5,4, I do not use this bank product,4, I do not use this bank product, I do not use this bank product, I do not use this bank product,4.0,Credit card,"Phí rút tiền, thường niên còn hơi cao",5,3,4,4,5,3.0,Telesales,Cũng tương tự như các ngân hàng khác,9.0,10.0,9.0,10.0,9.0,10.0,,,,,Vietinbank,Vietinbank,Vietcombank,BIDV,ACB,Vietcombank,Vietcombank,Vietcombank,,,0.0,,,,,,0.0,,,,,,0.0,,,,,,0.0,,,,,,0.0,,,,,,0.0,,,,,,1.0,,,,,,0.0,,,,,,0.0,,,,,,1.0,,,,,,1.0,,,,,,1.0,,,,Q3'25,0.0,0.0,0.9089655172413792,0.9090322580645162,0.0,0.0,0.0,0.0,0.0,0.7786017922794117,0.0,0.7786916593968096,0.0,0.0,0.0,0.0,,,,0.0,0.0,,0.0,0.0,,,0.0,0.0,0.0,0.0,0.0,0.0,0.0,0.0,0.0,0.0,0.0,0.0,0.0,0.0,,0.0,,0.0,,0.0,0.0,0.0,0.0,0.7788057215073529,0.0,0.0,,0.0,,0.0,0.0,0.7786094877219756,0.0,0.0,0.0,0.0,0.0,0.0,0.0,0.0,,0.0,0.0,,
1798,Q1_Jul'25###4041718f27660-c32c-11ef-8ffc-3f885370e7d8,4041718f27660-c32c-11ef-8ffc-3f885370e7d8,Q1,MBBank,25-35,Jul'25,Q3'25,Online,Female,Ha Noi,MAFF,Techcombank,Vietcombank,BIDV,MBBank,,,Vietcombank,MBBank,Vietinbank,VPBank,,,,,,,10.0,"Giao dịch nhanh, lãi suất hấp dẫn, ứng dụng dễ dùng, bảo mật cao",Thêm nhiều phòng giao dịch,10,"Ứng dụng dễ dùng, bảo mật cao",5,4,5,5,5,4,4,5,5,4,5,3,3.0,Unsecured Loan/ Overdraft without Collateral,Thời gian duyệt hồ sơ hơi lâu,4,5,5,5,5,4.0,Branch,Hỏi ít chi nhanh và phòng giao dịch,9.0,9.0,10.0,9.0,10.0,9.0,,,,,MBBank,MBBank,Vietcombank,Vietcombank,Vietcombank,MBBank,MBBank,MBBank,,,,,0.0,,,,,,0.0,,,,,,0.0,,,,,,0.0,,,,,,1.0,,,,,,1.0,,,,,,0.0,,,,,,0.0,,,,,,0.0,,,,,,1.0,,,,,,1.0,,,,,,1.0,,Q3'25,1.041777777777778,1.0417241379310345,1.0417857142857143,0.0,1.0417391304347827,1.0596181832107845,0.0,1.0594298066448804,0.0,1.059550367647059,0.0,0.0,,1.0595289522058824,0.0,0.0,,,,0.0,,0.0,,1.0597723094919789,,0.0,0.0,0.0,,0.0,0.0,0.0,,0.0,,0.0,0.0,1.0591943359375,,,0.0,0.0,,0.0,,1.0601833129084968,,0.0,,0.0,0.0,0.0,,0.0,,0.0,,0.0,,0.0,,0.0,,1.0599572610294117,0.0,0.0,0.0,0.0,,,
1799,Q10_Jul'25###4041718f27660-c32c-11ef-8ffc-3f885370e7d8,4041718f27660-c32c-11ef-8ffc-3f885370e7d8,Q10,Vietcombank,25-35,Jul'25,Q3'25,Online,Female,Ha Noi,MAFF,Techcombank,Vietcombank,BIDV,MBBank,,,Vietcombank,MBBank,Vietinbank,VPBank,,,,,,,9.0,"Lãi suất hấp dẫn, chi nhánh phòng giao dịch nhiều, uy tín",Cải tiến ứng dụng dễ dùng hơn,10,Ứng dụng ngân hàng không bị đơ và lạng,4,4,4,5,4,4,5,4,5,4,4,4,4.0,Secured Loan,Thời gian duyệt hồ sơ lâu,5,4,5,5,5,4.0,Telesales,Trả lời khách hàng chưa nhanh,10.0,9.0,9.0,9.0,9.0,9.0,,,,,MBBank,MBBank,Vietcombank,Vietcombank,Vietcombank,MBBank,MBBank,MBBank,,,0.0,,,,,,0.0,,,,,,0.0,,,,,,0.0,,,,,,0.0,,,,,,0.0,,,,,,1.0,,,,,,1.0,,,,,,1.0,,,,,,0.0,,,,,,0.0,,,,,,0.0,,,,Q3'25,0.9091666666666666,0.0,0.0,0.9090322580645162,0.9091304347826088,0.7784998276654411,0.0,0.0,0.0,0.0,0.0,0.7786916593968096,0.0,0.7787037568933823,0.0,0.0,,,,0.0,0.0,,0.0,0.0,,,0.0,0.0,0.0,0.7788465073529411,0.0,0.0,0.0,0.0,0.0,0.0,0.0,0.0,0.0,0.0,,0.0,,0.0,,0.0,0.0,0.0,0.0,0.0,0.0,0.0,,0.0,,0.0,0.0,0.7786094877219756,0.0,0.0,0.0,0.0,0.0,0.7794175091911764,0.0,0.0,,0.0,0.0,,
1800,Q1_Jul'25###4041801293c50-8c73-11ef-bd88-f9576640516a,4041801293c50-8c73-11ef-bd88-f9576640516a,Q1,Techcombank,36-45,Jul'25,Q3'25,Online,Female,Ha Noi,MAFF,ACB,Vietcombank,Techcombank,,,,ACB,Techcombank,Vietinbank,BIDV,MBBank,,,,,,10.0,"Ngân hàng TCB có đầy dủ các chương trình với lãi suất hấp dẫn, dịch vụ hoàn hảo",Thực hiện nhiều chương trình  ưu đãi hấp dẫn hơn nữa,10,"ứng dụng ngân hàng có đầy đủ chức năng, dễ sử dụng, bảo mật.",5,5,5,5,5, I do not use this bank product,5, I do not use this bank product,5, I do not use this bank product, I do not use this bank product, I do not use this bank product,,,,5,Not use in recent 1 month,5,5,5,,,,10.0,10.0,10.0,10.0,10.0,10.0,,,,,Techcombank,Techcombank,Techcombank,Techcombank,Techcombank,Techcombank,Techcombank,Techcombank,0.0,,,,,,0.0,,,,,,0.0,,,,,,0.0,,,,,,1.0,,,,,,1.0,,,,,,1.0,,,,,,1.0,,,,,,1.0,,,,,,1.0,,,,,,1.0,,,,,,1.0,,,,,,Q3'25,0.0,0.8404444444444444,0.8402499999999999,0.0,0.8402777777777778,0.0,0.0,0.9004641544117645,0.0,0.9004885110294116,,0.0,,0.900555491727941,0.0,0.0,,,,0.0,,0.0,,0.0,,0.0,,0.0,,0.0,,0.0,,0.0,,0.9006865409207159,,0.0,0.0,0.0,,,,0.0,,0.0,,0.0,,0.9007846362229102,,0.0,,0.0,,0.0,,0.0,,0.0,,0.0,0.0,0.9002205882352939,,,,0.0,0.0,,
1801,Q10_Jul'25###4041801293c50-8c73-11ef-bd88-f9576640516a,4041801293c50-8c73-11ef-bd88-f9576640516a,Q10,ACB,36-45,Jul'25,Q3'25,Online,Female,Ha Noi,MAFF,ACB,Vietcombank,Techcombank,,,,ACB,Techcombank,Vietinbank,BIDV,MBBank,,,,,,9.0,ngân hàng ACB có nhiều sản phẩm tài chính phù hợp với nhu cầu của tôi,ACB  cần tiếp tục đưa ra những sản phẩm hấp dẫn hơn nữa,10,"ứng dụng dễ sử dụng, bảo mật, load nhanh, có đầy đủ chức năng.",5,5,5,5,5,I do not use this bank product,I do not use this bank product,I do not use this bank product,5,I do not use this bank product,I do not use this bank product,I do not use this bank product,,,,5,Not use in recent 1 month,5,Not use in recent 1 month,Not use in recent 1 month,,,,9.0,10.0,10.0,10.0,9.0,9.0,,,,,Techcombank,Techcombank,Techcombank,Techcombank,Techcombank,Techcombank,Techcombank,Techcombank,,0.0,,,,,,0.0,,,,,,0.0,,,,,,0.0,,,,,,0.0,,,,,,0.0,,,,,,0.0,,,,,,0.0,,,,,,0.0,,,,,,0.0,,,,,,0.0,,,,,,0.0,,,,,Q3'25,0.0,1.0867857142857142,0.0,0.0,0.0,0.0,0.0,1.1402399067265794,0.0,0.0,0.0,0.0,0.0,0.0,0.0,0.0,,,,0.0,,0.0,,0.0,0.0,0.0,,0.0,0.0,0.0,0.0,0.0,,0.0,0.0,1.140487132352941,,0.0,,0.0,,0.0,,0.0,,0.0,0.0,0.0,,0.0,0.0,0.0,0.0,0.0,,0.0,,0.0,0.0,0.0,,0.0,0.0,0.0,0.0,,,0.0,0.0,,
1802,Q1_Jul'25###404198025c950-0577-11f0-badf-63e8d3bb1763,404198025c950-0577-11f0-badf-63e8d3bb1763,Q1,BIDV,25-35,Jul'25,Q3'25,Online,Male,Ha Noi,MAFF,BIDV,,,,,,BIDV,,Techcombank,MBBank,,,,,,,8.0,App hay bảo trì vào buổi đêm,,9,an toàn,3,3,2,3,4, I do not use this bank product, I do not use this bank product, I do not use this bank product,3, I do not use this bank product, I do not use this bank product, I do not use this bank product,3.0,Terms deposit,Mức lãi suất thấp,Not use in recent 1 month,3,4,4,Not use in recent 1 month,3.0,Telesales,Không có quá nhiều thông tin,7.0,6.0,9.0,8.0,9.0,10.0,,,,,Techcombank,Techcombank,Techcombank,Techcombank,BIDV,BIDV,Techcombank,Techcombank,,,,0.0,,,,,,0.0,,,,,,0.0,,,,,,0.0,,,,,,0.0,,,,,,0.0,,,,,,0.0,,,,,,0.0,,,,,,1.0,,,,,,1.0,,,,,,0.0,,,,,,0.0,,,Q3'25,1.075161290322581,0.0,0.0,0.0,0.0,0.0,1.5162808641975307,0.0,0.0,0.0,0.0,0.0,0.0,0.0,0.0,0.0,,,,,1.5233333333333332,0.0,,0.0,0.0,0.0,0.0,0.0,,0.0,0.0,0.0,,0.0,,0.0,0.0,0.0,,,,,,,,0.0,0.0,0.0,0.0,0.0,0.0,0.0,,0.0,0.0,0.0,,0.0,,0.0,,0.0,0.0,0.0,0.0,0.0,0.0,0.0,0.0,,
1803,Q1_Jul'25###40420c6221a60-66ba-11f0-aa8d-f3e4c3b06f76,40420c6221a60-66ba-11f0-aa8d-f3e4c3b06f76,Q1,Techcombank,25-35,Jul'25,Q3'25,Online,Male,Ho Chi Minh,MAFF,Techcombank,Vietcombank,VPBank,,,,Techcombank,Vietcombank,BIDV,MBBank,Vietinbank,,,,,,10.0,dịch vụ tốt chăm sóc khách hàng nhanh,không có,10,dịch vụ tốt,5,5,5,5,5,5,5,5,5,5,5,5,,,,5,5,5,5,5,,,,10.0,10.0,10.0,10.0,10.0,10.0,,,,,Techcombank,Techcombank,Techcombank,Techcombank,Techcombank,Techcombank,Techcombank,Techcombank,0.0,,,,,,0.0,,,,,,0.0,,,,,,0.0,,,,,,1.0,,,,,,1.0,,,,,,1.0,,,,,,1.0,,,,,,1.0,,,,,,1.0,,,,,,1.0,,,,,,1.0,,,,,,Q3'25,0.0,0.0,0.8402499999999999,0.0,0.0,0.0,0.0,0.0,0.0,0.9004885110294116,,0.0,,0.0,0.0,0.0,,,,0.0,,0.0,,0.0,,0.0,,0.0,,0.0,,0.0,,0.0,,0.0,,0.0,0.0,0.0,,,,0.0,,0.9007846362229102,,0.0,,0.9007846362229102,,0.0,,0.0,,0.0,,0.0,,0.0,,0.0,0.0,0.0,,,,0.0,0.0,,
1804,Q10_Jul'25###40420c6221a60-66ba-11f0-aa8d-f3e4c3b06f76,40420c6221a60-66ba-11f0-aa8d-f3e4c3b06f76,Q10,Vietcombank,25-35,Jul'25,Q3'25,Online,Male,Ho Chi Minh,MAFF,Techcombank,Vietcombank,VPBank,,,,Techcombank,Vietcombank,BIDV,MBBank,Vietinbank,,,,,,10.0,dịch vụ tốt,không có,10,ứng dụng tốt,5,5,5,5,5,5,5,5,5,5,5,5,,,,5,5,5,5,5,,,,10.0,10.0,10.0,10.0,10.0,10.0,,,,,Techcombank,Techcombank,Techcombank,Techcombank,Techcombank,Techcombank,Techcombank,Techcombank,,,0.0,,,,,,0.0,,,,,,0.0,,,,,,0.0,,,,,,0.0,,,,,,0.0,,,,,,0.0,,,,,,0.0,,,,,,0.0,,,,,,0.0,,,,,,0.0,,,,,,0.0,,,,Q3'25,0.0,0.0,0.9089655172413792,0.0,0.0,0.0,0.0,0.0,0.0,0.7786017922794117,0.0,0.0,0.0,0.0,0.0,0.0,,,,0.0,0.0,,0.0,0.0,,,0.0,0.0,0.0,0.0,0.0,0.0,0.0,0.0,0.0,0.0,0.0,0.0,0.0,0.0,,0.0,,0.0,,0.0,0.0,0.0,0.0,0.7788057215073529,0.0,0.0,,0.0,,0.0,0.0,0.0,0.0,0.0,0.0,0.0,0.0,0.0,0.0,0.0,,0.0,0.0,,
1805,Q1_Jul'25###4042152b0f260-5d82-11ec-b968-51a92be242b0,4042152b0f260-5d82-11ec-b968-51a92be242b0,Q1,BIDV,25-35,Jul'25,Q3'25,Online,Male,Ha Noi,MAFF,Vietcombank,BIDV,Techcombank,,,,Vietcombank,BIDV,MBBank,Vietinbank,ACB,,,,,,8.0,cải thiện chất lượng dịch vụ và phí dịch vụ,,8,tuỳ biến giao diện cho đẹp và linh hoạt hơn,4,3,3,4,3,4,4,3,3,3,4,5,3.0,Banca,bảo hiểm không có gì hấp dẫn so với chi phí,4,3,3,5,4,3.0,Call Center,chăm sóc khách hàng còn chậm và phiền,7.0,7.0,8.0,7.0,9.0,6.0,,,,,MBBank,ACB,Techcombank,Vietinbank,Vietcombank,BIDV,BIDV,Vietcombank,,,,0.0,,,,,,0.0,,,,,,0.0,,,,,,0.0,,,,,,0.0,,,,,,0.0,,,,,,0.0,,,,,,0.0,,,,,,0.0,,,,,,1.0,,,,,,1.0,,,,,,0.0,,,Q3'25,0.0,0.0,1.0752,0.0,1.075217391304348,0.0,0.0,0.0,0.0,0.0,1.5162808641975307,0.0,0.0,0.0,1.5162808641975307,0.0,,,,,0.0,0.0,,0.0,0.0,0.0,0.0,0.0,,0.0,0.0,0.0,,0.0,,0.0,0.0,0.0,,,,,,,,0.0,0.0,0.0,0.0,0.0,1.5233333333333332,0.0,,0.0,0.0,0.0,,0.0,,0.0,,0.0,1.5162808641975307,0.0,0.0,0.0,0.0,0.0,0.0,,
1806,Q10_Jul'25###4042152b0f260-5d82-11ec-b968-51a92be242b0,4042152b0f260-5d82-11ec-b968-51a92be242b0,Q10,Vietcombank,25-35,Jul'25,Q3'25,Online,Male,Ha Noi,MAFF,Vietcombank,BIDV,Techcombank,,,,Vietcombank,BIDV,MBBank,Vietinbank,ACB,,,,,,9.0,giao dien than thien va de su dung,cai thien toc do xu ly hieu nang cua pp,7,cai thien phi dich vu va hieu nang app,4,5,3,4,4,3,3,4,3,5,4,4,3.0,Terms deposit,tien gui qua thap so voi cac ngan hang khac,3,4,5,4,4,3.0,Branch,chi nhanh con nhieu ruom ra va cham,7.0,7.0,9.0,8.0,7.0,8.0,,,,,MBBank,ACB,Techcombank,Vietinbank,Vietcombank,BIDV,BIDV,Vietcombank,,,0.0,,,,,,0.0,,,,,,0.0,,,,,,0.0,,,,,,0.0,,,,,,0.0,,,,,,0.0,,,,,,0.0,,,,,,1.0,,,,,,0.0,,,,,,0.0,,,,,,1.0,,,,Q3'25,0.9091666666666666,0.0,0.0,0.0,0.0,0.7784998276654411,0.0,0.0,0.0,0.0,0.0,0.0,0.0,0.0,0.0,0.0,,,,0.0,0.0,,0.0,0.7779900045955882,,,0.0,0.0,0.0,0.0,0.0,0.0,0.0,0.0,0.0,0.0,0.0,0.0,0.0,0.0,,0.0,,0.0,,0.0,0.0,0.0,0.0,0.0,0.0,0.0,,0.0,,0.0,0.0,0.0,0.0,0.0,0.0,0.0,0.0,0.0,0.0,0.0,,0.0,0.0,,
1807,Q1_Jul'25###404227d77aa40-5d82-11ec-b7e7-f902d9209b83,404227d77aa40-5d82-11ec-b7e7-f902d9209b83,Q1,MBBank,25-35,Jul'25,Q3'25,Online,Male,Ho Chi Minh,MAFF,MBBank,,,,,,MBBank,,VPBank,MSB,Vietinbank,Techcombank,ACB,Vietcombank,BIDV,,8.0,MBBank cần cải thiện app cho gọn gàng và nhẹ hơn.,,8,Sắp xếp các mục thường sử dụng cho gọn gàng hơn.,4,4,5,5,4,4, I do not use this bank product,3,3, I do not use this bank product,3, I do not use this bank product,3.0,Banca,Nó cũng tương tự những công ty bảo hiểm khác.,4,Not use in recent 1 month,Not use in recent 1 month,5,5,4.0,Branch,Tôi nghĩ họ có thể cải thiện thêm tốc độ giao dịch.,8.0,7.0,10.0,8.0,9.0,9.0,,,,,MBBank,VPBank,MBBank,Missing lable,MBBank,VPBank,MBBank,MBBank,,,,,0.0,,,,,,0.0,,,,,,0.0,,,,,,0.0,,,,,,1.0,,,,,,0.0,,,,,,1.0,,,,,,0.0,,,,,,1.0,,,,,,0.0,,,,,,1.0,,,,,,1.0,,Q3'25,1.041777777777778,0.0,0.0,0.0,0.0,0.0,0.9196296296296296,0.0,0.0,0.0,0.0,0.0,,0.0,0.0,0.0,,,,0.0,,0.0,,0.0,,0.0,0.9196296296296296,0.0,,0.0,0.0,0.0,,0.0,,0.0,0.0,0.0,,,0.0,0.0,,0.0,,0.0,,0.0,,0.0,0.0,0.0,,0.0,,0.0,,0.0,,0.0,,0.0,,0.0,0.0,0.0,0.0,0.0,,,
1808,Q1_Jul'25###4042351d83460-5d82-11ec-9b1e-9dc2cfb623b2,4042351d83460-5d82-11ec-9b1e-9dc2cfb623b2,Q1,MBBank,36-45,Jul'25,Q3'25,Online,Male,Ho Chi Minh,MAFF,ACB,Vietcombank,MBBank,Techcombank,,,Vietcombank,MBBank,Vietinbank,BIDV,VPBank,MSB,,,,,7.0,tôi nghĩ các ngân hàng bao gồm MB nên cải thiện lãi suất tiền gửi để đem đến lợi ích tốt nhất cho khách hàng,,8,nên tích hợp ví điện tử vào ứng dụng để khách hàng có thể dễ dàng thực hiện giao dịch,4,4,3,4,4,4,4,3,4, I do not use this bank product,3,2,2.0,Unsecured Loan/ Overdraft without Collateral,vì các điều kiện sử dụng khá ngặt nghèo và khách hàng khó tiếp cận sản phẩm này,5,3,3,4,5,3.0,Telesales,"tôi thấy dịch vụ cũng khá bình thường, không có gì nổi trội",5.0,6.0,7.0,7.0,7.0,7.0,,,,,MBBank,Vietinbank,Techcombank,VPBank,MBBank,Missing lable,Techcombank,ACB,,,,,0.0,,,,,,0.0,,,,,,0.0,,,,,,0.0,,,,,,1.0,,,,,,0.0,,,,,,0.0,,,,,,0.0,,,,,,1.0,,,,,,0.0,,,,,,0.0,,,,,,0.0,,Q3'25,0.0,0.0,0.0,0.0,1.0417391304347827,0.0,0.0,0.0,0.0,0.0,0.0,0.0,,0.0,0.9218402777777778,0.0,,,,0.0,,0.0,,0.0,,0.0,0.0,0.0,,0.0,0.0,0.0,,0.0,,0.0,0.0,0.0,,,0.0,0.0,,0.0,,0.0,,0.0,,0.0,0.0,0.0,,0.0,,0.0,,0.0,,0.0,,0.0,,0.0,0.0,0.9196296296296296,0.0,0.0,,,
1809,Q10_Jul'25###4042351d83460-5d82-11ec-9b1e-9dc2cfb623b2,4042351d83460-5d82-11ec-9b1e-9dc2cfb623b2,Q10,Vietcombank,36-45,Jul'25,Q3'25,Online,Male,Ho Chi Minh,MAFF,ACB,Vietcombank,MBBank,Techcombank,,,Vietcombank,MBBank,Vietinbank,BIDV,VPBank,MSB,,,,,7.0,Vietcombank cần cải thiện lãi suất tiền gửi và các dịch vụ tài chính để khách hàng có thể tiếp cận dễ dàng,,7,cần tăng cường tính bảo mật và thêm các sản phẩm tài chính để thu hút khách hàng,3,4,2,3,3,4,I do not use this bank product,3,3,I do not use this bank product,3,3,3.0,Banca,"so với các ngân hàng khác, sản phẩm này của Vietcombank không có gì nổi trội",4,3,3,4,4,3.0,Telesales,không có sự đa dạng trong sản phẩm và lãi suất kém hấp dẫn,6.0,5.0,6.0,6.0,7.0,6.0,,,,,MBBank,Vietinbank,Techcombank,VPBank,MBBank,Missing lable,Techcombank,ACB,,,0.0,,,,,,0.0,,,,,,0.0,,,,,,0.0,,,,,,0.0,,,,,,0.0,,,,,,0.0,,,,,,0.0,,,,,,0.0,,,,,,0.0,,,,,,0.0,,,,,,0.0,,,,Q3'25,0.0,0.9090625,0.0,0.0,0.9091304347826088,0.0,0.0,0.0,1.787700617283951,0.0,0.0,0.0,0.0,0.0,1.785914702581369,0.0,,,,0.0,0.0,,0.0,0.0,,,0.0,0.0,0.0,0.0,0.0,0.0,0.0,0.0,1.787700617283951,0.0,0.0,0.0,0.0,0.0,,0.0,,0.0,,0.0,0.0,0.0,0.0,0.0,0.0,0.0,,0.0,,0.0,0.0,0.0,0.0,0.0,0.0,0.0,0.0,0.0,0.0,1.7877006172839505,,0.0,0.0,,
1810,Q1_Jul'25###40424c2d475c0-1fa8-11ef-9688-b3a3585dda12,40424c2d475c0-1fa8-11ef-9688-b3a3585dda12,Q1,Techcombank,36-45,Jul'25,Q3'25,Online,Female,Ho Chi Minh,MAFF,Techcombank,,,,,,Techcombank,,Vietinbank,Vietcombank,BIDV,VPBank,,,,,9.0,tôi thấy dịch vụ chăm sóc khách hàng khá tốt và tôi thấy nhiều ưu đãi,mở nhiều cây ATM hơn nữa,9,ứng dụng thì đơn giản dễ sử dụng cho mọi người kể cả người lớn tuổi,4,4,4,4,5,4,3,4,3,3,4,4,3.0,Credit card,tôi thấy chưa có ưu đãi nhiêu đa số còn phải theo khuôn khổ như các ngân hàng khác,4,4,4,4,3,3.0,ATM,tôi đã nêu nên có nhiều cây ATM ở các tỉnh lẻ và nên có nhiều cây ở các thành phố lớn,9.0,9.0,9.0,9.0,8.0,9.0,,,,,Techcombank,Techcombank,Techcombank,Techcombank,Techcombank,Techcombank,Techcombank,Techcombank,0.0,,,,,,0.0,,,,,,0.0,,,,,,0.0,,,,,,1.0,,,,,,1.0,,,,,,1.0,,,,,,1.0,,,,,,1.0,,,,,,1.0,,,,,,1.0,,,,,,1.0,,,,,,Q3'25,0.0,0.0,0.0,0.8403076923076923,0.8402777777777778,0.0,0.0,0.0,0.0,0.0,,0.9005503393665156,,0.900555491727941,0.0,0.0,,,,0.0,,0.0,,0.0,,0.0,,0.0,,0.0,,0.0,,0.0,,0.0,,0.0,0.0,0.0,,,,0.0,,0.0,,0.0,,0.0,,0.0,,0.900220588235294,,0.0,,0.0,,0.0,,0.0,0.0,0.0,,,,0.900220588235294,0.0,,
1811,Q1_Jul'25###4042556af8560-404a-11f0-b105-59c16cf83163,4042556af8560-404a-11f0-b105-59c16cf83163,Q1,Techcombank,25-35,Jul'25,Q3'25,Online,Female,Ho Chi Minh,MAFF,BIDV,VPBank,Techcombank,Vietcombank,,,Techcombank,Vietcombank,MSB,Vietinbank,ACB,MBBank,,,,,9.0,"Dịch vụ nhanh chóng, đa dạng, giao diện sử dụng ứng dụng dễ dàng và dễ hiểu, được nhân viên tư vấn kỹ càng",Có thêm các dịch vụ hỗ trợ từ xa,9,"có nhiều tiện ích, thao tác dễ dàng, tiện lợi và nhanh chóng, tính năng bảo mật khá cao",4,4,4,5,4,4,5,3,4,3,3,3,3.0,Banca,"Tôi chưa tiếp cận được nhiều với các gói bảo hiểm của ngân hàng, và ít gói bảo hiểm phù hợp với tôi",5,4,4,4,4,4.0,Telesales,"Vì còn nhiều thứ tôi còn chưa rõ, tôi muốn tận mắt xem các gói dịch vụ trực tiếp để được tư vấn chính xác và rõ ràng hơn, tư vấn qua điện thoại có vài thứ chưa quá rõ ràng",9.0,8.0,9.0,9.0,9.0,9.0,,,,,Techcombank,Vietcombank,Missing lable,Techcombank,Techcombank,Missing lable,Vietcombank,Techcombank,0.0,,,,,,0.0,,,,,,0.0,,,,,,0.0,,,,,,1.0,,,,,,0.0,,,,,,0.0,,,,,,1.0,,,,,,1.0,,,,,,0.0,,,,,,0.0,,,,,,1.0,,,,,,Q3'25,0.8404,0.8404444444444444,0.8402499999999999,0.8403076923076923,0.0,0.9006671262254901,0.0,0.9004641544117645,0.0,0.9004885110294116,,0.9005503393665156,,0.0,0.0,0.0,,,,0.0,,0.0,,0.900220588235294,,0.0,,0.0,,0.0,,0.0,,0.0,,0.9006865409207159,,0.0,0.0,0.0,,,,0.0,,0.9007846362229102,,0.0,,0.0,,0.0,,0.0,,0.9002205882352939,,0.0,,0.0,,0.0,0.0,0.0,,,,0.0,0.0,,
1812,Q10_Jul'25###4042556af8560-404a-11f0-b105-59c16cf83163,4042556af8560-404a-11f0-b105-59c16cf83163,Q10,Vietcombank,25-35,Jul'25,Q3'25,Online,Female,Ho Chi Minh,MAFF,BIDV,VPBank,Techcombank,Vietcombank,,,Techcombank,Vietcombank,MSB,Vietinbank,ACB,MBBank,,,,,9.0,"Có nhiều dịch vụ, tiện ích khác nhau, phù hợp nhu cầu nhiều người. Các dịch vụ trên app được trình bày rõ ràng, dễ thao tác. Các dịch vụ đáng tin cậy","Nâng tầm các dịch vụ hiện có, giúp rút ngắn các thủ tục không cần thiết",9,"Giao diện dễ nhìn, có nhiều tiện ích và dịch vụ, ứng dụng chạy mượt",4,4,3,5,4,4,5,3,4,3,3,3,3.0,Banca,Các gói bảo hiểm chưa nhiều và chưa đáp ứng được hết nhu cầu của tôi,5,4,4,3,5,3.0,Fanpage,"chưa hỗ trợ được quá nhanh chóng, phải mất thời gian chờ đợi",8.0,8.0,9.0,8.0,9.0,8.0,,,,,Techcombank,Vietcombank,Missing lable,Techcombank,Techcombank,Missing lable,Vietcombank,Techcombank,,,0.0,,,,,,0.0,,,,,,0.0,,,,,,0.0,,,,,,0.0,,,,,,1.0,,,,,,0.0,,,,,,0.0,,,,,,0.0,,,,,,0.0,,,,,,1.0,,,,,,0.0,,,,Q3'25,0.9091666666666666,0.9090625,0.9089655172413792,0.0,0.0,0.7784998276654411,0.0,0.7784998276654411,0.0,0.7786017922794117,0.0,0.0,0.0,0.0,0.0,0.0,,,,0.0,0.0,,0.0,0.7779900045955882,,,0.0,0.0,0.0,0.0,0.0,0.0,0.0,0.0,0.0,0.7787586609162896,0.0,0.0,0.0,0.0,,0.0,,0.0,,0.0,0.0,0.0,0.0,0.7788057215073529,0.0,0.0,,0.0,,0.0,0.0,0.0,0.0,0.0,0.0,0.0,0.0,0.0,0.0,0.0,,0.0,0.0,,
1813,Q1_Jul'25###4042657593d60-2e24-11f0-9267-63b39f087645,4042657593d60-2e24-11f0-9267-63b39f087645,Q1,Techcombank,25-35,Jul'25,Q3'25,Online,Female,Ho Chi Minh,MAFF,ACB,Vietcombank,MBBank,VPBank,Techcombank,,VPBank,Techcombank,Vietinbank,,,,,,,,10.0,Dịch vụ đa dạng. App xài mượt,Không có,10,Ứng dụng chạy mượt. Dễ sử dụng,5,5,4,4,5,5,5,5,5,4,5,5,4.0,Bond/Funds,Phí quản lý còn cao,5,5,5,5,5,,,,10.0,1.0,10.0,9.0,10.0,10.0,,,,,Techcombank,VPBank,Techcombank,Vietcombank,Techcombank,Techcombank,Techcombank,Techcombank,0.0,,,,,,0.0,,,,,,0.0,,,,,,0.0,,,,,,1.0,,,,,,0.0,,,,,,1.0,,,,,,0.0,,,,,,1.0,,,,,,1.0,,,,,,1.0,,,,,,1.0,,,,,,Q3'25,0.8404,0.8404444444444444,0.0,0.0,0.0,0.9006671262254901,0.0,0.9004641544117645,0.0,0.0,,0.0,,0.0,0.0,0.900220588235294,,,,0.0,,0.0,,0.0,,0.0,,0.0,,0.0,,0.0,,0.0,,0.9006865409207159,,0.0,0.0,0.0,,,,0.0,,0.0,,0.0,,0.0,,0.0,,0.0,,0.0,,0.0,,0.0,,0.0,0.0,0.0,,,,0.0,0.0,,
1814,Q10_Jul'25###4042657593d60-2e24-11f0-9267-63b39f087645,4042657593d60-2e24-11f0-9267-63b39f087645,Q10,VPBank,25-35,Jul'25,Q3'25,Online,Female,Ho Chi Minh,MAFF,ACB,Vietcombank,MBBank,VPBank,Techcombank,,VPBank,Techcombank,Vietinbank,,,,,,,,10.0,Lãi suất tiền gửi hấp dẫn,Không có,10,Ứng dụng dễ dùng,5,4,5,5,5,5,5,5,5,4,5,5,4.0,Bond/Funds,Phí quản lý cao,5,5,5,5,4,4.0,ATM,Máy ATm chưa nhiều ở khu vực tôi sống,10.0,10.0,10.0,10.0,10.0,10.0,,,,,Techcombank,VPBank,Techcombank,Vietcombank,Techcombank,Techcombank,Techcombank,Techcombank,,,,,,0.0,,,,,,0.0,,,,,,0.0,,,,,,0.0,,,,,,0.0,,,,,,1.0,,,,,,0.0,,,,,,0.0,,,,,,0.0,,,,,,0.0,,,,,,0.0,,,,,,0.0,Q3'25,0.0,0.0,0.0,0.0,1.0202857142857142,0.0,0.0,0.0,,0.0,,0.0,0.0,1.0885472752609109,0.0,0.0,,,,,,0.0,,0.0,0.0,0.0,,0.0,0.0,0.0,,0.0,,0.0,,0.0,,0.0,,0.0,,0.0,,0.0,,0.0,,0.0,,0.0,,0.0,0.0,0.0,,0.0,0.0,0.0,,0.0,,0.0,0.0,1.0889143688725489,0.0,,0.0,0.0,0.0,,
1815,Q1_Jul'25###404278cb3c080-e5f9-11ef-9096-a392c55f5f5d,404278cb3c080-e5f9-11ef-9096-a392c55f5f5d,Q1,Vietcombank,25-35,Jul'25,Q3'25,Online,Female,Ha Noi,MAFF,Techcombank,Vietcombank,,,,,Vietcombank,,BIDV,MBBank,VPBank,MSB,Vietinbank,ACB,,,8.0,"Nhiều chương trình khuyến mãi hơn, các gói gửi tiết kiệm linh hoạt hơn",,8,"Chức năng khoá tài khoản dễ dàng tiếp cận hơn, nhất là trong thời điểm tin tặc hoành hành gần đây",4,3,3,4,4,4, I do not use this bank product, I do not use this bank product,3, I do not use this bank product, I do not use this bank product, I do not use this bank product,3.0,Terms deposit,Hạn mức tối thiểu là 3 triệu trong khi tôi muốn có những khoản góp dồn từng tháng dưới 3 triệu,3,Not use in recent 1 month,Not use in recent 1 month,Not use in recent 1 month,2,2.0,ATM,Mất phí khi rút tiền,8.0,5.0,8.0,7.0,8.0,8.0,,,,,Techcombank,Vietcombank,VPBank,Techcombank,Vietcombank,Other,Techcombank,Missing lable,,,0.0,,,,,,0.0,,,,,,0.0,,,,,,0.0,,,,,,0.0,,,,,,1.0,,,,,,0.0,,,,,,0.0,,,,,,1.0,,,,,,0.0,,,,,,0.0,,,,,,0.0,,,,Q3'25,0.0,0.9090625,0.0,0.0,0.9091304347826088,0.0,0.0,0.0,1.787700617283951,0.0,0.0,0.0,0.0,0.0,1.785914702581369,0.0,,,,0.0,0.0,,0.0,0.0,,,0.0,0.0,0.0,0.0,0.0,0.0,0.0,0.0,1.787700617283951,0.0,0.0,0.0,0.0,0.0,,0.0,,0.0,,0.0,0.0,0.0,0.0,0.0,0.0,0.0,,0.0,,0.0,0.0,0.0,0.0,0.0,0.0,0.0,0.0,0.0,0.0,0.0,,0.0,1.787700617283951,,
1816,Q1_Jul'25###40428oMOrt2kVYJID3PmHfQwldw==,40428oMOrt2kVYJID3PmHfQwldw==,Q1,VPBank,36-45,Jul'25,Q3'25,Offline,Female,Ha Noi,MAFF,VPBank,,,,,,VPBank,,Techcombank,ACB,Vietcombank,BIDV,MBBank,MSB,Vietinbank,,10.0,"Là một ngân hàng lớn có uy tín , gửi tiết kiệm với lãi suất cao , nhân viên phòng giao dịch nhiệt tình cởi mở đón tiếp khách hàng",Không có,10,"App dễ cài đặt và sử dụng . Có nhiều tính năng tiện ích như thanh toán hóa đơn điện nước,  gửi tiết kiệm online ngay trên điện thoại mà không phải ra tận phòng giao dịch . Bảo mật tài khoản khách hàng cao như xác thực khuôn mặt và vân tay đảm bảo an toàn cho các giao dịch",5,5,4,4,5,4,5, I do not use this bank product,5, I do not use this bank product, I do not use this bank product, I do not use this bank product,4.0,Debit,Phí thường niên hơi cao,5,Not use in recent 1 month,Not use in recent 1 month,Not use in recent 1 month,5,,,,10.0,10.0,10.0,10.0,9.0,9.0,,,,,VPBank,VPBank,VPBank,VPBank,VPBank,VPBank,VPBank,VPBank,,,,,,0.0,,,,,,0.0,,,,,,0.0,,,,,,0.0,,,,,,1.0,,,,,,1.0,,,,,,1.0,,,,,,1.0,,,,,,1.0,,,,,,1.0,,,,,,1.0,,,,,,1.0,Q3'25,0.0,0.0,0.0,1.0203636363636364,1.0202857142857142,0.0,0.0,0.0,,0.0,,1.088605715871254,0.0,1.0885472752609109,0.0,0.0,,,,,,0.0,,0.0,0.0,0.0,,0.0,0.0,0.0,,0.0,,0.0,,0.0,,0.0,,0.0,,0.0,,0.0,,0.0,,0.0,,0.0,,1.0889143688725489,0.0,0.0,,0.0,0.0,1.0887798092209855,,0.0,,0.0,0.0,1.0889143688725489,0.0,,0.0,0.0,0.0,,
1817,Q1_Jul'25###40429kr3fgQDmktFWWeQ8sZ/Awg==,40429kr3fgQDmktFWWeQ8sZ/Awg==,Q1,ACB,36-45,Jul'25,Q3'25,Offline,Male,Ha Noi,AFF,ACB,,,,,,ACB,,Vietcombank,BIDV,MBBank,VPBank,Vietinbank,Techcombank,,,8.0,"Mở nhiều chi nhánh hơn nữa, nhiều cây ATM để thuận tiện giao dịch thẻ",,9,"Ứng dụng dễ dùng, ít khi bị đơ, giao dịch nhanh chóng",4,4,4,4,5,5, I do not use this bank product, I do not use this bank product, I do not use this bank product, I do not use this bank product, I do not use this bank product, I do not use this bank product,,,,Not use in recent 1 month,Not use in recent 1 month,4,Not use in recent 1 month,4,4.0,ATM,nhiều lúc rút tiền qua cây phải chờ đợi vì ít cây gần nhà,9.0,9.0,10.0,9.0,9.0,10.0,ACB,ACB,Vietinbank,VPBank,,,,,ACB,ACB,ACB,ACB,,1.0,,,,,,1.0,,,,,,0.0,,,,,,0.0,,,,,,0.0,,,,,,0.0,,,,,,0.0,,,,,,0.0,,,,,,1.0,,,,,,1.0,,,,,,1.0,,,,,,1.0,,,,,Q3'25,1.086875,0.0,0.0,0.0,0.0,0.0,0.730034722222222,0.0,0.0,0.0,0.0,0.0,0.0,0.0,0.0,0.0,,,,0.0,,0.0,,0.0,0.0,0.0,,0.0,0.7317129629629628,0.0,0.7294753086419751,0.0,,0.0,0.0,0.0,,0.0,,0.0,,0.0,,0.0,,0.0,0.0,0.0,,0.0,0.0,0.0,0.0,0.0,,0.0,,0.0,0.0,0.0,,0.0,0.0,0.0,0.0,,,0.0,0.0,,
1818,Q1_Jul'25###40430eMyONziITZPuJR8myg++OQ==,40430eMyONziITZPuJR8myg++OQ==,Q1,MBBank,25-35,Jul'25,Q3'25,Offline,Female,Ha Noi,AFF,MBBank,,,,,,MBBank,,Vietcombank,BIDV,VPBank,MSB,Vietinbank,Techcombank,ACB,,9.0,"Ngân hàng của quân đội, uy tín, an toàn",mở nhiều chi nhánh hơn,10,"Ứng dụng khá tiến bộ, có thể xếp số chờ trên ứng dụng",5,5,4,4,5,5, I do not use this bank product,4, I do not use this bank product, I do not use this bank product, I do not use this bank product, I do not use this bank product,4.0,Banca,"tôi đã đánh giá hài lòng, nếu giá càng rẻ, lợi ích càng cao hơn thì dưới phương diện khách hàng tôi sẽ hài lòng hơn nữa",5,Not use in recent 1 month,Not use in recent 1 month,Not use in recent 1 month,5,,,,10.0,9.0,10.0,9.0,9.0,10.0,MBBank,MBBank,MBBank,Techcombank,,,,,MBBank,MBBank,MBBank,MBBank,,,,,1.0,,,,,,1.0,,,,,,1.0,,,,,,0.0,,,,,,0.0,,,,,,0.0,,,,,,0.0,,,,,,0.0,,,,,,1.0,,,,,,1.0,,,,,,1.0,,,,,,1.0,,Q3'25,0.0,1.0417241379310345,0.0,1.0416363636363637,0.0,0.0,0.0,1.0594298066448804,0.0,0.0,0.0,1.0595873579545456,,0.0,0.0,0.0,,,,0.0,,0.0,,0.0,,0.0,0.0,0.0,,0.0,0.0,0.0,,0.0,,0.0,0.0,1.0591943359375,,,0.0,0.0,,0.0,,0.0,,0.0,,0.0,0.0,0.0,,0.0,,0.0,,1.0596595341642756,,0.0,,0.0,,0.0,0.0,0.0,0.0,0.0,,,
1819,Q1_Jul'25###404318UIe9/i5AMuzoR5f7q+c0Q==,404318UIe9/i5AMuzoR5f7q+c0Q==,Q1,BIDV,25-35,Jul'25,Q3'25,Offline,Female,Ha Noi,AFF,BIDV,,,,,,BIDV,,MBBank,VPBank,MSB,Vietinbank,Techcombank,ACB,Vietcombank,,10.0,"Có nhiều chi nhánh và phòng giao dịch rộng khắp mọi nơi thuận tiện  cho việc giao dịch , đa dạng các loại thẻ như thẻ ATM, thẻ tín dụng, thẻ ghi nợ dễ dàng  sử dụng",Không có,10,"Giao dịch nhanh chóng và tiện lợi , ứng dụng hoạt động tốt không bị đơ app hay lỗi giao dịch khi sử dụng",5,5,4,5,5,5,5, I do not use this bank product,5, I do not use this bank product,5, I do not use this bank product,,,,5,Not use in recent 1 month,Not use in recent 1 month,Not use in recent 1 month,5,,,,9.0,10.0,10.0,10.0,10.0,9.0,BIDV,BIDV,BIDV,BIDV,,,,,BIDV,BIDV,BIDV,BIDV,,,,1.0,,,,,,1.0,,,,,,1.0,,,,,,1.0,,,,,,0.0,,,,,,0.0,,,,,,0.0,,,,,,0.0,,,,,,1.0,,,,,,1.0,,,,,,1.0,,,,,,1.0,,,Q3'25,1.075161290322581,1.075357142857143,0.0,0.0,0.0,1.009468443627451,0.0,1.009468443627451,0.0,0.0,0.0,0.0,0.0,0.0,0.0,0.0,,,,,0.0,0.0,,0.0,0.0,0.0,0.0,0.0,,1.0092945772058823,0.0,0.0,,0.0,,1.0096075367647055,0.0,0.0,,,,,,,,0.0,0.0,0.0,0.0,0.0,0.0,0.0,,0.0,0.0,0.0,,0.0,,0.0,,0.0,0.0,0.0,0.0,0.0,0.0,0.0,0.0,,
1820,Q1_Jul'25###40432sxc4UrZrZo8JluH/usK5pw==,40432sxc4UrZrZo8JluH/usK5pw==,Q1,Techcombank,25-35,Jul'25,Q3'25,Offline,Female,Ha Noi,MAFF,Techcombank,,,,,,Techcombank,,VPBank,MSB,Vietinbank,ACB,Vietcombank,BIDV,MBBank,,8.0,"Ứng dụng ngân hàng thi thoảng cập nhật, vào sẽ bị thoát ra.",,8,"Cần cải thiện để dùng không bị thoát ra, thời gian cập nhật phần mềm nhanh nhất có thể Để không ảnh hưởng đến việc sử dụng ứng dụng",4,4,4,5,4,5, I do not use this bank product, I do not use this bank product, I do not use this bank product, I do not use this bank product, I do not use this bank product, I do not use this bank product,,,,Not use in recent 1 month,Not use in recent 1 month,Not use in recent 1 month,Not use in recent 1 month,4,4.0,ATM,Nếu nhiều cây ATM hơn sẽ không cần chờ đợi,8.0,8.0,9.0,9.0,9.0,9.0,,,,,Techcombank,MBBank,Techcombank,Techcombank,Techcombank,Techcombank,Techcombank,Techcombank,0.0,,,,,,0.0,,,,,,0.0,,,,,,0.0,,,,,,1.0,,,,,,0.0,,,,,,1.0,,,,,,1.0,,,,,,1.0,,,,,,1.0,,,,,,1.0,,,,,,1.0,,,,,,Q3'25,0.8404,0.0,0.0,0.0,0.0,0.0,0.4355555555555555,0.0,0.0,0.0,,0.0,,0.0,0.0,0.0,,,,0.4355555555555555,,0.0,,0.0,,0.0,,0.0,,0.0,,0.0,,0.0,,0.0,,0.0,0.0,0.0,,,,0.0,,0.0,,0.0,,0.0,,0.0,,0.0,,0.0,,0.0,,0.0,,0.0,0.0,0.0,,,,0.0,0.0,,
1821,Q1_Jul'25###40433pnQ1wJGxrQ274SXgA0ojDA==,40433pnQ1wJGxrQ274SXgA0ojDA==,Q1,ACB,25-35,Jul'25,Q3'25,Offline,Female,Ho Chi Minh,MAFF,ACB,,,,,,ACB,,MSB,Vietinbank,Techcombank,Vietcombank,BIDV,MBBank,VPBank,,9.0,"Khi đi đến ngân hàng có nhân viên ngân hàng  rất nhiệt tình hỏi đến làm gì và bấm số cho khách hàng, nhân viên làm hồ sơ thủ tục nhanh, tư vấn dễ hiểu",Không cần,9,"Giao diện dể sử dụng, bảo mật vâm tay cao, chuyển khoản nhận tiền hay rút tiền báo liền trên app",4,5,5,4,5,5, I do not use this bank product, I do not use this bank product,4, I do not use this bank product, I do not use this bank product, I do not use this bank product,4.0,Terms deposit,"Có nhiều biên độ ưu đãi tùy theo số tiền tiết kiệm của khách hàng , lãi suất cao có thể tất toán online hoặc tại quầy",4,5,4,Not use in recent 1 month,5,4.0,Call Center,"Nhân viên bắt máy hơi lâu, chờ nhạc chờ lâu",9.0,9.0,9.0,8.0,9.0,10.0,,,,,ACB,ACB,ACB,ACB,ACB,ACB,ACB,ACB,,0.0,,,,,,0.0,,,,,,0.0,,,,,,0.0,,,,,,1.0,,,,,,1.0,,,,,,1.0,,,,,,1.0,,,,,,1.0,,,,,,1.0,,,,,,1.0,,,,,,1.0,,,,,Q3'25,0.0,0.0,1.0870967741935484,1.087,0.0,0.0,0.0,0.0,0.0,1.140092545638945,0.0,1.140092545638945,0.0,0.0,0.0,0.0,,,,0.0,,0.0,,0.0,0.0,0.0,,0.0,0.0,0.0,0.0,0.0,,0.0,0.0,0.0,,0.0,,0.0,,0.0,,0.0,,1.1398514093137253,0.0,0.0,,0.0,0.0,1.1399912683823528,0.0,0.0,,1.1398514093137253,,0.0,0.0,0.0,,0.0,0.0,0.0,0.0,,,0.0,0.0,,
1822,Q1_Jul'25###40434b7xLDN7YrVktt/kaEIS5eVg9yr16ZA9QTvpWsvHhHP6LdvAQV1HaiRkIIoVq0iqr,40434b7xLDN7YrVktt/kaEIS5eVg9yr16ZA9QTvpWsvHhHP6LdvAQV1HaiRkIIoVq0iqr,Q1,Techcombank,25-35,Jul'25,Q3'25,Online,Female,Ha Noi,MAFF,MBBank,Techcombank,Vietcombank,,,,Techcombank,,VPBank,MSB,Vietinbank,ACB,BIDV,,,,10.0,Đó là một ngân hàng có các dịch vụ tốt và dịch vụ chăm sóc khách hàng tuyệt vời,Cải thiện chất lượng ứng dụng tốt hơn,9,Để mọi người giao dịch dễ dàng hơn qua ứng dụng,5,5,5,5,5,5,5,4,5,5,4,5,4.0,Secured Loan,Có thời gian thẩm định lâu,5,5,5,5,5,,,,10.0,10.0,10.0,10.0,10.0,10.0,,,,,Techcombank,Techcombank,Techcombank,Techcombank,Techcombank,Techcombank,Techcombank,Techcombank,0.0,,,,,,0.0,,,,,,0.0,,,,,,0.0,,,,,,1.0,,,,,,1.0,,,,,,1.0,,,,,,1.0,,,,,,1.0,,,,,,1.0,,,,,,1.0,,,,,,1.0,,,,,,Q3'25,0.0,0.0,0.8402499999999999,0.8403076923076923,0.0,0.0,0.0,0.0,0.0,0.9004885110294116,,0.9005503393665156,,0.0,0.0,0.0,,,,0.0,,0.0,,0.0,,0.0,,0.0,,0.0,,0.0,,0.0,,0.0,,0.0,0.0,0.0,,,,0.0,,0.0,,0.0,,0.9007846362229102,,0.0,,0.900220588235294,,0.0,,0.0,,0.0,,0.0,0.0,0.0,,,,0.0,0.0,,
1823,Q1_Jul'25###40435QyjTvwEOz63Gp5KNhko8uA==,40435QyjTvwEOz63Gp5KNhko8uA==,Q1,Vietcombank,36-45,Jul'25,Q3'25,Offline,Male,Ho Chi Minh,MAFF,Techcombank,Vietcombank,,,,,Vietcombank,,MBBank,VPBank,MSB,Vietinbank,ACB,BIDV,,,9.0,"Vì ngân hàng  ủa nhà nước nên uy tín, phí thường  niên rẻ",Không cần,10,"Ứng dụng  không bị lỗi, chuyển tiền nhanh chóng 24/7,chuyển tiền mượt, không sợ lộ thông tin",4,4,4,5,4,4, I do not use this bank product, I do not use this bank product,5, I do not use this bank product, I do not use this bank product, I do not use this bank product,4.0,Debit,Bị nuốt thẻ phải ra ngân hàng để lấy lại thẻ và tốn thời gian ra làm lại và  tốn 50 ngàn để lấy lại thẻ,5,Not use in recent 1 month,4,4,5,4.0,Call Center,"Giải quyết vấn đề lâu, không rõ ràng và tòan hẹn ra ngân hàng trực tiếp để tư vấn",9.0,9.0,9.0,9.0,8.0,9.0,,,,,Vietcombank,Vietcombank,Vietcombank,Vietcombank,Vietcombank,Vietcombank,Vietcombank,Vietcombank,,,0.0,,,,,,0.0,,,,,,0.0,,,,,,0.0,,,,,,1.0,,,,,,1.0,,,,,,1.0,,,,,,1.0,,,,,,1.0,,,,,,1.0,,,,,,1.0,,,,,,1.0,,,,Q3'25,0.0,0.0,0.0,0.9090322580645162,0.9091304347826088,0.0,0.0,0.0,0.0,0.0,0.0,0.7786916593968096,0.0,0.7787037568933823,0.0,0.0,,,,0.0,0.0,,0.0,0.0,,,0.0,0.0,0.0,0.0,0.0,0.0,0.0,0.0,0.0,0.0,0.0,0.0,0.0,0.0,,0.0,,0.0,,0.0,0.0,0.0,0.0,0.0,0.0,0.0,,0.0,,0.0,0.0,0.7786094877219756,0.0,0.0,0.0,0.7794175091911764,0.0,0.0,0.0,0.0,,0.0,0.0,,
1824,Q1_Jul'25###40436Xca3Zz0OprlzrWi9+9KHCT/iLcf0mwydfOAEpJozxVaNIo2AFkyM7W6ZRtVSoVy0,40436Xca3Zz0OprlzrWi9+9KHCT/iLcf0mwydfOAEpJozxVaNIo2AFkyM7W6ZRtVSoVy0,Q1,MBBank,25-35,Jul'25,Q3'25,Online,Female,Ho Chi Minh,MAFF,Techcombank,Vietcombank,MBBank,,,,Vietcombank,MBBank,Vietinbank,,,,,,,,10.0,"Tôi đã sử dụng dịch vụ của họ và nhận thấy mọi thứ đều rất chuyên nghiệp, lịch sự và tôn trọng khách hàng",Không có,10,"Giao diện dễ dùng, dễ thao tác và tôi được hỗ trợ trực tiếp từ nhân viên tư vấn ngay trên app mà không bị mất phí",5,5,5,5,5,5,5,4,5,4,4,5,4.0,Banca,Tôi cảm thấy khá rất rối khi tìm hiểu về sản phẩm này,5,5,4,5,5,4.0,Call Center,"Nếu gọi điện bằng số điện thoại di động đến ngân hàng thì bị mất phí khá cao, cộng thêm thời gian chờ để được hỗ trợ nữa",10.0,10.0,10.0,10.0,10.0,10.0,,,,,MBBank,MBBank,MBBank,MBBank,MBBank,MBBank,MBBank,MBBank,,,,,0.0,,,,,,0.0,,,,,,0.0,,,,,,0.0,,,,,,1.0,,,,,,1.0,,,,,,1.0,,,,,,1.0,,,,,,1.0,,,,,,1.0,,,,,,1.0,,,,,,1.0,,Q3'25,0.0,0.0,1.0417857142857143,1.0416363636363637,0.0,0.0,0.0,0.0,0.0,1.059550367647059,0.0,1.0595873579545456,,0.0,0.0,0.0,,,,0.0,,0.0,,0.0,,0.0,0.0,0.0,,0.0,0.0,0.0,,0.0,,0.0,0.0,0.0,,,0.0,0.0,,0.0,,0.0,,0.0,,1.0597723094919789,0.0,1.0596181832107845,,0.0,,0.0,,0.0,,0.0,,0.0,,0.0,0.0,0.0,0.0,0.0,,,
1825,Q10_Jul'25###40436Xca3Zz0OprlzrWi9+9KHCT/iLcf0mwydfOAEpJozxVaNIo2AFkyM7W6ZRtVSoVy0,40436Xca3Zz0OprlzrWi9+9KHCT/iLcf0mwydfOAEpJozxVaNIo2AFkyM7W6ZRtVSoVy0,Q10,Vietcombank,25-35,Jul'25,Q3'25,Online,Female,Ho Chi Minh,MAFF,Techcombank,Vietcombank,MBBank,,,,Vietcombank,MBBank,Vietinbank,,,,,,,,9.0,"Sản phẩm dịch vụ của họ cũng tốt, nhưng tôi sử dụng dịch vụ của họ vì khôgn phải họ là ngân hàng lớn",Biểu phí dịch vụ khá cao,10,Giao diện dễ dùng,4,5,4,4,5,5,5,4,4,4,5,5,4.0,Banca,Tôi nhận thấy nhân viên tue vấn chưa tư vấn đầy đủ về loại bảo hiểm,4,4,4,4,5,4.0,Branch,"Một số nhân viên ở một số phòng giao dịch có thái độ hời hợt, thiếu chuyên nghiệp với khách hàng",9.0,9.0,10.0,10.0,10.0,9.0,,,,,MBBank,MBBank,MBBank,MBBank,MBBank,MBBank,MBBank,MBBank,,,0.0,,,,,,0.0,,,,,,0.0,,,,,,0.0,,,,,,0.0,,,,,,0.0,,,,,,0.0,,,,,,0.0,,,,,,0.0,,,,,,0.0,,,,,,0.0,,,,,,0.0,,,,Q3'25,0.0,0.0,0.9089655172413792,0.0,0.0,0.0,0.0,0.0,0.0,0.7786017922794117,0.0,0.0,0.0,0.0,0.0,0.0,,,,0.0,0.0,,0.0,0.0,,,0.0,0.0,0.0,0.0,0.0,0.0,0.0,0.0,0.0,0.0,0.0,0.0,0.0,0.0,,0.0,,0.0,,0.0,0.0,0.0,0.0,0.7788057215073529,0.0,0.0,,0.0,,0.0,0.0,0.0,0.0,0.0,0.0,0.0,0.0,0.0,0.0,0.0,,0.0,0.0,,
1826,Q1_Jul'25###40437CrgOGUDFwfNARW95tXDfxg==,40437CrgOGUDFwfNARW95tXDfxg==,Q1,VPBank,46-55,Jul'25,Q3'25,Offline,Male,Ha Noi,AFF,Vietcombank,VPBank,,,,,VPBank,,MBBank,Vietinbank,Techcombank,ACB,BIDV,,,,9.0,"Giao dịch nhanh chóng,chính xác và thuận tiện",Không có,9,"Giao diện bắt mắt,dễ sử dụng và tích hợp nhiều tiện ích phục vụ nhu cầu của khách hàng",4,5,4,5,5,4, I do not use this bank product, I do not use this bank product,4, I do not use this bank product, I do not use this bank product, I do not use this bank product,4.0,Terms deposit,Lãi suất tiền gửi chưa thật sự hấp dẫn,5,Not use in recent 1 month,Not use in recent 1 month,Not use in recent 1 month,5,,,,9.0,9.0,10.0,10.0,9.0,9.0,VPBank,VPBank,VPBank,VPBank,,,,,VPBank,VPBank,VPBank,VPBank,,,,,,1.0,,,,,,1.0,,,,,,1.0,,,,,,1.0,,,,,,0.0,,,,,,0.0,,,,,,0.0,,,,,,0.0,,,,,,1.0,,,,,,1.0,,,,,,1.0,,,,,,1.0,Q3'25,1.0202941176470588,0.0,1.0203448275862068,0.0,0.0,1.0885365205652573,0.0,0.0,,1.0885710097616632,,0.0,0.0,0.0,0.0,0.0,,,,,,0.0,,0.0,0.0,0.0,,0.0,0.0,0.0,,1.088203125,,0.0,,0.0,,0.0,,0.0,,0.0,,0.0,,1.0889143688725489,,0.0,,1.088203125,,0.0,0.0,0.0,,0.0,0.0,0.0,,0.0,,0.0,0.0,0.0,0.0,,0.0,0.0,0.0,,
1827,Q1_Jul'25###40438l+m/ZaV2k+y7QwlHK9Xi4OS0JuwiVEKdGYqa+cKYTHo=,40438l+m/ZaV2k+y7QwlHK9Xi4OS0JuwiVEKdGYqa+cKYTHo=,Q1,MBBank,36-45,Jul'25,Q3'25,Online,Female,Ho Chi Minh,MAFF,MBBank,,,,,,MBBank,,Vietcombank,,,,,,,,10.0,"GIAO DỊCH NHANH CHÓNG ,GIAO DIỆN BẮT MẮT",KHÔNG CÓ ĐIỂM GÌ,10,"DỄ DÀNG SỬ DỤNG,NHIỀU ƯU ĐÃI TỐT",4,4,4,5,5, I do not use this bank product, I do not use this bank product,4,5, I do not use this bank product, I do not use this bank product, I do not use this bank product,4.0,Banca,CHI PHÍ CHI TRẢ CHO BẢO HIỂM CAO HƠN SO VỚI QUYỀN LỢI MÀ BẢO HIỂM MANG LẠI,5,Not use in recent 1 month,Not use in recent 1 month,Not use in recent 1 month,5,,,,10.0,10.0,10.0,10.0,10.0,10.0,,,,,MBBank,Vietcombank,MBBank,MBBank,MBBank,MBBank,MBBank,Vietcombank,,,,,0.0,,,,,,0.0,,,,,,0.0,,,,,,0.0,,,,,,1.0,,,,,,0.0,,,,,,1.0,,,,,,1.0,,,,,,1.0,,,,,,1.0,,,,,,1.0,,,,,,0.0,,Q3'25,1.041777777777778,0.0,1.0417857142857143,0.0,0.0,1.0596181832107845,0.0,0.0,0.0,1.059550367647059,0.0,0.0,,0.0,0.0,0.0,,,,0.0,,0.0,,1.0597723094919789,,0.0,0.0,0.0,,0.0,0.0,0.0,,0.0,,0.0,0.0,0.0,,,0.0,0.0,,0.0,,1.0601833129084968,,0.0,,0.0,0.0,0.0,,0.0,,0.0,,0.0,,0.0,,0.0,,0.0,0.0,0.0,0.0,0.0,,,
1828,Q1_Jul'25###40439Pv+HWKrrYjAH9XHKnk4Sk0jzzNgKdil3PAn+Hrg2mhc=,40439Pv+HWKrrYjAH9XHKnk4Sk0jzzNgKdil3PAn+Hrg2mhc=,Q1,MBBank,25-35,Jul'25,Q3'25,Online,Male,Ho Chi Minh,MAFF,MBBank,VPBank,Techcombank,,,,MBBank,Techcombank,BIDV,MSB,ACB,Vietcombank,,,,,8.0,giao dịch liền mạch hơn và ít gián đoạn hơn,,10,bảo mật tốt và không bị lỗi khi sử dụng,4,5,4,5,4,5,5, I do not use this bank product,4, I do not use this bank product, I do not use this bank product, I do not use this bank product,4.0,Terms deposit,lãi suất chưa thật sự tốt,4,5,4,5,5,4.0,Call Center,kênh hỗ trợ luôn bị tình trạng nghẽn mạng,9.0,9.0,9.0,10.0,9.0,8.0,,,,,Techcombank,Techcombank,Techcombank,Techcombank,Techcombank,Techcombank,Techcombank,Techcombank,,,,,0.0,,,,,,0.0,,,,,,0.0,,,,,,0.0,,,,,,0.0,,,,,,0.0,,,,,,0.0,,,,,,0.0,,,,,,0.0,,,,,,0.0,,,,,,0.0,,,,,,0.0,,Q3'25,1.041777777777778,0.0,0.0,0.0,0.0,0.0,0.9196296296296296,0.0,0.0,0.0,0.0,0.0,,0.0,0.0,0.0,,,,0.9196296296296296,,0.0,,0.0,,0.0,0.0,0.0,,0.0,0.0,0.0,,0.0,,0.0,0.0,0.0,,,0.0,0.0,,0.0,,0.0,,0.0,,0.0,0.0,0.0,,0.0,,0.0,,0.0,,0.0,,0.0,,0.0,0.0,0.0,0.0,0.0,,,
1829,Q10_Jul'25###40439Pv+HWKrrYjAH9XHKnk4Sk0jzzNgKdil3PAn+Hrg2mhc=,40439Pv+HWKrrYjAH9XHKnk4Sk0jzzNgKdil3PAn+Hrg2mhc=,Q10,Techcombank,25-35,Jul'25,Q3'25,Online,Male,Ho Chi Minh,MAFF,MBBank,VPBank,Techcombank,,,,MBBank,Techcombank,BIDV,MSB,ACB,Vietcombank,,,,,10.0,dịch vụ hỗ trợ tốt và ngân hàng có uy tín lâu năm,có thêm nhiều hoạt động tri ân khách hàng hơn,10,bảo mật tốt và dễ dàng sử dụng,5,5,5,5,5,5,5,5,5,I do not use this bank product,I do not use this bank product,I do not use this bank product,,,,5,5,5,5,5,,,,9.0,10.0,9.0,10.0,9.0,10.0,,,,,Techcombank,Techcombank,Techcombank,Techcombank,Techcombank,Techcombank,Techcombank,Techcombank,0.0,,,,,,0.0,,,,,,0.0,,,,,,0.0,,,,,,1.0,,,,,,1.0,,,,,,1.0,,,,,,1.0,,,,,,1.0,,,,,,1.0,,,,,,1.0,,,,,,1.0,,,,,,Q3'25,0.0,0.0,0.8402499999999999,0.8403076923076923,0.0,0.0,0.0,0.0,0.0,0.9004885110294116,,0.9005503393665156,,0.0,0.0,0.0,,,,0.0,,0.0,,0.0,,0.0,,0.0,,0.0,,0.0,,0.0,,0.0,,0.0,0.0,0.0,,,,0.0,,0.0,,0.0,,0.9007846362229102,,0.0,,0.0,,0.0,,0.9006766270337921,,0.0,,0.0,0.0,0.0,,,,0.0,0.0,,
1830,Q1_Jul'25###40440ULUCK2kbDCmNvd2oSTQLXYUCzZa6U61nrbNWUaQQ4Bs=,40440ULUCK2kbDCmNvd2oSTQLXYUCzZa6U61nrbNWUaQQ4Bs=,Q1,MBBank,36-45,Jul'25,Q3'25,Online,Female,Ho Chi Minh,MAFF,MBBank,,,,,,MBBank,,Techcombank,,,,,,,,10.0,"ứng dụng dễ sử dụng, giao dịch an toàn",nên mở rộng ATM,10,Ung dụng thân thiện dễ sử dụng,5,5,5,5,5, I do not use this bank product, I do not use this bank product,5,5, I do not use this bank product, I do not use this bank product, I do not use this bank product,,,,5,Not use in recent 1 month,Not use in recent 1 month,Not use in recent 1 month,5,,,,10.0,10.0,10.0,10.0,10.0,9.0,,,,,MBBank,MBBank,MBBank,Techcombank,MBBank,Techcombank,MBBank,MBBank,,,,,0.0,,,,,,0.0,,,,,,0.0,,,,,,0.0,,,,,,1.0,,,,,,1.0,,,,,,1.0,,,,,,0.0,,,,,,1.0,,,,,,0.0,,,,,,1.0,,,,,,1.0,,Q3'25,1.041777777777778,1.0417241379310345,0.0,0.0,0.0,1.0596181832107845,0.0,1.0594298066448804,0.0,0.0,0.0,0.0,,0.0,0.0,0.0,,,,0.0,,0.0,,1.0597723094919789,,0.0,0.0,0.0,,0.0,0.0,0.0,,0.0,,0.0,0.0,1.0591943359375,,,0.0,0.0,,0.0,,0.0,,0.0,,0.0,0.0,0.0,,0.0,,0.0,,0.0,,0.0,,0.0,,0.0,0.0,0.0,0.0,0.0,,,
1831,Q1_Jul'25###40441F4skXOhEeWRk8JgSDjU6xkgFakHWS4ER8Xy/C3QQZ5A=,40441F4skXOhEeWRk8JgSDjU6xkgFakHWS4ER8Xy/C3QQZ5A=,Q1,Techcombank,36-45,Jul'25,Q3'25,Online,Male,Ho Chi Minh,MAFF,Techcombank,Vietcombank,BIDV,MBBank,,,Techcombank,BIDV,VPBank,,,,,,,,10.0,"dịch vụ tốt, an toàn, bảo mật",đã rất tốt,10,ứng dụng sử dụng tốt,5,5,5,5,5,5,5,5,5,5,5,5,,,,5,5,5,5,5,,,,10.0,10.0,10.0,10.0,10.0,10.0,,,,,Techcombank,Techcombank,Techcombank,Techcombank,Techcombank,Techcombank,Techcombank,Techcombank,0.0,,,,,,0.0,,,,,,0.0,,,,,,0.0,,,,,,1.0,,,,,,1.0,,,,,,1.0,,,,,,1.0,,,,,,1.0,,,,,,1.0,,,,,,1.0,,,,,,1.0,,,,,,Q3'25,0.0,0.8404444444444444,0.8402499999999999,0.0,0.0,0.0,0.0,0.9004641544117645,0.0,0.9004885110294116,,0.0,,0.0,0.0,0.0,,,,0.0,,0.0,,0.0,,0.0,,0.0,,0.0,,0.0,,0.0,,0.0,,0.9002205882352939,0.0,0.0,,,,0.0,,0.0,,0.0,,0.9007846362229102,,0.0,,0.0,,0.0,,0.0,,0.0,,0.0,0.0,0.0,,,,0.0,0.0,,
1832,Q10_Jul'25###40441F4skXOhEeWRk8JgSDjU6xkgFakHWS4ER8Xy/C3QQZ5A=,40441F4skXOhEeWRk8JgSDjU6xkgFakHWS4ER8Xy/C3QQZ5A=,Q10,BIDV,36-45,Jul'25,Q3'25,Online,Male,Ho Chi Minh,MAFF,Techcombank,Vietcombank,BIDV,MBBank,,,Techcombank,BIDV,VPBank,,,,,,,,9.0,dịch vụ tin cậy chu đáo,đã rất tốt,9,ứng dụng dễ dùng,5,5,5,5,5,5,5,5,5,5,5,5,,,,5,5,5,5,5,,,,10.0,10.0,10.0,10.0,10.0,10.0,,,,,Techcombank,Techcombank,Techcombank,Techcombank,Techcombank,Techcombank,Techcombank,Techcombank,,,,0.0,,,,,,0.0,,,,,,0.0,,,,,,0.0,,,,,,0.0,,,,,,0.0,,,,,,0.0,,,,,,0.0,,,,,,0.0,,,,,,0.0,,,,,,0.0,,,,,,0.0,,,Q3'25,0.0,0.0,1.0752,1.0751923076923076,0.0,0.0,0.0,0.0,0.0,1.009518119747899,0.0,1.0095707179930795,0.0,0.0,0.0,0.0,,,,,0.0,0.0,,0.0,0.0,0.0,0.0,0.0,,0.0,0.0,0.0,,0.0,,0.0,0.0,0.0,,,,,,,,0.0,0.0,0.0,0.0,1.0092945772058823,0.0,0.0,,1.0092945772058823,0.0,0.0,,0.0,,0.0,,0.0,0.0,0.0,0.0,0.0,0.0,0.0,0.0,,
1833,Q1_Jul'25###40442O8ungrkj+9fFCeq7ecl4yP0LCC3u98dOkKu+OcAO0D8=,40442O8ungrkj+9fFCeq7ecl4yP0LCC3u98dOkKu+OcAO0D8=,Q1,BIDV,25-35,Jul'25,Q3'25,Online,Male,Ha Noi,MAFF,Techcombank,Vietcombank,BIDV,,,,Vietcombank,BIDV,Vietinbank,ACB,MBBank,,,,,,8.0,cải thiện chất lượng sử dụng app và tuỳ biến giao diện,,7,cải thiện hiệu năng ứng dụng,4,5,3,4,4,4,5,3,4,3,4,4,3.0,Banca,bảo hiểm còn nhiều hạn chế về dịch vụ,3,5,4,4,3,3.0,Branch,chi nhánh còn ít,7.0,7.0,8.0,7.0,7.0,8.0,,,,,ACB,BIDV,MBBank,Vietcombank,Techcombank,BIDV,Techcombank,Vietinbank,,,,0.0,,,,,,0.0,,,,,,0.0,,,,,,0.0,,,,,,0.0,,,,,,1.0,,,,,,0.0,,,,,,0.0,,,,,,0.0,,,,,,1.0,,,,,,0.0,,,,,,0.0,,,Q3'25,1.075161290322581,0.0,0.0,0.0,0.0,0.0,1.5162808641975307,0.0,0.0,0.0,0.0,0.0,0.0,0.0,0.0,0.0,,,,,0.0,0.0,,0.0,1.5162808641975307,0.0,1.5233333333333332,0.0,,0.0,0.0,0.0,,0.0,,0.0,0.0,0.0,,,,,,,,0.0,0.0,0.0,0.0,0.0,0.0,0.0,,0.0,0.0,0.0,,0.0,,0.0,,0.0,0.0,0.0,0.0,0.0,0.0,0.0,0.0,,
1834,Q10_Jul'25###40442O8ungrkj+9fFCeq7ecl4yP0LCC3u98dOkKu+OcAO0D8=,40442O8ungrkj+9fFCeq7ecl4yP0LCC3u98dOkKu+OcAO0D8=,Q10,Vietcombank,25-35,Jul'25,Q3'25,Online,Male,Ha Noi,MAFF,Techcombank,Vietcombank,BIDV,,,,Vietcombank,BIDV,Vietinbank,ACB,MBBank,,,,,,7.0,cải thiện hiệu năng ứng dụng,,8,cải thiện giao diện,3,4,4,4,3,3,4,3,5,4,4,3,3.0,Debit/CASA,cải thiện nâng cấp ứng dụng,4,5,4,3,4,3.0,Fanpage,tốc độ còn chậm với nhu cầu,8.0,8.0,9.0,8.0,7.0,7.0,,,,,ACB,BIDV,MBBank,Vietcombank,Techcombank,BIDV,Techcombank,Vietinbank,,,0.0,,,,,,0.0,,,,,,0.0,,,,,,0.0,,,,,,0.0,,,,,,0.0,,,,,,0.0,,,,,,1.0,,,,,,0.0,,,,,,0.0,,,,,,0.0,,,,,,0.0,,,,Q3'25,0.9091666666666666,0.0,0.0,0.0,0.0,0.0,1.785244984567901,0.0,0.0,0.0,0.0,0.0,0.0,0.0,0.0,0.0,,,,0.0,0.0,,0.0,0.0,,,1.787700617283951,0.0,0.0,0.0,0.0,0.0,0.0,0.0,0.0,0.0,0.0,0.0,0.0,0.0,,0.0,,0.0,,0.0,0.0,0.0,0.0,0.0,0.0,0.0,,0.0,,0.0,0.0,0.0,0.0,0.0,0.0,0.0,0.0,0.0,0.0,0.0,,0.0,0.0,,
1835,Q1_Jul'25###40443tsltY1677qDHO+gxjkM3//AyyvPOFgxyhD0v0TOOvAQ=,40443tsltY1677qDHO+gxjkM3//AyyvPOFgxyhD0v0TOOvAQ=,Q1,MBBank,36-45,Jul'25,Q3'25,Online,Male,Ha Noi,MAFF,Techcombank,ACB,MBBank,,,,Techcombank,MBBank,MSB,Vietinbank,Vietcombank,BIDV,VPBank,,,,9.0,Chất lượng cao và rất tuyệt vời,Bổ sung thêm nhiều chương trình khuyến mãi lớn,9,"Đơn giản, chất lượng và hiệu quả",4,4,5,4,5,5,5,4,5,4,5,4,4.0,Unsecured Loan/ Overdraft without Collateral,Cần đổi mới sáng tạo hơn,4,4,5,4,5,4.0,Branch,"Mở rộng thêm nhiều chi nhánh, văn phòng hơn",9.0,10.0,9.0,10.0,9.0,10.0,,,,,Techcombank,MBBank,Vietcombank,Techcombank,Techcombank,MBBank,MBBank,Vietcombank,,,,,0.0,,,,,,0.0,,,,,,0.0,,,,,,0.0,,,,,,0.0,,,,,,1.0,,,,,,0.0,,,,,,0.0,,,,,,0.0,,,,,,1.0,,,,,,1.0,,,,,,0.0,,Q3'25,0.0,0.0,1.0417857142857143,0.0,0.0,0.0,0.0,0.0,0.0,1.059550367647059,0.0,0.0,,0.0,0.0,0.0,,,,0.0,,0.0,,0.0,,0.0,0.0,0.0,,0.0,0.0,0.0,,0.0,,0.0,0.0,0.0,,,0.0,0.0,,0.0,,0.0,,0.0,,1.0597723094919789,0.0,0.0,,0.0,,0.0,,0.0,,0.0,,0.0,,0.0,0.0,0.0,0.0,0.0,,,
1836,Q10_Jul'25###40443tsltY1677qDHO+gxjkM3//AyyvPOFgxyhD0v0TOOvAQ=,40443tsltY1677qDHO+gxjkM3//AyyvPOFgxyhD0v0TOOvAQ=,Q10,Techcombank,36-45,Jul'25,Q3'25,Online,Male,Ha Noi,MAFF,Techcombank,ACB,MBBank,,,,Techcombank,MBBank,MSB,Vietinbank,Vietcombank,BIDV,VPBank,,,,10.0,Thương hiệu uy tín và chất lượng cao,Thêm nhiều dịch vụ và khuyến mãi lớn cho khách hàng,10,"Nhanh chóng, an toàn và chất lượng tốt",5,5,4,5,4,5,5,4,5,4,5,4,4.0,Unsecured Loan/ Overdraft without Collateral,Đơn giản thủ tục và hiệu quả hơn,5,5,4,5,4,4.0,Call Center,"Chuyên nghiệp, nhanh chóng và chu đáo hơn",10.0,9.0,10.0,9.0,10.0,9.0,,,,,Techcombank,MBBank,Vietcombank,Techcombank,Techcombank,MBBank,MBBank,Vietcombank,0.0,,,,,,0.0,,,,,,0.0,,,,,,0.0,,,,,,1.0,,,,,,0.0,,,,,,0.0,,,,,,1.0,,,,,,1.0,,,,,,0.0,,,,,,0.0,,,,,,0.0,,,,,,Q3'25,0.0,0.0,0.8402499999999999,0.8403076923076923,0.0,0.0,0.0,0.0,0.0,0.9004885110294116,,0.9005503393665156,,0.0,0.0,0.0,,,,0.0,,0.0,,0.0,,0.0,,0.0,,0.0,,0.0,,0.0,,0.0,,0.0,0.0,0.0,,,,0.0,,0.0,,0.0,,0.9007846362229102,,0.0,,0.0,,0.0,,0.9006766270337921,,0.0,,0.0,0.0,0.0,,,,0.0,0.0,,
1837,Q1_Jul'25###40444u3UQKCmILwYSTNGS6Xn9QL+4vJH+SzV16qVPjwCxCEU=,40444u3UQKCmILwYSTNGS6Xn9QL+4vJH+SzV16qVPjwCxCEU=,Q1,Techcombank,36-45,Jul'25,Q3'25,Online,Female,Ha Noi,MAFF,ACB,MBBank,Techcombank,,,,MBBank,Techcombank,Vietinbank,Vietcombank,BIDV,VPBank,MSB,,,,10.0,Thương hiệu uy tín và chất lượng tốt,Thêm nhiều chương trình khuyến mãi lớn,10,"Hợp lý, đa dạng và chất lượng",4,5,5,4,5,4,5,5,4,5,4,5,4.0,Terms deposit,Nâng cao chất lượng và cạnh tranh hơn,5,4,4,5,4,4.0,Telesales,Chuyên nghiệp và chu đáo hơn,9.0,10.0,9.0,10.0,9.0,10.0,,,,,Techcombank,Techcombank,MBBank,Vietcombank,Vietcombank,Techcombank,MBBank,MBBank,0.0,,,,,,0.0,,,,,,0.0,,,,,,0.0,,,,,,1.0,,,,,,1.0,,,,,,0.0,,,,,,0.0,,,,,,0.0,,,,,,1.0,,,,,,0.0,,,,,,0.0,,,,,,Q3'25,0.0,0.0,0.8402499999999999,0.8403076923076923,0.0,0.0,0.0,0.0,0.0,0.9004885110294116,,0.9005503393665156,,0.0,0.0,0.0,,,,0.0,,0.0,,0.0,,0.0,,0.0,,0.0,,0.0,,0.0,,0.0,,0.0,0.0,0.0,,,,0.0,,0.0,,0.0,,0.9007846362229102,,0.0,,0.0,,0.0,,0.9006766270337921,,0.0,,0.0,0.0,0.0,,,,0.0,0.0,,
1838,Q10_Jul'25###40444u3UQKCmILwYSTNGS6Xn9QL+4vJH+SzV16qVPjwCxCEU=,40444u3UQKCmILwYSTNGS6Xn9QL+4vJH+SzV16qVPjwCxCEU=,Q10,MBBank,36-45,Jul'25,Q3'25,Online,Female,Ha Noi,MAFF,ACB,MBBank,Techcombank,,,,MBBank,Techcombank,Vietinbank,Vietcombank,BIDV,VPBank,MSB,,,,9.0,"Đa dạng, độc đáo và chất lượng",Bổ sung thêm nhiều chương trình khuyến mãi lớn,9,"Chất lượng, hiệu quả và phong cách",5,4,4,5,4,4,5,5,4,5,4,5,4.0,Terms deposit,Cạnh tranh về lãi suất hơn,4,5,5,4,5,4.0,Branch,"Bổ sung, mở rộng thêm nhiều chi nhánh, văn phòng",10.0,9.0,10.0,9.0,10.0,9.0,,,,,Techcombank,Techcombank,MBBank,Vietcombank,Vietcombank,Techcombank,MBBank,MBBank,,,,,0.0,,,,,,0.0,,,,,,0.0,,,,,,0.0,,,,,,0.0,,,,,,0.0,,,,,,1.0,,,,,,0.0,,,,,,0.0,,,,,,0.0,,,,,,1.0,,,,,,1.0,,Q3'25,0.0,1.0417241379310345,1.0417857142857143,0.0,0.0,0.0,0.0,1.0594298066448804,0.0,1.059550367647059,0.0,0.0,,0.0,0.0,0.0,,,,0.0,,0.0,,0.0,,0.0,0.0,0.0,,0.0,0.0,0.0,,0.0,,1.0599572610294117,0.0,0.0,,,0.0,0.0,,0.0,,0.0,,0.0,,1.0597723094919789,0.0,0.0,,0.0,,0.0,,0.0,,0.0,,0.0,,0.0,0.0,0.0,0.0,0.0,,,
1839,Q1_Jul'25###40445CeMQ0sm+84B4gzEOOe1nmzlUVQzQvvZ2LRQj7TKlGtQ=,40445CeMQ0sm+84B4gzEOOe1nmzlUVQzQvvZ2LRQj7TKlGtQ=,Q1,VPBank,36-45,Jul'25,Q3'25,Online,Female,Ho Chi Minh,MAFF,VPBank,,,,,,VPBank,,Vietcombank,,,,,,,,10.0,"Giao dịch nhanh chóng, có nhiều các tính năng",mở rộng ATM nhiều nơi,10,"ứng dụng dễ sử dụng, giao diện thân thiện,gần gũi",5,5,5,5,5, I do not use this bank product, I do not use this bank product,5,5, I do not use this bank product, I do not use this bank product, I do not use this bank product,,,,5,Not use in recent 1 month,5,Not use in recent 1 month,5,,,,10.0,10.0,10.0,10.0,9.0,10.0,,,,,VPBank,VPBank,VPBank,Vietcombank,VPBank,VPBank,VPBank,VPBank,,,,,,0.0,,,,,,0.0,,,,,,0.0,,,,,,0.0,,,,,,1.0,,,,,,1.0,,,,,,1.0,,,,,,0.0,,,,,,1.0,,,,,,1.0,,,,,,1.0,,,,,,1.0,Q3'25,0.0,1.0202777777777776,1.0203448275862068,0.0,0.0,0.0,0.0,1.088499476613562,,1.0885710097616632,,0.0,0.0,0.0,0.0,0.0,,,,,,0.0,,0.0,0.0,0.0,,0.0,0.0,0.0,,0.0,,0.0,,1.0887958282271244,,0.0,,0.0,,0.0,,0.0,,1.0889143688725489,,0.0,,0.0,,0.0,0.0,0.0,,0.0,0.0,0.0,,0.0,,0.0,0.0,0.0,0.0,,0.0,0.0,0.0,,
1840,Q1_Jul'25###40446nZ5TKawAY4WdKNMmjH5r15RdYoj5GnpljnYl6m8iQ0o=,40446nZ5TKawAY4WdKNMmjH5r15RdYoj5GnpljnYl6m8iQ0o=,Q1,MBBank,25-35,Jul'25,Q3'25,Online,Female,Ha Noi,MAFF,VPBank,BIDV,MBBank,,,,MBBank,,Vietinbank,Techcombank,ACB,Vietcombank,,,,,10.0,"ngân hàng lớn uy tín cao, có nhiều atm và chi nhánh",lãi suất tiền gửi cao hơn,9,ứng dụng có đa dạng các tiện ích dịch vụ tôi cần,5,4,4,5,5,4,5,4,3,4,4,4,3.0,Terms deposit,lãi suất tiền gửi thấp so các ngân hàng khác,4,4,5,5,4,4.0,ATM,ATM ở chi nhánh hiện đại hơn các atm thông thường chỉ rút tiền.,9.0,8.0,9.0,8.0,9.0,9.0,,,,,MBBank,MBBank,MBBank,MBBank,MBBank,MBBank,MBBank,Missing lable,,,,,0.0,,,,,,0.0,,,,,,0.0,,,,,,0.0,,,,,,1.0,,,,,,1.0,,,,,,1.0,,,,,,1.0,,,,,,1.0,,,,,,1.0,,,,,,1.0,,,,,,0.0,,Q3'25,1.041777777777778,0.0,0.0,1.0416363636363637,0.0,1.0596181832107845,0.0,0.0,0.0,0.0,0.0,1.0595873579545456,,0.0,0.0,0.0,,,,0.0,,0.0,,0.0,,0.0,0.0,1.0596181832107845,,1.059860381652661,0.0,0.0,,0.0,,0.0,0.0,0.0,,,0.0,0.0,,0.0,,0.0,,0.0,,0.0,0.0,0.0,,0.0,,0.0,,1.0596595341642756,,0.0,,0.0,,0.0,0.0,0.0,0.0,0.0,,,
1841,Q1_Jul'25###404471lbUGrYM1lqybIeq6RYRObCfCJraOUX9n6i89xSbsaI=,404471lbUGrYM1lqybIeq6RYRObCfCJraOUX9n6i89xSbsaI=,Q1,VPBank,36-45,Jul'25,Q3'25,Online,Female,Ho Chi Minh,MAFF,VPBank,,,,,,VPBank,,MBBank,,,,,,,,10.0,GIAO DỊCH DỄ DÀNG,KHÔNG CÓ ĐIỂM GÌ,10,NHIỀU ƯU ĐÃI HẤP DẪN,5,5,5,5,5, I do not use this bank product, I do not use this bank product,5,5, I do not use this bank product, I do not use this bank product, I do not use this bank product,,,,Not use in recent 1 month,Not use in recent 1 month,Not use in recent 1 month,5,Not use in recent 1 month,,,,10.0,10.0,10.0,10.0,10.0,10.0,,,,,VPBank,VPBank,MBBank,VPBank,VPBank,MBBank,VPBank,VPBank,,,,,,0.0,,,,,,0.0,,,,,,0.0,,,,,,0.0,,,,,,1.0,,,,,,1.0,,,,,,0.0,,,,,,1.0,,,,,,1.0,,,,,,0.0,,,,,,1.0,,,,,,1.0,Q3'25,1.0202941176470588,0.0,0.0,0.0,0.0,1.0885365205652573,0.0,0.0,,0.0,,0.0,0.0,0.0,0.0,0.0,,,,,,0.0,,0.0,0.0,0.0,,0.0,0.0,0.0,,1.088203125,,0.0,,0.0,,0.0,,0.0,,0.0,,0.0,,0.0,,0.0,,0.0,,0.0,0.0,0.0,,0.0,0.0,0.0,,0.0,,0.0,0.0,0.0,0.0,,0.0,0.0,0.0,,
1842,Q1_Jul'25###40448dAewa4xAbfzAzSqJn+ZApGrrFFI6hBUuzJolb+TbV04=,40448dAewa4xAbfzAzSqJn+ZApGrrFFI6hBUuzJolb+TbV04=,Q1,ACB,36-45,Jul'25,Q3'25,Online,Female,Ha Noi,MAFF,ACB,,,,,,ACB,,Vietinbank,,,,,,,,10.0,"giao diện dễ sử dụng, uy tín, an toàn",thời gian sử lý tại quầy hơi chậm,10,"ứng dụng acb dễ sử dụng, giao diện thân thiện",5,5,5,5,5, I do not use this bank product, I do not use this bank product,5,5, I do not use this bank product, I do not use this bank product, I do not use this bank product,,,,5,Not use in recent 1 month,5,Not use in recent 1 month,5,,,,10.0,10.0,10.0,10.0,10.0,10.0,,,,,Vietinbank,ACB,ACB,ACB,Vietinbank,ACB,ACB,ACB,,0.0,,,,,,0.0,,,,,,0.0,,,,,,0.0,,,,,,0.0,,,,,,1.0,,,,,,1.0,,,,,,1.0,,,,,,0.0,,,,,,1.0,,,,,,1.0,,,,,,1.0,,,,,Q3'25,1.086875,1.0867857142857142,0.0,1.087,0.0,1.1399762834821427,0.0,1.1402399067265794,0.0,0.0,0.0,1.140092545638945,0.0,0.0,0.0,0.0,,,,0.0,,0.0,,1.139152113970588,0.0,0.0,,0.0,0.0,0.0,0.0,0.0,,0.0,0.0,0.0,,1.140487132352941,,0.0,,0.0,,0.0,,0.0,0.0,0.0,,0.0,0.0,0.0,0.0,0.0,,0.0,,1.140069939108456,0.0,0.0,,0.0,0.0,0.0,0.0,,,0.0,0.0,,
1843,Q1_Jul'25###40449xGI05X9H2XxZEiAkCe6rNB5LtPH1HHMsl+wXEpV4is4=,40449xGI05X9H2XxZEiAkCe6rNB5LtPH1HHMsl+wXEpV4is4=,Q1,VPBank,25-35,Jul'25,Q3'25,Online,Male,Ho Chi Minh,MAFF,VPBank,Vietcombank,BIDV,,,,VPBank,,ACB,MBBank,MSB,Vietinbank,Techcombank,,,,9.0,ngân hàng có dịch vụ hiện đại dễ sử dụng,có thêm nhiều dịch vụ online hoàn toàn tự động,9,ứng dụng ngân hàng di động bảo mật cao dễ sử dụng và thao tác,4,4,4,4,5,4,5,5,4,5,4,4,4.0,Debit,thẻ ghi nợ vẫn phát sinh một số loại phí khi sử dụng,4,4,4,5,4,4.0,Telesales,kênh bán hàng này tôi không tin tưởng hoàn toàn,9.0,8.0,8.0,9.0,8.0,8.0,,,,,VPBank,VPBank,VPBank,Vietcombank,Vietcombank,VPBank,VPBank,VPBank,,,,,,0.0,,,,,,0.0,,,,,,0.0,,,,,,0.0,,,,,,1.0,,,,,,1.0,,,,,,1.0,,,,,,0.0,,,,,,0.0,,,,,,1.0,,,,,,1.0,,,,,,1.0,Q3'25,1.0202941176470588,0.0,1.0203448275862068,0.0,0.0,1.0885365205652573,0.0,0.0,,1.0885710097616632,,0.0,0.0,0.0,0.0,0.0,,,,,,0.0,,0.0,0.0,0.0,,0.0,0.0,0.0,,1.088203125,,0.0,,0.0,,0.0,,0.0,,0.0,,0.0,,0.0,,0.0,,1.088203125,,0.0,0.0,0.0,,0.0,0.0,0.0,,0.0,,0.0,0.0,0.0,0.0,,0.0,0.0,0.0,,
1844,Q1_Jul'25###404506Ummp7rMLvPqGfSHRAIXK1mrTzQUwd4iiaGmlLMiwfE=,404506Ummp7rMLvPqGfSHRAIXK1mrTzQUwd4iiaGmlLMiwfE=,Q1,ACB,36-45,Jul'25,Q3'25,Online,Female,Ha Noi,MAFF,ACB,,,,,,ACB,,Vietcombank,,,,,,,,10.0,"NHÂN VIÊN CHU ĐÁO,CHUYÊN NGHIỆP",MỞ NHIỀU CHI NHÁNH HƠN NỮA,10,DỄ DÀNG SỬ DỤNG,5,5,5,5,5, I do not use this bank product, I do not use this bank product,5,5, I do not use this bank product, I do not use this bank product, I do not use this bank product,,,,Not use in recent 1 month,Not use in recent 1 month,Not use in recent 1 month,Not use in recent 1 month,5,,,,10.0,10.0,10.0,10.0,10.0,10.0,,,,,ACB,ACB,ACB,Vietcombank,ACB,ACB,ACB,ACB,,0.0,,,,,,0.0,,,,,,0.0,,,,,,0.0,,,,,,1.0,,,,,,1.0,,,,,,1.0,,,,,,0.0,,,,,,1.0,,,,,,1.0,,,,,,1.0,,,,,,1.0,,,,,Q3'25,0.0,0.0,0.0,1.087,0.0,0.0,0.0,0.0,0.0,0.0,0.0,1.140092545638945,0.0,0.0,0.0,0.0,,,,0.0,,0.0,,0.0,0.0,0.0,,0.0,0.0,0.0,0.0,0.0,,0.0,0.0,0.0,,0.0,,0.0,,0.0,,0.0,,0.0,0.0,0.0,,0.0,0.0,1.1399912683823528,0.0,0.0,,0.0,,0.0,0.0,1.1398514093137253,,0.0,0.0,0.0,0.0,,,0.0,0.0,,
1845,Q1_Jul'25###40451bYpA1WuEg2712CfQ34XiBsJOVllxh4ilPRBcJsQutpE=,40451bYpA1WuEg2712CfQ34XiBsJOVllxh4ilPRBcJsQutpE=,Q1,ACB,36-45,Jul'25,Q3'25,Online,Female,Ha Noi,MAFF,ACB,,,,,,ACB,,Vietcombank,,,,,,,,10.0,ỨNG DỤNG NGÂN HÀNG SỐ TIỆN LỢI,KHÔNG CÓ ĐIỂM NÀO,10,"GIAO DỊCH NHANH CHÓNG,DỄ DÀNG",5,5,5,5,5, I do not use this bank product, I do not use this bank product,5,5, I do not use this bank product, I do not use this bank product, I do not use this bank product,,,,Not use in recent 1 month,Not use in recent 1 month,Not use in recent 1 month,Not use in recent 1 month,5,,,,10.0,10.0,10.0,10.0,10.0,10.0,,,,,ACB,Vietcombank,ACB,ACB,ACB,ACB,Vietcombank,ACB,,0.0,,,,,,0.0,,,,,,0.0,,,,,,0.0,,,,,,1.0,,,,,,0.0,,,,,,1.0,,,,,,1.0,,,,,,1.0,,,,,,1.0,,,,,,0.0,,,,,,1.0,,,,,Q3'25,1.086875,0.0,0.0,0.0,0.0,1.1399762834821427,0.0,0.0,0.0,0.0,0.0,0.0,0.0,0.0,0.0,0.0,,,,0.0,,0.0,,0.0,0.0,1.139152113970588,,0.0,0.0,0.0,0.0,0.0,,0.0,0.0,0.0,,0.0,,0.0,,0.0,,0.0,,0.0,0.0,0.0,,0.0,0.0,0.0,0.0,0.0,,0.0,,0.0,0.0,0.0,,0.0,0.0,0.0,0.0,,,0.0,0.0,,
1846,Q1_Jul'25###40452R5cewpXATFHHse4rzKX/cQ==,40452R5cewpXATFHHse4rzKX/cQ==,Q1,Techcombank,36-45,Jul'25,Q3'25,Offline,Female,Ha Noi,AFF,Techcombank,MBBank,,,,,Techcombank,,ACB,Vietcombank,BIDV,VPBank,MSB,Vietinbank,,,9.0,"Ngân hàng lớn và uy tín nhất tại việt nam
Giao diện thân thiện dễ sử dụng",Tăng lãi suất gửi tiết kiệm,9,"Giao diện thân thiện dễ sử dụng, ít bị lỗi",5,4,4,5,5, I do not use this bank product,5, I do not use this bank product,4, I do not use this bank product, I do not use this bank product, I do not use this bank product,4.0,Terms deposit,Lãi suất hơi thấp,5,Not use in recent 1 month,Not use in recent 1 month,Not use in recent 1 month,5,,,,9.0,9.0,10.0,9.0,9.0,9.0,Techcombank,Techcombank,Techcombank,Vietcombank,,,,,Techcombank,Techcombank,Techcombank,Techcombank,1.0,,,,,,1.0,,,,,,1.0,,,,,,0.0,,,,,,0.0,,,,,,0.0,,,,,,0.0,,,,,,0.0,,,,,,1.0,,,,,,1.0,,,,,,1.0,,,,,,1.0,,,,,,Q3'25,0.8404,0.0,0.0,0.8403076923076923,0.0,0.9006671262254901,0.0,0.0,0.0,0.0,,0.9005503393665156,,0.0,0.0,0.0,,,,0.0,,0.0,,0.900220588235294,,0.0,,0.0,,0.0,,0.0,,0.0,,0.0,,0.0,0.0,0.0,,,,0.0,,0.0,,0.0,,0.0,,0.0,,0.0,,0.0,,0.9006766270337921,,0.0,,0.0,0.0,0.0,,,,0.0,0.0,,
1847,Q1_Jul'25###40453HNwUD2ok1MEnDMvc1E+1Eg==,40453HNwUD2ok1MEnDMvc1E+1Eg==,Q1,VPBank,36-45,Jul'25,Q3'25,Offline,Male,Ho Chi Minh,MAFF,VPBank,,,,,,VPBank,,Vietcombank,BIDV,MBBank,Vietinbank,Techcombank,ACB,,,10.0,"Cung cấp nhiều sản phẩm đa dạng cho khách hàng dễ lựa chọn như thẻ tín dụng, vay mua nhà ô tô. Giao dịch chuyển khoản không tốn phí",Không có,10,"Giao diện dễ sử dụng tìm kiếm các mục nhanh chóng không bị lỗi mạng , tính bảo mật cao",4,5,4,4,5,5,4, I do not use this bank product,5, I do not use this bank product, I do not use this bank product, I do not use this bank product,4.0,Credit card,Phí trả thường niên hơi cao,Not use in recent 1 month,5,Not use in recent 1 month,Not use in recent 1 month,5,,,,10.0,9.0,10.0,9.0,10.0,8.0,,,,,VPBank,Techcombank,VPBank,VPBank,VPBank,ACB,VPBank,VPBank,,,,,,0.0,,,,,,0.0,,,,,,0.0,,,,,,0.0,,,,,,1.0,,,,,,0.0,,,,,,1.0,,,,,,1.0,,,,,,1.0,,,,,,0.0,,,,,,1.0,,,,,,1.0,Q3'25,0.0,1.0202777777777776,0.0,0.0,1.0202857142857142,0.0,0.0,1.088499476613562,,0.0,,0.0,0.0,1.0885472752609109,0.0,0.0,,,,,,0.0,,0.0,0.0,0.0,,0.0,0.0,0.0,,0.0,,0.0,,1.0887958282271244,,0.0,,0.0,,0.0,,0.0,,0.0,,0.0,,0.0,,0.0,0.0,0.0,,0.0,0.0,0.0,,0.0,,1.088203125,0.0,0.0,0.0,,0.0,0.0,0.0,,
1848,Q1_Jul'25###40454yH5PUMswzzxmH0B9Q4dP+Zc6dj1TuYY1mMPBywk1yEM=,40454yH5PUMswzzxmH0B9Q4dP+Zc6dj1TuYY1mMPBywk1yEM=,Q1,VPBank,25-35,Jul'25,Q3'25,Online,Female,Ho Chi Minh,MAFF,VPBank,Techcombank,Vietcombank,BIDV,,,VPBank,Techcombank,MSB,Vietinbank,ACB,MBBank,,,,,9.0,chất lượng cao và ổn định,dịch vụ cải thiện hơn nữa,8,ứng dụng hoạt động tốt,5,4,4,5,4,4,4,4,4,5,4,4,4.0,Terms deposit,còn có điều cần cải thiện,5,5,4,5,4,4.0,ATM,còn có điều cần cải thiện,7.0,7.0,8.0,7.0,7.0,7.0,,,,,VPBank,Vietcombank,VPBank,Techcombank,ACB,Techcombank,VPBank,VPBank,,,,,,0.0,,,,,,0.0,,,,,,0.0,,,,,,0.0,,,,,,1.0,,,,,,0.0,,,,,,1.0,,,,,,0.0,,,,,,0.0,,,,,,0.0,,,,,,1.0,,,,,,1.0,Q3'25,0.0,0.0,1.0203448275862068,0.0,0.0,0.0,0.0,0.0,,1.0885710097616632,,0.0,0.0,0.0,0.0,0.0,,,,,,0.0,,0.0,0.0,0.0,,0.0,0.0,0.0,,0.0,,0.0,,0.0,,0.0,,0.0,,0.0,,0.0,,0.0,,0.0,,1.088203125,,0.0,0.0,0.0,,0.0,0.0,0.0,,0.0,,0.0,0.0,0.0,0.0,,0.0,0.0,0.0,,
1849,Q10_Jul'25###40454yH5PUMswzzxmH0B9Q4dP+Zc6dj1TuYY1mMPBywk1yEM=,40454yH5PUMswzzxmH0B9Q4dP+Zc6dj1TuYY1mMPBywk1yEM=,Q10,Techcombank,25-35,Jul'25,Q3'25,Online,Female,Ho Chi Minh,MAFF,VPBank,Techcombank,Vietcombank,BIDV,,,VPBank,Techcombank,MSB,Vietinbank,ACB,MBBank,,,,,10.0,chất lượng cao và ổn định,dịch vụ cần cải thiện hơn nữa,10,ứng dụng hoạt động tốt và ổn định,5,5,5,5,4,5,5,5,5,4,4,4,4.0,Unsecured Loan/ Overdraft without Collateral,tài sản đảm bảo đôi khi quá lớn,5,4,5,5,5,4.0,Telesales,kênh bán hàng đôi khi bị mất tín hiệu,7.0,7.0,8.0,8.0,7.0,8.0,,,,,VPBank,Vietcombank,VPBank,Techcombank,ACB,Techcombank,VPBank,VPBank,0.0,,,,,,0.0,,,,,,0.0,,,,,,0.0,,,,,,0.0,,,,,,0.0,,,,,,0.0,,,,,,1.0,,,,,,0.0,,,,,,1.0,,,,,,0.0,,,,,,0.0,,,,,,Q3'25,0.0,0.0,0.8402499999999999,0.0,0.0,0.0,0.0,0.0,0.0,0.9004885110294116,,0.0,,0.0,0.0,0.0,,,,0.0,,0.0,,0.0,,0.0,,0.0,,0.0,,0.0,,0.0,,0.0,,0.0,0.0,0.0,,,,0.0,,0.0,,0.0,,0.9007846362229102,,0.0,,0.0,,0.0,,0.0,,0.0,,0.0,0.0,0.0,,,,0.0,0.0,,
1850,Q1_Jul'25###40455B2d30HYBKfziFeHoQWflC+830Nmzd5Lj+z6QycjcHgA=,40455B2d30HYBKfziFeHoQWflC+830Nmzd5Lj+z6QycjcHgA=,Q1,Techcombank,36-45,Jul'25,Q3'25,Online,Female,Ha Noi,MAFF,MBBank,VPBank,Techcombank,,,,Techcombank,,ACB,Vietcombank,BIDV,Vietinbank,,,,,9.0,"Nhiều dịch vụ phù hợp, lãi suất ổn định",Ưu đãi lãi suất cao hơn,10,"Ứng dụng mượt, thao tác nhanh",4,4,4,5,4,4, I do not use this bank product, I do not use this bank product,5, I do not use this bank product, I do not use this bank product,4,4.0,Debit,Tôi chưa biết nhiều về các tính năng của thẻ,4,Not use in recent 1 month,4,4,4,4.0,Call Center,Chờ hơi lâu,10.0,10.0,9.0,10.0,10.0,10.0,,,,,Techcombank,Techcombank,Techcombank,Techcombank,Techcombank,Techcombank,Techcombank,Techcombank,0.0,,,,,,0.0,,,,,,0.0,,,,,,0.0,,,,,,1.0,,,,,,1.0,,,,,,1.0,,,,,,1.0,,,,,,1.0,,,,,,1.0,,,,,,1.0,,,,,,1.0,,,,,,Q3'25,0.0,0.8404444444444444,0.0,0.0,0.8402777777777778,0.0,0.0,0.9004641544117645,0.0,0.0,,0.0,,0.900555491727941,0.0,0.0,,,,0.0,,0.0,,0.0,,0.0,,0.0,,0.0,,0.0,,0.0,,0.9006865409207159,,0.0,0.0,0.0,,,,0.0,,0.0,,0.0,,0.0,,0.0,,0.0,,0.0,,0.0,,0.0,,0.0,0.0,0.9002205882352939,,,,0.0,0.0,,
1851,Q1_Jul'25###40456kFfX52zuozS57dSClTXC+OWUU2FNCdsoCTEpXubm+zo=,40456kFfX52zuozS57dSClTXC+OWUU2FNCdsoCTEpXubm+zo=,Q1,BIDV,36-45,Jul'25,Q3'25,Online,Male,Ho Chi Minh,MAFF,BIDV,MBBank,Techcombank,,,,BIDV,,Vietcombank,VPBank,,,,,,,10.0,Tôi cảm thấy dịch vụ của BIDV rất tốt và tuyệt vời.,Tôi nghĩ là thời gian phản hồi câu hỏi của khách hàng.,10,Ứng dụng dễ dùng và rất hữu ích.,5,4,5,4,4,4,4,5,5,4,4,5,4.0,Debit,Tôi nghĩ có thể cải thiện thêm và ngoại hình để đẹp hơn.,4,4,5,5,5,4.0,Branch,Tôi nghĩ các chi nhánh không quá gần nơi tôi ở.,9.0,10.0,10.0,9.0,10.0,9.0,,,,,Techcombank,MBBank,Vietcombank,BIDV,BIDV,BIDV,Vietcombank,Techcombank,,,,0.0,,,,,,0.0,,,,,,0.0,,,,,,0.0,,,,,,0.0,,,,,,0.0,,,,,,0.0,,,,,,1.0,,,,,,1.0,,,,,,1.0,,,,,,0.0,,,,,,0.0,,,Q3'25,0.0,0.0,1.0752,0.0,0.0,0.0,0.0,0.0,0.0,1.009518119747899,0.0,0.0,0.0,0.0,0.0,0.0,,,,,0.0,0.0,,0.0,0.0,0.0,0.0,0.0,,0.0,0.0,0.0,,0.0,,0.0,0.0,0.0,,,,,,,,0.0,0.0,0.0,0.0,1.0092945772058823,0.0,0.0,,0.0,0.0,0.0,,0.0,,0.0,,0.0,0.0,0.0,0.0,0.0,0.0,0.0,0.0,,
1852,Q1_Jul'25###40457QLjydHwbagt2SjOHRasS1lXLdllFA//7N1b+ZqGVE0E=,40457QLjydHwbagt2SjOHRasS1lXLdllFA//7N1b+ZqGVE0E=,Q1,MBBank,22-24,Jul'25,Q3'25,Online,Female,Ha Noi,MAFF,VPBank,Vietcombank,MBBank,,,,MBBank,,Vietinbank,Techcombank,BIDV,,,,,,9.0,"giao diện dễ sử dụng, không mất phí chuyển tiền, có thể nộp tiền mà không cần thẻ",cải thiện về việc thường xuyên bị lỗi không vào được,9,"tiện lợi, dễ thanh toán",4,4,5,4,4,4,4,4,3,3,3,4,3.0,Secured Loan,vì thủ tục vay vẫn còn hơi phức tạp và mất thời gian,4,3,3,3,4,3.0,Telesales,"nội dung tư vấn còn chung chung, chưa thật sự phù hợp với nhu cầu cá nhân của tôi.""",9.0,8.0,9.0,8.0,8.0,9.0,,,,,MBBank,VPBank,VPBank,VPBank,MBBank,MBBank,MBBank,MBBank,,,,,0.0,,,,,,0.0,,,,,,0.0,,,,,,0.0,,,,,,1.0,,,,,,0.0,,,,,,0.0,,,,,,0.0,,,,,,1.0,,,,,,1.0,,,,,,1.0,,,,,,1.0,,Q3'25,1.041777777777778,1.0417241379310345,0.0,0.0,1.0417391304347827,1.0596181832107845,0.0,1.0594298066448804,0.0,0.0,0.0,0.0,,1.0595289522058824,0.0,0.0,,,,0.0,,0.0,,1.0597723094919789,,0.0,0.0,0.0,,0.0,0.0,0.0,,1.060465877757353,,0.0,0.0,0.0,,,0.0,0.0,,0.0,,0.0,,0.0,,0.0,0.0,0.0,,0.0,,0.0,,0.0,,0.0,,1.0599572610294117,,0.0,0.0,0.0,0.0,0.0,,,
1853,Q1_Jul'25###40458ybRqFvwrf+K+YsTXgsHtz9sbrjXe2YfdDgvTunNn6iQ=,40458ybRqFvwrf+K+YsTXgsHtz9sbrjXe2YfdDgvTunNn6iQ=,Q1,Techcombank,46-55,Jul'25,Q3'25,Online,Female,Ha Noi,MAFF,Vietcombank,VPBank,Techcombank,,,,Vietcombank,Techcombank,MSB,Vietinbank,ACB,BIDV,MBBank,,,,7.0,Phi chuyen tien,,9,De dang su dung,4,4,5,4,5,4,4,4,4, I do not use this bank product, I do not use this bank product, I do not use this bank product,4.0,Debit,Toi thay can cai thien nhu mien phi lam the,4,5,4,5,5,4.0,Call Center,Can tra loi khach hang chibtiet hon,9.0,8.0,9.0,9.0,9.0,8.0,,,,,Techcombank,VPBank,Vietcombank,Vietcombank,Vietcombank,Techcombank,Vietcombank,Vietcombank,0.0,,,,,,0.0,,,,,,0.0,,,,,,0.0,,,,,,1.0,,,,,,0.0,,,,,,0.0,,,,,,0.0,,,,,,0.0,,,,,,1.0,,,,,,0.0,,,,,,0.0,,,,,,Q3'25,0.0,0.0,0.0,0.0,0.8402777777777778,0.0,0.0,0.0,0.0,0.0,,0.0,,0.0,0.4355555555555555,0.0,,,,0.0,,0.0,,0.0,,0.0,,0.0,,0.0,,0.0,,0.0,,0.0,,0.0,0.0,0.0,,,,0.0,,0.0,,0.0,,0.0,,0.0,,0.0,,0.0,,0.0,,0.0,,0.0,0.4355555555555555,0.0,,,,0.0,0.0,,
1854,Q10_Jul'25###40458ybRqFvwrf+K+YsTXgsHtz9sbrjXe2YfdDgvTunNn6iQ=,40458ybRqFvwrf+K+YsTXgsHtz9sbrjXe2YfdDgvTunNn6iQ=,Q10,Vietcombank,46-55,Jul'25,Q3'25,Online,Female,Ha Noi,MAFF,Vietcombank,VPBank,Techcombank,,,,Vietcombank,Techcombank,MSB,Vietinbank,ACB,BIDV,MBBank,,,,9.0,Nhieu cay atm,Phi chuyen,9,"De su dung, chuyen tien nhanh,",5,5,4,4,5,5,5,I do not use this bank product,4,I do not use this bank product,I do not use this bank product,I do not use this bank product,4.0,Terms deposit,Gia cao khi gui tiet kiem,5,5,5,4,5,4.0,Fanpage,Trang cap nhap nhieu thong tin,9.0,9.0,10.0,9.0,8.0,9.0,,,,,Techcombank,VPBank,Vietcombank,Vietcombank,Vietcombank,Techcombank,Vietcombank,Vietcombank,,,0.0,,,,,,0.0,,,,,,0.0,,,,,,0.0,,,,,,0.0,,,,,,0.0,,,,,,1.0,,,,,,1.0,,,,,,1.0,,,,,,0.0,,,,,,1.0,,,,,,1.0,,,,Q3'25,0.9091666666666666,0.0,0.0,0.0,0.0,0.7784998276654411,0.0,0.0,0.0,0.0,0.0,0.0,0.0,0.0,0.0,0.0,,,,0.0,0.0,,0.0,0.0,,,0.0,0.7794175091911764,0.0,0.0,0.0,0.0,0.0,0.0,0.0,0.0,0.0,0.0,0.0,0.0,,0.0,,0.0,,0.0,0.0,0.0,0.0,0.0,0.0,0.0,,0.0,,0.0,0.0,0.0,0.0,0.0,0.0,0.0,0.0,0.0,0.0,0.0,,0.0,0.0,,
1855,Q1_Jul'25###40459kXHkcXtVgMCfClBpggiKARpirIbJLK+9He85R14vvzI=,40459kXHkcXtVgMCfClBpggiKARpirIbJLK+9He85R14vvzI=,Q1,MBBank,36-45,Jul'25,Q3'25,Online,Male,Ha Noi,MAFF,Techcombank,ACB,MBBank,,,,Techcombank,MBBank,Vietcombank,BIDV,VPBank,MSB,Vietinbank,,,,9.0,"Chất lượng, sáng tạo và đổi mới",Mở rộng thêm nhiều chi nhánh,9,"Đơn giản, nhanh chóng và hiệu quả",4,5,4,5,4,5,4,5,4,4,5,4,4.0,Terms deposit,Cạnh tranh lãi suất hơn,4,5,4,5,4,4.0,Branch,Chuyên nghiệp và chu đáo hơn,10.0,10.0,9.0,10.0,9.0,9.0,,,,,Techcombank,Vietcombank,Techcombank,MBBank,MBBank,MBBank,Techcombank,Techcombank,,,,,0.0,,,,,,0.0,,,,,,0.0,,,,,,0.0,,,,,,0.0,,,,,,0.0,,,,,,0.0,,,,,,1.0,,,,,,1.0,,,,,,1.0,,,,,,0.0,,,,,,0.0,,Q3'25,0.0,0.0,1.0417857142857143,0.0,0.0,0.0,0.0,0.0,0.0,1.059550367647059,0.0,0.0,,0.0,0.0,0.0,,,,0.0,,0.0,,0.0,,0.0,0.0,0.0,,0.0,0.0,0.0,,0.0,,0.0,0.0,0.0,,,0.0,0.0,,0.0,,0.0,,0.0,,1.0597723094919789,0.0,0.0,,0.0,,0.0,,0.0,,0.0,,0.0,,0.0,0.0,0.0,0.0,0.0,,,
1856,Q10_Jul'25###40459kXHkcXtVgMCfClBpggiKARpirIbJLK+9He85R14vvzI=,40459kXHkcXtVgMCfClBpggiKARpirIbJLK+9He85R14vvzI=,Q10,Techcombank,36-45,Jul'25,Q3'25,Online,Male,Ha Noi,MAFF,Techcombank,ACB,MBBank,,,,Techcombank,MBBank,Vietcombank,BIDV,VPBank,MSB,Vietinbank,,,,10.0,Thương hiệu uy tín và chất lượng,Bổ sung thêm nhiều chương trình khuyến mãi,10,"Nhanh chóng, hiệu quả và an toàn",5,4,5,4,5,4,5,4,5,5,4,5,4.0,Debit/CASA,Bổ sung thêm nhiều quyền lợi và khuyến mãi,5,4,5,4,5,4.0,Telesales,Chuyên nghiệp và phát huy tốt hơn,9.0,10.0,9.0,10.0,9.0,10.0,,,,,Techcombank,Vietcombank,Techcombank,MBBank,MBBank,MBBank,Techcombank,Techcombank,0.0,,,,,,0.0,,,,,,0.0,,,,,,0.0,,,,,,1.0,,,,,,0.0,,,,,,1.0,,,,,,0.0,,,,,,0.0,,,,,,0.0,,,,,,1.0,,,,,,1.0,,,,,,Q3'25,0.0,0.0,0.8402499999999999,0.8403076923076923,0.0,0.0,0.0,0.0,0.0,0.9004885110294116,,0.9005503393665156,,0.0,0.0,0.0,,,,0.0,,0.0,,0.0,,0.0,,0.0,,0.0,,0.0,,0.0,,0.0,,0.0,0.0,0.0,,,,0.0,,0.0,,0.0,,0.9007846362229102,,0.0,,0.0,,0.0,,0.9006766270337921,,0.0,,0.0,0.0,0.0,,,,0.0,0.0,,
1857,Q1_Jul'25###40460Fklc4NcijI3rqnDX/I5LfDPXhaDUmtJ7yxjGdomzkFM=,40460Fklc4NcijI3rqnDX/I5LfDPXhaDUmtJ7yxjGdomzkFM=,Q1,BIDV,36-45,Jul'25,Q3'25,Online,Female,Ho Chi Minh,MAFF,BIDV,,,,,,BIDV,,VPBank,Vietinbank,Techcombank,ACB,Vietcombank,MBBank,,,8.0,Cần cải thiện tốc độ xử lý vấn đề với khách hàng tại quầy giao dịch trực tiếp.,,8,Giao diện thân thiện hơn với người sử dụng.,3,3,3,4,4,4,4,4,4, I do not use this bank product, I do not use this bank product, I do not use this bank product,4.0,Banca,Cung cấp các dịch vụ bảo hiểm cần thiết và mở rộng cho người dùng có nhu cầu.,4,Not use in recent 1 month,4,3,4,3.0,Fanpage,Trang Facebook của ngân hàng có nội dung ít thu hút và người dùng chỉ quan tâm đến chúng khi thật sự có nhu cầu về một vấn đề cụ thể nào đó.,9.0,7.0,9.0,9.0,8.0,9.0,,,,,Techcombank,Vietinbank,Vietcombank,VPBank,BIDV,Missing lable,Missing lable,BIDV,,,,0.0,,,,,,0.0,,,,,,0.0,,,,,,0.0,,,,,,0.0,,,,,,0.0,,,,,,0.0,,,,,,0.0,,,,,,1.0,,,,,,0.0,,,,,,0.0,,,,,,1.0,,,Q3'25,0.0,0.0,1.0752,0.0,0.0,0.0,0.0,0.0,0.0,0.0,1.5162808641975307,0.0,0.0,0.0,0.0,0.0,,,,,0.0,0.0,,0.0,0.0,0.0,0.0,0.0,,0.0,0.0,0.0,,0.0,,0.0,0.0,0.0,,,,,,,,0.0,1.5162808641975307,0.0,0.0,0.0,0.0,0.0,,0.0,0.0,0.0,,0.0,,0.0,,0.0,0.0,0.0,0.0,0.0,0.0,0.0,0.0,,
1858,Q1_Jul'25###40461Ql3uNPacxXcTM10rEsBcgZm/mUVB1qJtfQoDuBrvDig=,40461Ql3uNPacxXcTM10rEsBcgZm/mUVB1qJtfQoDuBrvDig=,Q1,Vietcombank,25-35,Jul'25,Q3'25,Online,Male,Ha Noi,MAFF,ACB,Vietcombank,MBBank,VPBank,Techcombank,,ACB,Vietcombank,Vietinbank,,,,,,,,8.0,"Cần cải thiện thêm về ứng dụng của ngân hàng, vì ứng dụng đôi lúc bị lỗi và hay bảo trì, ngoài ra vietcombank khá tốt trong các mảng khác liên quan đến trải nghiệm khách hàng",,9,"ngoài việc ứng dụng đôi lúc bị lỗi, theo bản thân tôi thấy các thao tác dễ dàng, các thông tin đều hiện sẵn để cần thiết tra cứu, và bảo mật cũng như các ưu đãi đều rất tốt",4,5,5,4,4,4,5,3,3,3,2,3,2.0,Secured Loan,"Vì đôi lúc khi vay tài sản của tôi được định giá thấp hơn giá thị trường, khiến khoảng vay không đủ cho tôi chi trả mục đích cần thiết.",5,3,4,4,4,3.0,Telesales,"Vì tôi thấy kênh bán hàng điện thoại của vietcombank hoạt động tương tự các ngân hàng khác, không có gì quá đặc biệt.",7.0,9.0,9.0,8.0,9.0,9.0,,,,,ACB,ACB,Vietcombank,Vietcombank,Vietcombank,ACB,ACB,ACB,,,0.0,,,,,,0.0,,,,,,0.0,,,,,,0.0,,,,,,0.0,,,,,,0.0,,,,,,1.0,,,,,,1.0,,,,,,1.0,,,,,,0.0,,,,,,0.0,,,,,,0.0,,,,Q3'25,0.9091666666666666,0.0,0.0,0.0,0.0,0.0,1.785244984567901,0.0,0.0,0.0,0.0,0.0,0.0,0.0,0.0,0.0,,,,1.787700617283951,1.787700617283951,,0.0,0.0,,,0.0,0.0,0.0,0.0,0.0,0.0,0.0,0.0,0.0,0.0,0.0,0.0,0.0,0.0,,0.0,,0.0,,0.0,0.0,0.0,0.0,0.0,0.0,0.0,,0.0,,0.0,0.0,0.0,0.0,0.0,0.0,0.0,0.0,0.0,0.0,0.0,,0.0,0.0,,
1859,Q10_Jul'25###40461Ql3uNPacxXcTM10rEsBcgZm/mUVB1qJtfQoDuBrvDig=,40461Ql3uNPacxXcTM10rEsBcgZm/mUVB1qJtfQoDuBrvDig=,Q10,ACB,25-35,Jul'25,Q3'25,Online,Male,Ha Noi,MAFF,ACB,Vietcombank,MBBank,VPBank,Techcombank,,ACB,Vietcombank,Vietinbank,,,,,,,,8.0,"Cần cải thiện thêm các chương trình ưu đãi, kích thích người dùng, các chương trình tín dụng.",,9,"Ứng dụng này khá tốt, tuy giao diện vẫn còn hơi đơn giản, nhưng tôi rất thích sự đơn giản này, vì nó dễ dàng truy cập những thứ tôi muốn.",3,4,4,4,5,4,3,3,4,3,3,3,3.0,Banca,"Vì các bảo hiểm này thường được liên kết với các doanh nghiệp khác, và tôi cảm thấy không yên tâm khi chia sẻ thông tin cá nhân, tài chính, cho các doanh nghiệp này.",5,4,5,4,4,4.0,Fanpage,"Trang facebook khá tốt, được cập nhật đầy đủ, tuy còn hơi ít ưu đãi cho khách hàng.",8.0,9.0,9.0,10.0,9.0,8.0,,,,,ACB,ACB,Vietcombank,Vietcombank,Vietcombank,ACB,ACB,ACB,,0.0,,,,,,0.0,,,,,,0.0,,,,,,0.0,,,,,,1.0,,,,,,1.0,,,,,,0.0,,,,,,0.0,,,,,,0.0,,,,,,1.0,,,,,,1.0,,,,,,1.0,,,,,Q3'25,0.0,1.0867857142857142,0.0,0.0,1.0868421052631578,0.0,0.0,0.0,0.7317129629629628,0.0,0.0,0.0,0.0,0.0,0.7283564814814814,0.0,,,,0.0,,0.0,,0.0,0.0,0.0,,0.0,0.0,0.0,0.0,0.0,,0.0,0.7317129629629628,0.0,,0.0,,0.0,,0.0,,0.0,,0.0,0.0,0.0,,0.0,0.0,0.0,0.0,0.0,,0.0,,0.0,0.0,0.0,,0.0,0.0,0.0,0.0,,,0.0,0.7317129629629628,,
1860,Q1_Jul'25###40462yIuTLk1ZpQ+TdSfvpQ9suhcb57UTnsv80lsHqByaixA=,40462yIuTLk1ZpQ+TdSfvpQ9suhcb57UTnsv80lsHqByaixA=,Q1,Vietcombank,46-55,Jul'25,Q3'25,Online,Male,Ha Noi,MAFF,MBBank,Techcombank,Vietcombank,,,,Techcombank,Vietcombank,BIDV,VPBank,MSB,Vietinbank,ACB,,,,9.0,Dịch vụ đa dạng,Nhiều khuyến mãi hơn,9,Ứng dụng dễ sử dụng giao dịch nhanh chóng và an toàn,5,5,4,4,5,4,4,4,4,3,3,3,3.0,Unsecured Loan/ Overdraft without Collateral,Thủ tục còn phức tạp lãi suất chưa cạnh tranh,5,4,5,5,4,4.0,ATM,Thường xuyên hết tiền và hay gặp sự cố,7.0,8.0,7.0,8.0,3.0,8.0,,,,,Techcombank,Techcombank,Techcombank,Techcombank,Techcombank,Techcombank,Techcombank,Techcombank,,,0.0,,,,,,0.0,,,,,,0.0,,,,,,0.0,,,,,,0.0,,,,,,0.0,,,,,,0.0,,,,,,0.0,,,,,,0.0,,,,,,0.0,,,,,,0.0,,,,,,0.0,,,,Q3'25,0.0,0.9090625,0.0,0.0,0.0,0.0,0.0,0.7784998276654411,0.0,0.0,0.0,0.0,0.0,0.0,0.0,0.0,,,,0.0,0.0,,0.0,0.0,,,0.0,0.0,0.0,0.0,0.0,0.0,0.0,0.0,0.0,0.7787586609162896,0.0,0.0,0.0,0.0,,0.0,,0.0,,0.0,0.0,0.0,0.0,0.0,0.0,0.0,,0.0,,0.0,0.0,0.0,0.0,0.0,0.0,0.0,0.0,0.0,0.0,0.0,,0.0,0.0,,
1861,Q10_Jul'25###40462yIuTLk1ZpQ+TdSfvpQ9suhcb57UTnsv80lsHqByaixA=,40462yIuTLk1ZpQ+TdSfvpQ9suhcb57UTnsv80lsHqByaixA=,Q10,Techcombank,46-55,Jul'25,Q3'25,Online,Male,Ha Noi,MAFF,MBBank,Techcombank,Vietcombank,,,,Techcombank,Vietcombank,BIDV,VPBank,MSB,Vietinbank,ACB,,,,9.0,Dịch vụ tốt nhiều ưu đãi và miễn phí chuyển khoản,Tốc độ xử lý giao dịch và giảm thời gian chờ tại quầy,9,Giao diện thân thiện nhiều tính năng tiện ích và bảo mật cao,5,5,5,4,4,5,5,5,5,4,4,4,4.0,Secured Loan,Thời gian giải ngân còn lâu,5,5,5,5,4,4.0,ATM,Số lượng máy ít,8.0,9.0,8.0,9.0,9.0,8.0,,,,,Techcombank,Techcombank,Techcombank,Techcombank,Techcombank,Techcombank,Techcombank,Techcombank,0.0,,,,,,0.0,,,,,,0.0,,,,,,0.0,,,,,,1.0,,,,,,1.0,,,,,,1.0,,,,,,1.0,,,,,,1.0,,,,,,1.0,,,,,,1.0,,,,,,1.0,,,,,,Q3'25,0.0,0.0,0.8402499999999999,0.0,0.8402777777777778,0.0,0.0,0.0,0.0,0.9004885110294116,,0.0,,0.900555491727941,0.0,0.0,,,,0.0,,0.0,,0.0,,0.0,,0.0,,0.0,,0.0,,0.0,,0.0,,0.0,0.0,0.0,,,,0.0,,0.0,,0.0,,0.9007846362229102,,0.0,,0.0,,0.0,,0.0,,0.0,,0.9002205882352939,0.0,0.0,,,,0.900220588235294,0.0,,
1862,Q1_Jul'25###404638lG4wGS9mgcQqAzvW4xjFxg+zY98+wfAJaADh+hF7R8=,404638lG4wGS9mgcQqAzvW4xjFxg+zY98+wfAJaADh+hF7R8=,Q1,VPBank,36-45,Jul'25,Q3'25,Online,Female,Ha Noi,MAFF,VPBank,Vietcombank,,,,,VPBank,,Vietinbank,Techcombank,ACB,BIDV,,,,,10.0,"Ngân hàng chuyên nghiệp, năng động với đa dạng sản phẩm và dịch vụ tận tình chu đáo",Giảm lãi suất thẻ tín dụng,10,"Ứng dụng hiện đại, đáng tin cậy, dễ dùng, vận hành trơn tru, giao diện đẹp với nhiều chức năng thiết thực",4,5,4,5,5,5,4, I do not use this bank product,4, I do not use this bank product, I do not use this bank product, I do not use this bank product,4.0,Credit card,Thẻ có mức lãi suất khá cao,4,Not use in recent 1 month,5,Not use in recent 1 month,5,4.0,Branch,Độ phủ sóng còn chưa rộng khắp như các ngân hàng quốc doanh,10.0,9.0,10.0,10.0,10.0,10.0,,,,,VPBank,VPBank,Missing lable,VPBank,VPBank,VPBank,VPBank,VPBank,,,,,,0.0,,,,,,0.0,,,,,,0.0,,,,,,0.0,,,,,,1.0,,,,,,1.0,,,,,,0.0,,,,,,1.0,,,,,,1.0,,,,,,1.0,,,,,,1.0,,,,,,1.0,Q3'25,0.0,1.0202777777777776,0.0,1.0203636363636364,0.0,0.0,0.0,1.088499476613562,,0.0,,1.088605715871254,0.0,0.0,0.0,0.0,,,,,,0.0,,0.0,0.0,0.0,,0.0,0.0,0.0,,0.0,,0.0,,1.0887958282271244,,0.0,,0.0,,0.0,,0.0,,0.0,,0.0,,0.0,,0.0,0.0,1.088203125,,0.0,0.0,1.0887798092209855,,0.0,,0.0,0.0,0.0,0.0,,0.0,0.0,0.0,,
1863,Q1_Jul'25###40464VriPKLx1QYEgVrz5OwSm28IREotCQyTpg6aIot5ZmCc=,40464VriPKLx1QYEgVrz5OwSm28IREotCQyTpg6aIot5ZmCc=,Q1,MBBank,36-45,Jul'25,Q3'25,Online,Female,Ha Noi,MAFF,Techcombank,BIDV,MBBank,,,,MBBank,,ACB,Vietcombank,VPBank,MSB,Vietinbank,,,,10.0,nhiều điểm giao dịch nhân viên thân thiện sản phẩm tối ưu,đa dạng hóa cá sản phẩm hơn nữa,10,ứng dụng dễ sử dụng,4,5,2,5,5,3,3,3,2,2,4,3,2.0,Terms deposit,lãi suất thấp,5,3,3,3,5,3.0,Call Center,trả lời nhanh thắc mắc của khách,10.0,9.0,9.0,9.0,10.0,10.0,,,,,MBBank,MBBank,Missing lable,Missing lable,MBBank,MBBank,MBBank,MBBank,,,,,0.0,,,,,,0.0,,,,,,0.0,,,,,,0.0,,,,,,1.0,,,,,,1.0,,,,,,0.0,,,,,,0.0,,,,,,1.0,,,,,,1.0,,,,,,1.0,,,,,,1.0,,Q3'25,1.041777777777778,1.0417241379310345,0.0,1.0416363636363637,0.0,1.0596181832107845,0.0,1.0594298066448804,0.0,0.0,0.0,1.0595873579545456,,0.0,0.0,0.0,,,,0.0,,0.0,,0.0,,0.0,0.0,0.0,,1.059860381652661,0.0,0.0,,0.0,,0.0,0.0,0.0,,,0.0,0.0,,1.0579227941176472,,0.0,,0.0,,0.0,0.0,1.0596181832107845,,0.0,,0.0,,0.0,,0.0,,0.0,,0.0,0.0,0.0,0.0,0.0,,,
1864,Q1_Jul'25###40465l8t7pE1KCQxMWH4O5EeV1Q==,40465l8t7pE1KCQxMWH4O5EeV1Q==,Q1,Techcombank,46-55,Jul'25,Q3'25,Offline,Female,Ha Noi,AFF,Techcombank,,,,,,Techcombank,,Vietinbank,ACB,Vietcombank,BIDV,MBBank,VPBank,MSB,,10.0,Techcombank là ngân hàng tốt nhất Việt Nam năm 2024.luôn đặt lợi ích của khách hàng làm tôn chỉ cho mọi hành động,Không có,9,Giao dịch an toàn với phương thức bảo mật cao cấp nhất. Ứng dụng dễ dàng cài đặt và sử dụng.,5,4,4,5,5,5,5, I do not use this bank product,5, I do not use this bank product, I do not use this bank product, I do not use this bank product,,,,5,Not use in recent 1 month,Not use in recent 1 month,Not use in recent 1 month,5,,,,9.0,10.0,9.0,10.0,10.0,9.0,Techcombank,Techcombank,Techcombank,Techcombank,,,,,Techcombank,Techcombank,Techcombank,Techcombank,1.0,,,,,,1.0,,,,,,1.0,,,,,,1.0,,,,,,0.0,,,,,,0.0,,,,,,0.0,,,,,,0.0,,,,,,1.0,,,,,,1.0,,,,,,1.0,,,,,,1.0,,,,,,Q3'25,0.0,0.0,0.0,0.8403076923076923,0.0,0.0,0.0,0.0,0.0,0.0,,0.9005503393665156,,0.0,0.0,0.0,,,,0.0,,0.0,,0.0,,0.0,,0.0,,0.0,,0.0,,0.0,,0.0,,0.0,0.0,0.0,,,,0.0,,0.0,,0.0,,0.0,,0.0,,0.0,,0.0,,0.9006766270337921,,0.0,,0.0,0.0,0.0,,,,0.0,0.0,,
1865,Q1_Jul'25###40466emyuAPkYkG0BPibKd2+dMQ==,40466emyuAPkYkG0BPibKd2+dMQ==,Q1,ACB,36-45,Jul'25,Q3'25,Offline,Female,Ho Chi Minh,AFF,ACB,,,,,,ACB,,Vietcombank,BIDV,MBBank,VPBank,MSB,Vietinbank,Techcombank,,9.0,"Cơ sở vật chất tốt, ngân hàng luôn sạch sẽ và nhân viên đón tiếp khách hàng niềm nở",Vào giao dịch cần nhanh chóng hơn nữa,10,"App ổn định, giao diện đẹp ,màn hình nhạy thao tác nhanh",5,4,5,5,4,4,5, I do not use this bank product,5, I do not use this bank product, I do not use this bank product, I do not use this bank product,4.0,Debit,Thẻ rút tiền bị tốn phí nên không hài lòng điểm này,5,Not use in recent 1 month,Not use in recent 1 month,Not use in recent 1 month,4,4.0,ATM,Máy atm giới hạn số tiền tối đa khi rút,9.0,8.0,10.0,9.0,10.0,10.0,ACB,ACB,ACB,ACB,,,,,ACB,ACB,ACB,ACB,,1.0,,,,,,1.0,,,,,,1.0,,,,,,1.0,,,,,,0.0,,,,,,0.0,,,,,,0.0,,,,,,0.0,,,,,,1.0,,,,,,1.0,,,,,,1.0,,,,,,1.0,,,,,Q3'25,1.086875,0.0,0.0,1.087,0.0,1.1399762834821427,0.0,0.0,0.0,0.0,0.0,1.140092545638945,0.0,0.0,0.0,0.0,,,,0.0,,0.0,,0.0,0.0,0.0,,0.0,0.0,1.1404341554330064,0.0,0.0,,0.0,0.0,0.0,,0.0,,0.0,,0.0,,0.0,,0.0,0.0,0.0,,0.0,0.0,1.1399912683823528,0.0,0.0,,0.0,,0.0,0.0,0.0,,0.0,0.0,0.0,0.0,,,0.0,0.0,,
1866,Q1_Jul'25###40467woMbIDCyldyEJsjSog7cYQ==,40467woMbIDCyldyEJsjSog7cYQ==,Q1,MBBank,36-45,Jul'25,Q3'25,Offline,Male,Ho Chi Minh,AFF,MBBank,,,,,,MBBank,,BIDV,VPBank,MSB,Vietinbank,Techcombank,ACB,Vietcombank,,9.0,"Dịch vụ khách hàng chu đáo, phòng giao dịch khang trang hiện đại luôn có nhân viên hướng dẫn tận tình khi vào giao dịch",Nhiều trụ atm rút tiền trên các đường lớn hơn để tiện khi cần rút tiền khỏi đi xa,9,"Ít gặp lỗi khi giao dịch , chuyển tiền thấy nhanh",5,5,5,4,5,5,5, I do not use this bank product,5, I do not use this bank product, I do not use this bank product, I do not use this bank product,,,,4,Not use in recent 1 month,5,Not use in recent 1 month,4,4.0,ATM,Ít máy atm thấy hơi bất tiện phải đi xa khi cần,8.0,9.0,10.0,9.0,10.0,10.0,MBBank,MBBank,MBBank,MBBank,,,,,MBBank,MBBank,MBBank,MBBank,,,,,1.0,,,,,,1.0,,,,,,1.0,,,,,,1.0,,,,,,0.0,,,,,,0.0,,,,,,0.0,,,,,,0.0,,,,,,1.0,,,,,,1.0,,,,,,1.0,,,,,,1.0,,Q3'25,1.041777777777778,0.0,0.0,1.0416363636363637,0.0,1.0596181832107845,0.0,0.0,0.0,0.0,0.0,1.0595873579545456,,0.0,0.0,0.0,,,,0.0,,0.0,,0.0,,0.0,0.0,0.0,,1.059860381652661,0.0,0.0,,0.0,,0.0,0.0,0.0,,,0.0,0.0,,0.0,,0.0,,0.0,,0.0,0.0,1.0596181832107845,,1.060465877757353,,0.0,,0.0,,0.0,,0.0,,0.0,0.0,0.0,0.0,0.0,,,
1867,Q1_Jul'25###40468G8HynoeNUiMVBql23L57bg==,40468G8HynoeNUiMVBql23L57bg==,Q1,Vietcombank,36-45,Jul'25,Q3'25,Offline,Male,Ho Chi Minh,AFF,Techcombank,Vietcombank,,,,,Vietcombank,,MBBank,VPBank,MSB,Vietinbank,ACB,BIDV,,,9.0,Ngân hàng uy tín lâu năm nhiều người biết đến tin dùng nhiều chi nhánh dễ dàng tiếp cận,Không có,10,"chuyển tiền  nhanh chóng không bị lỗi mạng, nhiều tiện ích trên app như nạp thẻ thanh toán điện nước tra cứu thông tin giao dịch dễ dàng",5,4,5,5,5,5,4, I do not use this bank product,4, I do not use this bank product, I do not use this bank product, I do not use this bank product,4.0,Terms deposit,Chưa có nhiều gói gửi tiết kiệm gửi linh hoạt để chọn phù hợp với bản thân,Not use in recent 1 month,Not use in recent 1 month,Not use in recent 1 month,Not use in recent 1 month,5,,,,9.0,10.0,10.0,9.0,9.0,8.0,Vietcombank,Vietcombank,Techcombank,Techcombank,,,,,Vietcombank,Vietcombank,Techcombank,Vietcombank,,,1.0,,,,,,1.0,,,,,,0.0,,,,,,0.0,,,,,,0.0,,,,,,0.0,,,,,,0.0,,,,,,0.0,,,,,,1.0,,,,,,1.0,,,,,,0.0,,,,,,1.0,,,,Q3'25,0.9091666666666666,0.0,0.0,0.9090322580645162,0.0,0.7784998276654411,0.0,0.0,0.0,0.0,0.0,0.7786916593968096,0.0,0.0,0.0,0.0,,,,0.0,0.0,,0.0,0.0,,,0.0,0.0,0.0,0.7788465073529411,0.0,0.0,0.0,0.0,0.0,0.0,0.0,0.0,0.0,0.0,,0.0,,0.0,,0.0,0.0,0.0,0.0,0.0,0.0,0.0,,0.0,,0.0,0.0,0.7786094877219756,0.0,0.0,0.0,0.0,0.0,0.0,0.0,0.0,,0.0,0.0,,
1868,Q1_Jul'25###40469RzNJjKK+eNfbXjv7kN2Upw==,40469RzNJjKK+eNfbXjv7kN2Upw==,Q1,VPBank,46-55,Jul'25,Q3'25,Offline,Male,Ho Chi Minh,AFF,BIDV,VPBank,,,,,VPBank,,MSB,Vietinbank,Techcombank,ACB,Vietcombank,MBBank,,,10.0,"Đa dạng sản phẩm và dịch vụ cho khách hàng , lãi suất cạnh tranh với các ngân hàng khác , nhiều trụ sở văn phòng giao dịch",Không cần,10,"Ứng dụng nhiều tính năng hữu ích như chuyển tiền, thanh toán hóa đơn, xem lịch sử giao dịch, mọi thao tác đều nhanh chóng",5,5,5,4,5,5,4, I do not use this bank product,5, I do not use this bank product,5, I do not use this bank product,4.0,Credit card,Phí thường niên hơi cao,5,Not use in recent 1 month,Not use in recent 1 month,Not use in recent 1 month,5,,,,10.0,9.0,10.0,9.0,10.0,10.0,VPBank,VPBank,VPBank,VPBank,,,,,VPBank,VPBank,VPBank,VPBank,,,,,,1.0,,,,,,1.0,,,,,,1.0,,,,,,1.0,,,,,,0.0,,,,,,0.0,,,,,,0.0,,,,,,0.0,,,,,,1.0,,,,,,1.0,,,,,,1.0,,,,,,1.0,Q3'25,1.0202941176470588,1.0202777777777776,0.0,0.0,1.0202857142857142,1.0885365205652573,0.0,1.088499476613562,,0.0,,0.0,0.0,1.0885472752609109,0.0,0.0,,,,,,0.0,,0.0,0.0,0.0,,0.0,0.0,1.088203125,,0.0,,0.0,,1.0887958282271244,,0.0,,0.0,,0.0,,0.0,,0.0,,0.0,,0.0,,0.0,0.0,0.0,,0.0,0.0,0.0,,0.0,,0.0,0.0,1.0889143688725489,0.0,,0.0,0.0,0.0,,
1869,Q1_Jul'25###40470g4949tc2cA6YYQmw1FRzTg==,40470g4949tc2cA6YYQmw1FRzTg==,Q1,MBBank,36-45,Jul'25,Q3'25,Offline,Female,Ha Noi,MAFF,MBBank,Techcombank,,,,,MBBank,,MSB,Vietinbank,ACB,Vietcombank,BIDV,VPBank,,,10.0,"Lãi suất tiền gửi tiết kiệm cao , phòng giao dịch sạch sẽ gọn gàng , nhân viên phòng giao dịch thân thiện cởi mở hỗ trợ giải quyết vấn đề thủ tục giấy tờ  nhanh gọn không phải chờ lâu",không có,10,"Thực hiện các giao dịch chuyển khoản thanh toán ngay trên điện thoại nhanh chóng không phải ra phòng giao dịch , mở tài khoản online miễn phí , chuyển tiền không mất phí",5,4,4,4,5,5,5, I do not use this bank product,5, I do not use this bank product, I do not use this bank product, I do not use this bank product,,,,5,Not use in recent 1 month,Not use in recent 1 month,Not use in recent 1 month,5,,,,10.0,10.0,10.0,9.0,10.0,9.0,,,,,MBBank,MBBank,MBBank,MBBank,MBBank,MBBank,MBBank,MBBank,,,,,0.0,,,,,,0.0,,,,,,0.0,,,,,,0.0,,,,,,1.0,,,,,,1.0,,,,,,1.0,,,,,,1.0,,,,,,1.0,,,,,,1.0,,,,,,1.0,,,,,,1.0,,Q3'25,1.041777777777778,0.0,1.0417857142857143,1.0416363636363637,1.0417391304347827,1.0596181832107845,0.0,0.0,0.0,1.059550367647059,0.0,1.0595873579545456,,1.0595289522058824,0.0,0.0,,,,0.0,,0.0,,0.0,,0.0,0.0,0.0,,1.059860381652661,0.0,0.0,,0.0,,0.0,0.0,0.0,,,0.0,0.0,,0.0,,0.0,,1.0593759847689077,,0.0,0.0,1.0596181832107845,,1.060465877757353,,0.0,,0.0,,0.0,,0.0,,1.0599572610294117,0.0,0.0,0.0,0.0,,,
1870,Q1_Jul'25###40471dptNsB3JUNbol69xuNvCvA==,40471dptNsB3JUNbol69xuNvCvA==,Q1,Techcombank,36-45,Jul'25,Q3'25,Offline,Male,Ho Chi Minh,AFF,Techcombank,,,,,,Techcombank,,VPBank,MSB,Vietinbank,ACB,Vietcombank,BIDV,MBBank,,9.0,"Dịch vụ chăm sóc khách hàng tốt ,ngân hàng uy tín hàng đầu tại Việt Nam có sự ổn định và phát triển",Không có,9,"có các ưu đãi cho khách hàng hoàn tiền tặng voucher ,xử lý các giao dịch nhanh chóng ổn định ít bị lỗi",5,5,5,5,4,5,4, I do not use this bank product,5, I do not use this bank product, I do not use this bank product, I do not use this bank product,4.0,Credit card,Xử lý giao dịch đôi khi chậm trễ gặp một chút vấn đề nhỏ chờ lâu,4,4,Not use in recent 1 month,Not use in recent 1 month,5,4.0,Telesales,Gọi tổng đài phải nhiều lần mới gặp được nhân viên hỗ trợ bắt máy,9.0,10.0,10.0,9.0,10.0,9.0,Techcombank,Techcombank,Techcombank,Techcombank,,,,,Techcombank,Techcombank,Techcombank,Techcombank,1.0,,,,,,1.0,,,,,,1.0,,,,,,1.0,,,,,,0.0,,,,,,0.0,,,,,,0.0,,,,,,0.0,,,,,,1.0,,,,,,1.0,,,,,,1.0,,,,,,1.0,,,,,,Q3'25,0.0,0.0,0.0,0.8403076923076923,0.0,0.0,0.0,0.0,0.0,0.0,,0.9005503393665156,,0.0,0.0,0.0,,,,0.0,,0.0,,0.0,,0.0,,0.0,,0.0,,0.0,,0.0,,0.0,,0.0,0.0,0.0,,,,0.0,,0.0,,0.0,,0.0,,0.0,,0.900220588235294,,0.0,,0.9006766270337921,,0.0,,0.0,0.0,0.0,,,,0.0,0.0,,
1871,Q1_Jul'25###40472bd2987e0-5e23-11ef-b28b-53cca8e594db,40472bd2987e0-5e23-11ef-b28b-53cca8e594db,Q1,Techcombank,25-35,Jul'25,Q3'25,Online,Female,Ha Noi,MAFF,MBBank,Techcombank,,,,,Techcombank,,ACB,Vietcombank,,,,,,,10.0,"Uy tín, chất lượng",Thêm sản phẩm mới,10,Ứng dụng mượt mà,5,5,4,5,5,5,5,4,5, I do not use this bank product,4, I do not use this bank product,4.0,Banca,Còn một số Thương hiệu bảo hiểm chưa được liên kết,5,4,5,5,5,4.0,Telesales,Còn hạn chế,10.0,10.0,10.0,10.0,10.0,10.0,,,,,Techcombank,Techcombank,Techcombank,Techcombank,Techcombank,Techcombank,Techcombank,Techcombank,0.0,,,,,,0.0,,,,,,0.0,,,,,,0.0,,,,,,1.0,,,,,,1.0,,,,,,1.0,,,,,,1.0,,,,,,1.0,,,,,,1.0,,,,,,1.0,,,,,,1.0,,,,,,Q3'25,0.0,0.0,0.8402499999999999,0.8403076923076923,0.0,0.0,0.0,0.0,0.0,0.9004885110294116,,0.9005503393665156,,0.0,0.0,0.0,,,,0.0,,0.0,,0.0,,0.0,,0.0,,0.0,,0.0,,0.0,,0.0,,0.0,0.0,0.0,,,,0.0,,0.0,,0.0,,0.9007846362229102,,0.0,,0.0,,0.0,,0.9006766270337921,,0.0,,0.0,0.0,0.0,,,,0.0,0.0,,
1872,Q1_Jul'25###40473850cd110-214b-11ed-ab4b-d3b0903fd9f0,40473850cd110-214b-11ed-ab4b-d3b0903fd9f0,Q1,VPBank,36-45,Jul'25,Q3'25,Online,Female,Ho Chi Minh,MAFF,Techcombank,VPBank,,,,,Techcombank,VPBank,_99,,,,,,,,10.0,"nhân viên nhiệt tình chu đáo, uy tín",mở rộng thêm ATM hơn,10,"giao diện thân thiện, gần gũi",5,5,5,5,5, I do not use this bank product, I do not use this bank product,5,5, I do not use this bank product, I do not use this bank product, I do not use this bank product,,,,5,Not use in recent 1 month,5,Not use in recent 1 month,5,,,,10.0,10.0,10.0,10.0,10.0,10.0,,,,,Techcombank,VPBank,Techcombank,VPBank,VPBank,VPBank,Techcombank,VPBank,,,,,,0.0,,,,,,0.0,,,,,,0.0,,,,,,0.0,,,,,,0.0,,,,,,1.0,,,,,,0.0,,,,,,1.0,,,,,,1.0,,,,,,1.0,,,,,,0.0,,,,,,1.0,Q3'25,0.0,0.0,0.0,1.0203636363636364,0.0,0.0,0.0,0.0,,0.0,,1.088605715871254,0.0,0.0,0.0,0.0,,,,,,0.0,,0.0,0.0,0.0,,0.0,0.0,0.0,,0.0,,0.0,,0.0,,0.0,,0.0,,0.0,,0.0,,0.0,,0.0,,0.0,,1.0889143688725489,0.0,0.0,,0.0,0.0,1.0887798092209855,,0.0,,0.0,0.0,0.0,0.0,,0.0,0.0,0.0,,
1873,Q10_Jul'25###40473850cd110-214b-11ed-ab4b-d3b0903fd9f0,40473850cd110-214b-11ed-ab4b-d3b0903fd9f0,Q10,Techcombank,36-45,Jul'25,Q3'25,Online,Female,Ho Chi Minh,MAFF,Techcombank,VPBank,,,,,Techcombank,VPBank,_99,,,,,,,,10.0,"ngân hàng luôn đổi mới, an toàn, uy tín",không cần cải thiện gì cả,10,giao diện dễ sử dụng,5,5,5,5,5,I do not use this bank product,I do not use this bank product,5,5,I do not use this bank product,I do not use this bank product,I do not use this bank product,,,,5,Not use in recent 1 month,5,Not use in recent 1 month,5,,,,10.0,10.0,10.0,10.0,10.0,10.0,,,,,Techcombank,VPBank,Techcombank,VPBank,VPBank,VPBank,Techcombank,VPBank,0.0,,,,,,0.0,,,,,,0.0,,,,,,0.0,,,,,,1.0,,,,,,0.0,,,,,,1.0,,,,,,0.0,,,,,,0.0,,,,,,0.0,,,,,,1.0,,,,,,0.0,,,,,,Q3'25,0.0,0.8404444444444444,0.0,0.8403076923076923,0.0,0.0,0.0,0.9004641544117645,0.0,0.0,,0.9005503393665156,,0.0,0.0,0.0,,,,0.0,,0.0,,0.0,,0.0,,0.0,,0.0,,0.0,,0.0,,0.0,,0.9002205882352939,0.0,0.0,,,,0.0,,0.0,,0.0,,0.0,,0.0,,0.0,,0.0,,0.9006766270337921,,0.0,,0.0,0.0,0.0,,,,0.0,0.0,,
1874,Q1_Jul'25###404745O7aCO9DU4dFSoqnSiiICQ==,404745O7aCO9DU4dFSoqnSiiICQ==,Q1,ACB,36-45,Jul'25,Q3'25,Offline,Female,Ho Chi Minh,AFF,ACB,,,,,,ACB,,Vietcombank,BIDV,MBBank,VPBank,MSB,Vietinbank,Techcombank,,10.0,"Có nhiều đãi ngộ đặc quyền cho khách hàng vip và lâu năm.
Thương hiệu ngân hàng uy tín hàng đầu nhiều sản phẩm",không có,10,"App tải nhanh, ít bị lag , bảo mật cao",5,5,4,5,5,5,5, I do not use this bank product,5, I do not use this bank product, I do not use this bank product, I do not use this bank product,,,,5,Not use in recent 1 month,4,Not use in recent 1 month,5,4.0,Call Center,"Gọi đến đôi khi chờ lâu phải gọi 2,3 lần mới kết nối được",10.0,9.0,10.0,10.0,9.0,10.0,ACB,ACB,ACB,ACB,,,,,ACB,ACB,ACB,ACB,,1.0,,,,,,1.0,,,,,,1.0,,,,,,1.0,,,,,,0.0,,,,,,0.0,,,,,,0.0,,,,,,0.0,,,,,,1.0,,,,,,1.0,,,,,,1.0,,,,,,1.0,,,,,Q3'25,0.0,1.0867857142857142,0.0,1.087,1.0868421052631578,0.0,0.0,1.1402399067265794,0.0,0.0,0.0,1.140092545638945,0.0,1.1402627595155708,0.0,0.0,,,,0.0,,0.0,,0.0,0.0,0.0,,0.0,0.0,0.0,0.0,0.0,,0.0,0.0,1.140487132352941,,0.0,,0.0,,0.0,,0.0,,0.0,0.0,0.0,,0.0,0.0,0.0,0.0,0.0,,0.0,,1.140069939108456,0.0,0.0,,0.0,0.0,0.0,0.0,,,1.139152113970588,0.0,,
1875,Q1_Jul'25###404753f820c20-144e-11f0-8ccb-0982a3cc8c27,404753f820c20-144e-11f0-8ccb-0982a3cc8c27,Q1,VPBank,25-35,Jul'25,Q3'25,Online,Female,Ha Noi,MAFF,VPBank,Techcombank,ACB,Vietcombank,BIDV,MBBank,VPBank,Techcombank,MSB,Vietinbank,,,,,,,7.0,giao diện chưa đẹp,,10,dễ dùng,4,3,3,3,4,4, I do not use this bank product, I do not use this bank product, I do not use this bank product, I do not use this bank product, I do not use this bank product, I do not use this bank product,4.0,Debit,thẻ chưa có nhiều ưu đãi,4,3,4,5,4,3.0,Telesales,chưa thấy sự khác biệt,9.0,8.0,8.0,7.0,8.0,8.0,,,,,VPBank,Techcombank,Techcombank,Techcombank,Techcombank,Missing lable,Techcombank,VPBank,,,,,,0.0,,,,,,0.0,,,,,,0.0,,,,,,0.0,,,,,,1.0,,,,,,0.0,,,,,,0.0,,,,,,0.0,,,,,,0.0,,,,,,0.0,,,,,,0.0,,,,,,1.0,Q3'25,1.0202941176470588,0.0,0.0,0.0,0.0,0.0,0.5619444444444444,0.0,,0.0,,0.0,0.0,0.0,0.0,0.0,,,,,,0.0,,0.0,0.5619444444444444,0.0,,0.0,0.0,0.0,,0.0,,0.0,,0.0,,0.0,,0.0,,0.0,,0.0,,0.0,,0.0,,0.0,,0.0,0.0,0.0,,0.0,0.0,0.0,,0.0,,0.0,0.0,0.0,0.0,,0.0,0.0,0.0,,
1876,Q10_Jul'25###404753f820c20-144e-11f0-8ccb-0982a3cc8c27,404753f820c20-144e-11f0-8ccb-0982a3cc8c27,Q10,Techcombank,25-35,Jul'25,Q3'25,Online,Female,Ha Noi,MAFF,VPBank,Techcombank,ACB,Vietcombank,BIDV,MBBank,VPBank,Techcombank,MSB,Vietinbank,,,,,,,10.0,an toàn,Phí thường niên,10,dễ dùng,4,4,2,4,4,4,I do not use this bank product,I do not use this bank product,5,I do not use this bank product,I do not use this bank product,I do not use this bank product,4.0,Debit/CASA,phí thường niên,Not use in recent 1 month,Not use in recent 1 month,Not use in recent 1 month,4,4,4.0,ATM,một số cây vẫn gặp lỗi,10.0,9.0,8.0,9.0,9.0,10.0,,,,,VPBank,Techcombank,Techcombank,Techcombank,Techcombank,Missing lable,Techcombank,VPBank,0.0,,,,,,0.0,,,,,,0.0,,,,,,0.0,,,,,,0.0,,,,,,1.0,,,,,,1.0,,,,,,1.0,,,,,,1.0,,,,,,0.0,,,,,,1.0,,,,,,0.0,,,,,,Q3'25,0.0,0.8404444444444444,0.0,0.0,0.0,0.0,0.0,0.9004641544117645,0.0,0.0,,0.0,,0.0,0.0,0.0,,,,0.0,,0.0,,0.0,,0.0,,0.0,,0.0,,0.0,,0.0,,0.0,,0.9002205882352939,0.0,0.0,,,,0.0,,0.0,,0.0,,0.0,,0.0,,0.0,,0.0,,0.0,,0.0,,0.0,0.0,0.0,,,,0.0,0.0,,
1877,Q1_Jul'25###404768b7b90b0-a3da-11ef-a5d4-45ed39476d38,404768b7b90b0-a3da-11ef-a5d4-45ed39476d38,Q1,VPBank,36-45,Jul'25,Q3'25,Online,Female,Ho Chi Minh,MAFF,VPBank,,,,,,VPBank,,Vietinbank,Techcombank,Vietcombank,BIDV,MBBank,,,,10.0,UY TÍN CAO,CÓ THÊM CHI NHÁNH,10,DỄ SỬ DỤNG,5,4,5,5,5,5, I do not use this bank product, I do not use this bank product,5, I do not use this bank product, I do not use this bank product, I do not use this bank product,,,,5,5,5,5,5,,,,10.0,10.0,10.0,10.0,10.0,10.0,,,,,VPBank,VPBank,VPBank,VPBank,VPBank,VPBank,VPBank,VPBank,,,,,,0.0,,,,,,0.0,,,,,,0.0,,,,,,0.0,,,,,,1.0,,,,,,1.0,,,,,,1.0,,,,,,1.0,,,,,,1.0,,,,,,1.0,,,,,,1.0,,,,,,1.0,Q3'25,0.0,0.0,0.0,1.0203636363636364,0.0,0.0,0.0,0.0,,0.0,,1.088605715871254,0.0,0.0,0.0,0.0,,,,,,0.0,,0.0,0.0,0.0,,0.0,0.0,0.0,,0.0,,0.0,,0.0,,0.0,,0.0,,0.0,,0.0,,0.0,,0.0,,0.0,,0.0,0.0,0.0,,0.0,0.0,1.0887798092209855,,0.0,,0.0,0.0,0.0,0.0,,0.0,0.0,0.0,,
1878,Q1_Jul'25###4047743dbd3d0-179f-11ee-a9fd-598af6c4d681,4047743dbd3d0-179f-11ee-a9fd-598af6c4d681,Q1,VPBank,25-35,Jul'25,Q3'25,Online,Female,Ha Noi,MAFF,VPBank,Techcombank,,,,,VPBank,Techcombank,_99,,,,,,,,10.0,"an toàn,uy tín, giao dịch ít lỗi",không cần cải thiện gì cả,10,"ứng dụng gần gũi, thân thiện",5,5,5,5,5, I do not use this bank product, I do not use this bank product,5,5, I do not use this bank product, I do not use this bank product, I do not use this bank product,,,,5,Not use in recent 1 month,5,Not use in recent 1 month,5,,,,10.0,10.0,10.0,10.0,10.0,10.0,,,,,Techcombank,VPBank,VPBank,VPBank,VPBank,VPBank,VPBank,Techcombank,,,,,,0.0,,,,,,0.0,,,,,,0.0,,,,,,0.0,,,,,,0.0,,,,,,1.0,,,,,,1.0,,,,,,1.0,,,,,,1.0,,,,,,1.0,,,,,,1.0,,,,,,0.0,Q3'25,1.0202941176470588,1.0202777777777776,0.0,1.0203636363636364,0.0,1.0885365205652573,0.0,1.088499476613562,,0.0,,1.088605715871254,0.0,0.0,0.0,1.088203125,,,,,,0.0,,0.0,0.0,0.0,,0.0,0.0,0.0,,0.0,,0.0,,0.0,,1.088203125,,0.0,,0.0,,0.0,,0.0,,0.0,,0.0,,0.0,0.0,0.0,,0.0,0.0,1.0887798092209855,,0.0,,0.0,0.0,0.0,0.0,,0.0,0.0,0.0,,
1879,Q10_Jul'25###4047743dbd3d0-179f-11ee-a9fd-598af6c4d681,4047743dbd3d0-179f-11ee-a9fd-598af6c4d681,Q10,Techcombank,25-35,Jul'25,Q3'25,Online,Female,Ha Noi,MAFF,VPBank,Techcombank,,,,,VPBank,Techcombank,_99,,,,,,,,10.0,"nhân viên thân thiện, nhiệt tình",mở rộng thêm nhiều chi nhánh hơn,10,ứng dụng dễ sử dụng,5,5,5,5,5,I do not use this bank product,I do not use this bank product,5,5,I do not use this bank product,5,I do not use this bank product,,,,5,Not use in recent 1 month,5,Not use in recent 1 month,5,,,,10.0,10.0,10.0,10.0,10.0,10.0,,,,,Techcombank,VPBank,VPBank,VPBank,VPBank,VPBank,VPBank,Techcombank,0.0,,,,,,0.0,,,,,,0.0,,,,,,0.0,,,,,,1.0,,,,,,0.0,,,,,,0.0,,,,,,0.0,,,,,,0.0,,,,,,0.0,,,,,,0.0,,,,,,1.0,,,,,,Q3'25,0.0,0.0,0.0,0.8403076923076923,0.0,0.0,0.0,0.0,0.0,0.0,,0.9005503393665156,,0.0,0.0,0.0,,,,0.0,,0.0,,0.0,,0.0,,0.0,,0.0,,0.0,,0.0,,0.0,,0.0,0.0,0.0,,,,0.0,,0.0,,0.0,,0.0,,0.9009350490196076,,0.0,,0.0,,0.0,,0.0,,0.0,0.0,0.0,,,,0.0,0.0,,
1880,Q1_Jul'25###40478hOMVm2wF8oo927wiJvv+Jw==,40478hOMVm2wF8oo927wiJvv+Jw==,Q1,MBBank,46-55,Jul'25,Q3'25,Offline,Female,Ha Noi,AFF,MBBank,,,,,,MBBank,,VPBank,MSB,Vietinbank,Techcombank,ACB,Vietcombank,BIDV,,10.0,Có mạng lưới rộng khắp mọi nơi và là ngân hàng có uy tín trong các ngân hàng thương mại cổ phần lớn,Tăng lãi suất tiền gửi hơn,9,Ứng dụng có công nghệ hiện đại bảo mật thông tin và các dịch vụ mua sắm giải trí đầu tư hay,4,5,4,5,4, I do not use this bank product,4, I do not use this bank product,4, I do not use this bank product, I do not use this bank product, I do not use this bank product,4.0,Terms deposit,Có các gói đầu tư và hỗ trợ gửi tiết kiệm hợp lý an toàn yên tâm cho người gửi,Not use in recent 1 month,Not use in recent 1 month,Not use in recent 1 month,Not use in recent 1 month,4,4.0,ATM,mong muốn có nhiều cây ATM tiện lợi cho người dùng khi có nhu cầu sử dụng,9.0,10.0,9.0,9.0,10.0,9.0,MBBank,MBBank,MBBank,MBBank,,,,,MBBank,MBBank,MBBank,MBBank,,,,,1.0,,,,,,1.0,,,,,,1.0,,,,,,1.0,,,,,,0.0,,,,,,0.0,,,,,,0.0,,,,,,0.0,,,,,,1.0,,,,,,1.0,,,,,,1.0,,,,,,1.0,,Q3'25,1.041777777777778,0.0,0.0,1.0416363636363637,0.0,1.0596181832107845,0.0,0.0,0.0,0.0,0.0,1.0595873579545456,,0.0,0.0,0.0,,,,0.0,,0.0,,0.0,,0.0,0.0,0.0,,1.059860381652661,0.0,0.0,,0.0,,0.0,0.0,0.0,,,0.0,0.0,,0.0,,0.0,,0.0,,0.0,0.0,0.0,,0.0,,0.0,,1.0596595341642756,,0.0,,0.0,,0.0,0.0,0.0,0.0,0.0,,,
1881,Q1_Jul'25###40479xAZVQ/AA8fyH7tHl/8pfpBbMjlP68dPMu495lFaU3jIMSKQdlcQLuQvltcjLHzXD,40479xAZVQ/AA8fyH7tHl/8pfpBbMjlP68dPMu495lFaU3jIMSKQdlcQLuQvltcjLHzXD,Q1,MBBank,36-45,Jul'25,Q3'25,Online,Female,Ho Chi Minh,MAFF,MBBank,,,,,,MBBank,,Vietinbank,Techcombank,ACB,Vietcombank,BIDV,VPBank,MSB,,8.0,Liên kết nhiều dịch vụ hơn nữa,,9,Ứng dụng mượt dùng ổn định,4,4,3,4,4,4,3,3,4,3,4,4,3.0,Bond/Funds,Chưa phát triển mạnh về lĩnh vực này,4,4,4,4,5,4.0,Branch,Nhiều lúc còn chờ đợi khá lâu,8.0,8.0,9.0,8.0,8.0,8.0,,,,,MBBank,Vietcombank,MBBank,ACB,MBBank,Vietcombank,MBBank,Techcombank,,,,,0.0,,,,,,0.0,,,,,,0.0,,,,,,0.0,,,,,,1.0,,,,,,0.0,,,,,,1.0,,,,,,0.0,,,,,,1.0,,,,,,0.0,,,,,,1.0,,,,,,0.0,,Q3'25,0.0,1.0417241379310345,0.0,0.0,0.0,0.0,0.0,0.0,0.9196296296296296,0.0,0.0,0.0,,0.0,0.0,0.0,,,,0.0,,0.0,,0.0,,0.0,0.0,0.0,,0.0,0.0,0.0,,0.0,,0.0,0.0,0.0,,,0.9196296296296296,0.0,,0.0,,0.0,,0.0,,0.0,0.0,0.0,,0.0,,0.0,,0.0,,0.0,,0.0,,0.0,0.0,0.0,0.0,0.0,,,
1882,Q1_Jul'25###40480+maTMbniI+LmIJSRgdOCiA==,40480+maTMbniI+LmIJSRgdOCiA==,Q1,MBBank,36-45,Jul'25,Q3'25,Offline,Male,Ho Chi Minh,AFF,MBBank,,,,,,MBBank,,ACB,Vietcombank,BIDV,VPBank,MSB,Vietinbank,Techcombank,,8.0,Hạ mức lãi suất vay xuống để phí hợp lý hơn,,9,"Độ bảo mật thông tin khách hàng cao, các tính năng trên ứng dụng dễ xài",4,5,3,5,5,5,4, I do not use this bank product,5, I do not use this bank product,3, I do not use this bank product,3.0,Secured Loan,Mức lãi suất hơi cao,4,Not use in recent 1 month,Not use in recent 1 month,Not use in recent 1 month,5,4.0,Branch,Phòng giao dịch hơi nhỏ không nhiều nhân viên nên vào phải chờ lâu,8.0,9.0,9.0,8.0,8.0,9.0,MBBank,MBBank,MBBank,MBBank,,,,,MBBank,MBBank,MBBank,MBBank,,,,,1.0,,,,,,1.0,,,,,,1.0,,,,,,1.0,,,,,,0.0,,,,,,0.0,,,,,,0.0,,,,,,0.0,,,,,,1.0,,,,,,1.0,,,,,,1.0,,,,,,1.0,,Q3'25,0.0,0.0,0.0,0.0,1.0417391304347827,0.0,0.0,0.0,0.0,0.0,0.0,0.0,,0.0,0.9218402777777778,0.0,,,,0.0,,0.0,,0.0,,0.0,0.0,0.0,,0.0,0.0,0.0,,0.0,,0.0,0.0,0.0,,,0.0,0.0,,0.0,,0.0,,0.0,,0.0,0.0,0.0,,0.0,,0.0,,0.0,,0.0,,0.0,,0.0,0.0,0.0,0.9196296296296296,0.0,,,
1883,Q1_Jul'25###40481WZeypllPP/Zlxkeg6pw7LmTPtm4xr1wO4k20o7SxIWs=,40481WZeypllPP/Zlxkeg6pw7LmTPtm4xr1wO4k20o7SxIWs=,Q1,Techcombank,25-35,Jul'25,Q3'25,Online,Female,Ho Chi Minh,MAFF,VPBank,Techcombank,Vietcombank,,,,Techcombank,Vietcombank,BIDV,MBBank,MSB,Vietinbank,ACB,,,,9.0,"Giao dịch nhanh, ít lỗi, có nhiều chi nhánh ở nhiều nơi, nhiều tiện ích hữu ích khi sử dụng",thêm dịch vụ chuyển tiền nước ngoài trên ứng dụng,9,"có nhiều tiện ích, phù hợp với nhiều đối tượng, giao dịch nhanh chóng, ứng dụng mượt, giao diện bắt mắt và dễ nhìn",4,4,4,5,4,5,5,4,4,3,3,4,3.0,Secured Loan,"chưa biết nhiều thông tin, không được nghe nhiều từ người khác và từ phía ngân hàng",5,4,4,4,5,4.0,Call Center,"tốc độ xử lý không quá nhanh, và cần nhiều thời gian để gặp tổng đài viên, cước phí cuộc gọi khá cao",9.0,8.0,9.0,9.0,10.0,9.0,,,,,Techcombank,Techcombank,Vietcombank,Vietcombank,Techcombank,Techcombank,Techcombank,Techcombank,0.0,,,,,,0.0,,,,,,0.0,,,,,,0.0,,,,,,1.0,,,,,,1.0,,,,,,0.0,,,,,,0.0,,,,,,1.0,,,,,,1.0,,,,,,1.0,,,,,,1.0,,,,,,Q3'25,0.8404,0.8404444444444444,0.8402499999999999,0.0,0.0,0.9006671262254901,0.0,0.9004641544117645,0.0,0.9004885110294116,,0.0,,0.0,0.0,0.900220588235294,,,,0.0,,0.0,,0.0,,0.0,,0.0,,0.9007077205882351,,0.0,,0.0,,0.9006865409207159,,0.0,0.0,0.0,,,,0.0,,0.9007846362229102,,0.0,,0.0,,0.0,,0.0,,0.0,,0.0,,0.0,,0.0,0.0,0.0,,,,0.0,0.0,,
1884,Q10_Jul'25###40481WZeypllPP/Zlxkeg6pw7LmTPtm4xr1wO4k20o7SxIWs=,40481WZeypllPP/Zlxkeg6pw7LmTPtm4xr1wO4k20o7SxIWs=,Q10,Vietcombank,25-35,Jul'25,Q3'25,Online,Female,Ho Chi Minh,MAFF,VPBank,Techcombank,Vietcombank,,,,Techcombank,Vietcombank,BIDV,MBBank,MSB,Vietinbank,ACB,,,,8.0,"Dễ mở tài khoản, thẻ bằng hình thức online hơn",,9,"giao diện dễ nhìn, có nhiều ứng dụng hữu ích, ứng dụng chạy mượt, các chỉ dẫn thao tác dễ hiểu, nhanh",4,4,4,5,4,4,5,4,3,3,3,3,3.0,Terms deposit,"lãi suất khá cao, không được cung cấp nhiều thông tin chi tiết lắm về dịch vụ này",5,3,3,3,5,3.0,Fanpage,"phản hồi phải mất thời gian nhất định và chưa giải quyết quá thỏa đáng, cần phải ra trực tiếp ngân hàng để biết rõ hơn",8.0,8.0,9.0,8.0,9.0,8.0,,,,,Techcombank,Techcombank,Vietcombank,Vietcombank,Techcombank,Techcombank,Techcombank,Techcombank,,,0.0,,,,,,0.0,,,,,,0.0,,,,,,0.0,,,,,,0.0,,,,,,0.0,,,,,,1.0,,,,,,1.0,,,,,,0.0,,,,,,0.0,,,,,,0.0,,,,,,0.0,,,,Q3'25,0.9091666666666666,0.0,0.9089655172413792,0.0,0.0,0.0,1.785244984567901,0.0,0.0,0.0,1.785244984567901,0.0,0.0,0.0,0.0,0.0,,,,0.0,0.0,,1.787700617283951,0.0,,,0.0,0.0,0.0,0.0,0.0,0.0,0.0,0.0,0.0,0.0,0.0,0.0,0.0,0.0,,0.0,,0.0,,0.0,0.0,0.0,1.787700617283951,0.0,0.0,0.0,,0.0,,0.0,0.0,0.0,0.0,0.0,0.0,0.0,0.0,0.0,0.0,0.0,,0.0,0.0,,
1885,Q1_Jul'25###4048210ZLOlm8mcyO+V6O0O9kOg==,4048210ZLOlm8mcyO+V6O0O9kOg==,Q1,Techcombank,25-35,Jul'25,Q3'25,Offline,Male,Ho Chi Minh,MAFF,Techcombank,,,,,,Techcombank,,VPBank,MSB,Vietinbank,ACB,Vietcombank,BIDV,MBBank,,9.0,"An toàn, bảo mật, app ngân hàng giao diện thân thiện, dễ sử dụng, có tính năng sinh lời tự động trên app tiện lợi",Không có như vậy là tốt rồi,9,"Có sinh lời tự động trên app, giao diện dễ sử dụng, chưa bị lỗi khi thực hiện giao dịch bảo giờ",4,5,4,4,5,4,4, I do not use this bank product,4, I do not use this bank product, I do not use this bank product, I do not use this bank product,4.0,Debit,Trải nghiệm cũng bình thường không có gì đặc biệt so với các ngân hàng khác nên không cho hoàng toàn hài lòng,5,Not use in recent 1 month,Not use in recent 1 month,5,5,,,,10.0,9.0,10.0,9.0,10.0,9.0,,,,,Techcombank,Techcombank,Missing lable,Techcombank,Techcombank,Techcombank,Techcombank,Missing lable,0.0,,,,,,0.0,,,,,,0.0,,,,,,0.0,,,,,,1.0,,,,,,1.0,,,,,,0.0,,,,,,1.0,,,,,,1.0,,,,,,1.0,,,,,,1.0,,,,,,0.0,,,,,,Q3'25,0.8404,0.8404444444444444,0.0,0.0,0.0,0.9006671262254901,0.0,0.9004641544117645,0.0,0.0,,0.0,,0.0,0.0,0.0,,,,0.0,,0.0,,0.900220588235294,,0.0,,0.0,,0.0,,0.0,,0.900220588235294,,0.0,,0.9002205882352939,0.0,0.0,,,,0.0,,0.0,,0.0,,0.0,,0.0,,0.0,,0.0,,0.0,,0.0,,0.0,0.0,0.0,,,,0.0,0.0,,
1886,Q1_Jul'25###40483eW7H7VlgRcnV8fK+81xd5X6d2LpwoA89wjUttNJRS/o=,40483eW7H7VlgRcnV8fK+81xd5X6d2LpwoA89wjUttNJRS/o=,Q1,Vietcombank,25-35,Jul'25,Q3'25,Online,Male,Ha Noi,MAFF,Vietcombank,,,,,,Vietcombank,,Vietinbank,MBBank,,,,,,,8.0,tăng lãi suất cao hơn,,8,tăng tốc độc xử lý,5,4,4,3,4,4,2,3,5,4,4,5,2.0,Credit card,tôi không có nhu cầu dùng thẻ,4,3,4,5,5,3.0,Telesales,hơi khó để liên hệ,7.0,8.0,7.0,9.0,7.0,8.0,,,,,Vietcombank,Vietcombank,Vietcombank,MBBank,Vietcombank,Vietcombank,Vietinbank,Vietcombank,,,0.0,,,,,,0.0,,,,,,0.0,,,,,,0.0,,,,,,1.0,,,,,,1.0,,,,,,1.0,,,,,,0.0,,,,,,1.0,,,,,,1.0,,,,,,0.0,,,,,,1.0,,,,Q3'25,0.0,0.0,0.0,0.0,0.9091304347826088,0.0,0.0,0.0,0.0,0.0,0.0,0.0,0.0,0.0,1.785914702581369,0.0,,,,0.0,0.0,,0.0,0.0,,,0.0,0.0,0.0,0.0,0.0,0.0,0.0,0.0,0.0,0.0,0.0,0.0,0.0,0.0,,0.0,,0.0,,0.0,0.0,0.0,0.0,0.0,0.0,0.0,,0.0,,0.0,0.0,0.0,0.0,0.0,0.0,0.0,0.0,0.0,0.0,1.7877006172839505,,0.0,0.0,,
1887,Q1_Jul'25###404848EbenqhiINBCiJ+Tr5x709lU7KUshUX9HmiyV0C11jA=,404848EbenqhiINBCiJ+Tr5x709lU7KUshUX9HmiyV0C11jA=,Q1,Vietcombank,36-45,Jul'25,Q3'25,Online,Female,Ha Noi,MAFF,Vietcombank,,,,,,Vietcombank,,Vietinbank,,,,,,,,8.0,Vietcombank không nên bán Bảo hiểm nhân thọ,,7,Cần rõ ràng hơn,4,4,4,4,4,3,4,3,4,3,4,3,3.0,Banca,Bởi vì tôi không tin tưởng trái phiếu mua từ Ngân hàng,4,3,3,4,4,3.0,Telesales,Tôi sợ các loại lừa đảo giả danh qua đt,7.0,7.0,7.0,7.0,7.0,8.0,,,,,Other,Other,Other,Other,Other,Other,Other,Other,,,0.0,,,,,,0.0,,,,,,0.0,,,,,,0.0,,,,,,0.0,,,,,,0.0,,,,,,0.0,,,,,,0.0,,,,,,0.0,,,,,,0.0,,,,,,0.0,,,,,,0.0,,,,Q3'25,0.0,0.0,0.9089655172413792,0.0,0.0,0.0,0.0,0.0,0.0,0.0,1.785244984567901,0.0,0.0,0.0,0.0,0.0,,,,0.0,0.0,,0.0,0.0,,,0.0,0.0,0.0,0.0,0.0,0.0,0.0,0.0,0.0,0.0,0.0,0.0,0.0,0.0,,0.0,,0.0,,0.0,0.0,0.0,0.0,0.0,1.787700617283951,0.0,,0.0,,0.0,0.0,0.0,0.0,0.0,0.0,0.0,0.0,0.0,0.0,0.0,,0.0,0.0,,
1888,Q1_Jul'25###40485T2PshF1kpcEOXvb2/wEPMgZCbZcgsGaVCJJGFAvpqmo9upLAe6kAZU4L1fBeRaFi,40485T2PshF1kpcEOXvb2/wEPMgZCbZcgsGaVCJJGFAvpqmo9upLAe6kAZU4L1fBeRaFi,Q1,BIDV,36-45,Jul'25,Q3'25,Online,Female,Ho Chi Minh,MAFF,BIDV,,,,,,BIDV,,Vietcombank,MBBank,VPBank,Techcombank,,,,,10.0,Nhân  viên nhiệt tình có trách nhiệm với khách ư,Cằn có nhiều  gói  dịch vụ cho mọi  hoàn cảnh,9,Ứng dụng điều hướng nhanh mượt đầy đủ thông tin,4,5,5,5,5,4,5,5,4,5,4,5,4.0,Terms deposit,Lãi  suất  hơi thấp,5,5,4,5,4,4.0,Call Center,Chờ đợi  kết nối  hơi lâu,10.0,8.0,9.0,1.0,10.0,10.0,,,,,Vietcombank,Techcombank,MBBank,BIDV,BIDV,BIDV,BIDV,MBBank,,,,0.0,,,,,,0.0,,,,,,0.0,,,,,,0.0,,,,,,0.0,,,,,,0.0,,,,,,0.0,,,,,,1.0,,,,,,1.0,,,,,,1.0,,,,,,1.0,,,,,,0.0,,,Q3'25,0.0,0.0,0.0,1.0751923076923076,0.0,0.0,0.0,0.0,0.0,0.0,0.0,1.0095707179930795,0.0,0.0,0.0,0.0,,,,,0.0,0.0,,0.0,0.0,0.0,0.0,0.0,,0.0,0.0,0.0,,0.0,,0.0,0.0,0.0,,,,,,,,0.0,0.0,0.0,0.0,0.0,0.0,1.0092945772058823,,0.0,0.0,0.0,,0.0,,1.0097213402406418,,0.0,0.0,0.0,0.0,0.0,0.0,0.0,0.0,,
1889,Q1_Jul'25###40486dd0b5240-aaf7-11ef-9de7-99de4dbf184b,40486dd0b5240-aaf7-11ef-9de7-99de4dbf184b,Q1,Techcombank,25-35,Jul'25,Q3'25,Online,Female,Ho Chi Minh,MAFF,BIDV,MBBank,Techcombank,,,,Techcombank,,VPBank,MSB,Vietinbank,ACB,Vietcombank,,,,10.0,"Độ Phủ sống rộng , nhân viên thân thiện , hệ thống mượt mà","Hiện tại tôi thấy dịch vụ đều tốt , không cần cải thiện gì",10,"Ứng dụng mượt mà , không bị lỗi",4,5,5,4,5,4,5,5,4,5,4,5,4.0,Secured Loan,Định mức chưa cao lắm,5,4,5,5,4,4.0,ATM,Trụ ít nên giờ cao điểm chờ lâu,10.0,10.0,10.0,9.0,10.0,9.0,,,,,Techcombank,Techcombank,Techcombank,Techcombank,Techcombank,Techcombank,Techcombank,Techcombank,0.0,,,,,,0.0,,,,,,0.0,,,,,,0.0,,,,,,1.0,,,,,,1.0,,,,,,1.0,,,,,,1.0,,,,,,1.0,,,,,,1.0,,,,,,1.0,,,,,,1.0,,,,,,Q3'25,0.8404,0.0,0.0,0.8403076923076923,0.0,0.9006671262254901,0.0,0.0,0.0,0.0,,0.9005503393665156,,0.0,0.0,0.900220588235294,,,,0.0,,0.0,,0.0,,0.0,,0.0,,0.9007077205882351,,0.0,,0.0,,0.0,,0.0,0.0,0.0,,,,0.0,,0.0,,0.0,,0.0,,0.9009350490196076,,0.0,,0.0,,0.0,,0.0,,0.0,0.0,0.0,,,,0.0,0.0,,
1890,Q1_Jul'25###40487ZPDjgerCmeul8CUJ4nJUFx0xMJiF4qJaa4JbXLGpPjQ=,40487ZPDjgerCmeul8CUJ4nJUFx0xMJiF4qJaa4JbXLGpPjQ=,Q1,BIDV,25-35,Jul'25,Q3'25,Online,Male,Ha Noi,MAFF,BIDV,Techcombank,Vietcombank,,,,BIDV,,ACB,MBBank,,,,,,,8.0,Giao diện app,,7,Giao diện,4,4,4,4,3,4,3,2,4,3,4,3,2.0,Banca,Không được quảng bá rộng rãi,5,4,4,3,4,3.0,Fanpage,Ít hoạt động,8.0,8.0,8.0,9.0,8.0,8.0,,,,,BIDV,Techcombank,Vietcombank,Vietcombank,Vietcombank,BIDV,BIDV,BIDV,,,,0.0,,,,,,0.0,,,,,,0.0,,,,,,0.0,,,,,,1.0,,,,,,0.0,,,,,,0.0,,,,,,0.0,,,,,,0.0,,,,,,1.0,,,,,,1.0,,,,,,1.0,,,Q3'25,1.075161290322581,0.0,0.0,0.0,0.0,0.0,1.5162808641975307,0.0,0.0,0.0,0.0,0.0,0.0,0.0,0.0,0.0,,,,,0.0,0.0,,0.0,1.5162808641975307,0.0,0.0,0.0,,0.0,0.0,0.0,,0.0,,0.0,0.0,0.0,,,,,,,,0.0,0.0,0.0,0.0,0.0,0.0,0.0,,0.0,0.0,0.0,,0.0,,0.0,,0.0,0.0,0.0,0.0,0.0,0.0,0.0,0.0,,
1891,Q1_Jul'25###40488azl/1IEThpbuBW9iFLbhJbaJgsTjb0JnJgxY3+lPwaw=,40488azl/1IEThpbuBW9iFLbhJbaJgsTjb0JnJgxY3+lPwaw=,Q1,MBBank,25-35,Jul'25,Q3'25,Online,Male,Ho Chi Minh,MAFF,MBBank,VPBank,Techcombank,,,,MBBank,Techcombank,ACB,Vietcombank,BIDV,Vietinbank,,,,,10.0,"1. Thương hiệu mạnh, uy tín (thuộc bộ Quốc phòng)
2. Hệ thống mạng lưới rộng
3. Sản phẩm, dịch vụ đa dạng, chất lượng cao.
4. Dịch vụ số hiện đại, dễ sử dụng
5. Miễn nhiều loại phí.","1. Thêm nhiều ưu đãi cho khách hàng trung thành.
2. Hỗ trợ cho nhiều loại ví điện tử.
3. Ứng dụng đôi khi chậm.",10,"App hiện đại, đơn giản, dễ dùng; mở TK online nhanh chóng; giao diện thân thiện; miễn phí chuyển khoản; tích hợp nhiều tính năng; hoạt động ổn định, bảo mật cao; Nhiều chương trình ưu đãi hấp dẫn; App ít tốn dung lượng.",5,5,5,5,5,5,5, I do not use this bank product,5, I do not use this bank product, I do not use this bank product,5,,,,5,Not use in recent 1 month,Not use in recent 1 month,5,5,,,,10.0,10.0,10.0,10.0,10.0,10.0,,,,,Techcombank,Techcombank,MBBank,VPBank,MBBank,MBBank,MBBank,MBBank,,,,,0.0,,,,,,0.0,,,,,,0.0,,,,,,0.0,,,,,,0.0,,,,,,0.0,,,,,,1.0,,,,,,0.0,,,,,,1.0,,,,,,1.0,,,,,,1.0,,,,,,1.0,,Q3'25,1.041777777777778,1.0417241379310345,0.0,1.0416363636363637,1.0417391304347827,1.0596181832107845,0.0,1.0594298066448804,0.0,0.0,0.0,1.0595873579545456,,1.0595289522058824,0.0,0.0,,,,0.0,,0.0,,1.0597723094919789,,1.0599572610294117,0.0,0.0,,1.059860381652661,0.0,0.0,,0.0,,1.0599572610294117,0.0,0.0,,,0.0,0.0,,1.0579227941176472,,0.0,,0.0,,0.0,0.0,0.0,,0.0,,0.0,,1.0596595341642756,,0.0,,1.0599572610294117,,0.0,0.0,0.0,0.0,0.0,,,
1892,Q10_Jul'25###40488azl/1IEThpbuBW9iFLbhJbaJgsTjb0JnJgxY3+lPwaw=,40488azl/1IEThpbuBW9iFLbhJbaJgsTjb0JnJgxY3+lPwaw=,Q10,Techcombank,25-35,Jul'25,Q3'25,Online,Male,Ho Chi Minh,MAFF,MBBank,VPBank,Techcombank,,,,MBBank,Techcombank,ACB,Vietcombank,BIDV,Vietinbank,,,,,9.0,"1.Là ngân hàng tư nhân lớn có uy tín cao.
2.Dịch vụ số hiện đại, dễ dùng.
3.Hệ thống mạng lưới rộng.
4.Sản phẩm, dịch vụ đa dạng chất lượng tốt.
5.Nhiều ưu đãi.","-Phí dịch vụ còn cao so với mặt bằng chung.
-App F@st Mobile đôi khi còn lỗi nhỏ.
-Nâng cao chăm sóc khách hàng.
-Có chính sách rõ ràng cho nhóm người dùng phổ thông.",9,"App F@st Mobile hiện đại, giao diện đẹp; nhiều tính năng tiện lợi như CK nhanh, quản lý TK, đầu tư, mở sổ tiết kiệm online. Tốc độ độ xử lý ổn định, bảo mật tốt, trải nghiệm số nói chung là mượt. Tuy nhiên, tôi trừ 1 điểm vì đôi lúc app bị lỗi nhẹ khi cập nhật và phí dịch vụ (nếu không dùng gói) vẫn còn cao so với 1 số Ngân hàng khác./.",5,4,4,5,4,4,4,I do not use this bank product,5,I do not use this bank product,I do not use this bank product,I do not use this bank product,4.0,Credit card,"-Ưu đãi thẻ chưa đủ hấp dẫn, phí thường niên cao nếu không đạt điều kiện và thủ tục xử lý chưa nhanh lắm.",4,Not use in recent 1 month,Not use in recent 1 month,5,5,4.0,Branch,"TCB nên cải thiện tốc độ phục vụ tại các CN, PGD, đơn giản hóa thủ tục.",9.0,9.0,9.0,9.0,9.0,9.0,,,,,Techcombank,Techcombank,MBBank,VPBank,MBBank,MBBank,MBBank,MBBank,0.0,,,,,,0.0,,,,,,0.0,,,,,,0.0,,,,,,1.0,,,,,,1.0,,,,,,0.0,,,,,,0.0,,,,,,0.0,,,,,,0.0,,,,,,0.0,,,,,,0.0,,,,,,Q3'25,0.8404,0.8404444444444444,0.8402499999999999,0.8403076923076923,0.8402777777777778,0.9006671262254901,0.0,0.9004641544117645,0.0,0.9004885110294116,,0.9005503393665156,,0.900555491727941,0.0,0.0,,,,0.0,,0.0,,0.900220588235294,,0.9002205882352939,,0.0,,0.9007077205882351,,0.0,,0.0,,0.9006865409207159,,0.0,0.0,0.0,,,,0.9002205882352939,,0.0,,0.0,,0.9007846362229102,,0.0,,0.0,,0.0,,0.9006766270337921,,0.0,,0.0,0.0,0.0,,,,0.900220588235294,0.0,,
1893,Q1_Jul'25###40489vE1uHWRCVLPXhVAd0IU0yOmu5DScFs4UzUSA47Er2kI=,40489vE1uHWRCVLPXhVAd0IU0yOmu5DScFs4UzUSA47Er2kI=,Q1,Techcombank,36-45,Jul'25,Q3'25,Online,Male,Ha Noi,MAFF,MBBank,Techcombank,,,,,Techcombank,,BIDV,VPBank,MSB,Vietinbank,ACB,Vietcombank,,,10.0,Ngân hàng có nhiều chương trình khuyến mại và ưu đãi. dịch vụ nhanh chóng,cần có thêm cây ATM và chi nhánh giao dịch,9,"ứng dụng ngân hàng an toàn và đáng tin cậy, có nhiều tính năng tiện ích thú vị",5,5,4,3,4,5,5,4,4,4,4,4,4.0,Terms deposit,lãi suất thấp hơn một số ngân hàng khác,4,5,5,5,4,4.0,Branch,số lượng chi nhánh còn ít. quãng đường tới chi nhánh xa mất nhiều thời gian,9.0,9.0,10.0,9.0,9.0,9.0,,,,,Techcombank,MBBank,Techcombank,Techcombank,Techcombank,Techcombank,Techcombank,Techcombank,0.0,,,,,,0.0,,,,,,0.0,,,,,,0.0,,,,,,1.0,,,,,,0.0,,,,,,1.0,,,,,,1.0,,,,,,1.0,,,,,,1.0,,,,,,1.0,,,,,,1.0,,,,,,Q3'25,0.0,0.0,0.8402499999999999,0.0,0.8402777777777778,0.0,0.0,0.0,0.0,0.9004885110294116,,0.0,,0.900555491727941,0.0,0.0,,,,0.0,,0.0,,0.0,,0.0,,0.0,,0.0,,0.0,,0.0,,0.0,,0.0,0.0,0.0,,,,0.0,,0.9007846362229102,,0.0,,0.0,,0.0,,0.0,,0.0,,0.0,,0.0,,0.0,0.0,0.0,,,,0.900220588235294,0.0,,
1894,Q1_Jul'25###40490IsxFHwRmBpMcGHVRGN2581f7KiT5Sc3x3r8Ra9Mc2II=,40490IsxFHwRmBpMcGHVRGN2581f7KiT5Sc3x3r8Ra9Mc2II=,Q1,Techcombank,25-35,Jul'25,Q3'25,Online,Male,Ho Chi Minh,MAFF,BIDV,Techcombank,Vietcombank,,,,Techcombank,,VPBank,MSB,Vietinbank,ACB,MBBank,,,,9.0,các sản phẩm của ngân hàng đa dạng đáp ứng nhu cầu của khách hàng,miễn phí mọi dịch vụ của ngân hàng,10,tôi có thể thực hiện mọi dịch vụ trên ứng dụng trơn tru và an toàn,5,5,4,4,5,5,5,5,5,4,4,4,4.0,Unsecured Loan/ Overdraft without Collateral,mức lãi suất khi vay cao hơn ngân hàng khác,4,5,5,4,4,4.0,Fanpage,"thông tin khuyến mại, tin tức cập nhật chưa nhanh và đầy đủ",10.0,9.0,9.0,9.0,10.0,9.0,,,,,Techcombank,BIDV,Techcombank,Techcombank,Techcombank,Techcombank,Vietcombank,Missing lable,0.0,,,,,,0.0,,,,,,0.0,,,,,,0.0,,,,,,1.0,,,,,,0.0,,,,,,1.0,,,,,,1.0,,,,,,1.0,,,,,,1.0,,,,,,0.0,,,,,,0.0,,,,,,Q3'25,0.0,0.8404444444444444,0.0,0.0,0.0,0.0,0.0,0.9004641544117645,0.0,0.0,,0.0,,0.0,0.0,0.0,,,,0.0,,0.0,,0.0,,0.0,,0.0,,0.0,,0.0,,0.0,,0.9006865409207159,,0.0,0.0,0.0,,,,0.0,,0.0,,0.0,,0.0,,0.0,,0.0,,0.0,,0.0,,0.0,,0.0,0.0,0.0,,,,0.0,0.0,,
1895,Q1_Jul'25###40491aDhXz2/bSpagK7oLM5xZhzb4cvXoYCqbok+EWNkgZ1A=,40491aDhXz2/bSpagK7oLM5xZhzb4cvXoYCqbok+EWNkgZ1A=,Q1,ACB,25-35,Jul'25,Q3'25,Online,Female,Ha Noi,MAFF,Techcombank,ACB,Vietcombank,VPBank,,,ACB,,BIDV,MBBank,MSB,Vietinbank,,,,,9.0,Trải nghiệm dịch vụ tại chi nhánh rất tốt. Ngân hàng uy tín cao,mang đến nhiều dịch vụ và tiện ích tốt hơn,8,ứng dụng ngân hàng có thêm nhiều chức năng và tiện ích hiện đại hơn,4,5,4,5,5,4,5,4,4,4,4,5,4.0,Terms deposit,những năm gần đây lãi suất tiền gửi thấp,5,5,4,5,4,4.0,Call Center,thời gian kết nối nhân viên tổng đài khá chậm,8.0,9.0,9.0,8.0,9.0,8.0,,,,,ACB,ACB,Vietcombank,ACB,Techcombank,ACB,ACB,Missing lable,,0.0,,,,,,0.0,,,,,,0.0,,,,,,0.0,,,,,,1.0,,,,,,1.0,,,,,,0.0,,,,,,1.0,,,,,,0.0,,,,,,1.0,,,,,,1.0,,,,,,0.0,,,,,Q3'25,0.0,0.0,1.0870967741935484,1.087,0.0,0.0,0.0,0.0,0.0,1.140092545638945,0.0,1.140092545638945,0.0,0.0,0.0,0.0,,,,0.0,,0.0,,0.0,0.0,0.0,,0.0,0.0,0.0,0.0,0.0,,0.0,0.0,0.0,,0.0,,0.0,,0.0,,0.0,,0.0,0.0,0.0,,1.140120369061086,0.0,0.0,0.0,0.0,,0.0,,1.140069939108456,0.0,0.0,,0.0,0.0,0.0,0.0,,,0.0,0.0,,
1896,Q1_Jul'25###40492sMB63UdZ/BAZ7K7pPAQfYjeUJG9qOtxCfrR5/1F5GVk=,40492sMB63UdZ/BAZ7K7pPAQfYjeUJG9qOtxCfrR5/1F5GVk=,Q1,VPBank,36-45,Jul'25,Q3'25,Online,Female,Ha Noi,MAFF,VPBank,Techcombank,,,,,VPBank,Techcombank,_99,,,,,,,,10.0,"nhân viên dịch vụ thân thiện, an toàn",không cần cải thiện gì cả,10,"ứng dụng thân thiện, dễ sử dụng",5,5,5,5,5, I do not use this bank product, I do not use this bank product,5,5, I do not use this bank product, I do not use this bank product, I do not use this bank product,,,,5,Not use in recent 1 month,5,Not use in recent 1 month,5,,,,10.0,10.0,10.0,10.0,9.0,10.0,,,,,Techcombank,VPBank,VPBank,VPBank,VPBank,Techcombank,VPBank,VPBank,,,,,,0.0,,,,,,0.0,,,,,,0.0,,,,,,0.0,,,,,,0.0,,,,,,1.0,,,,,,1.0,,,,,,1.0,,,,,,1.0,,,,,,0.0,,,,,,1.0,,,,,,1.0,Q3'25,0.0,1.0202777777777776,0.0,1.0203636363636364,0.0,0.0,0.0,1.088499476613562,,0.0,,1.088605715871254,0.0,0.0,0.0,0.0,,,,,,0.0,,0.0,0.0,0.0,,0.0,0.0,0.0,,0.0,,0.0,,0.0,,1.088203125,,0.0,,0.0,,0.0,,0.0,,0.0,,0.0,,1.0889143688725489,0.0,0.0,,0.0,0.0,0.0,,0.0,,0.0,0.0,0.0,0.0,,0.0,0.0,0.0,,
1897,Q10_Jul'25###40492sMB63UdZ/BAZ7K7pPAQfYjeUJG9qOtxCfrR5/1F5GVk=,40492sMB63UdZ/BAZ7K7pPAQfYjeUJG9qOtxCfrR5/1F5GVk=,Q10,Techcombank,36-45,Jul'25,Q3'25,Online,Female,Ha Noi,MAFF,VPBank,Techcombank,,,,,VPBank,Techcombank,_99,,,,,,,,10.0,"chất lượng dịch vụ tốt, an toàn",không cần cải thiện gì cả,10,"giao diện dễ sử dụng, thân thiện",5,5,5,5,5,I do not use this bank product,I do not use this bank product,5,5,I do not use this bank product,I do not use this bank product,I do not use this bank product,,,,5,Not use in recent 1 month,5,Not use in recent 1 month,5,,,,10.0,10.0,10.0,10.0,9.0,10.0,,,,,Techcombank,VPBank,VPBank,VPBank,VPBank,Techcombank,VPBank,VPBank,0.0,,,,,,0.0,,,,,,0.0,,,,,,0.0,,,,,,1.0,,,,,,0.0,,,,,,0.0,,,,,,0.0,,,,,,0.0,,,,,,1.0,,,,,,0.0,,,,,,0.0,,,,,,Q3'25,0.0,0.8404444444444444,0.8402499999999999,0.0,0.0,0.0,0.0,0.9004641544117645,0.0,0.9004885110294116,,0.0,,0.0,0.0,0.0,,,,0.0,,0.0,,0.0,,0.0,,0.0,,0.0,,0.0,,0.0,,0.0,,0.9002205882352939,0.0,0.0,,,,0.0,,0.0,,0.0,,0.9007846362229102,,0.0,,0.0,,0.0,,0.0,,0.0,,0.0,0.0,0.0,,,,0.0,0.0,,
1898,Q1_Jul'25###40493DdEbLg9gyVWAZKHY+Mu5Cw==,40493DdEbLg9gyVWAZKHY+Mu5Cw==,Q1,ACB,36-45,Jul'25,Q3'25,Offline,Male,Ho Chi Minh,AFF,ACB,,,,,,ACB,,VPBank,MSB,Vietinbank,Techcombank,Vietcombank,BIDV,MBBank,,10.0,"Dịch vụ ngân hàng đa dạng , chi nhánh rộng ,nhân viên giao dịch vui vẻ thân thiện .",Không có,10,"Ứng dụng có nhiều lơp bảo mật an toàn khi chuyển tiền , không bị lỗi hệ thống .",5,5,4,4,5,5, I do not use this bank product, I do not use this bank product,5, I do not use this bank product,4, I do not use this bank product,4.0,Secured Loan,Lãi suất vay còn hơi cao .,5,Not use in recent 1 month,Not use in recent 1 month,Not use in recent 1 month,4,4.0,ATM,Trụ atm ở xa nên bất tiện mỗi khi đi rút tiền,9.0,9.0,10.0,9.0,10.0,10.0,ACB,ACB,ACB,ACB,,,,,ACB,ACB,ACB,ACB,,1.0,,,,,,1.0,,,,,,1.0,,,,,,1.0,,,,,,0.0,,,,,,0.0,,,,,,0.0,,,,,,0.0,,,,,,1.0,,,,,,1.0,,,,,,1.0,,,,,,1.0,,,,,Q3'25,1.086875,1.0867857142857142,0.0,1.087,0.0,1.1399762834821427,0.0,1.1402399067265794,0.0,0.0,0.0,1.140092545638945,0.0,0.0,0.0,0.0,,,,0.0,,0.0,,0.0,0.0,0.0,,0.0,0.0,1.1404341554330064,0.0,0.0,,0.0,0.0,1.140487132352941,,0.0,,0.0,,0.0,,0.0,,0.0,0.0,0.0,,0.0,0.0,1.1399912683823528,0.0,0.0,,0.0,,0.0,0.0,0.0,,0.0,0.0,0.0,0.0,,,0.0,0.0,,
1899,Q1_Jul'25###40494s7AavP0gfSZ88vYOWTyn6NPpX0EidMe7oBIBO1QX9hY=,40494s7AavP0gfSZ88vYOWTyn6NPpX0EidMe7oBIBO1QX9hY=,Q1,VPBank,36-45,Jul'25,Q3'25,Online,Female,Ha Noi,MAFF,BIDV,VPBank,,,,,VPBank,,Vietinbank,Techcombank,Vietcombank,MBBank,,,,,10.0,UY TÍN CAO,CÓ THÊM CHI NHÁNH,10,đa tiện ích,5,5,5,5,5,5, I do not use this bank product, I do not use this bank product,5, I do not use this bank product, I do not use this bank product, I do not use this bank product,,,,5,5,5,5,5,,,,10.0,10.0,10.0,10.0,10.0,10.0,,,,,VPBank,VPBank,VPBank,VPBank,VPBank,VPBank,VPBank,VPBank,,,,,,0.0,,,,,,0.0,,,,,,0.0,,,,,,0.0,,,,,,1.0,,,,,,1.0,,,,,,1.0,,,,,,1.0,,,,,,1.0,,,,,,1.0,,,,,,1.0,,,,,,1.0,Q3'25,0.0,0.0,0.0,1.0203636363636364,0.0,0.0,0.0,0.0,,0.0,,1.088605715871254,0.0,0.0,0.0,0.0,,,,,,0.0,,0.0,0.0,0.0,,0.0,0.0,0.0,,0.0,,0.0,,0.0,,0.0,,0.0,,0.0,,0.0,,0.0,,0.0,,0.0,,0.0,0.0,0.0,,0.0,0.0,1.0887798092209855,,0.0,,0.0,0.0,0.0,0.0,,0.0,0.0,0.0,,
1900,Q1_Jul'25###40495bhiAAqpeRSksLQNzsGHC+t5hmZ0sqZPNqD5M99y5CJw=,40495bhiAAqpeRSksLQNzsGHC+t5hmZ0sqZPNqD5M99y5CJw=,Q1,ACB,36-45,Jul'25,Q3'25,Online,Female,Ho Chi Minh,MAFF,BIDV,VPBank,ACB,,,,ACB,,Techcombank,Vietcombank,MBBank,Vietinbank,,,,,10.0,"Ngân hàng uy tín, có các gói đầu tư tốt",cần tích hợp các dịch vụ vào ứng dụng ngân hàng,9,"ứng dụng di động dễ thao tác và sử dụng, bảo mật cao",4,5,4,4,5,5,5,4,4,5,4,5,4.0,Secured Loan,thời gian giải ngân hơi chậm,5,4,4,5,5,4.0,Telesales,thông tin trên kênh này chưa rõ ràng,8.0,9.0,9.0,8.0,9.0,9.0,,,,,ACB,ACB,ACB,BIDV,VPBank,ACB,BIDV,ACB,,0.0,,,,,,0.0,,,,,,0.0,,,,,,0.0,,,,,,1.0,,,,,,1.0,,,,,,1.0,,,,,,0.0,,,,,,0.0,,,,,,1.0,,,,,,0.0,,,,,,1.0,,,,,Q3'25,0.0,1.0867857142857142,0.0,1.087,0.0,0.0,0.0,1.1402399067265794,0.0,0.0,0.0,1.140092545638945,0.0,0.0,0.0,0.0,,,,0.0,,0.0,,0.0,0.0,0.0,,0.0,0.0,0.0,0.0,0.0,,0.0,0.0,0.0,,0.0,,0.0,,0.0,,1.1433478860294115,,0.0,0.0,0.0,,0.0,0.0,0.0,0.0,0.0,,0.0,,1.140069939108456,0.0,0.0,,0.0,0.0,0.0,0.0,,,0.0,0.0,,
1901,Q1_Jul'25###40496emynKFJoe0GmP2NEfFrZMA==,40496emynKFJoe0GmP2NEfFrZMA==,Q1,BIDV,36-45,Jul'25,Q3'25,Offline,Female,Ho Chi Minh,MAFF,BIDV,,,,,,BIDV,,MBBank,VPBank,MSB,Vietinbank,Techcombank,ACB,Vietcombank,,8.0,Thêm nhiều ưu đãi về lãi suất hay phí giao dịch cho khách hàng,,9,Chạy nhanh mượt mà không làm gián đoạn giao dịch,4,4,4,5,5,5,4, I do not use this bank product,4, I do not use this bank product, I do not use this bank product, I do not use this bank product,4.0,Credit card,Lãi suất tín dụng của ngân hàng khá cao,4,Not use in recent 1 month,Not use in recent 1 month,Not use in recent 1 month,5,4.0,Branch,Chi nhánh ngân hàng này chỉ ở các khu vực trung tâm mới nhiều,8.0,9.0,9.0,8.0,9.0,8.0,,,,,BIDV,BIDV,BIDV,BIDV,BIDV,BIDV,BIDV,BIDV,,,,0.0,,,,,,0.0,,,,,,0.0,,,,,,0.0,,,,,,1.0,,,,,,1.0,,,,,,1.0,,,,,,1.0,,,,,,1.0,,,,,,1.0,,,,,,1.0,,,,,,1.0,,,Q3'25,0.0,0.0,0.0,0.0,1.075217391304348,0.0,0.0,0.0,0.0,0.0,0.0,0.0,0.0,0.0,1.5162808641975307,0.0,,,,,0.0,0.0,,0.0,0.0,0.0,0.0,0.0,,0.0,0.0,0.0,,0.0,,0.0,0.0,0.0,,,,,,,,0.0,0.0,0.0,0.0,0.0,0.0,0.0,,0.0,0.0,0.0,,0.0,,0.0,,0.0,1.5162808641975307,0.0,0.0,1.518631687242798,0.0,0.0,0.0,,
1902,Q1_Jul'25###40497cEysS1l+ouWBaE7zbm72Vw==,40497cEysS1l+ouWBaE7zbm72Vw==,Q1,MBBank,25-35,Jul'25,Q3'25,Offline,Female,Ho Chi Minh,MAFF,MBBank,,,,,,MBBank,,Techcombank,ACB,Vietcombank,BIDV,VPBank,Vietinbank,,,9.0,"Nhiều người sử dụng, thông tin khách hàng bảo mật cao uy tín chất lượng",Không có,10,"App dễ sử dụng chuyển tiền miễn phí rút tiền qua app không cần phải mang theo thẻ , tích hợp nhiều tiện ích đặt vé mua sắm dễ dàng",4,4,5,5,5,5,4, I do not use this bank product,4, I do not use this bank product, I do not use this bank product, I do not use this bank product,4.0,Terms deposit,Lãi suất gửi tiết kiệm % không cao lắm,4,Not use in recent 1 month,Not use in recent 1 month,Not use in recent 1 month,5,4.0,Branch,Thời gian xử lý vấn đề chờ hơi lâu tốn thời gian,9.0,9.0,10.0,9.0,10.0,10.0,,,,,Techcombank,MBBank,MBBank,MBBank,MBBank,MBBank,MBBank,Techcombank,,,,,0.0,,,,,,0.0,,,,,,0.0,,,,,,0.0,,,,,,0.0,,,,,,1.0,,,,,,1.0,,,,,,1.0,,,,,,1.0,,,,,,1.0,,,,,,1.0,,,,,,0.0,,Q3'25,0.0,1.0417241379310345,1.0417857142857143,1.0416363636363637,0.0,0.0,0.0,1.0594298066448804,0.0,1.059550367647059,0.0,1.0595873579545456,,0.0,0.0,0.0,,,,0.0,,0.0,,0.0,,0.0,0.0,0.0,,0.0,0.0,0.0,,0.0,,0.0,0.0,1.0591943359375,,,0.0,0.0,,0.0,,0.0,,0.0,,1.0597723094919789,0.0,0.0,,0.0,,0.0,,1.0596595341642756,,0.0,,0.0,,0.0,0.0,0.0,0.0,0.0,,,
1903,Q1_Jul'25###40498yFUIb30nbeFXbHf+za/frw==,40498yFUIb30nbeFXbHf+za/frw==,Q1,MBBank,46-55,Jul'25,Q3'25,Offline,Female,Ha Noi,AFF,MBBank,,,,,,MBBank,,Vietcombank,BIDV,VPBank,MSB,Vietinbank,Techcombank,ACB,,10.0,"Vì ngân hàng MB của quân đội nên an toàn, uy tín, nhiều người dùng",Không có,10,"Ứng dụng dễ sử dụng, an toàn, có tính năng gửi tiết kiệm online tiện lợi",5,4,5,5,5,5, I do not use this bank product, I do not use this bank product,5, I do not use this bank product, I do not use this bank product, I do not use this bank product,,,,Not use in recent 1 month,Not use in recent 1 month,Not use in recent 1 month,Not use in recent 1 month,5,,,,10.0,10.0,9.0,10.0,10.0,9.0,MBBank,MBBank,MBBank,MBBank,,,,,MBBank,MBBank,MBBank,MBBank,,,,,1.0,,,,,,1.0,,,,,,1.0,,,,,,1.0,,,,,,0.0,,,,,,0.0,,,,,,0.0,,,,,,0.0,,,,,,1.0,,,,,,1.0,,,,,,1.0,,,,,,1.0,,Q3'25,0.0,0.0,0.0,1.0416363636363637,0.0,0.0,0.0,0.0,0.0,0.0,0.0,1.0595873579545456,,0.0,0.0,0.0,,,,0.0,,0.0,,0.0,,0.0,0.0,0.0,,0.0,0.0,0.0,,0.0,,0.0,0.0,0.0,,,0.0,0.0,,0.0,,0.0,,0.0,,0.0,0.0,0.0,,0.0,,0.0,,1.0596595341642756,,0.0,,0.0,,0.0,0.0,0.0,0.0,0.0,,,
1904,Q1_Jul'25###40499DOQcaxqH2pkybju6cbnYIA==,40499DOQcaxqH2pkybju6cbnYIA==,Q1,Vietcombank,36-45,Jul'25,Q3'25,Offline,Male,Ho Chi Minh,MAFF,Vietcombank,,,,,,Vietcombank,,BIDV,MBBank,VPBank,MSB,Vietinbank,Techcombank,ACB,,9.0,"Trong nhà nhiều người dùng tiện khi giao dịch,Ngân hàng phổ biến , chuyển tiền nhanh",Hạn mức rút tiền ở cây atm nhiều hơn để khi cần số tiền lớn không cần đến ngân hang,9,"Giao diện màu xanh nhìn trẻ trung , app ít khi bị bải trì",5,5,4,5,5,5,4, I do not use this bank product,5, I do not use this bank product, I do not use this bank product, I do not use this bank product,4.0,Credit card,Lãi suất tín dụng cao,5,Not use in recent 1 month,Not use in recent 1 month,Not use in recent 1 month,4,4.0,ATM,máy atm đôi khi bảo trì rút tiền không được,9.0,8.0,8.0,9.0,9.0,10.0,,,,,Vietcombank,Vietcombank,Vietcombank,Vietcombank,Vietcombank,Vietcombank,Vietcombank,Vietcombank,,,0.0,,,,,,0.0,,,,,,0.0,,,,,,0.0,,,,,,1.0,,,,,,1.0,,,,,,1.0,,,,,,1.0,,,,,,1.0,,,,,,1.0,,,,,,1.0,,,,,,1.0,,,,Q3'25,0.9091666666666666,0.0,0.9089655172413792,0.9090322580645162,0.0,0.7784998276654411,0.0,0.0,0.0,0.7786017922794117,0.0,0.7786916593968096,0.0,0.0,0.0,0.0,,,,0.0,0.0,,0.0,0.0,,,0.0,0.0,0.0,0.0,0.0,0.7794175091911764,0.0,0.0,0.0,0.0,0.0,0.0,0.0,0.0,,0.0,,0.0,,0.7784658394607843,0.0,0.0,0.0,0.0,0.0,0.0,,0.0,,0.0,0.0,0.7786094877219756,0.0,0.0,0.0,0.0,0.0,0.0,0.0,0.0,,0.0,0.0,,
1905,Q1_Jul'25###40500A40wCgUxPglBZ5QY5PfjcA==,40500A40wCgUxPglBZ5QY5PfjcA==,Q1,ACB,36-45,Jul'25,Q3'25,Offline,Female,Ho Chi Minh,AFF,ACB,,,,,,ACB,,MBBank,VPBank,MSB,Vietinbank,Techcombank,Vietcombank,BIDV,,9.0,"Nhiều quầy giao dịch không  phải ngồi chờ lâu , chi nhánh ngân hàng nhiều dễ tìm",Không có,9,"Tích điểm đổi quà trên app có nhiều phần quà như ăn uống mua sắm làm đẹp , mấy tháng app sẽ tự thoát giao diện để đăng nhập lại để đảm bảo an toàn cho app",4,4,5,4,5,5,4, I do not use this bank product,4, I do not use this bank product, I do not use this bank product, I do not use this bank product,4.0,Terms deposit,Rút trước hạn sẽ không có lãi suất,5,4,5,4,4,4.0,ATM,"Trụ ATM ít thấy có máy lạnh, hay bảo trì khó rút tiền",10.0,9.0,10.0,9.0,9.0,9.0,ACB,ACB,ACB,ACB,,,,,ACB,ACB,ACB,ACB,,1.0,,,,,,1.0,,,,,,1.0,,,,,,1.0,,,,,,0.0,,,,,,0.0,,,,,,0.0,,,,,,0.0,,,,,,1.0,,,,,,1.0,,,,,,1.0,,,,,,1.0,,,,,Q3'25,1.086875,0.0,1.0870967741935484,0.0,0.0,1.1399762834821427,0.0,0.0,0.0,1.140092545638945,0.0,0.0,0.0,0.0,0.0,0.0,,,,0.0,,0.0,,0.0,0.0,0.0,,0.0,0.0,1.1404341554330064,0.0,0.0,,0.0,0.0,0.0,,0.0,,0.0,,0.0,,0.0,,0.0,0.0,0.0,,1.140120369061086,0.0,0.0,0.0,0.0,,0.0,,0.0,0.0,0.0,,0.0,0.0,0.0,0.0,,,0.0,0.0,,
1906,Q1_Jul'25###40501x/T7IXKbo3oHf+84+yNXfg==,40501x/T7IXKbo3oHf+84+yNXfg==,Q1,Vietcombank,46-55,Jul'25,Q3'25,Offline,Female,Ha Noi,AFF,MBBank,Vietcombank,,,,,Vietcombank,,ACB,BIDV,VPBank,MSB,Vietinbank,Techcombank,,,9.0,"Vietcombank có đội ngũ nhân viên thân thiện, nhiệt tình, tư vấn và giới thiệu dịch vụ đúng với nhu cầu của khách hàng.",Đôi khi app của ngân hàng bị lỗi không đăng nhập được hoặc không chuyển tiền được.,7,Vietcombank cần cải thiện để app hoạt động tốt hơn. Đôi khi cần chuyển tiền ngay nhưng app bị lỗi không đăng nhập được hoặc đăng nhập vào được mà không chuyển tiền được.,3,5,3,4,5,4, I do not use this bank product, I do not use this bank product,4, I do not use this bank product, I do not use this bank product, I do not use this bank product,4.0,Terms deposit,Lãi suất không cạnh tranh so với một số ngân hàng khác,5,Not use in recent 1 month,Not use in recent 1 month,Not use in recent 1 month,Not use in recent 1 month,,,,9.0,9.0,10.0,10.0,10.0,8.0,Vietcombank,Vietcombank,Missing lable,Missing lable,,,,,Vietcombank,Vietcombank,Missing lable,Missing lable,,,1.0,,,,,,1.0,,,,,,0.0,,,,,,0.0,,,,,,0.0,,,,,,0.0,,,,,,0.0,,,,,,0.0,,,,,,1.0,,,,,,1.0,,,,,,0.0,,,,,,0.0,,,,Q3'25,0.0,0.0,0.0,0.9090322580645162,0.0,0.0,0.0,0.0,0.0,0.0,0.0,0.7786916593968096,0.0,0.0,0.0,0.0,,,,0.0,0.0,,0.0,0.0,,,0.0,0.0,0.0,0.0,0.0,0.0,0.0,0.0,0.0,0.0,0.0,0.0,0.0,0.0,,0.0,,0.0,,0.0,0.0,0.0,0.0,0.0,0.0,0.7784658394607843,,0.0,,0.7794175091911765,0.0,0.0,0.0,0.0,0.0,0.0,0.0,0.0,0.0,0.0,,0.0,0.0,,
1907,Q1_Jul'25###40502SEkur/6/TFCZ8cZJfH44TQ==,40502SEkur/6/TFCZ8cZJfH44TQ==,Q1,ACB,25-35,Jul'25,Q3'25,Offline,Female,Ho Chi Minh,MAFF,ACB,,,,,,ACB,,BIDV,MBBank,VPBank,MSB,Vietinbank,Techcombank,Vietcombank,,9.0,"Ngân hàng có nhân viên nhiệt tình luôn vui vẻ niềm nở chào đón khách hàng ,bảo vệ lịch thiệp",Nhiều điểm giao dịch hơn nữa,9,Ứng dụng nhạy các nút bấm nhanh chóng không bị đơ,5,5,5,5,4,5,5,4,5, I do not use this bank product, I do not use this bank product, I do not use this bank product,4.0,Banca,Ít sản phẩm để lựa chọn,5,Not use in recent 1 month,Not use in recent 1 month,4,5,4.0,Fanpage,Trang facebook thấy ít có thông báo tin tức nhiều,10.0,9.0,10.0,9.0,10.0,8.0,,,,,ACB,ACB,ACB,ACB,ACB,ACB,ACB,ACB,,0.0,,,,,,0.0,,,,,,0.0,,,,,,0.0,,,,,,1.0,,,,,,1.0,,,,,,1.0,,,,,,1.0,,,,,,1.0,,,,,,1.0,,,,,,1.0,,,,,,1.0,,,,,Q3'25,0.0,0.0,0.0,1.087,0.0,0.0,0.0,0.0,0.0,0.0,0.0,1.140092545638945,0.0,0.0,0.0,0.0,,,,0.0,,0.0,,0.0,0.0,0.0,,0.0,0.0,0.0,0.0,0.0,,0.0,0.0,0.0,,0.0,,0.0,,0.0,,0.0,,0.0,0.0,0.0,,0.0,0.0,1.1399912683823528,0.0,0.0,,0.0,,0.0,0.0,0.0,,0.0,0.0,0.0,0.0,,,0.0,0.0,,
1908,Q1_Jul'25###40503h8Ux1I/IuGwgoNfCuXPfDw==,40503h8Ux1I/IuGwgoNfCuXPfDw==,Q1,BIDV,36-45,Jul'25,Q3'25,Offline,Female,Ha Noi,AFF,Techcombank,BIDV,,,,,BIDV,,ACB,Vietcombank,MBBank,VPBank,MSB,Vietinbank,,,9.0,"Lãi suất cho vay thế chấp thấp, giải ngân nhanh, ứng dụng dễ dùng","Màu của giao diện app nhìn hơi tối, nên thay đổi màu sáng hơn để dễ nhìn hơn",9,"Ứng dụng tích hợp theo dõi cả khoản vay và lãi suất khoản vay nên thuận tiện để theo dõi, khi dùng ít bị lỗi",5,4,5,5,5, I do not use this bank product,5, I do not use this bank product,4, I do not use this bank product,5, I do not use this bank product,4.0,Terms deposit,Lãi suất khá thấp,5,Not use in recent 1 month,5,Not use in recent 1 month,Not use in recent 1 month,,,,10.0,9.0,9.0,10.0,9.0,9.0,BIDV,BIDV,BIDV,Vietcombank,,,,,BIDV,BIDV,Techcombank,BIDV,,,,1.0,,,,,,1.0,,,,,,1.0,,,,,,0.0,,,,,,0.0,,,,,,0.0,,,,,,0.0,,,,,,0.0,,,,,,1.0,,,,,,1.0,,,,,,0.0,,,,,,1.0,,,Q3'25,1.075161290322581,0.0,1.0752,0.0,1.075217391304348,1.009468443627451,0.0,0.0,0.0,1.009518119747899,0.0,0.0,0.0,1.0096556843891402,0.0,0.0,,,,,0.0,0.0,,1.0092945772058823,0.0,0.0,0.0,0.0,,0.0,0.0,0.0,,0.0,,0.0,0.0,0.0,,,,,,,,1.0092945772058823,0.0,0.0,0.0,0.0,0.0,0.0,,0.0,0.0,0.0,,0.0,,0.0,,0.0,0.0,0.0,1.0092945772058823,0.0,0.0,0.0,0.0,,
1909,Q1_Jul'25###40504/SO8gzfW1BzSezInD/ng1w==,40504/SO8gzfW1BzSezInD/ng1w==,Q1,BIDV,25-35,Jul'25,Q3'25,Offline,Female,Ha Noi,AFF,BIDV,,,,,,BIDV,,MBBank,VPBank,MSB,Vietinbank,Techcombank,ACB,Vietcombank,,10.0,"Nhiều người sử dụng, ngân hàng uy tín và lâu đời, đáng tin cậy",Không có,10,"Ứng dụng có nhiều tiện ích như thanh toán QR, nạp tiền điện thoại, đặt vé máy bay, thanh toán hóa đơn và rất dễ sử dụng",4,5,5,5,5, I do not use this bank product, I do not use this bank product, I do not use this bank product,5, I do not use this bank product,5, I do not use this bank product,,,,5,Not use in recent 1 month,Not use in recent 1 month,Not use in recent 1 month,5,,,,9.0,9.0,10.0,9.0,10.0,10.0,BIDV,BIDV,BIDV,BIDV,,,,,BIDV,BIDV,BIDV,Techcombank,,,,1.0,,,,,,1.0,,,,,,1.0,,,,,,1.0,,,,,,0.0,,,,,,0.0,,,,,,0.0,,,,,,0.0,,,,,,1.0,,,,,,1.0,,,,,,1.0,,,,,,0.0,,,Q3'25,0.0,0.0,0.0,1.0751923076923076,0.0,0.0,0.0,0.0,0.0,0.0,0.0,1.0095707179930795,0.0,0.0,0.0,0.0,,,,,0.0,0.0,,0.0,0.0,0.0,0.0,0.0,,0.0,0.0,0.0,,0.0,,0.0,0.0,0.0,,,,,,,,0.0,0.0,0.0,0.0,0.0,0.0,0.0,,0.0,0.0,0.0,,1.0095416505417958,,0.0,,0.0,0.0,0.0,0.0,0.0,0.0,0.0,0.0,,
1910,Q1_Jul'25###40505DAn4Jqc/F4kL+Xq+LTnpJQ==,40505DAn4Jqc/F4kL+Xq+LTnpJQ==,Q1,BIDV,25-35,Jul'25,Q3'25,Offline,Female,Ho Chi Minh,MAFF,BIDV,Techcombank,,,,,BIDV,,VPBank,MSB,Vietinbank,ACB,Vietcombank,MBBank,,,9.0,"Có nhiều ưu đãi hấp dẫn , hệ thống bảo mật tốt, mạng lưới chi nhánh nhiều",Các cây atm cần dọn vệ sinh thêm cho sạch sẽ hiện giờ thấy rác giấy nhiều,9,"Bảo mật tốt, giao dịch chuyển khoản nhanh",5,4,5,4,5,5,4, I do not use this bank product,5, I do not use this bank product, I do not use this bank product, I do not use this bank product,4.0,Credit card,Quy trình làm thẻ hơi phức tạp cần phê duyệt nhiều,4,Not use in recent 1 month,Not use in recent 1 month,5,5,4.0,Branch,Bảo vệ đôi khi để xe khách ngoài nắng xe khách không được che yên,8.0,9.0,10.0,9.0,10.0,9.0,,,,,BIDV,BIDV,BIDV,BIDV,BIDV,BIDV,BIDV,BIDV,,,,0.0,,,,,,0.0,,,,,,0.0,,,,,,0.0,,,,,,1.0,,,,,,1.0,,,,,,1.0,,,,,,1.0,,,,,,1.0,,,,,,1.0,,,,,,1.0,,,,,,1.0,,,Q3'25,1.075161290322581,1.075357142857143,0.0,0.0,1.075217391304348,1.009468443627451,0.0,1.009468443627451,0.0,0.0,0.0,0.0,0.0,1.0096556843891402,0.0,0.0,,,,,0.0,0.0,,0.0,0.0,0.0,0.0,0.0,,1.0092945772058823,0.0,0.0,,0.0,,0.0,0.0,1.0098161764705882,,,,,,,,0.0,0.0,0.0,0.0,0.0,0.0,0.0,,0.0,0.0,0.0,,0.0,,0.0,,0.0,0.0,0.0,0.0,0.0,0.0,1.0092945772058823,0.0,,
1911,Q1_Jul'25###40506DMJwGus7qrBuiXAINve5HCOSJHvF9qwEeyJ0u5h8tDI=,40506DMJwGus7qrBuiXAINve5HCOSJHvF9qwEeyJ0u5h8tDI=,Q1,Vietcombank,25-35,Jul'25,Q3'25,Online,Male,Ha Noi,MAFF,Vietcombank,VPBank,Techcombank,,,,Vietcombank,Techcombank,BIDV,Vietinbank,,,,,,,10.0,Ngân hàng lâu đời và uy tín.,Dịch vụ chăm sóc khách hàng,8,Giao diện của ứng dụng.,4,4,4,5,3,4,5,5,4,5,4,3,3.0,Unsecured Loan/ Overdraft without Collateral,Lãi suất cao,4,5,4,5,4,4.0,Branch,Phòng giao dịch ở xa,8.0,9.0,8.0,8.0,8.0,9.0,,,,,Vietcombank,Techcombank,Techcombank,Vietinbank,Vietcombank,Vietcombank,Vietinbank,Vietcombank,,,0.0,,,,,,0.0,,,,,,0.0,,,,,,0.0,,,,,,1.0,,,,,,0.0,,,,,,0.0,,,,,,0.0,,,,,,1.0,,,,,,1.0,,,,,,0.0,,,,,,1.0,,,,Q3'25,0.0,0.0,0.0,0.9090322580645162,0.0,0.0,0.0,0.0,0.0,0.0,0.0,0.7786916593968096,0.0,0.0,0.0,0.0,,,,0.0,0.0,,0.0,0.0,,,0.0,0.0,0.0,0.0,0.0,0.0,0.0,0.0,0.0,0.0,0.0,0.0,0.0,0.0,,0.0,,0.0,,0.0,0.0,0.0,0.0,0.0,0.0,0.0,,0.0,,0.0,0.0,0.7786094877219756,0.0,0.0,0.0,0.0,0.0,0.0,0.0,0.0,,0.0,0.0,,
1912,Q10_Jul'25###40506DMJwGus7qrBuiXAINve5HCOSJHvF9qwEeyJ0u5h8tDI=,40506DMJwGus7qrBuiXAINve5HCOSJHvF9qwEeyJ0u5h8tDI=,Q10,Techcombank,25-35,Jul'25,Q3'25,Online,Male,Ha Noi,MAFF,Vietcombank,VPBank,Techcombank,,,,Vietcombank,Techcombank,BIDV,Vietinbank,,,,,,,9.0,Ngân hàng uy tín,Lãi suất gửi tiết kiệm,8,Giao diện của ứng dụng,4,4,4,5,4,5,4,5,4,4,4,3,3.0,Unsecured Loan/ Overdraft without Collateral,Lãi suất vay không hấp dẫn,3,4,4,5,4,3.0,Branch,Phòng giao dịch không ấn tượng,9.0,8.0,9.0,8.0,8.0,9.0,,,,,Vietcombank,Techcombank,Techcombank,Vietinbank,Vietcombank,Vietcombank,Vietinbank,Vietcombank,0.0,,,,,,0.0,,,,,,0.0,,,,,,0.0,,,,,,0.0,,,,,,1.0,,,,,,1.0,,,,,,0.0,,,,,,0.0,,,,,,0.0,,,,,,0.0,,,,,,0.0,,,,,,Q3'25,0.0,0.0,0.0,0.8403076923076923,0.0,0.0,0.0,0.0,0.0,0.0,,0.9005503393665156,,0.0,0.0,0.0,,,,0.0,,0.0,,0.0,,0.0,,0.0,,0.0,,0.0,,0.0,,0.0,,0.0,0.0,0.0,,,,0.0,,0.0,,0.0,,0.0,,0.0,,0.0,,0.0,,0.9006766270337921,,0.0,,0.0,0.0,0.0,,,,0.0,0.0,,
1913,Q1_Jul'25###40507cO9Y5sodUpVCDwUrdR0HFQ==,40507cO9Y5sodUpVCDwUrdR0HFQ==,Q1,ACB,25-35,Jul'25,Q3'25,Offline,Female,Ho Chi Minh,MAFF,ACB,VPBank,,,,,ACB,,MBBank,Vietinbank,Techcombank,Vietcombank,BIDV,,,,9.0,"App ngân hàng hiện đại, bảo mật cao khi giao dịch, đăng kí tài khoản đơn giản, không tốn phí thường niên khi duy trì số dư tài khoản 3 triệu, dịch vụ tốt, nhân viên niềm nở, phòng giao dịch rộng rãi sạch sẽ, mát mẻ",Cần giảm thời gian chờ đợi của khách hàng khi chờ giao dịch vì nhiều lúc dô phải đợi lâu quá,9,"Ứng dụng mượt, giao diện hiện đại, có bảo mật cao, sử dụng dễ dàng",5,4,5,5,5,5,5, I do not use this bank product,5, I do not use this bank product, I do not use this bank product, I do not use this bank product,,,,5,Not use in recent 1 month,5,Not use in recent 1 month,4,4.0,ATM,Vì không có cây atm của acb gần nhà,10.0,10.0,10.0,10.0,9.0,10.0,,,,,ACB,ACB,Missing lable,Missing lable,ACB,Missing lable,ACB,ACB,,0.0,,,,,,0.0,,,,,,0.0,,,,,,0.0,,,,,,1.0,,,,,,1.0,,,,,,0.0,,,,,,0.0,,,,,,1.0,,,,,,0.0,,,,,,1.0,,,,,,1.0,,,,,Q3'25,1.086875,1.0867857142857142,1.0870967741935484,1.087,1.0868421052631578,1.1399762834821427,0.0,1.1402399067265794,0.0,1.140092545638945,0.0,1.140092545638945,0.0,1.1402627595155708,0.0,0.0,,,,0.0,,0.0,,0.0,0.0,1.139152113970588,,0.0,0.0,1.1404341554330064,0.0,0.0,,0.0,0.0,0.0,,1.140487132352941,,0.0,,0.0,,0.0,,0.0,0.0,1.1381031709558822,,1.140120369061086,0.0,1.1399912683823528,0.0,0.0,,0.0,,0.0,0.0,0.0,,1.1398514093137253,0.0,0.0,0.0,,,0.0,0.0,,
1914,Q1_Jul'25###405088Ds2yBTwob5yJ4xBN0xqiQ==,405088Ds2yBTwob5yJ4xBN0xqiQ==,Q1,Techcombank,25-35,Jul'25,Q3'25,Offline,Female,Ho Chi Minh,MAFF,Techcombank,,,,,,Techcombank,,BIDV,MBBank,VPBank,MSB,Vietinbank,ACB,Vietcombank,,10.0,"App chuyển tiền hạn mức trong ngày cao, chuyển tiền miễn phí , ngân hàng lớn uy tín nhiều người xài",Không cần cải thiện,10,"Chuyển khoản miễn phí ,hạn mức chuyển cao . Ứng dụng chạy ro ro ít hay lỗi",5,5,4,5,5,5,5, I do not use this bank product,4, I do not use this bank product, I do not use this bank product, I do not use this bank product,4.0,Terms deposit,Về lãi suất thì thấp hơn một số ngân hàng khác,5,Not use in recent 1 month,Not use in recent 1 month,Not use in recent 1 month,5,,,,10.0,9.0,10.0,10.0,9.0,9.0,,,,,Techcombank,Techcombank,Techcombank,Techcombank,Techcombank,Techcombank,Techcombank,Techcombank,0.0,,,,,,0.0,,,,,,0.0,,,,,,0.0,,,,,,1.0,,,,,,1.0,,,,,,1.0,,,,,,1.0,,,,,,1.0,,,,,,1.0,,,,,,1.0,,,,,,1.0,,,,,,Q3'25,0.0,0.8404444444444444,0.0,0.8403076923076923,0.8402777777777778,0.0,0.0,0.9004641544117645,0.0,0.0,,0.9005503393665156,,0.900555491727941,0.0,0.0,,,,0.0,,0.0,,0.0,,0.0,,0.0,,0.0,,0.0,,0.900220588235294,,0.0,,0.0,0.0,0.0,,,,0.0,,0.0,,0.0,,0.0,,0.0,,0.0,,0.0,,0.9006766270337921,,0.0,,0.9002205882352939,0.0,0.0,,,,0.0,0.0,,
1915,Q1_Jul'25###40509J+KavNoZAPzQ4/VBjeAcpw==,40509J+KavNoZAPzQ4/VBjeAcpw==,Q1,BIDV,25-35,Jul'25,Q3'25,Offline,Female,Ho Chi Minh,MAFF,BIDV,,,,,,BIDV,,MBBank,VPBank,MSB,Vietinbank,Techcombank,ACB,Vietcombank,,9.0,"Quen dùng ngân hàng này thấy có phí giao dịch và lãi suất hợp lý nên cũng muốn giới thiệu , đội ngũ nhân viên chuyên nghiệp làm việc nhanh",Tôi muốn dịch vụ chăm sóc khách hàng ngày càng tốt hơn nữa,9,"Có nhiều lớp xác thực bảo mật cao .
vào ứng dụng nhanh không bị nghẽn mạng",5,5,5,5,4,5, I do not use this bank product, I do not use this bank product,5, I do not use this bank product,4, I do not use this bank product,4.0,Secured Loan,thời gian xét duyệt hồ sơ làm chậm,5,Not use in recent 1 month,Not use in recent 1 month,Not use in recent 1 month,5,,,,9.0,9.0,10.0,8.0,10.0,9.0,,,,,BIDV,BIDV,BIDV,BIDV,BIDV,BIDV,BIDV,BIDV,,,,0.0,,,,,,0.0,,,,,,0.0,,,,,,0.0,,,,,,1.0,,,,,,1.0,,,,,,1.0,,,,,,1.0,,,,,,1.0,,,,,,1.0,,,,,,1.0,,,,,,1.0,,,Q3'25,0.0,0.0,1.0752,1.0751923076923076,1.075217391304348,0.0,0.0,0.0,0.0,1.009518119747899,0.0,1.0095707179930795,0.0,1.0096556843891402,0.0,0.0,,,,,0.0,0.0,,0.0,0.0,0.0,0.0,0.0,,0.0,0.0,0.0,,0.0,,0.0,0.0,0.0,,,,,,,,1.0092945772058823,0.0,0.0,0.0,0.0,0.0,0.0,,0.0,0.0,0.0,,0.0,,1.0097213402406418,,1.010233455882353,0.0,1.0092945772058823,0.0,0.0,0.0,0.0,0.0,,
1916,Q1_Jul'25###40510MZ6MvhfXztizVDD9+6ezETubmlSa3A+4wntWL1yXEsg=,40510MZ6MvhfXztizVDD9+6ezETubmlSa3A+4wntWL1yXEsg=,Q1,BIDV,46-55,Jul'25,Q3'25,Online,Female,Ho Chi Minh,MAFF,BIDV,Vietcombank,,,,,BIDV,,ACB,MBBank,VPBank,MSB,Vietinbank,Techcombank,,,10.0,"BiDV la ngan hang lon uy tin, nhieu san pham, thu tuc don gian, nhanvien chuyen nghiep",can tang so luong may ATM,10,"ung dung ngan hang tren dien thoai rat don gian, an toan, nhanh chong, su dung moi luc moi noi",4,5,4,4,5,5,5,4,4,4,4,4,4.0,Banca,bao hiem cua BIDV chua that su thu hut do chua co nhieu chuong trinh quang ba san pham,4,4,4,5,3,3.0,ATM,"may ATM it, thuong xuyen khong giao dich duoc",10.0,10.0,10.0,10.0,10.0,10.0,,,,,BIDV,BIDV,BIDV,BIDV,BIDV,BIDV,BIDV,BIDV,,,,0.0,,,,,,0.0,,,,,,0.0,,,,,,0.0,,,,,,1.0,,,,,,1.0,,,,,,1.0,,,,,,1.0,,,,,,1.0,,,,,,1.0,,,,,,1.0,,,,,,1.0,,,Q3'25,0.0,1.075357142857143,1.0752,1.0751923076923076,0.0,0.0,0.0,1.009468443627451,0.0,1.009518119747899,0.0,1.0095707179930795,0.0,0.0,0.0,0.0,,,,,0.0,0.0,,0.0,0.0,0.0,0.0,0.0,,0.0,0.0,0.0,,0.0,,1.0096075367647055,0.0,0.0,,,,,,,,0.0,0.0,1.0092945772058823,0.0,0.0,0.0,0.0,,0.0,0.0,0.0,,1.0095416505417958,,1.0097213402406418,,0.0,0.0,0.0,0.0,0.0,0.0,0.0,0.0,,
1917,Q1_Jul'25###40511AiWTpINYDklMoIacKAh/WTEekimowgDniJSA5Y2e13o=,40511AiWTpINYDklMoIacKAh/WTEekimowgDniJSA5Y2e13o=,Q1,BIDV,36-45,Jul'25,Q3'25,Online,Female,Ho Chi Minh,MAFF,BIDV,,,,,,BIDV,,Techcombank,Vietcombank,VPBank,,,,,,7.0,"Cần giao dịch nhanh không để khách chờ lâu, cần nhiều gói dịch vụ ưu đãi tốt hơn cho khách hàng",,6,Ứng dụng Đôi lúc bị lỗi gián  đoạn và nhiều thông  tin không cần thiết,2,2,3,2,3, I do not use this bank product,3,4,2,3, I do not use this bank product, I do not use this bank product,2.0,Terms deposit,Tiền  gửi tiết kiệm lãi  suất không cao rất  thấp,3,2,4,2,2,2.0,ATM,Thỉnh thoảng hay hết Tiền trong máy,7.0,9.0,9.0,9.0,8.0,9.0,,,,,BIDV,BIDV,BIDV,BIDV,BIDV,BIDV,BIDV,BIDV,,,,0.0,,,,,,0.0,,,,,,0.0,,,,,,0.0,,,,,,1.0,,,,,,1.0,,,,,,1.0,,,,,,1.0,,,,,,1.0,,,,,,1.0,,,,,,1.0,,,,,,1.0,,,Q3'25,0.0,0.0,1.0752,0.0,1.075217391304348,0.0,0.0,0.0,0.0,0.0,1.5162808641975307,0.0,0.0,0.0,1.5162808641975307,0.0,,,,,0.0,0.0,,0.0,0.0,0.0,0.0,0.0,,0.0,0.0,0.0,,0.0,,0.0,0.0,0.0,,,,,,,,0.0,1.5162808641975307,0.0,0.0,0.0,0.0,0.0,,0.0,0.0,0.0,,0.0,,0.0,,0.0,0.0,0.0,0.0,0.0,0.0,0.0,1.518631687242798,,
1918,Q1_Jul'25###40512xaK8Y0sdhoF8WyjRWPe41kPzjCpIBcZGTIgbBioSTgk=,40512xaK8Y0sdhoF8WyjRWPe41kPzjCpIBcZGTIgbBioSTgk=,Q1,BIDV,36-45,Jul'25,Q3'25,Online,Female,Ho Chi Minh,MAFF,MBBank,VPBank,BIDV,,,,BIDV,,MSB,Vietinbank,Techcombank,ACB,Vietcombank,,,,6.0,toi muon huong thu mot minh,,7,cho ban be biet,4,4,4,4,4,4,3,4,5,4,5,4,3.0,Credit card,sam ph.dung tot chua thay spa,4,4,4,4,3,3.0,ATM,may dung pm ap,9.0,9.0,8.0,9.0,8.0,8.0,,,,,VPBank,BIDV,ACB,BIDV,BIDV,BIDV,BIDV,BIDV,,,,0.0,,,,,,0.0,,,,,,0.0,,,,,,0.0,,,,,,0.0,,,,,,1.0,,,,,,0.0,,,,,,1.0,,,,,,1.0,,,,,,1.0,,,,,,1.0,,,,,,1.0,,,Q3'25,0.0,0.0,0.0,0.0,0.0,0.0,0.0,0.0,0.0,0.0,0.0,0.0,0.0,0.0,0.0,0.0,,,,,0.0,0.0,,0.0,0.0,0.0,0.0,0.0,,0.0,0.0,0.0,,0.0,,0.0,0.0,0.0,,,,,,,,0.0,0.0,0.0,0.0,0.0,0.0,0.0,,0.0,0.0,0.0,,0.0,,0.0,,0.0,0.0,0.0,0.0,0.0,0.0,0.0,0.0,,
1919,Q1_Jul'25###4051356CLpvYm4PlismqJNFK/jg==,4051356CLpvYm4PlismqJNFK/jg==,Q1,ACB,36-45,Jul'25,Q3'25,Offline,Female,Ha Noi,AFF,VPBank,ACB,,,,,ACB,,Vietcombank,BIDV,MBBank,MSB,Vietinbank,Techcombank,,,9.0,Ngân hàng số cua acb rất đươc đầu tư mạnh có thể chuyển tiền mọi lúc và ở khăp nơi tiện dụng và  tiêt kiêm online tiện ích tự động trích lãi vao tai khoản thanh toán,Không có,9,"Giao diện hiện đại các chức năng của ngân hàng đươc săp xếp rât khoa hoc dễ tìm kiếm,tốc độ xử lý nhanh chóng các giao dịch chuyên tiền  và thanh toán cac hoá đơn ngay trên ứng dụng ngân hàng",5,5,4,5,4, I do not use this bank product,5, I do not use this bank product,5, I do not use this bank product, I do not use this bank product, I do not use this bank product,,,,5,Not use in recent 1 month,Not use in recent 1 month,Not use in recent 1 month,5,,,,8.0,10.0,9.0,10.0,9.0,10.0,ACB,ACB,ACB,ACB,,,,,ACB,ACB,ACB,ACB,,1.0,,,,,,1.0,,,,,,1.0,,,,,,1.0,,,,,,0.0,,,,,,0.0,,,,,,0.0,,,,,,0.0,,,,,,1.0,,,,,,1.0,,,,,,1.0,,,,,,1.0,,,,,Q3'25,1.086875,0.0,0.0,0.0,0.0,1.1399762834821427,0.0,0.0,0.0,0.0,0.0,0.0,0.0,0.0,0.0,0.0,,,,0.0,,1.1381031709558822,,0.0,0.0,1.139152113970588,,0.0,0.0,0.0,0.0,0.0,,0.0,0.0,0.0,,0.0,,0.0,,0.0,,0.0,,0.0,0.0,0.0,,0.0,0.0,0.0,0.0,0.0,,0.0,,0.0,0.0,0.0,,0.0,0.0,0.0,0.0,,,0.0,0.0,,
1920,Q1_Jul'25###40514SlSkdAgAvioGyKT7qo0QGuvpaViBWPx+3N36NiCEJ1o=,40514SlSkdAgAvioGyKT7qo0QGuvpaViBWPx+3N36NiCEJ1o=,Q1,ACB,36-45,Jul'25,Q3'25,Online,Male,Ho Chi Minh,MAFF,ACB,,,,,,ACB,,MSB,Vietinbank,Techcombank,Vietcombank,BIDV,MBBank,VPBank,,10.0,"Uy tín và chăm sóc khách hàng chu đáo ,nhiệt tình",Nhiều ưu đãi cho các sản phẩm có sinh lãi,10,"Hình nền,bảo mật,nhiều ứng dụng cho người dùng",5,5,5,5,5, I do not use this bank product, I do not use this bank product,5,5, I do not use this bank product,5,5,,,,5,4,5,5,5,4.0,Telesales,Một số kênh bán hàng giá cả chưa hợp lý như mặt hàng,10.0,10.0,10.0,10.0,10.0,10.0,,,,,ACB,ACB,Missing lable,ACB,ACB,ACB,ACB,ACB,,0.0,,,,,,0.0,,,,,,0.0,,,,,,0.0,,,,,,1.0,,,,,,1.0,,,,,,0.0,,,,,,1.0,,,,,,1.0,,,,,,1.0,,,,,,1.0,,,,,,1.0,,,,,Q3'25,0.0,0.0,0.0,1.087,0.0,0.0,0.0,0.0,0.0,0.0,0.0,1.140092545638945,0.0,0.0,0.0,0.0,,,,0.0,,0.0,,0.0,0.0,0.0,,0.0,0.0,0.0,0.0,0.0,,0.0,0.0,0.0,,0.0,,0.0,,0.0,,0.0,,0.0,0.0,0.0,,0.0,0.0,1.1399912683823528,0.0,1.139152113970588,,0.0,,1.140069939108456,0.0,0.0,,0.0,0.0,0.0,0.0,,,0.0,0.0,,
1921,Q1_Jul'25###40515F10ANEgxTTTE32dojVX3r8IPEktXafb/2pFN3u7PpjA=,40515F10ANEgxTTTE32dojVX3r8IPEktXafb/2pFN3u7PpjA=,Q1,MBBank,25-35,Jul'25,Q3'25,Online,Female,Ha Noi,MAFF,MBBank,,,,,,MBBank,,MSB,Techcombank,ACB,Vietcombank,BIDV,,,,10.0,"Là một ngân hangf tôi thường xuyên sử dụng , dễ dàng , nhanh chóng",Chưa biết,10,Dễ dàng sử dungh,4,5,3,5,5, I do not use this bank product,5, I do not use this bank product,5, I do not use this bank product, I do not use this bank product, I do not use this bank product,,,,5,Not use in recent 1 month,5,5,5,,,,10.0,10.0,10.0,10.0,9.0,9.0,,,,,MBBank,MBBank,MBBank,MBBank,MBBank,MBBank,MBBank,MBBank,,,,,0.0,,,,,,0.0,,,,,,0.0,,,,,,0.0,,,,,,1.0,,,,,,1.0,,,,,,1.0,,,,,,1.0,,,,,,1.0,,,,,,1.0,,,,,,1.0,,,,,,1.0,,Q3'25,1.041777777777778,0.0,1.0417857142857143,0.0,0.0,1.0596181832107845,0.0,0.0,0.0,1.059550367647059,0.0,0.0,,0.0,0.0,0.0,,,,0.0,,0.0,,0.0,,0.0,0.0,0.0,,0.0,0.0,1.0593759847689077,,0.0,,0.0,0.0,0.0,,,0.0,0.0,,0.0,,1.0601833129084968,,0.0,,0.0,0.0,0.0,,0.0,,0.0,,0.0,,0.0,,0.0,,0.0,0.0,0.0,0.0,0.0,,,
1922,Q1_Jul'25###40516fRkyVnnbEqV+V7Kk1D3ytw==,40516fRkyVnnbEqV+V7Kk1D3ytw==,Q1,ACB,36-45,Jul'25,Q3'25,Offline,Male,Ho Chi Minh,AFF,ACB,,,,,,ACB,,Vietcombank,BIDV,MBBank,VPBank,MSB,Vietinbank,Techcombank,,10.0,"Hẹ thống ATM phủ rộng tiện lợi, bảo mật cao khi giao dịch giá trị lớn xác thực khuôn mặt nhân viên chuyên nghiệp nhiệt tình",Không có,9,"Luôn nâng cấp bổ sung các tính năng mới , xử lý nhanh khi chuyển khoản hóa đơn lớp bảo mật cao an tâm sử dụng",5,5,5,5,4,5,5, I do not use this bank product,4, I do not use this bank product, I do not use this bank product, I do not use this bank product,4.0,Terms deposit,"Chưa có nhiều gói ưu đãi hấp dẫn , lãi suất gửi hàng tháng  chưa cao",5,Not use in recent 1 month,Not use in recent 1 month,Not use in recent 1 month,4,4.0,ATM,Rút tiền phải mất phí khi giao dịch,9.0,10.0,10.0,9.0,10.0,10.0,Vietinbank,ACB,ACB,ACB,,,,,ACB,Vietinbank,ACB,Vietinbank,,0.0,,,,,,1.0,,,,,,1.0,,,,,,1.0,,,,,,0.0,,,,,,0.0,,,,,,0.0,,,,,,0.0,,,,,,1.0,,,,,,0.0,,,,,,1.0,,,,,,0.0,,,,,Q3'25,1.086875,1.0867857142857142,0.0,1.087,0.0,1.1399762834821427,0.0,1.1402399067265794,0.0,0.0,0.0,1.140092545638945,0.0,0.0,0.0,0.0,,,,0.0,,0.0,,0.0,0.0,0.0,,1.1398514093137253,0.0,0.0,0.0,0.0,,0.0,0.0,0.0,,1.140487132352941,,0.0,,0.0,,0.0,,0.0,0.0,0.0,,0.0,0.0,1.1399912683823528,0.0,0.0,,0.0,,0.0,0.0,1.1398514093137253,,0.0,0.0,0.0,0.0,,,0.0,0.0,,
1923,Q1_Jul'25###40517zhJ5JQeKL4BcovKQvVgXzA==,40517zhJ5JQeKL4BcovKQvVgXzA==,Q1,ACB,25-35,Jul'25,Q3'25,Offline,Female,Ha Noi,MAFF,Techcombank,ACB,,,,,ACB,,Vietcombank,BIDV,MBBank,VPBank,MSB,Vietinbank,,,10.0,"ACB có hệ thống bảo mât nhiều tầng an toàn tuyêt đối,miễn phí toàn bộ phí dịch vụ tài khoản khi thực hiện giao dịch trên các kênh online của ACB.",Không có,9,"ACB - Online banking hỗ trợ thanh toán các loại hóa đơn như: Điện, nước, internet, điện đóng hoc phí tiện lơi dễ dàng cho tất cả khách hàng sử dụng",5,4,5,5,4, I do not use this bank product,5, I do not use this bank product,5, I do not use this bank product, I do not use this bank product, I do not use this bank product,,,,5,Not use in recent 1 month,5,Not use in recent 1 month,5,,,,9.0,10.0,10.0,9.0,9.0,10.0,,,,,ACB,ACB,ACB,ACB,ACB,ACB,ACB,ACB,,0.0,,,,,,0.0,,,,,,0.0,,,,,,0.0,,,,,,1.0,,,,,,1.0,,,,,,1.0,,,,,,1.0,,,,,,1.0,,,,,,1.0,,,,,,1.0,,,,,,1.0,,,,,Q3'25,0.0,1.0867857142857142,0.0,0.0,1.0868421052631578,0.0,0.0,1.1402399067265794,0.0,0.0,0.0,0.0,0.0,1.1402627595155708,0.0,0.0,,,,0.0,,0.0,,0.0,0.0,0.0,,0.0,0.0,0.0,0.0,0.0,,0.0,0.0,0.0,,1.140487132352941,,0.0,,0.0,,0.0,,0.0,0.0,0.0,,0.0,0.0,0.0,0.0,0.0,,0.0,,0.0,0.0,0.0,,1.1398514093137253,0.0,0.0,0.0,,,0.0,0.0,,
1924,Q1_Jul'25###40518zjjYJ6Odx4MS1Datgn5dEA==,40518zjjYJ6Odx4MS1Datgn5dEA==,Q1,Vietcombank,36-45,Jul'25,Q3'25,Offline,Female,Ha Noi,AFF,ACB,Vietcombank,,,,,Vietcombank,,BIDV,MBBank,VPBank,MSB,Vietinbank,Techcombank,,,10.0,"Thương hiệu lâu đời uy tín,cơ sở hạ tầng ngân hàng hiện đại, có nhiều chí nhánh ngân hàng",Không có,9,"Có nhiều tính năng như quản lý tài khoản, thực hiện giao dịch chuyển tiền, thanh toán hoá đơn một cách nhanh chóng và chính xác",4,4,4,5,4,5,4, I do not use this bank product,4, I do not use this bank product, I do not use this bank product, I do not use this bank product,4.0,Credit card,Không có,4,Not use in recent 1 month,Not use in recent 1 month,Not use in recent 1 month,5,4.0,Branch,Phải chờ đợi thêm thời gian để gặp nhân viên,10.0,9.0,10.0,9.0,9.0,10.0,Vietcombank,Techcombank,ACB,MBBank,,,,,Vietcombank,ACB,Vietcombank,Vietcombank,,,1.0,,,,,,0.0,,,,,,0.0,,,,,,0.0,,,,,,0.0,,,,,,0.0,,,,,,0.0,,,,,,0.0,,,,,,1.0,,,,,,0.0,,,,,,1.0,,,,,,1.0,,,,Q3'25,0.9091666666666666,0.0,0.0,0.9090322580645162,0.0,0.7784998276654411,0.0,0.0,0.0,0.0,0.0,0.7786916593968096,0.0,0.0,0.0,0.0,,,,0.0,0.0,,0.0,0.0,,,0.0,0.0,0.0,0.7788465073529411,0.0,0.0,0.0,0.0,0.0,0.0,0.0,0.0,0.0,0.0,,0.0,,0.0,,0.0,0.0,0.0,0.0,0.0,0.0,0.0,,0.0,,0.0,0.0,0.7786094877219756,0.0,0.0,0.0,0.0,0.0,0.0,0.0,0.0,,0.0,0.0,,
1925,Q1_Jul'25###40519ogkkT3Gx3Z2kZ4PT8fTRoA==,40519ogkkT3Gx3Z2kZ4PT8fTRoA==,Q1,Vietcombank,36-45,Jul'25,Q3'25,Offline,Female,Ho Chi Minh,MAFF,Vietcombank,,,,,,Vietcombank,,MBBank,VPBank,MSB,Vietinbank,Techcombank,ACB,BIDV,,8.0,Cần có thêm nhiều quảng cáo về sản phẩm dịch vụ mới nhiều hơn để người dùng biết đến,,9,"Tích hợp nhiều tính năng tiện ích cần thiết dễ sử dụng , thanh toán điện nước trên app nhanh",5,4,4,4,5,5,4, I do not use this bank product,4, I do not use this bank product, I do not use this bank product, I do not use this bank product,4.0,Terms deposit,Mở sổ tiết kiệm ít khi thấy có ưu đãi quà tặng,4,Not use in recent 1 month,Not use in recent 1 month,Not use in recent 1 month,5,4.0,Branch,Đến phòng giao dịch có khi phải chờ đến lượt lâu,8.0,9.0,8.0,8.0,9.0,10.0,,,,,Vietcombank,Vietcombank,Vietcombank,Vietcombank,Vietcombank,Vietcombank,Vietcombank,Vietcombank,,,0.0,,,,,,0.0,,,,,,0.0,,,,,,0.0,,,,,,1.0,,,,,,1.0,,,,,,1.0,,,,,,1.0,,,,,,1.0,,,,,,1.0,,,,,,1.0,,,,,,1.0,,,,Q3'25,0.0,0.0,0.0,0.9090322580645162,0.0,0.0,0.0,0.0,0.0,0.0,0.0,0.0,1.7877006172839505,0.0,0.0,0.0,,,,0.0,0.0,,0.0,0.0,,,0.0,0.0,0.0,0.0,0.0,0.0,0.0,0.0,0.0,0.0,0.0,0.0,0.0,0.0,,0.0,,0.0,,0.0,0.0,0.0,0.0,0.0,0.0,0.0,,0.0,,0.0,0.0,0.0,1.787700617283951,0.0,0.0,0.0,0.0,0.0,0.0,0.0,,0.0,0.0,,
1926,Q1_Jul'25###40520QPM/Bv+Te71rJWMQ4fdTPA==,40520QPM/Bv+Te71rJWMQ4fdTPA==,Q1,BIDV,25-35,Jul'25,Q3'25,Offline,Female,Ho Chi Minh,MAFF,BIDV,,,,,,BIDV,,VPBank,MSB,Vietinbank,Techcombank,ACB,Vietcombank,MBBank,,10.0,"Nhân hàng lớn ,nhân viên tại các chỗ giao dịch nhiệt tình chuyên môn cao,nhiều dịch vụ tốt",Không có điểm cần cải thiện,10,"Kết nối mạng nhanh, app chạy mạnh chuyển tiền nhanh ít bị lỗi vấn đề",5,5,4,5,5,5,5, I do not use this bank product,5, I do not use this bank product, I do not use this bank product, I do not use this bank product,,,,5,Not use in recent 1 month,Not use in recent 1 month,Not use in recent 1 month,5,,,,9.0,10.0,10.0,9.0,9.0,10.0,,,,,BIDV,BIDV,BIDV,BIDV,BIDV,BIDV,BIDV,BIDV,,,,0.0,,,,,,0.0,,,,,,0.0,,,,,,0.0,,,,,,1.0,,,,,,1.0,,,,,,1.0,,,,,,1.0,,,,,,1.0,,,,,,1.0,,,,,,1.0,,,,,,1.0,,,Q3'25,0.0,0.0,1.0752,1.0751923076923076,0.0,0.0,0.0,0.0,0.0,1.009518119747899,0.0,1.0095707179930795,0.0,0.0,0.0,0.0,,,,,0.0,0.0,,0.0,0.0,0.0,0.0,0.0,,0.0,0.0,0.0,,0.0,,0.0,0.0,0.0,,,,,,,,0.0,0.0,0.0,0.0,1.0092945772058823,0.0,1.0092945772058823,,0.0,0.0,0.0,,1.0095416505417958,,1.0097213402406418,,0.0,0.0,0.0,0.0,0.0,0.0,0.0,0.0,,
1927,Q1_Jul'25###405212pDKtaneVeAW2hLtmRBGsg==,405212pDKtaneVeAW2hLtmRBGsg==,Q1,Techcombank,36-45,Jul'25,Q3'25,Offline,Female,Ha Noi,AFF,VPBank,Techcombank,Vietcombank,,,,VPBank,Techcombank,ACB,BIDV,MBBank,MSB,Vietinbank,,,,10.0,Dùng tiện lợi rất nhanh,không cần cải thiện nữa,10,rất nhanh thuận tiện dễ thao tác,5,5,5,5,5,5,5,5,5,5,5,5,,,,5,5,5,5,5,,,,10.0,10.0,10.0,10.0,10.0,10.0,Techcombank,Techcombank,Techcombank,Techcombank,,,,,Techcombank,Techcombank,Techcombank,Techcombank,1.0,,,,,,1.0,,,,,,1.0,,,,,,1.0,,,,,,0.0,,,,,,0.0,,,,,,0.0,,,,,,0.0,,,,,,1.0,,,,,,1.0,,,,,,1.0,,,,,,1.0,,,,,,Q3'25,0.8404,0.0,0.8402499999999999,0.0,0.0,0.9006671262254901,0.0,0.0,0.0,0.9004885110294116,,0.0,,0.0,0.0,0.0,,,,0.0,,0.0,,0.0,,0.0,,0.0,,0.0,,0.900220588235294,,0.0,,0.0,,0.0,0.0,0.0,,,,0.0,,0.9007846362229102,,0.0,,0.0,,0.0,,0.0,,0.0,,0.0,,0.0,,0.0,0.0,0.0,,,,0.0,0.0,,
1928,Q10_Jul'25###405212pDKtaneVeAW2hLtmRBGsg==,405212pDKtaneVeAW2hLtmRBGsg==,Q10,VPBank,36-45,Jul'25,Q3'25,Offline,Female,Ha Noi,AFF,VPBank,Techcombank,Vietcombank,,,,VPBank,Techcombank,ACB,BIDV,MBBank,MSB,Vietinbank,,,,9.0,Thuận tiện dễ thao tác,gọi tổng đài khó gọi mãi mới được phải cho mặc định là số mấy gặp tổng đài,8,Các danh mục cần gọn gàng,4,4,4,4,4,4,4,4,4,4,4,4,4.0,Secured Loan,lãi suất cao hơn các ngân hàng khác,4,4,4,4,4,4.0,ATM,máy ATM ít không có ở các siêu thị trung tâm thương mại nhiều,8.0,8.0,8.0,8.0,8.0,8.0,Techcombank,Techcombank,Techcombank,Techcombank,,,,,Techcombank,Techcombank,Techcombank,Techcombank,,,,,,0.0,,,,,,0.0,,,,,,0.0,,,,,,0.0,,,,,,0.0,,,,,,0.0,,,,,,0.0,,,,,,0.0,,,,,,0.0,,,,,,0.0,,,,,,0.0,,,,,,0.0,Q3'25,1.0202941176470588,0.0,0.0,0.0,0.0,1.0885365205652573,0.0,0.0,,0.0,,0.0,0.0,0.0,0.0,0.0,,,,,,0.0,,0.0,0.0,0.0,,0.0,0.0,0.0,,1.088203125,,0.0,,0.0,,0.0,,0.0,,0.0,,0.0,,0.0,,0.0,,0.0,,0.0,0.0,0.0,,0.0,0.0,0.0,,0.0,,0.0,0.0,0.0,0.0,,0.0,0.0,0.0,,
1929,Q1_Jul'25###4052227aH0BSPRZKZjHZqpqvExQ==,4052227aH0BSPRZKZjHZqpqvExQ==,Q1,Vietcombank,36-45,Jul'25,Q3'25,Offline,Female,Ha Noi,AFF,Vietcombank,,,,,,Vietcombank,,VPBank,Vietinbank,Techcombank,ACB,BIDV,MBBank,,,10.0,"Dễ thao tác, chuyển tiền, nhận tiền nhanh, hỗ trợ tín dụng tốt",Không,10,Chia sẻ vì dễ dùng,5,5,3,5,4,5,5, I do not use this bank product, I do not use this bank product, I do not use this bank product,5,5,,,,5,Not use in recent 1 month,Not use in recent 1 month,Not use in recent 1 month,Not use in recent 1 month,,,,10.0,10.0,10.0,10.0,10.0,10.0,Other,Vietcombank,Vietcombank,Vietcombank,,,,,Vietcombank,Vietcombank,Vietcombank,Vietcombank,,,0.0,,,,,,1.0,,,,,,1.0,,,,,,1.0,,,,,,0.0,,,,,,0.0,,,,,,0.0,,,,,,0.0,,,,,,1.0,,,,,,1.0,,,,,,1.0,,,,,,1.0,,,,Q3'25,0.9091666666666666,0.0,0.9089655172413792,0.0,0.0,0.7784998276654411,0.0,0.0,0.0,0.7786017922794117,0.0,0.0,0.0,0.0,0.0,0.0,,,,0.0,0.0,,0.0,0.0,,,0.0,0.0,0.0,0.0,0.0,0.7794175091911764,0.0,0.0,0.0,0.0,0.0,0.0,0.0,0.0,,0.0,,0.0,,0.7784658394607843,0.0,0.0,0.0,0.7788057215073529,0.0,0.0,,0.0,,0.0,0.0,0.0,0.0,0.0,0.0,0.0,0.0,0.0,0.0,0.0,,0.0,0.0,,
1930,Q1_Jul'25###405236EZd7NPAYaNeME+lXAio5w==,405236EZd7NPAYaNeME+lXAio5w==,Q1,BIDV,36-45,Jul'25,Q3'25,Offline,Female,Ho Chi Minh,AFF,BIDV,,,,,,BIDV,,MBBank,VPBank,MSB,Vietinbank,Techcombank,ACB,Vietcombank,,9.0,"Quy mô ngân hàng lớn , sản phẩm có lãi suất cạnh tranh, nhiều cây atm thuận tiện rút tiền nhanh chóng",Không có,9,"Liên kết với ví điện tử tiện lợi, bảo mật cao khi thanh toán giao dịch",5,5,5,5,4,5,5, I do not use this bank product,5, I do not use this bank product, I do not use this bank product, I do not use this bank product,,,,5,Not use in recent 1 month,4,Not use in recent 1 month,5,4.0,Call Center,Giờ cao điểm bị kẹt mạng gọi không gặp được tổng đài viên,10.0,10.0,9.0,9.0,10.0,9.0,BIDV,BIDV,BIDV,BIDV,,,,,BIDV,BIDV,BIDV,BIDV,,,,1.0,,,,,,1.0,,,,,,1.0,,,,,,1.0,,,,,,0.0,,,,,,0.0,,,,,,0.0,,,,,,0.0,,,,,,1.0,,,,,,1.0,,,,,,1.0,,,,,,1.0,,,Q3'25,1.075161290322581,0.0,0.0,1.0751923076923076,1.075217391304348,1.009468443627451,0.0,0.0,0.0,0.0,0.0,1.0095707179930795,0.0,1.0096556843891402,0.0,0.0,,,,,0.0,0.0,,0.0,0.0,0.0,0.0,1.010233455882353,,0.0,0.0,0.0,,0.0,,0.0,0.0,0.0,,,,,,,,0.0,0.0,0.0,0.0,0.0,0.0,0.0,,0.0,0.0,0.0,,1.0095416505417958,,0.0,,0.0,0.0,1.0092945772058823,0.0,0.0,0.0,0.0,0.0,,
1931,Q1_Jul'25###40524XVMLfM3MBbaYHtYZUathAQ==,40524XVMLfM3MBbaYHtYZUathAQ==,Q1,BIDV,36-45,Jul'25,Q3'25,Offline,Male,Ho Chi Minh,AFF,BIDV,Techcombank,,,,,BIDV,Techcombank,Vietcombank,MBBank,VPBank,MSB,Vietinbank,ACB,,,9.0,"Dịch vụ sản phẩm đa dạng như cho vay vốn tiết kiệm bảo hiểm , đảm bảo quyền lợi cho khách hàng",Không có,10,Không bị lỗi mạng khi dùng giao diện dễ nhìn sử dụng   tích hợp các nhu cầu cần thiết trên app thanh toán giải trí mua sắm tiện lợi,5,5,5,4,5,5, I do not use this bank product,3, I do not use this bank product, I do not use this bank product, I do not use this bank product, I do not use this bank product,3.0,Banca,Thủ tục chờ đợi hoàn tiền từ bảo hiểm chờ đợi lâu mới giải quyết,5,Not use in recent 1 month,Not use in recent 1 month,Not use in recent 1 month,5,,,,9.0,9.0,10.0,9.0,10.0,10.0,Techcombank,Techcombank,Techcombank,BIDV,,,,,BIDV,Techcombank,BIDV,Techcombank,,,,0.0,,,,,,0.0,,,,,,0.0,,,,,,1.0,,,,,,0.0,,,,,,0.0,,,,,,0.0,,,,,,0.0,,,,,,1.0,,,,,,0.0,,,,,,1.0,,,,,,0.0,,,Q3'25,0.0,1.075357142857143,0.0,0.0,0.0,0.0,0.0,1.009468443627451,0.0,0.0,0.0,0.0,0.0,0.0,0.0,0.0,,,,,0.0,0.0,,0.0,0.0,0.0,0.0,0.0,,0.0,0.0,0.0,,0.0,,1.0096075367647055,0.0,0.0,,,,,,,,0.0,0.0,0.0,0.0,0.0,0.0,0.0,,0.0,0.0,0.0,,0.0,,0.0,,0.0,0.0,0.0,0.0,0.0,0.0,0.0,0.0,,
1932,Q10_Jul'25###40524XVMLfM3MBbaYHtYZUathAQ==,40524XVMLfM3MBbaYHtYZUathAQ==,Q10,Techcombank,36-45,Jul'25,Q3'25,Offline,Male,Ho Chi Minh,AFF,BIDV,Techcombank,,,,,BIDV,Techcombank,Vietcombank,MBBank,VPBank,MSB,Vietinbank,ACB,,,10.0,"Nhân viên hướng dẫn tận tình chu đáo, ngân hàng hiện đại uy tín cao đa dạng sản phẩm phù hợp nhu cầu của mọi người",Không có,9,"Ứng dụng thân thiện dễ sử dụng, đăng kí các dịch vụ gửi tiết kiệm thẻ tín dụng nhanh chóng không tốn nhiều thời gian có nhiều ưu đãi cho khách hàng",5,5,4,5,5,5,5,I do not use this bank product,5,I do not use this bank product,I do not use this bank product,I do not use this bank product,,,,Not use in recent 1 month,Not use in recent 1 month,Not use in recent 1 month,5,5,,,,9.0,10.0,9.0,10.0,9.0,10.0,Techcombank,Techcombank,Techcombank,BIDV,,,,,BIDV,Techcombank,BIDV,Techcombank,1.0,,,,,,1.0,,,,,,1.0,,,,,,0.0,,,,,,0.0,,,,,,0.0,,,,,,0.0,,,,,,0.0,,,,,,0.0,,,,,,1.0,,,,,,0.0,,,,,,1.0,,,,,,Q3'25,0.0,0.8404444444444444,0.0,0.8403076923076923,0.0,0.0,0.0,0.9004641544117645,0.0,0.0,,0.9005503393665156,,0.0,0.0,0.0,,,,0.0,,0.0,,0.0,,0.0,,0.0,,0.0,,0.0,,0.0,,0.9006865409207159,,0.0,0.0,0.0,,,,0.0,,0.0,,0.0,,0.0,,0.9009350490196076,,0.0,,0.0,,0.9006766270337921,,0.0,,0.0,0.0,0.0,,,,0.0,0.0,,
1933,Q1_Jul'25###40525T2pLsqKvHv1uWqRIP9y5YA==,40525T2pLsqKvHv1uWqRIP9y5YA==,Q1,BIDV,36-45,Jul'25,Q3'25,Offline,Male,Ha Noi,AFF,Vietcombank,BIDV,,,,,BIDV,,VPBank,MSB,Vietinbank,Techcombank,ACB,MBBank,,,10.0,"Ngân hàng có nhiều dịch vụ đa dạng ,công nghệ hiện đại phù hợp cho nhiều khách hàng dễ lựa chọn",Không có,9,Có nhiều ứng dụng tiện lợi dễ sử dụng như chuyển tiền và nhận tiền nhanh chóng và bảo mật thông tin cao,5,5,4,5,4,5,5, I do not use this bank product,5, I do not use this bank product, I do not use this bank product, I do not use this bank product,,,,5,Not use in recent 1 month,Not use in recent 1 month,Not use in recent 1 month,5,,,,9.0,9.0,9.0,9.0,10.0,10.0,Vietcombank,Techcombank,Vietcombank,BIDV,,,,,Vietcombank,BIDV,BIDV,Techcombank,,,,0.0,,,,,,0.0,,,,,,0.0,,,,,,1.0,,,,,,0.0,,,,,,0.0,,,,,,0.0,,,,,,0.0,,,,,,0.0,,,,,,1.0,,,,,,1.0,,,,,,0.0,,,Q3'25,1.075161290322581,1.075357142857143,0.0,0.0,0.0,1.009468443627451,0.0,1.009468443627451,0.0,0.0,0.0,0.0,0.0,0.0,0.0,0.0,,,,,0.0,0.0,,0.0,0.0,1.010233455882353,0.0,0.0,,0.0,0.0,0.0,,0.0,,1.0096075367647055,0.0,0.0,,,,,,,,0.0,0.0,0.0,0.0,0.0,0.0,0.0,,0.0,0.0,0.0,,0.0,,0.0,,0.0,0.0,0.0,0.0,0.0,0.0,0.0,0.0,,
1934,Q1_Jul'25###40526a009a200-6dc7-11ef-aac0-83fd4b2d2fdf,40526a009a200-6dc7-11ef-aac0-83fd4b2d2fdf,Q1,BIDV,46-55,Jul'25,Q3'25,Online,Male,Ha Noi,MAFF,Techcombank,Vietcombank,BIDV,VPBank,,,Vietcombank,BIDV,MBBank,,,,,,,,3.0,Chưa có ưu đãi,,6,Không có khuyến mại,4,3,5,4,3,5,3,3,4,3,4,4,3.0,Credit card,Ít có ưu đãi mua hàng,5,2,4,4,4,2.0,Telesales,Ít mặt hàng,8.0,9.0,8.0,6.0,8.0,7.0,,,,,VPBank,Vietcombank,BIDV,BIDV,VPBank,Techcombank,Techcombank,Vietcombank,,,,0.0,,,,,,0.0,,,,,,0.0,,,,,,0.0,,,,,,0.0,,,,,,0.0,,,,,,1.0,,,,,,1.0,,,,,,0.0,,,,,,0.0,,,,,,0.0,,,,,,0.0,,,Q3'25,0.0,0.0,0.0,0.0,1.075217391304348,0.0,0.0,0.0,0.0,0.0,0.0,0.0,0.0,0.0,1.5162808641975307,0.0,,,,,0.0,0.0,,0.0,0.0,0.0,0.0,0.0,,0.0,0.0,0.0,,0.0,,0.0,0.0,0.0,,,,,,,,0.0,0.0,0.0,0.0,0.0,0.0,0.0,,0.0,0.0,0.0,,0.0,,0.0,,0.0,0.0,0.0,0.0,0.0,0.0,0.0,1.518631687242798,,
1935,Q10_Jul'25###40526a009a200-6dc7-11ef-aac0-83fd4b2d2fdf,40526a009a200-6dc7-11ef-aac0-83fd4b2d2fdf,Q10,Vietcombank,46-55,Jul'25,Q3'25,Online,Male,Ha Noi,MAFF,Techcombank,Vietcombank,BIDV,VPBank,,,Vietcombank,BIDV,MBBank,,,,,,,,8.0,Khuyến mại nhiều hơn,,8,Nhiều ứng dụng nữa,5,4,5,5,4,5,4,5,4,5,5,5,4.0,Credit card,Chưa nhiều ưu đãi,5,4,4,4,5,4.0,Telesales,Ít hàng,8.0,9.0,10.0,8.0,8.0,8.0,,,,,VPBank,Vietcombank,BIDV,BIDV,VPBank,Techcombank,Techcombank,Vietcombank,,,0.0,,,,,,0.0,,,,,,0.0,,,,,,0.0,,,,,,0.0,,,,,,1.0,,,,,,0.0,,,,,,0.0,,,,,,0.0,,,,,,0.0,,,,,,0.0,,,,,,1.0,,,,Q3'25,0.0,0.0,0.0,0.0,0.9091304347826088,0.0,0.0,0.0,0.0,0.0,0.0,0.0,0.0,0.0,1.785914702581369,0.0,,,,0.0,0.0,,0.0,0.0,,,0.0,0.0,0.0,0.0,0.0,0.0,0.0,0.0,0.0,0.0,0.0,0.0,0.0,0.0,,0.0,,0.0,,0.0,0.0,0.0,0.0,0.0,0.0,0.0,,0.0,,0.0,0.0,0.0,0.0,0.0,0.0,0.0,0.0,0.0,0.0,0.0,,0.0,1.787700617283951,,
1936,Q1_Jul'25###405277dbfadf0-1a52-11ee-9493-57fb01bfb34b,405277dbfadf0-1a52-11ee-9493-57fb01bfb34b,Q1,Vietcombank,46-55,Jul'25,Q3'25,Online,Male,Ha Noi,MAFF,VPBank,Vietcombank,BIDV,MBBank,,,Vietcombank,,Vietinbank,ACB,,,,,,,9.0,Nhanh chóng an toàn tiện lợi,Cần có thêm nhiều cây ATM ở những khu vực đông dân cư thuận lợi cho giáo dịch mọi lúc mọi nơi,9,Nhanh chóng thuận tiện an toàn,4,4,5,4,5,4,5,4,3,4,5,3,3.0,Unsecured Loan/ Overdraft without Collateral,Nhu cầu vay lớn Vietcombank xét duyệt vay quá quy củ,5,4,4,3,4,3.0,Fanpage,Không phản ánh được giá trị thật sự cần,9.0,8.0,9.0,8.0,8.0,9.0,,,,,Vietcombank,Vietcombank,BIDV,Vietcombank,Vietcombank,Vietcombank,Vietinbank,Vietcombank,,,0.0,,,,,,0.0,,,,,,0.0,,,,,,0.0,,,,,,1.0,,,,,,1.0,,,,,,0.0,,,,,,1.0,,,,,,1.0,,,,,,1.0,,,,,,0.0,,,,,,1.0,,,,Q3'25,0.9091666666666666,0.9090625,0.9089655172413792,0.0,0.0,0.7784998276654411,0.0,0.7784998276654411,0.0,0.7786017922794117,0.0,0.0,0.0,0.0,0.0,0.0,,,,0.0,0.0,,0.0,0.0,,,0.0,0.0,0.0,0.0,0.0,0.7794175091911764,0.0,0.0,0.0,0.0,0.0,0.7785610064338234,0.0,0.0,,0.0,,0.0,,0.7784658394607843,0.0,0.0,0.0,0.0,0.0,0.0,,0.0,,0.0,0.0,0.0,0.0,0.0,0.0,0.0,0.0,0.0,0.0,0.0,,0.0,0.0,,
1937,Q1_Jul'25###40528jwmak3lLx8qR6fhDRjdU0w==,40528jwmak3lLx8qR6fhDRjdU0w==,Q1,Techcombank,36-45,Jul'25,Q3'25,Offline,Female,Ho Chi Minh,AFF,Techcombank,,,,,,Techcombank,,ACB,Vietcombank,BIDV,MBBank,VPBank,MSB,Vietinbank,,10.0,"Ngân hàng có nhiều chi nhánh gần nhà, rút tiền , chuyển tiền nhanh. Khi ra ngân hàng nhân viên nhiệt tình tư vấn",Không có,10,Rút tiền trên ứng dụng không cần thẻ,5,5,4,5,4,4,5, I do not use this bank product,4, I do not use this bank product, I do not use this bank product, I do not use this bank product,4.0,Debit,Thẻ có bao  nhiêu tiền thì chỉ dùng được bấy nhiêu không được ứng tiền trước,5,Not use in recent 1 month,4,Not use in recent 1 month,4,4.0,Call Center,Gọi lên tổng đài chờ khá lâu,9.0,9.0,10.0,9.0,10.0,10.0,Techcombank,Techcombank,Techcombank,Techcombank,,,,,Techcombank,Techcombank,Techcombank,Techcombank,1.0,,,,,,1.0,,,,,,1.0,,,,,,1.0,,,,,,0.0,,,,,,0.0,,,,,,0.0,,,,,,0.0,,,,,,1.0,,,,,,1.0,,,,,,1.0,,,,,,1.0,,,,,,Q3'25,0.8404,0.0,0.8402499999999999,0.8403076923076923,0.0,0.9006671262254901,0.0,0.0,0.0,0.9004885110294116,,0.9005503393665156,,0.0,0.0,0.0,,,,0.0,,0.0,,0.0,,0.0,,0.0,,0.9007077205882351,,0.0,,0.0,,0.0,,0.0,0.0,0.0,,,,0.0,,0.9007846362229102,,0.0,,0.0,,0.9009350490196076,,0.0,,0.0,,0.0,,0.0,,0.0,0.0,0.0,,,,0.0,0.0,,
1938,Q1_Jul'25###4052973bca080-bd72-11ec-aff6-d302eb3dfddf,4052973bca080-bd72-11ec-aff6-d302eb3dfddf,Q1,Techcombank,46-55,Jul'25,Q3'25,Online,Female,Ha Noi,MAFF,Techcombank,,,,,,Techcombank,,Vietinbank,,,,,,,,9.0,"Linh hoạt, nhanh chóng.",Lãi suất giảm hơn,9,Dễ sử dụng,4,4,4,4,4,3,4,3,4,4,3,3,3.0,Secured Loan,Lãi suất chưa cạnh tranh với các ngân hàng khác,4,4,4,4,4,4.0,Telesales,Chưa linh hoạt,9.0,9.0,9.0,9.0,9.0,9.0,,,,,Techcombank,Techcombank,Techcombank,Techcombank,Techcombank,Techcombank,Techcombank,Techcombank,0.0,,,,,,0.0,,,,,,0.0,,,,,,0.0,,,,,,1.0,,,,,,1.0,,,,,,1.0,,,,,,1.0,,,,,,1.0,,,,,,1.0,,,,,,1.0,,,,,,1.0,,,,,,Q3'25,0.8404,0.0,0.8402499999999999,0.0,0.0,0.9006671262254901,0.0,0.0,0.0,0.9004885110294116,,0.0,,0.0,0.0,0.0,,,,0.0,,0.0,,0.0,,0.0,,0.0,,0.0,,0.900220588235294,,0.0,,0.0,,0.0,0.0,0.0,,,,0.0,,0.9007846362229102,,0.0,,0.0,,0.0,,0.0,,0.0,,0.0,,0.0,,0.0,0.0,0.0,,,,0.0,0.0,,
1939,Q1_Jul'25###40530B2lj+ZyWZP6OZNk8I4ykAaOFrO27CUs2uf+QHPr8OcE=,40530B2lj+ZyWZP6OZNk8I4ykAaOFrO27CUs2uf+QHPr8OcE=,Q1,ACB,36-45,Jul'25,Q3'25,Online,Female,Ho Chi Minh,MAFF,ACB,Vietcombank,MBBank,,,,ACB,,Techcombank,BIDV,,,,,,,10.0,"Uy tín , nhanh",Thêm nhiều Trụ ATM,9,Dễ sử dụng,3,3,4,4,5,4,5,4,4,3,3,3,3.0,Bond/Funds,Như những ngân hàng khác,5,3,4,4,4,3.0,Telesales,Như những ngân hàng khác,9.0,9.0,9.0,8.0,8.0,7.0,,,,,Techcombank,Vietcombank,Vietcombank,MBBank,Vietcombank,Vietcombank,ACB,Vietcombank,,0.0,,,,,,0.0,,,,,,0.0,,,,,,0.0,,,,,,0.0,,,,,,0.0,,,,,,0.0,,,,,,0.0,,,,,,0.0,,,,,,0.0,,,,,,1.0,,,,,,0.0,,,,,Q3'25,0.0,0.0,1.0870967741935484,1.087,0.0,0.0,0.0,0.0,0.0,1.140092545638945,0.0,1.140092545638945,0.0,0.0,0.0,0.0,,,,0.0,,0.0,,0.0,0.0,0.0,,0.0,0.0,0.0,0.0,0.0,,0.0,0.0,0.0,,0.0,,0.0,,0.0,,0.0,,1.1398514093137253,0.0,0.0,,0.0,0.0,0.0,0.0,0.0,,0.0,,1.140069939108456,0.0,0.0,,0.0,0.0,0.0,0.0,,,0.0,0.0,,
1940,Q1_Jul'25###40531TRFVBgg4JfiQkvBy1h+WQ7rgmzPUwf15qt/t3/cM6Og=,40531TRFVBgg4JfiQkvBy1h+WQ7rgmzPUwf15qt/t3/cM6Og=,Q1,Vietcombank,25-35,Jul'25,Q3'25,Online,Female,Ha Noi,MAFF,Vietcombank,VPBank,Techcombank,,,,Vietcombank,VPBank,ACB,BIDV,MBBank,MSB,Vietinbank,,,,10.0,ngân hàng lớn mạnh uy tín. đa dạng sản phẩm tài chính,có thêm nhiều ưu đãi khuyến mại hấp dẫn hơn,10,ứng dụng ngân hàng di động hiện đại và tiện dụng,5,4,4,5,5,4,5,4,3,5,5,5,3.0,Terms deposit,lãi suất gửi tiết kiệm rất thấp,4,5,5,5,4,4.0,Branch,khách hàng mất nhiều thời gian chờ đợi để giao dịch,8.0,9.0,9.0,10.0,9.0,9.0,,,,,Vietcombank,VPBank,Vietcombank,Vietcombank,Vietcombank,Vietcombank,VPBank,Missing lable,,,0.0,,,,,,0.0,,,,,,0.0,,,,,,0.0,,,,,,1.0,,,,,,0.0,,,,,,1.0,,,,,,1.0,,,,,,1.0,,,,,,1.0,,,,,,0.0,,,,,,0.0,,,,Q3'25,0.0,0.9090625,0.0,0.9090322580645162,0.0,0.0,0.0,0.7784998276654411,0.0,0.0,0.0,0.7786916593968096,0.0,0.0,0.0,0.0,,,,0.0,0.0,,0.0,0.0,,,0.0,0.0,0.0,0.0,0.0,0.0,0.0,0.0,0.0,0.7787586609162896,0.0,0.0,0.0,0.0,,0.0,,0.0,,0.0,0.0,0.0,0.0,0.0,0.0,0.0,,0.0,,0.0,0.0,0.7786094877219756,0.0,0.0,0.0,0.0,0.0,0.0,0.0,0.0,,0.0,0.0,,
1941,Q10_Jul'25###40531TRFVBgg4JfiQkvBy1h+WQ7rgmzPUwf15qt/t3/cM6Og=,40531TRFVBgg4JfiQkvBy1h+WQ7rgmzPUwf15qt/t3/cM6Og=,Q10,VPBank,25-35,Jul'25,Q3'25,Online,Female,Ha Noi,MAFF,Vietcombank,VPBank,Techcombank,,,,Vietcombank,VPBank,ACB,BIDV,MBBank,MSB,Vietinbank,,,,9.0,"ngân hàng trẻ trung sáng tạo, sử dụng tiện lợi",có thêm nhiều chi nhánh và atm,9,ứng dụng tiện lợi và nhiều ưu đãi khi mua sắm,5,4,5,4,5,5,5,4,4,5,5,4,4.0,Terms deposit,sản phẩm tiết kiệm lãi thấp hơn ngân hàng khác,5,4,5,5,4,4.0,Telesales,việc tìm hiểu thông tin hơi khó khăn,8.0,9.0,10.0,9.0,9.0,9.0,,,,,Vietcombank,VPBank,Vietcombank,Vietcombank,Vietcombank,Vietcombank,VPBank,Missing lable,,,,,,0.0,,,,,,0.0,,,,,,0.0,,,,,,0.0,,,,,,0.0,,,,,,1.0,,,,,,0.0,,,,,,0.0,,,,,,0.0,,,,,,0.0,,,,,,1.0,,,,,,0.0,Q3'25,1.0202941176470588,0.0,0.0,1.0203636363636364,0.0,1.0885365205652573,0.0,0.0,,0.0,,1.088605715871254,0.0,0.0,0.0,0.0,,,,,,0.0,,0.0,0.0,0.0,,0.0,0.0,0.0,,1.088203125,,0.0,,0.0,,0.0,,0.0,,0.0,,0.0,,0.0,,0.0,,0.0,,0.0,0.0,0.0,,0.0,0.0,1.0887798092209855,,0.0,,0.0,0.0,0.0,0.0,,0.0,0.0,0.0,,
1942,Q1_Jul'25###40532zBWEOqtPclhysm03N8iCwg==,40532zBWEOqtPclhysm03N8iCwg==,Q1,Vietcombank,25-35,Jul'25,Q3'25,Offline,Female,Ho Chi Minh,AFF,Vietcombank,,,,,,Vietcombank,,MBBank,VPBank,MSB,Vietinbank,Techcombank,ACB,BIDV,,9.0,Ngân hàng số của việt nam nên có chất lượng bảo mật thông tin khách hàng tốt và có nguồn nhân viên giàu kinh nghiệm lâu năm,Wifi ở các phòng giao dịch cần mạnh hơn,9,Nhiều tiện ích có sẵn trên ứng dụng dễ dàng thanh toán điện nước wifi,5,5,4,5,4,5,5, I do not use this bank product,4, I do not use this bank product,5, I do not use this bank product,4.0,Terms deposit,Gửi tiết kiệm lãi suất cũng bình thường ngang  như cá ngân hàng khác,5,Not use in recent 1 month,4,Not use in recent 1 month,5,4.0,Call Center,Nghẽn mạch và bắt máy lâu,9.0,9.0,8.0,8.0,9.0,9.0,Vietcombank,Vietcombank,Vietcombank,Vietcombank,,,,,Vietcombank,Vietcombank,Vietcombank,Vietcombank,,,1.0,,,,,,1.0,,,,,,1.0,,,,,,1.0,,,,,,0.0,,,,,,0.0,,,,,,0.0,,,,,,0.0,,,,,,1.0,,,,,,1.0,,,,,,1.0,,,,,,1.0,,,,Q3'25,0.0,0.9090625,0.0,0.9090322580645162,0.0,0.0,0.0,0.7784998276654411,0.0,0.0,0.0,0.7786916593968096,0.0,0.0,0.0,0.0,,,,0.0,0.0,,0.0,0.0,,,0.0,0.0,0.0,0.0,0.0,0.0,0.0,0.0,0.0,0.0,0.0,0.7785610064338234,0.0,0.0,,0.0,,0.0,,0.0,0.0,0.0,0.0,0.0,0.0,0.0,,0.0,,0.0,0.0,0.7786094877219756,0.0,0.7794175091911764,0.0,0.0,0.0,0.0,0.0,0.0,,0.0,0.0,,
1943,Q1_Jul'25###40533JDg705fjq9+bECu6BAyEstIf0dqdkZ8/Gw9yVwHzvyo=,40533JDg705fjq9+bECu6BAyEstIf0dqdkZ8/Gw9yVwHzvyo=,Q1,Vietcombank,25-35,Jul'25,Q3'25,Online,Male,Ha Noi,MAFF,Vietcombank,MBBank,VPBank,,,,Vietcombank,VPBank,MSB,Vietinbank,Techcombank,ACB,BIDV,,,,9.0,Có nhiều atm và chi nhánh tiện giao dịch,miễn phí thêm nhiều dịch vụ,9,"ứng dụng ngân hàng di động bảo mật cao, dễ sử dụng",4,5,4,4,5,5,5,4,4,5,5,4,4.0,Terms deposit,sản phẩm tiền gửi có lãi suất không cạnh tranh,5,4,5,5,4,4.0,ATM,máy atm truyền thống chưa hiện đại,9.0,9.0,8.0,9.0,9.0,10.0,,,,,VPBank,Vietcombank,Vietcombank,VPBank,Vietcombank,Vietcombank,VPBank,VPBank,,,0.0,,,,,,0.0,,,,,,0.0,,,,,,0.0,,,,,,0.0,,,,,,1.0,,,,,,1.0,,,,,,0.0,,,,,,1.0,,,,,,1.0,,,,,,0.0,,,,,,0.0,,,,Q3'25,0.9091666666666666,0.0,0.0,0.0,0.0,0.7784998276654411,0.0,0.0,0.0,0.0,0.0,0.0,0.0,0.0,0.0,0.0,,,,0.0,0.0,,0.0,0.0,,,0.0,0.7794175091911764,0.0,0.7788465073529411,0.0,0.0,0.0,0.0,0.0,0.0,0.0,0.0,0.0,0.0,,0.0,,0.0,,0.0,0.0,0.0,0.0,0.0,0.0,0.0,,0.0,,0.0,0.0,0.0,0.0,0.0,0.0,0.0,0.0,0.0,0.0,0.0,,0.0,0.0,,
1944,Q10_Jul'25###40533JDg705fjq9+bECu6BAyEstIf0dqdkZ8/Gw9yVwHzvyo=,40533JDg705fjq9+bECu6BAyEstIf0dqdkZ8/Gw9yVwHzvyo=,Q10,VPBank,25-35,Jul'25,Q3'25,Online,Male,Ha Noi,MAFF,Vietcombank,MBBank,VPBank,,,,Vietcombank,VPBank,MSB,Vietinbank,Techcombank,ACB,BIDV,,,,9.0,ngân hàng có nhiều sản phẩm vượt trội,có thêm cải tiến về dịch vụ khách hàng,9,ứng dụng ngân hàng tốt tiện lợi,5,5,4,4,4,5,4,4,4,5,4,4,4.0,Unsecured Loan/ Overdraft without Collateral,sản phẩm vay có lãi suất chưa tốt,5,4,4,5,4,4.0,Call Center,quá trình liên hệ tổng đài mất nhiều thời gian,8.0,9.0,10.0,8.0,9.0,9.0,,,,,VPBank,Vietcombank,Vietcombank,VPBank,Vietcombank,Vietcombank,VPBank,VPBank,,,,,,0.0,,,,,,0.0,,,,,,0.0,,,,,,0.0,,,,,,1.0,,,,,,0.0,,,,,,0.0,,,,,,1.0,,,,,,0.0,,,,,,0.0,,,,,,1.0,,,,,,1.0,Q3'25,0.0,1.0202777777777776,0.0,0.0,0.0,0.0,0.0,1.088499476613562,,0.0,,0.0,0.0,0.0,0.0,0.0,,,,,,0.0,,0.0,0.0,0.0,,0.0,0.0,0.0,,0.0,,0.0,,1.0887958282271244,,0.0,,0.0,,0.0,,0.0,,0.0,,0.0,,0.0,,0.0,0.0,0.0,,0.0,0.0,0.0,,0.0,,0.0,0.0,0.0,0.0,,0.0,0.0,0.0,,
1945,Q1_Jul'25###405340XMcG5HCP1IufUckk9iV8tfocnKk5x5AblhihwiKwkc=,405340XMcG5HCP1IufUckk9iV8tfocnKk5x5AblhihwiKwkc=,Q1,Vietcombank,25-35,Jul'25,Q3'25,Online,Female,Ha Noi,MAFF,VPBank,Vietcombank,BIDV,,,,VPBank,Vietcombank,ACB,MBBank,MSB,Vietinbank,Techcombank,,,,9.0,"ngân hàng an toàn đáng tin cậy, hiện đại.",ngân hàng cần tăng lãi suất tiền gửi,10,"ứng dụng dễ nhìn, đa dạng các dịch vụ tiện ích mua sắm",5,4,5,5,4,5,5,4,4,5,5,5,4.0,Terms deposit,lãi tiền gửi ngân hàng không hấp dẫn,5,5,5,5,4,4.0,ATM,máy atm phần lớn vẫn đời cũ,8.0,9.0,9.0,8.0,8.0,9.0,,,,,VPBank,VPBank,VPBank,Vietcombank,VPBank,VPBank,Vietcombank,VPBank,,,0.0,,,,,,0.0,,,,,,0.0,,,,,,0.0,,,,,,0.0,,,,,,0.0,,,,,,0.0,,,,,,1.0,,,,,,0.0,,,,,,0.0,,,,,,1.0,,,,,,0.0,,,,Q3'25,0.0,0.9090625,0.0,0.9090322580645162,0.0,0.0,0.0,0.7784998276654411,0.0,0.0,0.0,0.7786916593968096,0.0,0.0,0.0,0.0,,,,0.0,0.0,,0.0,0.0,,,0.0,0.0,0.0,0.0,0.0,0.0,0.0,0.0,0.0,0.0,0.0,0.7785610064338234,0.0,0.0,,0.0,,0.0,,0.0,0.0,0.0,0.0,0.0,0.0,0.0,,0.0,,0.0,0.0,0.7786094877219756,0.0,0.0,0.0,0.0,0.0,0.0,0.0,0.0,,0.0,0.0,,
1946,Q10_Jul'25###405340XMcG5HCP1IufUckk9iV8tfocnKk5x5AblhihwiKwkc=,405340XMcG5HCP1IufUckk9iV8tfocnKk5x5AblhihwiKwkc=,Q10,VPBank,25-35,Jul'25,Q3'25,Online,Female,Ha Noi,MAFF,VPBank,Vietcombank,BIDV,,,,VPBank,Vietcombank,ACB,MBBank,MSB,Vietinbank,Techcombank,,,,10.0,ngân hàng có dịch vụ hiện đại,kênh tư vấn khách hàng tốt hơn,10,"ứng dụng an toàn đáng tin cậy, đầy đủ tính năng",5,4,5,5,4,5,5,5,5,5,5,5,,,,4,5,4,5,5,4.0,Call Center,việc kết nối và tư vấn gặp nhiều khó khăn,9.0,8.0,9.0,9.0,9.0,9.0,,,,,VPBank,VPBank,VPBank,Vietcombank,VPBank,VPBank,Vietcombank,VPBank,,,,,,0.0,,,,,,0.0,,,,,,0.0,,,,,,0.0,,,,,,1.0,,,,,,1.0,,,,,,1.0,,,,,,0.0,,,,,,1.0,,,,,,1.0,,,,,,0.0,,,,,,1.0,Q3'25,0.0,0.0,1.0203448275862068,0.0,0.0,0.0,0.0,0.0,,1.0885710097616632,,0.0,0.0,0.0,0.0,0.0,,,,,,0.0,,0.0,0.0,0.0,,0.0,0.0,0.0,,0.0,,0.0,,0.0,,0.0,,0.0,,0.0,,0.0,,0.0,,0.0,,1.088203125,,0.0,0.0,0.0,,0.0,0.0,0.0,,0.0,,0.0,0.0,0.0,0.0,,0.0,0.0,0.0,,
1947,Q1_Jul'25###40535TzjHNNt7H8NY3esuTeuu6P6HCvz0UvdzBjJOiyzysUY2kYJrl3Uausp9RoGuuOGS,40535TzjHNNt7H8NY3esuTeuu6P6HCvz0UvdzBjJOiyzysUY2kYJrl3Uausp9RoGuuOGS,Q1,Techcombank,25-35,Jul'25,Q3'25,Online,Female,Ho Chi Minh,MAFF,Techcombank,BIDV,MBBank,,,,Techcombank,BIDV,Vietcombank,VPBank,MSB,,,,,,10.0,Dịch vụ rất tốt,Có thêm nhiều chương trình khuyến mãi  hơn nữa,10,Sử dụng dễ dàng và nhanh chóng,4,5,5,5,5,5,4,5,5,5,4,5,4.0,Credit card,Đôi khi bất tiện,5,5,4,5,5,4.0,Call Center,Có lúc phải đợi rất lâu,9.0,9.0,9.0,9.0,9.0,10.0,,,,,Techcombank,Techcombank,Techcombank,Techcombank,Techcombank,Techcombank,Techcombank,Techcombank,0.0,,,,,,0.0,,,,,,0.0,,,,,,0.0,,,,,,1.0,,,,,,1.0,,,,,,1.0,,,,,,1.0,,,,,,1.0,,,,,,1.0,,,,,,1.0,,,,,,1.0,,,,,,Q3'25,0.0,0.0,0.8402499999999999,0.0,0.0,0.0,0.0,0.0,0.0,0.9004885110294116,,0.0,,0.0,0.0,0.0,,,,0.0,,0.0,,0.0,,0.0,,0.0,,0.0,,0.0,,0.0,,0.0,,0.0,0.0,0.0,,,,0.0,,0.0,,0.0,,0.9007846362229102,,0.0,,0.0,,0.0,,0.0,,0.0,,0.0,0.0,0.0,,,,0.0,0.0,,
1948,Q10_Jul'25###40535TzjHNNt7H8NY3esuTeuu6P6HCvz0UvdzBjJOiyzysUY2kYJrl3Uausp9RoGuuOGS,40535TzjHNNt7H8NY3esuTeuu6P6HCvz0UvdzBjJOiyzysUY2kYJrl3Uausp9RoGuuOGS,Q10,BIDV,25-35,Jul'25,Q3'25,Online,Female,Ho Chi Minh,MAFF,Techcombank,BIDV,MBBank,,,,Techcombank,BIDV,Vietcombank,VPBank,MSB,,,,,,9.0,Được nhiều người tin dùng,Thêm nhiều ưu đãi cho khách hàng thân thiết,10,Sử dụng rất tốt,4,5,5,4,5,5,5,5,4,5,5,5,4.0,Terms deposit,Đôi lúc còn phải chờ đợi,5,5,4,5,5,4.0,Call Center,Có khi tư vấn tôi không hiểu,9.0,10.0,9.0,9.0,9.0,10.0,,,,,Techcombank,Techcombank,Techcombank,Techcombank,Techcombank,Techcombank,Techcombank,Techcombank,,,,0.0,,,,,,0.0,,,,,,0.0,,,,,,0.0,,,,,,0.0,,,,,,0.0,,,,,,0.0,,,,,,0.0,,,,,,0.0,,,,,,0.0,,,,,,0.0,,,,,,0.0,,,Q3'25,0.0,0.0,0.0,1.0751923076923076,0.0,0.0,0.0,0.0,0.0,0.0,0.0,1.0095707179930795,0.0,0.0,0.0,0.0,,,,,0.0,0.0,,0.0,0.0,0.0,0.0,0.0,,0.0,0.0,0.0,,0.0,,0.0,0.0,0.0,,,,,,,,0.0,0.0,0.0,0.0,0.0,0.0,0.0,,0.0,0.0,0.0,,1.0095416505417958,,0.0,,0.0,0.0,0.0,0.0,0.0,0.0,0.0,0.0,,
1949,Q1_Jul'25###40536YYLQACSGJze6l350t47Eg7Y6XCXxyJrWXd+9qZ/5RZA=,40536YYLQACSGJze6l350t47Eg7Y6XCXxyJrWXd+9qZ/5RZA=,Q1,ACB,25-35,Jul'25,Q3'25,Online,Female,Ho Chi Minh,MAFF,ACB,Vietcombank,BIDV,MBBank,VPBank,Techcombank,ACB,Vietcombank,MSB,Vietinbank,,,,,,,10.0,"Ngân hàng có lãi suất thấp, có nhiều chương trình khuyến mãi hấp dẫn, có nhiều sản phẩm tích luỹ tiền nhanh",Có nhiều tính năng sinh lời tự động hơn,10,"Vì tiện lợi, dễ sử dụng, cập nhật thông tin nhanh hơn, thanh toán dễ dàng",5,4,5,4,5,4,5,5,4,5,4,5,4.0,Debit,"Vì lãi suất chưa thấp, thanh toán thời gian ngắn hạn quá tôi chưa hài lòng lắm",5,4,5,4,5,4.0,Fanpage,Vì có ít thông tin cập nhật hơn trên ứng dụng,10.0,10.0,10.0,9.0,10.0,9.0,,,,,ACB,Vietcombank,Vietcombank,ACB,Techcombank,ACB,Vietcombank,ACB,,0.0,,,,,,0.0,,,,,,0.0,,,,,,0.0,,,,,,1.0,,,,,,0.0,,,,,,0.0,,,,,,1.0,,,,,,0.0,,,,,,1.0,,,,,,0.0,,,,,,1.0,,,,,Q3'25,0.0,1.0867857142857142,1.0870967741935484,0.0,1.0868421052631578,0.0,0.0,1.1402399067265794,0.0,1.140092545638945,0.0,0.0,0.0,1.1402627595155708,0.0,0.0,,,,0.0,,0.0,,0.0,0.0,0.0,,0.0,0.0,0.0,0.0,0.0,,0.0,0.0,1.140487132352941,,0.0,,0.0,,0.0,,0.0,,1.1398514093137253,0.0,0.0,,0.0,0.0,0.0,0.0,0.0,,0.0,,0.0,0.0,0.0,,0.0,0.0,0.0,1.1398514093137253,,,1.139152113970588,0.0,,
1950,Q10_Jul'25###40536YYLQACSGJze6l350t47Eg7Y6XCXxyJrWXd+9qZ/5RZA=,40536YYLQACSGJze6l350t47Eg7Y6XCXxyJrWXd+9qZ/5RZA=,Q10,Vietcombank,25-35,Jul'25,Q3'25,Online,Female,Ho Chi Minh,MAFF,ACB,Vietcombank,BIDV,MBBank,VPBank,Techcombank,ACB,Vietcombank,MSB,Vietinbank,,,,,,,10.0,"Vì nhiều ưu đãi tốt, nhân viên chu đáo, nhiệt tình, hỗ trợ tốt",Có những sản phẩm ưu tiên cho khách hàng gởi ít tiền,10,"Vì tiện ích, rất dễ sử dụng, nhiều thông tin bổ ích",5,4,5,4,5,4,5,5,4,5,4,5,4.0,Secured Loan,Vì vay với lãi suất cao so với tôi,5,4,5,4,5,4.0,Fanpage,Vì có nhiều thông tin không cập nhật đủ như trên ứng dụng,9.0,10.0,9.0,10.0,9.0,10.0,,,,,ACB,Vietcombank,Vietcombank,ACB,Techcombank,ACB,Vietcombank,ACB,,,0.0,,,,,,0.0,,,,,,0.0,,,,,,0.0,,,,,,0.0,,,,,,1.0,,,,,,1.0,,,,,,0.0,,,,,,0.0,,,,,,0.0,,,,,,1.0,,,,,,0.0,,,,Q3'25,0.0,0.0,0.0,0.9090322580645162,0.9091304347826088,0.0,0.0,0.0,0.0,0.0,0.0,0.7786916593968096,0.0,0.7787037568933823,0.0,0.0,,,,0.0,0.0,,0.0,0.0,,,0.0,0.0,0.0,0.0,0.0,0.0,0.0,0.0,0.0,0.0,0.0,0.0,0.0,0.0,,0.0,,0.0,,0.0,0.0,0.0,0.0,0.0,0.0,0.7784658394607843,,0.7794175091911765,,0.0,0.0,0.0,0.0,0.0,0.0,0.0,0.0,0.0,0.0,0.0,,0.7794175091911764,0.0,,
1951,Q1_Jul'25###40537iZ2Ngq9IEl69tUOnbxhbcPc0XgioepjyIOowt2s8z4bUUUAaHKDycWcmaFHpF51a,40537iZ2Ngq9IEl69tUOnbxhbcPc0XgioepjyIOowt2s8z4bUUUAaHKDycWcmaFHpF51a,Q1,Techcombank,25-35,Jul'25,Q3'25,Online,Female,Ho Chi Minh,MAFF,Techcombank,BIDV,MBBank,,,,Techcombank,BIDV,ACB,Vietcombank,VPBank,MSB,,,,,10.0,Dịch vụ khách hàng tốt,Có nhiều chương trình ưu đãi cho khách hàng,10,Dễ điều hướng và nhanh chóng,5,5,5,3,5,4,5,5,5,5,4,5,4.0,Secured Loan,Đôi lúc còn sai sót,5,5,5,4,5,4.0,Fanpage,Đôi lúc có thông tín không chính xác,9.0,9.0,9.0,9.0,10.0,10.0,,,,,Techcombank,Techcombank,Techcombank,Techcombank,Techcombank,Techcombank,Techcombank,Techcombank,0.0,,,,,,0.0,,,,,,0.0,,,,,,0.0,,,,,,1.0,,,,,,1.0,,,,,,1.0,,,,,,1.0,,,,,,1.0,,,,,,1.0,,,,,,1.0,,,,,,1.0,,,,,,Q3'25,0.0,0.0,0.8402499999999999,0.0,0.0,0.0,0.0,0.0,0.0,0.9004885110294116,,0.0,,0.0,0.0,0.0,,,,0.0,,0.0,,0.0,,0.0,,0.0,,0.0,,0.0,,0.0,,0.0,,0.0,0.0,0.0,,,,0.0,,0.0,,0.0,,0.9007846362229102,,0.0,,0.0,,0.0,,0.0,,0.0,,0.0,0.0,0.0,,,,0.0,0.0,,
1952,Q10_Jul'25###40537iZ2Ngq9IEl69tUOnbxhbcPc0XgioepjyIOowt2s8z4bUUUAaHKDycWcmaFHpF51a,40537iZ2Ngq9IEl69tUOnbxhbcPc0XgioepjyIOowt2s8z4bUUUAaHKDycWcmaFHpF51a,Q10,BIDV,25-35,Jul'25,Q3'25,Online,Female,Ho Chi Minh,MAFF,Techcombank,BIDV,MBBank,,,,Techcombank,BIDV,ACB,Vietcombank,VPBank,MSB,,,,,10.0,Sử dụng tiện lợi,Có nhiều chương trình cho khách hàng,10,Sử dụng tiện lợi dễ điều hướng,5,5,5,5,5,5,5,5,4,5,5,4,4.0,Terms deposit,Dịch vụ lâu chưa nhanh chóng,5,5,5,5,4,4.0,ATM,Đôi khi bị sự cố,9.0,10.0,9.0,10.0,10.0,9.0,,,,,Techcombank,Techcombank,Techcombank,Techcombank,Techcombank,Techcombank,Techcombank,Techcombank,,,,0.0,,,,,,0.0,,,,,,0.0,,,,,,0.0,,,,,,0.0,,,,,,0.0,,,,,,0.0,,,,,,0.0,,,,,,0.0,,,,,,0.0,,,,,,0.0,,,,,,0.0,,,Q3'25,1.075161290322581,0.0,0.0,0.0,0.0,1.009468443627451,0.0,0.0,0.0,0.0,0.0,0.0,0.0,0.0,0.0,0.0,,,,,0.0,0.0,,0.0,0.0,0.0,0.0,0.0,,0.0,0.0,1.010859375,,0.0,,0.0,0.0,0.0,,,,,,,,0.0,0.0,0.0,0.0,0.0,0.0,0.0,,0.0,0.0,0.0,,0.0,,0.0,,0.0,0.0,0.0,0.0,0.0,0.0,0.0,0.0,,
1953,Q1_Jul'25###40538gXI1HGQhnHm8Q3xvCAWko3HxPrm+l1GoXTZolt8eEts=,40538gXI1HGQhnHm8Q3xvCAWko3HxPrm+l1GoXTZolt8eEts=,Q1,Techcombank,46-55,Jul'25,Q3'25,Online,Female,Ho Chi Minh,MAFF,Techcombank,ACB,Vietcombank,,,,Techcombank,,VPBank,Vietinbank,BIDV,MBBank,,,,,10.0,Ngân hàng có dịch vụ tốt,Lãi suất ưu đãi hơn,8,Giao diện dễ sử dụng,5,5,4,4,4,5,4,3,4,3,3,4,3.0,Secured Loan,Thủ tục phức tạp,5,4,3,3,4,3.0,Fanpage,Không có nhiều thông tin,9.0,8.0,9.0,9.0,8.0,9.0,,,,,ACB,BIDV,Vietcombank,Techcombank,Vietinbank,VPBank,ACB,Techcombank,0.0,,,,,,0.0,,,,,,0.0,,,,,,0.0,,,,,,0.0,,,,,,0.0,,,,,,0.0,,,,,,1.0,,,,,,0.0,,,,,,0.0,,,,,,0.0,,,,,,1.0,,,,,,Q3'25,0.0,0.0,0.8402499999999999,0.0,0.0,0.0,0.0,0.0,0.0,0.9004885110294116,,0.0,,0.0,0.0,0.0,,,,0.0,,0.0,,0.0,,0.0,,0.0,,0.0,,0.0,,0.0,,0.0,,0.0,0.0,0.0,,,,0.0,,0.0,,0.0,,0.9007846362229102,,0.0,,0.0,,0.0,,0.0,,0.0,,0.0,0.0,0.0,,,,0.0,0.0,,
1954,Q1_Jul'25###405397YP+x3JBNFO91pqZ8mcC0Q==,405397YP+x3JBNFO91pqZ8mcC0Q==,Q1,VPBank,36-45,Jul'25,Q3'25,Offline,Male,Ha Noi,AFF,BIDV,VPBank,,,,,VPBank,,Vietinbank,Techcombank,ACB,Vietcombank,MBBank,MSB,,,9.0,"Ngân hàng có nhiều chi nhánh dễ giao dịch,  nhân viên chăm sóc khách hàng nhiệt tình và dễ hiểu",Không có,9,"Ứng dụng thanh toán dễ sử dụng, tích hợp nhiều dịch vụ không chỉ là ngân hàng mà còn cả mua sắm tiện lợi",5,4,5,5,4,5,4, I do not use this bank product, I do not use this bank product, I do not use this bank product, I do not use this bank product, I do not use this bank product,4.0,Credit card,Vì tăng phí SMS banking,4,Not use in recent 1 month,4,Not use in recent 1 month,5,4.0,Branch,tôi tạm thấy thế là ổn nhưng chỉ đánh giá ở mức hài lòng ,10.0,9.0,10.0,9.0,9.0,10.0,Vietcombank,BIDV,VPBank,Techcombank,,,,,VPBank,VPBank,VPBank,BIDV,,,,,,0.0,,,,,,0.0,,,,,,1.0,,,,,,0.0,,,,,,0.0,,,,,,0.0,,,,,,0.0,,,,,,0.0,,,,,,1.0,,,,,,1.0,,,,,,1.0,,,,,,0.0,Q3'25,1.0202941176470588,0.0,0.0,1.0203636363636364,0.0,1.0885365205652573,0.0,0.0,,0.0,,1.088605715871254,0.0,0.0,0.0,0.0,,,,,,0.0,,0.0,0.0,0.0,,0.0,0.0,1.088203125,,0.0,,0.0,,0.0,,0.0,,0.0,,0.0,,0.0,,0.0,,0.0,,0.0,,1.0889143688725489,0.0,0.0,,1.088203125,0.0,0.0,,0.0,,0.0,0.0,0.0,0.0,,0.0,0.0,0.0,,
1955,Q1_Jul'25###4054000JM/RMFL6IKNczHmeHx6Tne3vuvvo6kya/3XhrhQkQ=,4054000JM/RMFL6IKNczHmeHx6Tne3vuvvo6kya/3XhrhQkQ=,Q1,Vietcombank,25-35,Jul'25,Q3'25,Online,Female,Ha Noi,MAFF,MBBank,VPBank,Vietcombank,BIDV,,,VPBank,Vietcombank,MSB,Vietinbank,Techcombank,ACB,,,,,9.0,Ngân hàng an toàn và uy tín với nhiều atm và chi nhánh,mang đến dịch vụ thông minh và tiện lợi hơn,9,ứng dụng ngân hàng có đầy đủ các tiện ích mua sắm tiện lợi,5,4,5,5,5,4,5,4,3,5,4,5,3.0,Terms deposit,lãi suất tiết kiệm thấp hơn nhiều so với ngân hàng thương mại,5,5,4,5,4,4.0,ATM,máy atm của vcb thường ít chức năng thông minh,10.0,9.0,9.0,8.0,10.0,9.0,,,,,Vietcombank,Vietcombank,VPBank,Vietcombank,Vietcombank,Vietcombank,VPBank,VPBank,,,0.0,,,,,,0.0,,,,,,0.0,,,,,,0.0,,,,,,1.0,,,,,,1.0,,,,,,0.0,,,,,,1.0,,,,,,1.0,,,,,,1.0,,,,,,0.0,,,,,,0.0,,,,Q3'25,0.9091666666666666,0.9090625,0.0,0.9090322580645162,0.0,0.7784998276654411,0.0,0.7784998276654411,0.0,0.0,0.0,0.7786916593968096,0.0,0.0,0.0,0.0,,,,0.0,0.0,,0.0,0.0,,,0.0,0.7794175091911764,0.0,0.7788465073529411,0.0,0.0,0.0,0.0,0.0,0.0,0.0,0.7785610064338234,0.0,0.0,,0.0,,0.0,,0.0,0.0,0.0,0.0,0.0,0.0,0.0,,0.0,,0.0,0.0,0.7786094877219756,0.0,0.0,0.0,0.0,0.0,0.0,0.0,0.0,,0.0,0.0,,
1956,Q10_Jul'25###4054000JM/RMFL6IKNczHmeHx6Tne3vuvvo6kya/3XhrhQkQ=,4054000JM/RMFL6IKNczHmeHx6Tne3vuvvo6kya/3XhrhQkQ=,Q10,VPBank,25-35,Jul'25,Q3'25,Online,Female,Ha Noi,MAFF,MBBank,VPBank,Vietcombank,BIDV,,,VPBank,Vietcombank,MSB,Vietinbank,Techcombank,ACB,,,,,9.0,ngân hàng có nhiều tính năng thông minh,cải thiện có nhiều điểm giao dịch,10,ứng dụng trẻ trung thông minh cho khách hàng trẻ,5,5,5,4,4,4,5,5,4,5,4,5,4.0,Debit/CASA,thẻ chưa có nhiều ưu đãi,4,5,5,5,5,4.0,Branch,số lượng chi nhánh ít,9.0,10.0,9.0,9.0,9.0,10.0,,,,,Vietcombank,Vietcombank,VPBank,Vietcombank,Vietcombank,Vietcombank,VPBank,VPBank,,,,,,0.0,,,,,,0.0,,,,,,0.0,,,,,,0.0,,,,,,0.0,,,,,,0.0,,,,,,1.0,,,,,,0.0,,,,,,0.0,,,,,,0.0,,,,,,1.0,,,,,,1.0,Q3'25,0.0,1.0202777777777776,0.0,0.0,0.0,0.0,0.0,1.088499476613562,,0.0,,0.0,0.0,0.0,0.0,0.0,,,,,,0.0,,0.0,0.0,0.0,,0.0,0.0,0.0,,0.0,,1.088203125,,0.0,,0.0,,0.0,,0.0,,0.0,,0.0,,0.0,,0.0,,0.0,0.0,0.0,,0.0,0.0,0.0,,0.0,,0.0,0.0,0.0,0.0,,0.0,0.0,0.0,,
1957,Q1_Jul'25###40541FpLj0X668jXEW4CyJc1sAQ==,40541FpLj0X668jXEW4CyJc1sAQ==,Q1,MBBank,36-45,Jul'25,Q3'25,Offline,Male,Ho Chi Minh,MAFF,MBBank,,,,,,MBBank,,BIDV,VPBank,Vietinbank,Techcombank,ACB,Vietcombank,,,9.0,"Ngân hàng lớn, uy tín tại Việt Nam được nhiều người sử dụng. Nhiều chi nhánh và trụ ATM giúp việc giao dịch thuận tiện",Nơi giữ xe cần rộng rãi hơn 1 chút,9,Ứng dụng ngân hàng ngoài việc chuyển nhận tiền thì có thể thanh toán hóa đơn và sinh lời tự động. Miễn phí khi chuyển nhận tiền,4,4,4,5,4,5,4, I do not use this bank product, I do not use this bank product, I do not use this bank product, I do not use this bank product, I do not use this bank product,4.0,Credit card,Phí phạt trả chậm cao nếu quên thanh toán,Not use in recent 1 month,Not use in recent 1 month,Not use in recent 1 month,4,5,4.0,Fanpage,Tin nhắn facebook thường không được trả lời ngay khi cần,9.0,9.0,10.0,9.0,9.0,10.0,,,,,MBBank,MBBank,MBBank,MBBank,MBBank,MBBank,Techcombank,MBBank,,,,,0.0,,,,,,0.0,,,,,,0.0,,,,,,0.0,,,,,,1.0,,,,,,1.0,,,,,,1.0,,,,,,1.0,,,,,,1.0,,,,,,1.0,,,,,,0.0,,,,,,1.0,,Q3'25,1.041777777777778,0.0,0.0,1.0416363636363637,0.0,1.0596181832107845,0.0,0.0,0.0,0.0,0.0,1.0595873579545456,,0.0,0.0,0.0,,,,0.0,,0.0,,0.0,,0.0,0.0,1.0596181832107845,,1.059860381652661,0.0,0.0,,0.0,,0.0,0.0,0.0,,,0.0,0.0,,0.0,,0.0,,0.0,,0.0,0.0,0.0,,0.0,,0.0,,1.0596595341642756,,0.0,,0.0,,0.0,0.0,0.0,0.0,0.0,,,
1958,Q1_Jul'25###40542TIS+AmUthJpa5jZMBgOSiw==,40542TIS+AmUthJpa5jZMBgOSiw==,Q1,VPBank,36-45,Jul'25,Q3'25,Offline,Female,Ho Chi Minh,AFF,VPBank,,,,,,VPBank,,MBBank,Vietinbank,Techcombank,ACB,Vietcombank,BIDV,,,9.0,Ngân hàng tư nhân có quy mô lớn ở nước mình. Có giá trị thương hiệu cao và có nhiều dịch vụ ưu đãi hấp dẫn.,Ngân hàng nên có thêm nhiều phòng giao dịch hơn,10,Ứng dụng dễ xài với lại chuyển khoản nhanh không mất nhiều thời gian.,5,4,5,4,5,4,5, I do not use this bank product,5, I do not use this bank product, I do not use this bank product, I do not use this bank product,4.0,Debit,Màu sắc của thẻ nhìn không được sang trọng.,4,5,5,4,5,4.0,Fanpage,Do có lần có việc cần hỏi nên đã nhắn tin trang facebook thì thấy trả lời hơi chậm.,10.0,9.0,10.0,10.0,9.0,9.0,VPBank,VPBank,VPBank,VPBank,,,,,VPBank,VPBank,VPBank,VPBank,,,,,,1.0,,,,,,1.0,,,,,,1.0,,,,,,1.0,,,,,,0.0,,,,,,0.0,,,,,,0.0,,,,,,0.0,,,,,,1.0,,,,,,1.0,,,,,,1.0,,,,,,1.0,Q3'25,0.0,0.0,0.0,1.0203636363636364,1.0202857142857142,0.0,0.0,0.0,,0.0,,1.088605715871254,0.0,1.0885472752609109,0.0,0.0,,,,,,0.0,,0.0,0.0,0.0,,0.0,0.0,0.0,,0.0,,0.0,,0.0,,0.0,,0.0,,0.0,,0.0,,0.0,,0.0,,0.0,,0.0,0.0,0.0,,0.0,0.0,1.0887798092209855,,0.0,,0.0,0.0,0.0,0.0,,0.0,1.088203125,0.0,,
1959,Q1_Jul'25###40543QYM2TbBUQiL3n8dYRkO18A==,40543QYM2TbBUQiL3n8dYRkO18A==,Q1,Vietcombank,36-45,Jul'25,Q3'25,Offline,Male,Ho Chi Minh,AFF,Vietcombank,,,,,,Vietcombank,,VPBank,MSB,Vietinbank,Techcombank,ACB,BIDV,MBBank,,9.0,"Giao diện app đẹp dễ sử dụng , chuyển khoản không tốn phí, dùng số điện thoại làm  đăng nhập dễ nhớ",Không có,9,"Chuyển tiền nhanh trong cả ngày, xem giáo dịch chỉ tiết rõ ràng nhìn vô dễ hiểu",4,5,4,4,5,5,4, I do not use this bank product,4, I do not use this bank product, I do not use this bank product, I do not use this bank product,4.0,Terms deposit,Rút tiền trước hạn sẽ không được tính lãi,5,Not use in recent 1 month,5,4,4,4.0,Fanpage,"Thấy ít đăng  thông tin về lãi suất , ưu đãi dành cho khách hàng",9.0,9.0,10.0,9.0,10.0,9.0,Vietcombank,Vietcombank,Vietcombank,Vietcombank,,,,,Vietcombank,Vietcombank,Vietcombank,Vietcombank,,,1.0,,,,,,1.0,,,,,,1.0,,,,,,1.0,,,,,,0.0,,,,,,0.0,,,,,,0.0,,,,,,0.0,,,,,,1.0,,,,,,1.0,,,,,,1.0,,,,,,1.0,,,,Q3'25,0.9091666666666666,0.9090625,0.0,0.0,0.9091304347826088,0.7784998276654411,0.0,0.7784998276654411,0.0,0.0,0.0,0.0,0.0,0.7787037568933823,0.0,0.0,,,,0.0,0.0,,0.0,0.7779900045955882,,,0.0,0.0,0.0,0.0,0.0,0.0,0.0,0.0,0.0,0.0,0.0,0.0,0.0,0.0,,0.7794175091911765,,0.0,,0.0,0.0,0.0,0.0,0.0,0.0,0.0,,0.0,,0.0,0.0,0.0,0.0,0.0,0.0,0.7794175091911764,0.0,0.0,0.0,0.0,,0.0,0.0,,
1960,Q1_Jul'25###405446POetB9iy4kdbdIUqTNyEA==,405446POetB9iy4kdbdIUqTNyEA==,Q1,BIDV,36-45,Jul'25,Q3'25,Offline,Male,Ha Noi,AFF,BIDV,,,,,,BIDV,,Vietinbank,,,,,,,,10.0,"ngân hàng tốt, nhiều hỗ trợ cho khách hàng",không,9,"dung lượng nhẹ không chiếm dung lượng của máy, tính năng đầy đủ hệ thông không bị lỗi",4,5,4,4,4,4,5, I do not use this bank product,4, I do not use this bank product, I do not use this bank product, I do not use this bank product,4.0,Debit,"thế dẽ dùng thanh toán được ở nhiều nơi, khi sử dụng sẽ nhận thêm ưu đãi nên rất hài lòng",4,Not use in recent 1 month,Not use in recent 1 month,Not use in recent 1 month,5,4.0,Branch,chi nhánh có vị trí hơi không thuận tiện  với đường đi của tôi,9.0,9.0,9.0,10.0,8.0,9.0,BIDV,BIDV,BIDV,Vietinbank,,,,,BIDV,BIDV,BIDV,BIDV,,,,1.0,,,,,,1.0,,,,,,1.0,,,,,,0.0,,,,,,0.0,,,,,,0.0,,,,,,0.0,,,,,,0.0,,,,,,1.0,,,,,,1.0,,,,,,1.0,,,,,,1.0,,,Q3'25,0.0,0.0,0.0,1.0751923076923076,0.0,0.0,0.0,0.0,0.0,0.0,0.0,1.0095707179930795,0.0,0.0,0.0,0.0,,,,,0.0,0.0,,0.0,0.0,0.0,0.0,0.0,,0.0,0.0,0.0,,0.0,,0.0,0.0,0.0,,,,,,,,0.0,0.0,0.0,0.0,0.0,0.0,0.0,,1.0092945772058823,0.0,0.0,,1.0095416505417958,,0.0,,0.0,0.0,0.0,0.0,0.0,0.0,0.0,0.0,,
1961,Q1_Jul'25###40545JGhwr1fFsfbGFkCxekxYG6DmQdqQFHB5WfWUFxTa8Pk=,40545JGhwr1fFsfbGFkCxekxYG6DmQdqQFHB5WfWUFxTa8Pk=,Q1,VPBank,25-35,Jul'25,Q3'25,Online,Male,Ha Noi,MAFF,VPBank,Techcombank,Vietcombank,,,,VPBank,Vietcombank,ACB,BIDV,MBBank,MSB,Vietinbank,,,,9.0,ngân hàng có nhiều sản phẩm tài chính hấp dẫn,"có thêm nhiều ưu đãi, miễn phí mọi dịch vụ",10,"ứng dụng an toàn bảo mật cao, dễ sử dụng thao tác",5,5,4,4,5,5,5,4,4,4,4,5,4.0,Secured Loan,mức lãi suất vay của ngân hàng khá cao,5,4,5,4,4,4.0,ATM,số lượng atm còn khá ít,10.0,8.0,9.0,9.0,9.0,9.0,,,,,VPBank,VPBank,VPBank,Vietcombank,VPBank,VPBank,VPBank,VPBank,,,,,,0.0,,,,,,0.0,,,,,,0.0,,,,,,0.0,,,,,,1.0,,,,,,1.0,,,,,,1.0,,,,,,0.0,,,,,,1.0,,,,,,1.0,,,,,,1.0,,,,,,1.0,Q3'25,0.0,1.0202777777777776,0.0,0.0,0.0,0.0,0.0,1.088499476613562,,0.0,,0.0,0.0,0.0,0.0,0.0,,,,,,0.0,,0.0,0.0,0.0,,0.0,0.0,0.0,,0.0,,0.0,,1.0887958282271244,,0.0,,0.0,,0.0,,0.0,,0.0,,0.0,,0.0,,0.0,0.0,0.0,,0.0,0.0,0.0,,0.0,,0.0,0.0,0.0,0.0,,0.0,0.0,0.0,,
1962,Q10_Jul'25###40545JGhwr1fFsfbGFkCxekxYG6DmQdqQFHB5WfWUFxTa8Pk=,40545JGhwr1fFsfbGFkCxekxYG6DmQdqQFHB5WfWUFxTa8Pk=,Q10,Vietcombank,25-35,Jul'25,Q3'25,Online,Male,Ha Noi,MAFF,VPBank,Techcombank,Vietcombank,,,,VPBank,Vietcombank,ACB,BIDV,MBBank,MSB,Vietinbank,,,,8.0,"ngân hàng cần cải thiện thời gian chờ đợi giao dịch, tăng lãi suất tiền gửi",,9,ứng dụng ngân hàng di động tiện lợi,4,3,4,5,4,5,5,5,3,4,4,4,3.0,Terms deposit,lãi suất tiền gửi thấp hơn nhiều so với ngân hàng khác,4,5,5,4,4,4.0,ATM,atm chưa được trang bị công nghệ hiện đại nhất,9.0,8.0,9.0,8.0,9.0,8.0,,,,,VPBank,VPBank,VPBank,Vietcombank,VPBank,VPBank,VPBank,VPBank,,,0.0,,,,,,0.0,,,,,,0.0,,,,,,0.0,,,,,,0.0,,,,,,0.0,,,,,,0.0,,,,,,1.0,,,,,,0.0,,,,,,0.0,,,,,,0.0,,,,,,0.0,,,,Q3'25,0.0,0.0,0.9089655172413792,0.0,0.9091304347826088,0.0,0.0,0.0,0.0,0.0,1.785244984567901,0.0,0.0,0.0,1.785914702581369,0.0,,,,0.0,0.0,,0.0,0.0,,,0.0,0.0,0.0,0.0,0.0,0.0,0.0,0.0,0.0,0.0,0.0,0.0,0.0,0.0,,0.0,,0.0,,0.0,1.7844264403292185,0.0,0.0,0.0,0.0,0.0,,0.0,,0.0,0.0,0.0,0.0,0.0,0.0,0.0,0.0,0.0,0.0,1.7877006172839505,,0.0,0.0,,
1963,Q1_Jul'25###40546191DwgTb3VonNMIA6+xjIA==,40546191DwgTb3VonNMIA6+xjIA==,Q1,VPBank,36-45,Jul'25,Q3'25,Offline,Female,Ho Chi Minh,MAFF,VPBank,,,,,,VPBank,,ACB,Vietcombank,BIDV,MBBank,MSB,Vietinbank,Techcombank,,10.0,Mở thẻ không tốn phí. Nhân viên tại quầy chuyên nghiệp. Liên kết được với nhiều ví điện tử để thanh toán hóa đơn,Không cần,10,"Xử lý giao dịch nhanh
Giao diện bố cục hợp lí dễ tìm các tiện ích khi cần sử dụng",5,5,5,4,5,5, I do not use this bank product, I do not use this bank product, I do not use this bank product, I do not use this bank product, I do not use this bank product, I do not use this bank product,,,,Not use in recent 1 month,Not use in recent 1 month,Not use in recent 1 month,Not use in recent 1 month,5,,,,9.0,9.0,10.0,10.0,9.0,10.0,,,,,VPBank,VPBank,VPBank,VPBank,VPBank,VPBank,VPBank,VPBank,,,,,,0.0,,,,,,0.0,,,,,,0.0,,,,,,0.0,,,,,,1.0,,,,,,1.0,,,,,,1.0,,,,,,1.0,,,,,,1.0,,,,,,1.0,,,,,,1.0,,,,,,1.0,Q3'25,0.0,1.0202777777777776,0.0,1.0203636363636364,1.0202857142857142,0.0,0.0,1.088499476613562,,0.0,,1.088605715871254,0.0,1.0885472752609109,0.0,0.0,,,,,,0.0,,0.0,0.0,0.0,,0.0,0.0,0.0,,0.0,,0.0,,0.0,,0.0,,1.088203125,,0.0,,0.0,,0.0,,0.0,,0.0,,0.0,0.0,0.0,,0.0,0.0,0.0,,1.088203125,,1.088203125,0.0,0.0,0.0,,0.0,0.0,0.0,,
1964,Q1_Jul'25###40547iAUcL/feJlR4Us9nAfpFAb7OgR1BH1aunlMMBEwtJdIdhk30EjV8peDo1di4uEH7,40547iAUcL/feJlR4Us9nAfpFAb7OgR1BH1aunlMMBEwtJdIdhk30EjV8peDo1di4uEH7,Q1,BIDV,36-45,Jul'25,Q3'25,Online,Female,Ho Chi Minh,MAFF,BIDV,,,,,,BIDV,,Vietinbank,Techcombank,Vietcombank,MBBank,,,,,7.0,Cần có nhiều gói ưu đãi cho khach hàng,,8,Thỉn r thoảng bị lỗi không truy cập được,4,4,3,4,4,5,4,5,4,4,4,5,4.0,Terms deposit,Lãi suất.không thoảmđasg,5,5,4,4,4,4.0,Call Center,Đôi lúc gián đoạn phải chờ,10.0,10.0,9.0,9.0,9.0,9.0,,,,,BIDV,BIDV,BIDV,BIDV,BIDV,BIDV,BIDV,BIDV,,,,0.0,,,,,,0.0,,,,,,0.0,,,,,,0.0,,,,,,1.0,,,,,,1.0,,,,,,1.0,,,,,,1.0,,,,,,1.0,,,,,,1.0,,,,,,1.0,,,,,,1.0,,,Q3'25,0.0,0.0,0.0,0.0,1.075217391304348,0.0,0.0,0.0,0.0,0.0,0.0,0.0,0.0,0.0,1.5162808641975307,0.0,,,,,0.0,0.0,,0.0,0.0,0.0,0.0,0.0,,0.0,0.0,0.0,,0.0,,0.0,0.0,0.0,,,,,,,,0.0,0.0,0.0,0.0,0.0,0.0,0.0,,0.0,0.0,0.0,,0.0,,0.0,,0.0,0.0,0.0,0.0,0.0,0.0,0.0,1.518631687242798,,
1965,Q1_Jul'25###40548AXMFzkBcaGn3hgDF28JocA==,40548AXMFzkBcaGn3hgDF28JocA==,Q1,BIDV,46-55,Jul'25,Q3'25,Offline,Male,Ho Chi Minh,AFF,Vietcombank,BIDV,,,,,BIDV,,MSB,Vietinbank,Techcombank,ACB,MBBank,VPBank,,,10.0,"Nằm trong top ngân hàng, quy mô lớn, có rất nhiều chi nhánh,  uy tín và lâu đời, luôn cải tiến và phát triển để phù hợp với nhu cầu của khách hàng, dịch vụ ở đây không có gì để chê","Vậy là đủ rồi, không cần cải thiện",10,"app dễ dùng, tiện lợi khi có quét mã qr nên chuyển khoản rất tiện, dễ dàng quản lý chi tiêu và có thể kiểm tra tất cả thông tin về lịch sử giao dịch, và những dịch vụ đang sử dụng với ngân hàng như gửi tiết kiệm, bảo mật cao, nhiều lớp bảo mật",5,5,5,5,5,5,5,5,5, I do not use this bank product,5,5,,,,5,Not use in recent 1 month,5,Not use in recent 1 month,5,,,,10.0,10.0,10.0,10.0,10.0,10.0,BIDV,BIDV,BIDV,BIDV,,,,,BIDV,BIDV,BIDV,BIDV,,,,1.0,,,,,,1.0,,,,,,1.0,,,,,,1.0,,,,,,0.0,,,,,,0.0,,,,,,0.0,,,,,,0.0,,,,,,1.0,,,,,,1.0,,,,,,1.0,,,,,,1.0,,,Q3'25,1.075161290322581,0.0,1.0752,1.0751923076923076,0.0,1.009468443627451,0.0,0.0,0.0,1.009518119747899,0.0,1.0095707179930795,0.0,0.0,0.0,0.0,,,,,0.0,0.0,,0.0,0.0,0.0,0.0,0.0,,1.0092945772058823,0.0,0.0,,0.0,,0.0,0.0,0.0,,,,,,,,0.0,0.0,0.0,0.0,1.0092945772058823,0.0,0.0,,0.0,0.0,0.0,,1.0095416505417958,,0.0,,0.0,0.0,0.0,0.0,0.0,0.0,0.0,0.0,,
1966,Q1_Jul'25###40549TPWml+IdGYQZvcRE/q5sRWU1OoUJVILBc7OHAM5/UBM=,40549TPWml+IdGYQZvcRE/q5sRWU1OoUJVILBc7OHAM5/UBM=,Q1,Vietcombank,25-35,Jul'25,Q3'25,Online,Male,Ha Noi,MAFF,MBBank,Vietcombank,,,,,Vietcombank,,BIDV,VPBank,Vietinbank,Techcombank,,,,,9.0,"Là ngân hàng uy tín, chất lượng tốt, nhân viên nhiệt tình","Có nhiều chương trinh ưu đãi, khuyến mãi hơn nữa",9,"Ứng dụng rất mượt mà, giao diện đẹp mắt, hiện đại",3,4,4,5,5,5,4,4,5,3,4,4,3.0,Bond/Funds,Tôi chưa tìm hiểu gì nhiều,5,4,5,4,5,4.0,Telesales,Vì đôi khi có những cuộc gọi làm phiền,9.0,8.0,9.0,9.0,9.0,8.0,,,,,Vietcombank,Vietcombank,Techcombank,Vietcombank,Vietcombank,Vietcombank,MBBank,Vietcombank,,,0.0,,,,,,0.0,,,,,,0.0,,,,,,0.0,,,,,,1.0,,,,,,1.0,,,,,,0.0,,,,,,1.0,,,,,,1.0,,,,,,1.0,,,,,,0.0,,,,,,1.0,,,,Q3'25,0.0,0.0,0.9089655172413792,0.9090322580645162,0.0,0.0,0.0,0.0,0.0,0.7786017922794117,0.0,0.7786916593968096,0.0,0.0,0.0,0.0,,,,0.0,0.0,,0.0,0.0,,,0.0,0.0,0.0,0.0,0.0,0.0,0.0,0.0,0.0,0.0,0.0,0.0,0.0,0.0,,0.0,,0.0,,0.0,0.0,0.0,0.0,0.7788057215073529,0.0,0.7784658394607843,,0.0,,0.0,0.0,0.7786094877219756,0.0,0.0,0.0,0.0,0.0,0.0,0.0,0.0,,0.0,0.0,,
1967,Q1_Jul'25###40550FbuchDKd5QcLgSgMJFSH6ABzfqJ50NiyVP03G43cCHk=,40550FbuchDKd5QcLgSgMJFSH6ABzfqJ50NiyVP03G43cCHk=,Q1,BIDV,25-35,Jul'25,Q3'25,Online,Male,Ha Noi,MAFF,ACB,BIDV,,,,,BIDV,,MSB,Vietinbank,Techcombank,Vietcombank,MBBank,VPBank,,,9.0,Ngân hàng uy tín có bề dày kinh nghiệm trong lĩnh vực,Không có ý kiến,9,"Luôn đổi mới, cập nhật ứng dụng",4,4,4,5,4,5,5, I do not use this bank product,4, I do not use this bank product, I do not use this bank product, I do not use this bank product,4.0,Terms deposit,Lãi suất không cao bằng các ngân hàng cổ phần khác,5,Not use in recent 1 month,Not use in recent 1 month,Not use in recent 1 month,5,,,,9.0,9.0,10.0,9.0,10.0,10.0,,,,,BIDV,BIDV,ACB,ACB,BIDV,ACB,BIDV,BIDV,,,,0.0,,,,,,0.0,,,,,,0.0,,,,,,0.0,,,,,,1.0,,,,,,1.0,,,,,,0.0,,,,,,0.0,,,,,,1.0,,,,,,0.0,,,,,,1.0,,,,,,1.0,,,Q3'25,0.0,0.0,0.0,1.0751923076923076,0.0,0.0,0.0,0.0,0.0,0.0,0.0,1.0095707179930795,0.0,0.0,0.0,0.0,,,,,0.0,0.0,,0.0,0.0,0.0,0.0,0.0,,0.0,0.0,0.0,,0.0,,0.0,0.0,0.0,,,,,,,,0.0,0.0,0.0,0.0,0.0,0.0,0.0,,0.0,0.0,0.0,,1.0095416505417958,,0.0,,0.0,0.0,0.0,0.0,0.0,0.0,0.0,0.0,,
1968,Q1_Jul'25###40551Z7hL6J+lltumhyi//C+ZSsa8XPRO1UPVDaxHIlkJ9W0=,40551Z7hL6J+lltumhyi//C+ZSsa8XPRO1UPVDaxHIlkJ9W0=,Q1,BIDV,36-45,Jul'25,Q3'25,Online,Female,Ha Noi,MAFF,Vietcombank,BIDV,MBBank,,,,BIDV,,VPBank,Vietinbank,Techcombank,,,,,,10.0,"An toàn, phổ biến, công ty tôi dùng để trả lương",Tôi muốn nó có nhiều chi nhánh hơn nữa,10,"An toàn, phổ biến, tiện dụng, dễ sử dụng, có liên kết với nhiều ngân hàng",5,5,5,4,5,4,4,4,5, I do not use this bank product,5, I do not use this bank product,4.0,Banca,Tôi còn không quen với các điều khoản bảo hiểm lắm,4,Not use in recent 1 month,Not use in recent 1 month,Not use in recent 1 month,5,4.0,Branch,Nó không gần tôi lắm,10.0,10.0,10.0,10.0,10.0,10.0,,,,,BIDV,MBBank,BIDV,BIDV,BIDV,BIDV,BIDV,BIDV,,,,0.0,,,,,,0.0,,,,,,0.0,,,,,,0.0,,,,,,1.0,,,,,,0.0,,,,,,1.0,,,,,,1.0,,,,,,1.0,,,,,,1.0,,,,,,1.0,,,,,,1.0,,,Q3'25,0.0,1.075357142857143,0.0,1.0751923076923076,0.0,0.0,0.0,1.009468443627451,0.0,0.0,0.0,1.0095707179930795,0.0,0.0,0.0,0.0,,,,,0.0,0.0,,0.0,0.0,0.0,0.0,0.0,,0.0,0.0,0.0,,0.0,,0.0,0.0,1.0098161764705882,,,,,,,,0.0,0.0,0.0,0.0,0.0,0.0,0.0,,0.0,0.0,0.0,,1.0095416505417958,,0.0,,0.0,0.0,0.0,0.0,0.0,0.0,0.0,0.0,,
1969,Q1_Jul'25###40552ihWu+awboS3MpZE9hhOv5Q==,40552ihWu+awboS3MpZE9hhOv5Q==,Q1,Techcombank,36-45,Jul'25,Q3'25,Offline,Female,Ha Noi,AFF,Techcombank,Vietcombank,,,,,Techcombank,,BIDV,MBBank,VPBank,Vietinbank,ACB,,,,10.0,Tôi thấy ngân hàng có tính năng chuyên tiền nhãn rỗi tư tài khoản thanh toán sang tiêt kiệm rất tiện lợi lãi suất cao cho khách hàng,Không,9,"Các ứng dụng trên điện thoại chạy không bị lỗi ,chuyển tiền không mất phí và rất nhanh chi tam 1 phút la có tiền ngay
Va trong các giao dịch không phải chờ đợi lâu",4,5,5,4,5, I do not use this bank product,5,5,4, I do not use this bank product, I do not use this bank product, I do not use this bank product,4.0,Terms deposit,Lãi suất tôi tich kiêm tôi muôn tăng thêm tâm 4 %cho tiêt kiêm online,5,Not use in recent 1 month,5,Not use in recent 1 month,5,,,,9.0,10.0,9.0,10.0,9.0,9.0,Techcombank,Techcombank,Techcombank,Techcombank,,,,,Techcombank,Techcombank,Techcombank,Techcombank,1.0,,,,,,1.0,,,,,,1.0,,,,,,1.0,,,,,,0.0,,,,,,0.0,,,,,,0.0,,,,,,0.0,,,,,,1.0,,,,,,1.0,,,,,,1.0,,,,,,1.0,,,,,,Q3'25,0.0,0.8404444444444444,0.0,0.0,0.8402777777777778,0.0,0.0,0.9004641544117645,0.0,0.0,,0.0,,0.900555491727941,0.0,0.0,,,,0.0,,0.0,,0.0,,0.0,,0.0,,0.0,,0.0,,0.900220588235294,,0.0,,0.0,0.0,0.0,,,,0.0,,0.0,,0.0,,0.0,,0.0,,0.0,,0.0,,0.0,,0.0,,0.0,0.0,0.9002205882352939,,,,0.0,0.0,,
1970,Q1_Jul'25###40553S41SuF9/vLVBlxJ8FX1G6w==,40553S41SuF9/vLVBlxJ8FX1G6w==,Q1,Techcombank,25-35,Jul'25,Q3'25,Offline,Female,Ha Noi,MAFF,Techcombank,,,,,,Techcombank,,BIDV,MBBank,VPBank,Vietinbank,ACB,Vietcombank,,,10.0,"Nổi tiếng và chuyên nghiệp , mở tài khoản nhanh chóng dễ dàng",Không có,9,"App dễ sử dụng , giao dịch nhanh không bị đơ hay treo app",4,4,4,4,5,4,4, I do not use this bank product,5, I do not use this bank product, I do not use this bank product, I do not use this bank product,4.0,Debit,Không có,5,Not use in recent 1 month,Not use in recent 1 month,Not use in recent 1 month,5,,,,9.0,10.0,9.0,9.0,10.0,9.0,,,,,Techcombank,BIDV,Techcombank,Techcombank,Techcombank,Techcombank,Techcombank,Vietcombank,0.0,,,,,,0.0,,,,,,0.0,,,,,,0.0,,,,,,1.0,,,,,,0.0,,,,,,1.0,,,,,,1.0,,,,,,1.0,,,,,,1.0,,,,,,1.0,,,,,,0.0,,,,,,Q3'25,0.0,0.0,0.8402499999999999,0.8403076923076923,0.0,0.0,0.0,0.0,0.0,0.9004885110294116,,0.9005503393665156,,0.0,0.0,0.0,,,,0.0,,0.0,,0.0,,0.0,,0.0,,0.0,,0.0,,0.0,,0.0,,0.0,0.0,0.0,,,,0.0,,0.0,,0.9002205882352939,,0.0,,0.0,,0.0,,0.0,,0.9006766270337921,,0.0,,0.0,0.0,0.0,,,,0.0,0.0,,
1971,Q1_Jul'25###40554MqBW+6n+P77LgLfhx91rCA==,40554MqBW+6n+P77LgLfhx91rCA==,Q1,VPBank,36-45,Jul'25,Q3'25,Offline,Male,Ha Noi,MAFF,VPBank,,,,,,VPBank,,MBBank,MSB,Vietinbank,Techcombank,ACB,Vietcombank,BIDV,,9.0,"Ngân hàng tôi tin tưởng vì tôi thấy nhân viên ở chi nhánh tôi giao dịch rất nhiệt tình và vui vẻ , thủ tục giấy tờ nhanh và dễ hiểu",Không cần,9,Giao diện app đẹp dễ sử dụng có nhiều tính năng trên app như đóng tiền điện nước hay nạp điện thoại và nhiều tính năng khác mang lại sự thuận tiện cho khách hàng,4,4,4,5,5,4, I do not use this bank product, I do not use this bank product, I do not use this bank product, I do not use this bank product,5, I do not use this bank product,4.0,Debit,Không có,5,Not use in recent 1 month,Not use in recent 1 month,Not use in recent 1 month,5,,,,9.0,9.0,10.0,9.0,9.0,10.0,,,,,VPBank,VPBank,Vietcombank,VPBank,Techcombank,VPBank,BIDV,VPBank,,,,,,0.0,,,,,,0.0,,,,,,0.0,,,,,,0.0,,,,,,1.0,,,,,,1.0,,,,,,0.0,,,,,,1.0,,,,,,0.0,,,,,,1.0,,,,,,0.0,,,,,,1.0,Q3'25,0.0,0.0,1.0203448275862068,1.0203636363636364,0.0,0.0,0.0,0.0,,1.0885710097616632,,1.088605715871254,0.0,0.0,0.0,0.0,,,,,,0.0,,0.0,0.0,0.0,,0.0,0.0,0.0,,0.0,,0.0,,0.0,,0.0,,0.0,,0.0,,0.0,,0.0,,1.088203125,,0.0,,1.0889143688725489,0.0,0.0,,0.0,0.0,1.0887798092209855,,0.0,,0.0,0.0,0.0,0.0,,0.0,0.0,0.0,,
1972,Q1_Jul'25###40555BVwXwttaxrYZgZ8dp3hHaA==,40555BVwXwttaxrYZgZ8dp3hHaA==,Q1,Vietcombank,25-35,Jul'25,Q3'25,Offline,Male,Ha Noi,MAFF,Vietcombank,,,,,,Vietcombank,,VPBank,MSB,Vietinbank,Techcombank,ACB,BIDV,MBBank,,10.0,"Là 1 trong những ngân hàng lớn, uy tín nhiều năm, tin cậy, sản phẩm dịch vụ đa dạng",Không có,10,"Không bị lỗi, chuyển tiền nhanh",4,5,4,4,4,5,4, I do not use this bank product, I do not use this bank product, I do not use this bank product, I do not use this bank product, I do not use this bank product,4.0,Credit card,Vì phí thường niên vẫn hơi cao,4,Not use in recent 1 month,Not use in recent 1 month,Not use in recent 1 month,4,4.0,Branch,tôi thấy hiện tại đang vận hành khá tốt  nhưng đánh giá của tôi chỉ ở mức hài lòng ,9.0,10.0,10.0,9.0,10.0,9.0,,,,,Vietcombank,Vietcombank,Vietcombank,Vietcombank,Vietcombank,Vietcombank,Vietcombank,Vietcombank,,,0.0,,,,,,0.0,,,,,,0.0,,,,,,0.0,,,,,,1.0,,,,,,1.0,,,,,,1.0,,,,,,1.0,,,,,,1.0,,,,,,1.0,,,,,,1.0,,,,,,1.0,,,,Q3'25,0.0,0.9090625,0.0,0.9090322580645162,0.0,0.0,0.0,0.7784998276654411,0.0,0.0,0.0,0.7786916593968096,0.0,0.0,0.0,0.0,,,,0.0,0.0,,0.0,0.0,,,0.0,0.0,0.0,0.0,0.0,0.0,0.0,0.0,0.0,0.7787586609162896,0.0,0.0,0.0,0.0,,0.0,,0.0,,0.0,0.0,0.0,0.0,0.0,0.0,0.0,,0.0,,0.0,0.0,0.7786094877219756,0.0,0.0,0.0,0.0,0.0,0.0,0.0,0.0,,0.0,0.0,,
1973,Q1_Jul'25###40556XacNIUGvHS7BeJ5sp0njGQ==,40556XacNIUGvHS7BeJ5sp0njGQ==,Q1,VPBank,36-45,Jul'25,Q3'25,Offline,Female,Ho Chi Minh,AFF,VPBank,ACB,,,,,VPBank,,MSB,Vietinbank,Techcombank,Vietcombank,BIDV,MBBank,,,9.0,"Ngân hàng lớn dễ dùng , tiện dụng có thể chuyển khoản mọi lúc mọi nơi",Không có,10,"Bảo mật cao, có thể dùng vân tay và mật khẩu để vô nhanh",5,5,4,5,4,5,4, I do not use this bank product,4, I do not use this bank product, I do not use this bank product, I do not use this bank product,4.0,Credit card,Phí rút tiền mặt cao,4,Not use in recent 1 month,4,Not use in recent 1 month,4,4.0,Call Center,Gọi lên tổng đài máy bận,9.0,10.0,9.0,9.0,9.0,10.0,VPBank,VPBank,VPBank,VPBank,,,,,VPBank,VPBank,VPBank,VPBank,,,,,,1.0,,,,,,1.0,,,,,,1.0,,,,,,1.0,,,,,,0.0,,,,,,0.0,,,,,,0.0,,,,,,0.0,,,,,,1.0,,,,,,1.0,,,,,,1.0,,,,,,1.0,Q3'25,1.0202941176470588,0.0,0.0,1.0203636363636364,0.0,1.0885365205652573,0.0,0.0,,0.0,,1.088605715871254,0.0,0.0,0.0,0.0,,,,,,0.0,,0.0,0.0,0.0,,0.0,0.0,0.0,,1.088203125,,0.0,,0.0,,0.0,,0.0,,0.0,,0.0,,0.0,,0.0,,0.0,,0.0,0.0,0.0,,0.0,0.0,1.0887798092209855,,0.0,,0.0,0.0,0.0,0.0,,0.0,0.0,0.0,,
1974,Q1_Jul'25###40557/rcRyUuEUzOc7WUGxIFd8w==,40557/rcRyUuEUzOc7WUGxIFd8w==,Q1,Techcombank,46-55,Jul'25,Q3'25,Offline,Female,Ho Chi Minh,MAFF,Techcombank,,,,,,Techcombank,,Vietinbank,ACB,Vietcombank,BIDV,MBBank,VPBank,MSB,,9.0,"Ngân hàng có app chuyễn tiền nhanh ,không tốn phí ,có dịch vụ sinh lời tự động hấp dẫn .",App chuyển tiền còn hay bị lỗi hệ thống không chuyển khoản được cần khắc phục .,9,"Chuyễn tiền liên ngân hàng không tốn phí ,thao tác trên ứng dụng dễ thực hiện .",5,4,4,4,5,5, I do not use this bank product, I do not use this bank product,4, I do not use this bank product, I do not use this bank product,4,4.0,Terms deposit,Lãi gửi tiết kiệm vẫn chưa cao .,4,Not use in recent 1 month,Not use in recent 1 month,Not use in recent 1 month,4,4.0,Branch,Chi nhánh lúc nào cũng đông khách nên mỗi lần tới giao dịch kiếm ghế ngồi chờ lâu .,9.0,8.0,10.0,8.0,9.0,9.0,,,,,Techcombank,Techcombank,Techcombank,Techcombank,Techcombank,Techcombank,Techcombank,Techcombank,0.0,,,,,,0.0,,,,,,0.0,,,,,,0.0,,,,,,1.0,,,,,,1.0,,,,,,1.0,,,,,,1.0,,,,,,1.0,,,,,,1.0,,,,,,1.0,,,,,,1.0,,,,,,Q3'25,0.8404,0.8404444444444444,0.0,0.0,0.8402777777777778,0.9006671262254901,0.0,0.9004641544117645,0.0,0.0,,0.0,,0.900555491727941,0.0,0.900220588235294,,,,0.0,,0.0,,0.0,,0.0,,0.0,,0.0,,0.0,,0.900220588235294,,0.0,,0.0,0.0,0.0,,,,0.0,,0.0,,0.0,,0.0,,0.0,,0.0,,0.0,,0.0,,0.0,,0.9002205882352939,0.0,0.0,,,,0.0,0.0,,
1975,Q1_Jul'25###40558ZBKWbPJaG1NtcPWc8kfLkw==,40558ZBKWbPJaG1NtcPWc8kfLkw==,Q1,ACB,25-35,Jul'25,Q3'25,Offline,Male,Ho Chi Minh,MAFF,ACB,,,,,,ACB,,Techcombank,Vietcombank,BIDV,MBBank,VPBank,MSB,Vietinbank,,10.0,"Nhân viên ngân hàng ăn mặc lịch sự ,nói chuyện dễ nghe ,chi nhánh nhiều quầy giao dịch không phải chờ lâu .",Không cần cải thiện điểm gì nữa .,10,"Chức năng bảo mật hiện đại , bố cục sắp xếp dễ nhìn ,tra cứu thông tin lịch sử giao dịch dễ .",4,5,5,4,5,5, I do not use this bank product, I do not use this bank product,5, I do not use this bank product, I do not use this bank product, I do not use this bank product,,,,5,Not use in recent 1 month,Not use in recent 1 month,5,Not use in recent 1 month,,,,10.0,9.0,10.0,9.0,10.0,10.0,,,,,ACB,ACB,ACB,ACB,ACB,ACB,ACB,ACB,,0.0,,,,,,0.0,,,,,,0.0,,,,,,0.0,,,,,,1.0,,,,,,1.0,,,,,,1.0,,,,,,1.0,,,,,,1.0,,,,,,1.0,,,,,,1.0,,,,,,1.0,,,,,Q3'25,1.086875,0.0,0.0,1.087,0.0,1.1399762834821427,0.0,0.0,0.0,0.0,0.0,1.140092545638945,0.0,0.0,0.0,0.0,,,,0.0,,0.0,,0.0,0.0,0.0,,0.0,0.0,1.1404341554330064,0.0,0.0,,0.0,0.0,0.0,,0.0,,0.0,,0.0,,0.0,,0.0,0.0,0.0,,0.0,0.0,1.1399912683823528,0.0,0.0,,0.0,,0.0,0.0,1.1398514093137253,,0.0,0.0,0.0,0.0,,,0.0,0.0,,
1976,Q1_Jul'25###40559aiM8dsvRa2pL6pIKyu4now==,40559aiM8dsvRa2pL6pIKyu4now==,Q1,MBBank,36-45,Jul'25,Q3'25,Offline,Male,Ho Chi Minh,MAFF,ACB,MBBank,,,,,MBBank,,Vietcombank,BIDV,VPBank,MSB,Vietinbank,Techcombank,,,9.0,"Ngân hàng có thương hiệu có uy tín ở Việt Nam do quân đội mở,có nhiều ưu đãi về lãi suất tiết kiệm cũng như vay",Hiện đang rất tốt nên không cần cải thiện,9,"Ứng dụng có màu xanh thân thiện,giao dịch nhanh chóng",5,4,5,4,4,4,5, I do not use this bank product,5, I do not use this bank product, I do not use this bank product, I do not use this bank product,4.0,Debit,Vì thẻ rút mất phí dù là ít nhưng nếu miễn phí thì sẽ hay hơn,5,Not use in recent 1 month,Not use in recent 1 month,4,4,4.0,ATM,ATM nhìn không hiện đại lắm,10.0,9.0,9.0,8.0,10.0,8.0,,,,,MBBank,MBBank,MBBank,MBBank,MBBank,MBBank,MBBank,MBBank,,,,,0.0,,,,,,0.0,,,,,,0.0,,,,,,0.0,,,,,,1.0,,,,,,1.0,,,,,,1.0,,,,,,1.0,,,,,,1.0,,,,,,1.0,,,,,,1.0,,,,,,1.0,,Q3'25,0.0,0.0,0.0,1.0416363636363637,1.0417391304347827,0.0,0.0,0.0,0.0,0.0,0.0,1.0595873579545456,,1.0595289522058824,0.0,0.0,,,,0.0,,0.0,,0.0,,0.0,0.0,0.0,,0.0,0.0,0.0,,0.0,,0.0,0.0,0.0,,,0.0,0.0,,0.0,,0.0,,0.0,,0.0,0.0,0.0,,0.0,,0.0,,1.0596595341642756,,0.0,,0.0,,1.0599572610294117,0.0,0.0,0.0,0.0,,,
1977,Q1_Jul'25###40560gKnwQg0DnmJPPLUiPU/q5A==,40560gKnwQg0DnmJPPLUiPU/q5A==,Q1,VPBank,36-45,Jul'25,Q3'25,Offline,Female,Ho Chi Minh,MAFF,VPBank,Techcombank,,,,,VPBank,,Vietcombank,BIDV,MBBank,MSB,Vietinbank,ACB,,,10.0,"lãi suất tiền gửi tốt
đa dạng đầu tư : nhiều kênh để đàu tư như trái phiếu,chứng chỉ tiền gửi....v..vvv",Không cần,9,"App mượt,đăng nhập nhanh,dễ sử dụng",4,5,4,5,4,5, I do not use this bank product, I do not use this bank product,5, I do not use this bank product, I do not use this bank product, I do not use this bank product,,,,4,Not use in recent 1 month,5,4,5,4.0,Fanpage,"gíao diện có logo hơi đơn giả,có 1 số bài đăng chưa rõ ràng lắm về thông tin",9.0,9.0,10.0,9.0,10.0,9.0,,,,,VPBank,VPBank,VPBank,VPBank,VPBank,VPBank,VPBank,VPBank,,,,,,0.0,,,,,,0.0,,,,,,0.0,,,,,,0.0,,,,,,1.0,,,,,,1.0,,,,,,1.0,,,,,,1.0,,,,,,1.0,,,,,,1.0,,,,,,1.0,,,,,,1.0,Q3'25,0.0,1.0202777777777776,0.0,0.0,1.0202857142857142,0.0,0.0,1.088499476613562,,0.0,,0.0,0.0,1.0885472752609109,0.0,0.0,,,,,,0.0,,0.0,0.0,0.0,,0.0,0.0,0.0,,0.0,,0.0,,1.0887958282271244,,0.0,,0.0,,0.0,,0.0,,0.0,,0.0,,0.0,,0.0,0.0,0.0,,0.0,0.0,0.0,,0.0,,0.0,0.0,1.0889143688725489,0.0,,0.0,0.0,0.0,,
1978,Q1_Jul'25###40561JFGSQhO4VpLg8LmwCZkbGw==,40561JFGSQhO4VpLg8LmwCZkbGw==,Q1,ACB,25-35,Jul'25,Q3'25,Offline,Female,Ha Noi,MAFF,ACB,Vietcombank,,,,,ACB,,BIDV,MBBank,VPBank,MSB,Vietinbank,Techcombank,,,9.0,Nhiều người tin tưởng dùng vì sự uy tín và làm việc chuyên nghiệp của ngân hàng,Không cần,9,"Dễ dùng tiện lợi,thao tác nhanh chóng các giao dịch",5,5,4,4,5, I do not use this bank product,4, I do not use this bank product, I do not use this bank product, I do not use this bank product, I do not use this bank product, I do not use this bank product,4.0,Credit card,Lãi suất hàng tháng của thẻ tín dụng vẫn hơi cao nên tôi chưa chọn hoàn toàn hài lòng,4,Not use in recent 1 month,Not use in recent 1 month,Not use in recent 1 month,4,4.0,ATM,Vào sử dụng cây ATM có cửa đóng kín hơi bí,10.0,9.0,10.0,9.0,10.0,9.0,,,,,ACB,ACB,ACB,ACB,ACB,ACB,ACB,ACB,,0.0,,,,,,0.0,,,,,,0.0,,,,,,0.0,,,,,,1.0,,,,,,1.0,,,,,,1.0,,,,,,1.0,,,,,,1.0,,,,,,1.0,,,,,,1.0,,,,,,1.0,,,,,Q3'25,0.0,0.0,1.0870967741935484,1.087,0.0,0.0,0.0,0.0,0.0,1.140092545638945,0.0,1.140092545638945,0.0,0.0,0.0,0.0,,,,0.0,,0.0,,0.0,0.0,0.0,,0.0,0.0,0.0,0.0,0.0,,0.0,0.0,0.0,,0.0,,0.0,,0.0,,0.0,,0.0,0.0,0.0,,1.140120369061086,0.0,0.0,0.0,0.0,,0.0,,1.140069939108456,0.0,0.0,,0.0,0.0,0.0,0.0,,,0.0,0.0,,
1979,Q1_Jul'25###40562KQ80M4n8QAIdIgU+BoyRMg==,40562KQ80M4n8QAIdIgU+BoyRMg==,Q1,ACB,36-45,Jul'25,Q3'25,Offline,Female,Ho Chi Minh,AFF,ACB,,,,,,ACB,,MBBank,VPBank,MSB,Vietinbank,Techcombank,Vietcombank,BIDV,,10.0,"Ngân hàng có uy tính và vốn điều lệ lớn nhất nhì việt nam,có lãi suất tiền gửi và đa dạng các kênh sản phẩm như vay,bảo hiểm,tín dụng.vvv,vvv",Hiện thây đang rất tốt nên chưa thấy điểm cải thiện,9,"App ngân hàng ít kag,lỗi,giao dịch chuyển và nhận tiền nhanh",5,4,4,5,4,5, I do not use this bank product, I do not use this bank product,5, I do not use this bank product, I do not use this bank product, I do not use this bank product,,,,4,Not use in recent 1 month,Not use in recent 1 month,4,5,4.0,Fanpage,vì nhiều khi có các tin tức mình muốn xem mà chưa upload lên trang để tìm kiếm,9.0,10.0,10.0,9.0,10.0,9.0,ACB,ACB,ACB,ACB,,,,,ACB,ACB,ACB,ACB,,1.0,,,,,,1.0,,,,,,1.0,,,,,,1.0,,,,,,0.0,,,,,,0.0,,,,,,0.0,,,,,,0.0,,,,,,1.0,,,,,,1.0,,,,,,1.0,,,,,,1.0,,,,,Q3'25,0.0,1.0867857142857142,0.0,1.087,1.0868421052631578,0.0,0.0,1.1402399067265794,0.0,0.0,0.0,1.140092545638945,0.0,1.1402627595155708,0.0,0.0,,,,0.0,,0.0,,0.0,0.0,0.0,,0.0,0.0,0.0,0.0,0.0,,0.0,0.0,1.140487132352941,,0.0,,0.0,,0.0,,0.0,,0.0,0.0,0.0,,0.0,0.0,0.0,0.0,0.0,,0.0,,1.140069939108456,0.0,0.0,,0.0,0.0,1.1407255284926467,0.0,,,0.0,0.0,,
1980,Q1_Jul'25###40563NY/aH6adnJkBXxydqGwomw==,40563NY/aH6adnJkBXxydqGwomw==,Q1,Vietcombank,36-45,Jul'25,Q3'25,Offline,Female,Ho Chi Minh,AFF,Vietcombank,BIDV,,,,,Vietcombank,,VPBank,MSB,Vietinbank,Techcombank,ACB,MBBank,,,9.0,"Ngân hàng lớn,nhiều chi nhánh rộng khắp nơi trên việt nam,nhiều sản phẩm đầu tư như chứng chỉ tiền gửi,trái phiếu v..vvv tốt,hạn mức tín dụng cao",không có,10,"ứng dụng tiện lợi kết hợp nhiều tiện ích đa dạng cho người dùng đỡ tốn thời gian đi mua sám hoặc đặt vé,nạp tiền điện thoại.v..vv",5,4,5,5,4,5,5, I do not use this bank product, I do not use this bank product,5,4, I do not use this bank product,4.0,Secured Loan,Do tài sản được định giá vay thấp hơn dự tính khi vay kinh doanh,4,Not use in recent 1 month,Not use in recent 1 month,5,Not use in recent 1 month,4.0,Branch,Hiện cách xa nhà chút nên hơi bất tiện,9.0,9.0,10.0,9.0,10.0,10.0,Vietcombank,Vietcombank,Vietcombank,Vietcombank,,,,,Vietcombank,Vietcombank,Vietcombank,Vietcombank,,,1.0,,,,,,1.0,,,,,,1.0,,,,,,1.0,,,,,,0.0,,,,,,0.0,,,,,,0.0,,,,,,0.0,,,,,,1.0,,,,,,1.0,,,,,,1.0,,,,,,1.0,,,,Q3'25,0.0,0.9090625,0.0,0.9090322580645162,0.0,0.0,0.0,0.7784998276654411,0.0,0.0,0.0,0.7786916593968096,0.0,0.0,0.0,0.0,,,,0.0,0.0,,0.0,0.0,,,0.0,0.0,0.0,0.0,0.0,0.0,0.0,0.7794175091911764,0.0,0.7787586609162896,0.0,0.0,0.0,0.0,,0.0,,0.0,,0.0,0.0,0.0,0.0,0.0,0.0,0.0,,0.0,,0.0,0.0,0.7786094877219756,0.0,0.0,0.0,0.0,0.0,0.0,0.0,0.0,,0.0,0.0,,
1981,Q1_Jul'25###40564P7nYQezjPDNlgDGhH2ZR5g==,40564P7nYQezjPDNlgDGhH2ZR5g==,Q1,Vietcombank,25-35,Jul'25,Q3'25,Offline,Male,Ho Chi Minh,AFF,Techcombank,Vietcombank,MBBank,,,,Vietcombank,,MSB,Vietinbank,ACB,BIDV,VPBank,,,,9.0,Làm việc nhanh gọn lẹ. App không bị lỗi. Có chính sách hoàn tiền 0.3% khi chi tiêu qua thẻ thanh toán Visa Platinum,"Xử lý, tra soát giao dịch thanh toán quốc tế nhanh hơn.",9,"App dễ sử dụng, không bị lỗi khi chuyển tiền",3,3,3,3,4,3,3,3,3,3,3,3,3.0,Secured Loan,Lãi suất và chính sách cũng tương tự các ngân hàng khác.,3,Not use in recent 1 month,5,Not use in recent 1 month,5,3.0,Branch,Xử lý giao dịch hơi lâu,8.0,10.0,10.0,10.0,10.0,10.0,Vietcombank,Techcombank,Vietcombank,Vietcombank,,,,,Vietcombank,Vietcombank,Vietcombank,Vietcombank,,,1.0,,,,,,0.0,,,,,,1.0,,,,,,1.0,,,,,,0.0,,,,,,0.0,,,,,,0.0,,,,,,0.0,,,,,,1.0,,,,,,1.0,,,,,,1.0,,,,,,1.0,,,,Q3'25,0.9091666666666666,0.0,0.9089655172413792,0.0,0.9091304347826088,0.7784998276654411,0.0,0.0,0.0,0.7786017922794117,0.0,0.0,0.0,0.7787037568933823,0.0,0.7794175091911765,,,,0.0,0.0,,0.0,0.0,,,0.0,0.0,0.0,0.0,0.0,0.0,0.0,0.0,0.0,0.0,0.0,0.0,0.0,0.0,,0.0,,0.0,,0.7784658394607843,0.0,0.0,0.0,0.0,0.0,0.0,,0.0,,0.0,0.0,0.0,0.0,0.0,0.0,0.0,0.0,0.0,0.0,0.0,,0.7794175091911764,0.0,,
1982,Q1_Jul'25###40565zOM7Xvlrv2nAnSLH6rGq6g==,40565zOM7Xvlrv2nAnSLH6rGq6g==,Q1,Techcombank,46-55,Jul'25,Q3'25,Offline,Female,Ha Noi,AFF,Techcombank,,,,,,Techcombank,,Vietinbank,ACB,Vietcombank,BIDV,MBBank,VPBank,,,10.0,"Ngân hàng có uy tín cao, nhiều người sử dụng  có mạng lưói chi nhánh rộng khắp cả nước,",Không có,10,Ứng dụng không bị lỗi không có quảng cáo và hoạt động nhanh giúp tôi chuyển khoản dễ dàng,4,5,5,4,5,4,4, I do not use this bank product,5, I do not use this bank product, I do not use this bank product, I do not use this bank product,4.0,Debit,Tôi có dùng nhưng dùng ít nên cũng cũng chưa trải nghiệm hết về thẻ nênthấy hài lòng,5,Not use in recent 1 month,5,Not use in recent 1 month,5,,,,10.0,9.0,10.0,10.0,10.0,10.0,Techcombank,Techcombank,Techcombank,Techcombank,,,,,Techcombank,Techcombank,Techcombank,Techcombank,1.0,,,,,,1.0,,,,,,1.0,,,,,,1.0,,,,,,0.0,,,,,,0.0,,,,,,0.0,,,,,,0.0,,,,,,1.0,,,,,,1.0,,,,,,1.0,,,,,,1.0,,,,,,Q3'25,0.8404,0.0,0.0,0.8403076923076923,0.0,0.9006671262254901,0.0,0.0,0.0,0.0,,0.9005503393665156,,0.0,0.0,0.0,,,,0.0,,0.0,,0.0,,0.0,,0.0,,0.9007077205882351,,0.0,,0.0,,0.0,,0.0,0.0,0.0,,,,0.0,,0.0,,0.0,,0.0,,0.0,,0.0,,0.0,,0.9006766270337921,,0.0,,0.0,0.0,0.0,,,,0.0,0.0,,
1983,Q1_Jul'25###40566FJo0rXhTP86pEcqaQFw1Zw==,40566FJo0rXhTP86pEcqaQFw1Zw==,Q1,MBBank,25-35,Jul'25,Q3'25,Offline,Female,Ho Chi Minh,AFF,MBBank,,,,,,MBBank,,Techcombank,ACB,Vietcombank,BIDV,VPBank,Vietinbank,,,9.0,"Nhân viên Hỗ trợ nhanh chóng, nhiệt tình, không đợi lâu, nhiều ưu đãi dành cho khách hàng vip, miễn phí thường niên cho thẻ tín dụng, hạn mức giao dịch cao, có thể tạo số tài khoản bằng số điện thoại",Không,9,"Giao diện đơn giản dễ dùng, nhiều tính năng trên app: gửi tiết kiệm online, thanh toán háo đơn, nạp card....chuyển tiền nhanh bằng mã QR, nhiều chương trình hoàn tiền khi thanh toán qua ứng dụng",5,5,5,5,5,5,5,5,5, I do not use this bank product, I do not use this bank product,5,,,,5,Not use in recent 1 month,5,Not use in recent 1 month,5,,,,9.0,10.0,10.0,10.0,10.0,9.0,MBBank,MBBank,MBBank,MBBank,,,,,MBBank,MBBank,BIDV,MBBank,,,,,1.0,,,,,,1.0,,,,,,1.0,,,,,,1.0,,,,,,0.0,,,,,,0.0,,,,,,0.0,,,,,,0.0,,,,,,1.0,,,,,,1.0,,,,,,0.0,,,,,,1.0,,Q3'25,0.0,1.0417241379310345,1.0417857142857143,1.0416363636363637,1.0417391304347827,0.0,0.0,1.0594298066448804,0.0,1.059550367647059,0.0,1.0595873579545456,,1.0595289522058824,0.0,0.0,,,,0.0,,0.0,,0.0,,0.0,0.0,0.0,,0.0,0.0,0.0,,1.060465877757353,,0.0,0.0,0.0,,,0.0,1.0591943359375,,0.0,,1.0601833129084968,,0.0,,0.0,0.0,1.0596181832107845,,0.0,,0.0,,0.0,,0.0,,1.0599572610294117,,0.0,0.0,0.0,0.0,1.0579227941176472,,,
1984,Q1_Jul'25###40567+LLIPydVNKDpduWyWykCAA==,40567+LLIPydVNKDpduWyWykCAA==,Q1,MBBank,36-45,Jul'25,Q3'25,Offline,Female,Ho Chi Minh,AFF,MBBank,,,,,,MBBank,,ACB,Vietcombank,BIDV,VPBank,MSB,Vietinbank,Techcombank,,9.0,"Không tốn tiền duy trì tài khoản, làm tài khoản số đẹp rất dễ nhớ, ngân hàng quân đội nên thấy ăn tâm khi dùng",Không có,9,"Trả tiền điện nước, nạp card điện thoại nhanh trên app, app đăng nhập bằng vân tay nhanh",5,5,5,4,5,5,4, I do not use this bank product,5, I do not use this bank product, I do not use this bank product, I do not use this bank product,4.0,Credit card,Ít hoàn tiền tích điểm khi cà thẻ,4,Not use in recent 1 month,5,Not use in recent 1 month,4,4.0,Branch,Lâu lâu cũng có hơi đông khách  phải chờ lâu,10.0,9.0,9.0,9.0,10.0,9.0,MBBank,MBBank,MBBank,MBBank,,,,,MBBank,MBBank,MBBank,MBBank,,,,,1.0,,,,,,1.0,,,,,,1.0,,,,,,1.0,,,,,,0.0,,,,,,0.0,,,,,,0.0,,,,,,0.0,,,,,,1.0,,,,,,1.0,,,,,,1.0,,,,,,1.0,,Q3'25,0.0,1.0417241379310345,0.0,1.0416363636363637,1.0417391304347827,0.0,0.0,1.0594298066448804,0.0,0.0,0.0,1.0595873579545456,,1.0595289522058824,0.0,0.0,,,,0.0,,0.0,,0.0,,0.0,0.0,0.0,,0.0,0.0,0.0,,0.0,,0.0,0.0,0.0,,,0.0,1.0591943359375,,0.0,,0.0,,0.0,,0.0,0.0,0.0,,0.0,,0.0,,1.0596595341642756,,0.0,,1.0599572610294117,,0.0,0.0,0.0,0.0,0.0,,,
1985,Q1_Jul'25###40568AWMVW090JEIJuEr0nG3oyQ==,40568AWMVW090JEIJuEr0nG3oyQ==,Q1,Techcombank,36-45,Jul'25,Q3'25,Offline,Male,Ho Chi Minh,AFF,Techcombank,Vietcombank,,,,,Techcombank,,BIDV,MBBank,VPBank,MSB,Vietinbank,ACB,,,9.0,"Thủ tục mở thẻ nhanh , nhiều sản phẩm, nhiều chi nhánh tiện giao dịch, không tốn phí chuyển",Tăng lãi suất gửi tiết kiệm thêm,10,"APP có hạn mức chuyển tiền trong ngày cao tiện khi cần giao dịch nhiều, app hay có nhiều tính năng mới hiện đại",4,5,5,5,5,5,5,4,5, I do not use this bank product, I do not use this bank product, I do not use this bank product,4.0,Banca,Tư vấn viên tư vấn sản phẩm hơi lâu,5,Not use in recent 1 month,Not use in recent 1 month,Not use in recent 1 month,5,,,,9.0,10.0,9.0,9.0,9.0,8.0,Techcombank,Techcombank,Techcombank,Techcombank,,,,,Techcombank,Techcombank,Techcombank,Techcombank,1.0,,,,,,1.0,,,,,,1.0,,,,,,1.0,,,,,,0.0,,,,,,0.0,,,,,,0.0,,,,,,0.0,,,,,,1.0,,,,,,1.0,,,,,,1.0,,,,,,1.0,,,,,,Q3'25,0.8404,0.8404444444444444,0.8402499999999999,0.0,0.8402777777777778,0.9006671262254901,0.0,0.9004641544117645,0.0,0.9004885110294116,,0.0,,0.900555491727941,0.0,0.0,,,,0.0,,0.0,,0.0,,0.0,,0.0,,0.9007077205882351,,0.0,,0.0,,0.9006865409207159,,0.0,0.0,0.0,,,,0.0,,0.0,,0.9002205882352939,,0.0,,0.0,,0.0,,0.0,,0.0,,0.0,,0.9002205882352939,0.0,0.0,,,,0.0,0.0,,
1986,Q1_Jul'25###40569WRLcYg1nQ1oehTH4cV/jWA==,40569WRLcYg1nQ1oehTH4cV/jWA==,Q1,BIDV,36-45,Jul'25,Q3'25,Offline,Male,Ho Chi Minh,AFF,BIDV,,,,,,BIDV,,MBBank,VPBank,MSB,Vietinbank,Techcombank,ACB,Vietcombank,,9.0,"Nhiều trụ ATM, có đội ngũ nhân viên tư vấn Chuyên nghiệp và có chuyên môn cao",Không có,9,"Ứng dụng chuyển khoản nhanh , sử dụng quét mã QR thanh toán nhanh",4,5,4,5,5,5,5, I do not use this bank product,4, I do not use this bank product, I do not use this bank product, I do not use this bank product,4.0,Terms deposit,Không có nhiều chính sách ưu đãi quà tặng cho khách hàng mở sổ kỳ dạn dài,5,Not use in recent 1 month,5,Not use in recent 1 month,4,4.0,ATM,Máy ATM còn có nhiều giấy vứt lung tung,10.0,9.0,9.0,9.0,9.0,9.0,BIDV,BIDV,BIDV,BIDV,,,,,BIDV,BIDV,BIDV,BIDV,,,,1.0,,,,,,1.0,,,,,,1.0,,,,,,1.0,,,,,,0.0,,,,,,0.0,,,,,,0.0,,,,,,0.0,,,,,,1.0,,,,,,1.0,,,,,,1.0,,,,,,1.0,,,Q3'25,1.075161290322581,0.0,0.0,1.0751923076923076,0.0,1.009468443627451,0.0,0.0,0.0,0.0,0.0,1.0095707179930795,0.0,0.0,0.0,0.0,,,,,0.0,0.0,,0.0,0.0,0.0,0.0,1.010233455882353,,0.0,0.0,0.0,,0.0,,0.0,0.0,0.0,,,,,,,,0.0,0.0,0.0,0.0,0.0,0.0,0.0,,0.0,0.0,1.010859375,,0.0,,1.0097213402406418,,0.0,0.0,0.0,0.0,0.0,0.0,0.0,0.0,,
1987,Q1_Jul'25###40570XjzdosHjJULK2DO67zTa/Q==,40570XjzdosHjJULK2DO67zTa/Q==,Q1,Techcombank,36-45,Jul'25,Q3'25,Offline,Female,Ho Chi Minh,AFF,Techcombank,,,,,,Techcombank,,MBBank,VPBank,MSB,Vietinbank,ACB,Vietcombank,BIDV,,10.0,"Rút tiền nhanh , cây rút tiền có khắp nơi, phí giao dịch hay phí thường niên đều hợp lý",Đã tốt không cần cải thiện,9,"Tích hợp đầy đủ tính năng thông dụng cần thiết cho người dủng , quét mã nhanh ít bị lỗi",5,5,5,5,4,5,4,5,5, I do not use this bank product, I do not use this bank product, I do not use this bank product,4.0,Credit card,Lý do là ngân hàng có lãi suất tín dụng cao,5,Not use in recent 1 month,Not use in recent 1 month,Not use in recent 1 month,5,,,,9.0,10.0,9.0,9.0,10.0,9.0,Techcombank,Techcombank,Techcombank,Techcombank,,,,,Techcombank,Techcombank,Techcombank,Techcombank,1.0,,,,,,1.0,,,,,,1.0,,,,,,1.0,,,,,,0.0,,,,,,0.0,,,,,,0.0,,,,,,0.0,,,,,,1.0,,,,,,1.0,,,,,,1.0,,,,,,1.0,,,,,,Q3'25,0.8404,0.0,0.8402499999999999,0.0,0.8402777777777778,0.9006671262254901,0.0,0.0,0.0,0.9004885110294116,,0.0,,0.900555491727941,0.0,0.0,,,,0.0,,0.0,,0.0,,0.0,,0.900220588235294,,0.0,,0.0,,0.0,,0.0,,0.0,0.0,0.0,,,,0.0,,0.9007846362229102,,0.0,,0.0,,0.0,,0.0,,0.0,,0.0,,0.0,,0.9002205882352939,0.0,0.0,,,,0.0,0.0,,
1988,Q1_Jul'25###405713THQdyp0tt1TZe95H0zQWQ==,405713THQdyp0tt1TZe95H0zQWQ==,Q1,BIDV,36-45,Jul'25,Q3'25,Offline,Female,Ha Noi,AFF,BIDV,MBBank,,,,,BIDV,,VPBank,MSB,Vietinbank,Techcombank,ACB,Vietcombank,,,10.0,Ngân hàng nhà nước uy tín  và tận tâm với khách hàng  . Nhiều chi nhánh rộng khắp cả nước,Không,9,"Cài đặt ứng dụng nhanh và dễ , ứng dụng dễ sử dụng",4,5,4,5,5, I do not use this bank product,5, I do not use this bank product,5, I do not use this bank product, I do not use this bank product, I do not use this bank product,,,,5,Not use in recent 1 month,4,Not use in recent 1 month,Not use in recent 1 month,4.0,Call Center,Khó gặp tổng đài viên vì các tổng đài viên bận phải gọi lại lần hai mới gặp,10.0,10.0,9.0,10.0,9.0,9.0,BIDV,BIDV,MBBank,Techcombank,,,,,BIDV,BIDV,MBBank,BIDV,,,,1.0,,,,,,1.0,,,,,,0.0,,,,,,0.0,,,,,,0.0,,,,,,0.0,,,,,,0.0,,,,,,0.0,,,,,,1.0,,,,,,1.0,,,,,,0.0,,,,,,1.0,,,Q3'25,1.075161290322581,0.0,0.0,1.0751923076923076,0.0,1.009468443627451,0.0,0.0,0.0,0.0,0.0,1.0095707179930795,0.0,0.0,0.0,0.0,,,,,0.0,0.0,,0.0,0.0,0.0,0.0,0.0,,1.0092945772058823,0.0,0.0,,0.0,,0.0,0.0,0.0,,,,,,,,0.0,0.0,0.0,0.0,0.0,0.0,0.0,,0.0,0.0,0.0,,1.0095416505417958,,0.0,,0.0,0.0,0.0,0.0,0.0,0.0,0.0,0.0,,
1989,Q1_Jul'25###40572TtGQcgk1/ws1Uf2PcsDmjw==,40572TtGQcgk1/ws1Uf2PcsDmjw==,Q1,ACB,36-45,Jul'25,Q3'25,Offline,Female,Ho Chi Minh,AFF,ACB,,,,,,ACB,,MSB,Vietinbank,Techcombank,Vietcombank,BIDV,MBBank,VPBank,,10.0,"Tiếp tân ở acb thân thiện nhiệt tình hướng dẫn khách hàng tận tâm, mở sổ tiết kiệm của ngân hàng này luôn có nhiều ưu đãi hấp dẫn thu hút khách hàng",Không có điểm nào,10,"Ứng dụng chuyển khoản nhận nhanh , bảo mật cao vì có nhiều lớp xác thực an toàn",4,5,5,5,5,5,5, I do not use this bank product,5, I do not use this bank product,4, I do not use this bank product,4.0,Secured Loan,Nhân viên xử lý 1 số vấn đền trong quá trình làm hồ sơ chưa được linh động,5,5,Not use in recent 1 month,Not use in recent 1 month,4,4.0,ATM,Máy atm giới hạn số tiền khi rút nên hơi bất tiện,9.0,10.0,10.0,9.0,10.0,9.0,ACB,ACB,ACB,ACB,,,,,ACB,ACB,ACB,ACB,,1.0,,,,,,1.0,,,,,,1.0,,,,,,1.0,,,,,,0.0,,,,,,0.0,,,,,,0.0,,,,,,0.0,,,,,,1.0,,,,,,1.0,,,,,,1.0,,,,,,1.0,,,,,Q3'25,0.0,0.0,0.0,1.087,1.0868421052631578,0.0,0.0,0.0,0.0,0.0,0.0,1.140092545638945,0.0,1.1402627595155708,0.0,0.0,,,,0.0,,0.0,,0.0,0.0,0.0,,0.0,0.0,0.0,0.0,0.0,,0.0,0.0,0.0,,0.0,,0.0,,0.0,,0.0,,0.0,0.0,0.0,,0.0,0.0,1.1399912683823528,0.0,0.0,,0.0,,0.0,0.0,0.0,,0.0,0.0,0.0,0.0,,,1.139152113970588,0.0,,
1990,Q1_Jul'25###40573ySm4yUnZoVfeEDO15ikh+A==,40573ySm4yUnZoVfeEDO15ikh+A==,Q1,VPBank,36-45,Jul'25,Q3'25,Offline,Male,Ho Chi Minh,AFF,VPBank,ACB,,,,,VPBank,,Vietinbank,Techcombank,Vietcombank,BIDV,MBBank,MSB,,,9.0,"Thẻ thanh toán chuyển khoản nhanh, nhân viên tư vấn các sản phẩm vay của ngân hàng này rõ ràng minh bạch , chi nhánh phòng giao dịch khắp nơi",Cần xét duyệt các khoản vay dễ dàng hơn,9,"Dễ truy cập , đăng nhập nhanh chóng",4,5,5,5,5,5,5, I do not use this bank product,4, I do not use this bank product,5,5,4.0,Terms deposit,Chưa có nhiều khuyến mãi,5,5,Not use in recent 1 month,Not use in recent 1 month,4,4.0,ATM,Máy chưa được trang bị mới còn hơi cũ,9.0,9.0,10.0,9.0,10.0,9.0,VPBank,VPBank,VPBank,VPBank,,,,,VPBank,VPBank,VPBank,VPBank,,,,,,1.0,,,,,,1.0,,,,,,1.0,,,,,,1.0,,,,,,0.0,,,,,,0.0,,,,,,0.0,,,,,,0.0,,,,,,1.0,,,,,,1.0,,,,,,1.0,,,,,,1.0,Q3'25,1.0202941176470588,0.0,1.0203448275862068,1.0203636363636364,0.0,1.0885365205652573,0.0,0.0,,1.0885710097616632,,1.088605715871254,0.0,0.0,0.0,0.0,,,,,,0.0,,0.0,0.0,0.0,,0.0,0.0,1.088203125,,0.0,,0.0,,0.0,,0.0,,0.0,,0.0,,0.0,,1.0889143688725489,,0.0,,0.0,,0.0,0.0,0.0,,1.088203125,0.0,0.0,,0.0,,0.0,0.0,0.0,0.0,,0.0,0.0,0.0,,
1991,Q1_Jul'25###40574gVDk1PWudXH8T6FFU/qqUw==,40574gVDk1PWudXH8T6FFU/qqUw==,Q1,VPBank,36-45,Jul'25,Q3'25,Offline,Male,Ho Chi Minh,AFF,VPBank,ACB,Vietcombank,,,,VPBank,,Techcombank,BIDV,MBBank,MSB,Vietinbank,,,,8.0,Thêm nhiều khuyến mãi giảm lãi suất hơn nữa để cạnh tranh với các ngân hàng khác,,9,"Giao dịch nhanh mọi lúc mọi nơi ,lưu lại được lịch sử lâu dài",5,5,3,4,4,5,4, I do not use this bank product, I do not use this bank product, I do not use this bank product,4, I do not use this bank product,4.0,Credit card,lãi suất còn cao không cạnh tranh với các ngân hàng khác,5,Not use in recent 1 month,Not use in recent 1 month,Not use in recent 1 month,4,4.0,ATM,Gần nhà không có chỗ rút tiền vpbank,8.0,8.0,8.0,8.0,9.0,9.0,VPBank,VPBank,VPBank,VPBank,,,,,VPBank,VPBank,VPBank,ACB,,,,,,1.0,,,,,,1.0,,,,,,1.0,,,,,,1.0,,,,,,0.0,,,,,,0.0,,,,,,0.0,,,,,,0.0,,,,,,1.0,,,,,,1.0,,,,,,1.0,,,,,,0.0,Q3'25,0.0,0.0,0.0,0.0,1.0202857142857142,0.0,0.0,0.0,,0.0,,0.0,0.0,0.0,0.5619444444444442,0.0,,,,,,0.0,,0.0,0.0,0.0,,0.0,0.0,0.0,,0.0,,0.0,,0.0,,0.0,,0.0,,0.0,,0.0,,0.0,,0.0,,0.0,,0.0,0.0,0.0,,0.0,0.0,0.0,,0.0,,0.0,0.0,0.0,0.0,,0.5619444444444444,0.0,0.0,,
1992,Q1_Jul'25###40575ylwslNJ8ihmtNegnreRSVg==,40575ylwslNJ8ihmtNegnreRSVg==,Q1,Techcombank,25-35,Jul'25,Q3'25,Offline,Female,Ho Chi Minh,MAFF,Techcombank,,,,,,Techcombank,,ACB,Vietcombank,BIDV,MBBank,VPBank,MSB,Vietinbank,,10.0,Ngân hàng uy tín có nhiều chi nhánh trên toàn quốc,Không có,9,Chuyển tiền nhanh không tốn phí khi chuyển khoản khác ngân hàng,4,5,4,5,5,5,5, I do not use this bank product,4, I do not use this bank product, I do not use this bank product,5,4.0,Terms deposit,Thủ tục rút tiền trước hạn hơi phức tạp,5,5,4,Not use in recent 1 month,5,4.0,Call Center,"Gọi nhiều lần mới bắt máy, mất thời gian của khách hàng",9.0,9.0,10.0,10.0,10.0,10.0,,,,,Techcombank,Techcombank,Techcombank,Techcombank,Techcombank,Techcombank,Techcombank,Techcombank,0.0,,,,,,0.0,,,,,,0.0,,,,,,0.0,,,,,,1.0,,,,,,1.0,,,,,,1.0,,,,,,1.0,,,,,,1.0,,,,,,1.0,,,,,,1.0,,,,,,1.0,,,,,,Q3'25,0.8404,0.0,0.0,0.8403076923076923,0.0,0.9006671262254901,0.0,0.0,0.0,0.0,,0.9005503393665156,,0.0,0.0,0.0,,,,0.0,,0.0,,0.0,,0.0,,0.0,,0.9007077205882351,,0.0,,0.0,,0.0,,0.0,0.0,0.0,,,,0.0,,0.0,,0.0,,0.0,,0.0,,0.0,,0.0,,0.9006766270337921,,0.0,,0.0,0.0,0.0,,,,0.0,0.0,,
1993,Q1_Jul'25###40576QnvyyaiFNZeSjb/nu9h8+g==,40576QnvyyaiFNZeSjb/nu9h8+g==,Q1,MBBank,36-45,Jul'25,Q3'25,Offline,Male,Ho Chi Minh,AFF,ACB,MBBank,,,,,MBBank,,Vietcombank,BIDV,VPBank,MSB,Vietinbank,Techcombank,,,10.0,"Ngân hàng của quân đội nên có danh tiếng tốt,đa dạng sản phẩm từ vay đến tiết kiệm có lãi suất hấp dẫn",không cần,9,"ứng dụng dễ sử dụng,thao tác ít lỗi và lag,có nhiều tiện ích có trong app giúp khách hàng tiện lợi hơn",4,4,5,4,5,5, I do not use this bank product, I do not use this bank product,5, I do not use this bank product, I do not use this bank product,4,4.0,Unsecured Loan/ Overdraft without Collateral,cần hơi nhiều giấy tờ chứng thực làm mất thời gian 1 chút,5,Not use in recent 1 month,4,5,5,4.0,Call Center,do nhiều khi gọi để tư vấn hơi lâu,9.0,9.0,10.0,9.0,10.0,9.0,MBBank,MBBank,MBBank,MBBank,,,,,MBBank,MBBank,MBBank,MBBank,,,,,1.0,,,,,,1.0,,,,,,1.0,,,,,,1.0,,,,,,0.0,,,,,,0.0,,,,,,0.0,,,,,,0.0,,,,,,1.0,,,,,,1.0,,,,,,1.0,,,,,,1.0,,Q3'25,0.0,1.0417241379310345,0.0,1.0416363636363637,1.0417391304347827,0.0,0.0,1.0594298066448804,0.0,0.0,0.0,1.0595873579545456,,1.0595289522058824,0.0,0.0,,,,0.0,,0.0,,0.0,,0.0,0.0,0.0,,0.0,0.0,0.0,,0.0,,1.0599572610294117,0.0,0.0,,,0.0,0.0,,0.0,,0.0,,0.0,,0.0,0.0,0.0,,0.0,,0.0,,1.0596595341642756,,0.0,,0.0,,1.0599572610294117,0.0,0.0,0.0,0.0,,,
1994,Q1_Jul'25###40577NVXJtfOQE7jSA5cNBeDrHQ==,40577NVXJtfOQE7jSA5cNBeDrHQ==,Q1,Vietcombank,46-55,Jul'25,Q3'25,Offline,Male,Ha Noi,AFF,Vietcombank,ACB,,,,,Vietcombank,,MBBank,VPBank,MSB,Vietinbank,Techcombank,BIDV,,,10.0,"Là một trong những ngân hàng hàng đầu trên thị trường Việt Nam, được nhiều người dân và bạn bè tôi lựa chọn và sử dụng.",Không có,10,"app dùng trên điện thoại giao diện thân thiện, dễ sử dụng. Giao dịch chuyển tiền nhanh và ít bị lỗi",5,5,5,5,4,5,4, I do not use this bank product,5, I do not use this bank product, I do not use this bank product, I do not use this bank product,4.0,Credit card,không có,5,Not use in recent 1 month,Not use in recent 1 month,Not use in recent 1 month,4,4.0,ATM,các hệ thống ATM cũng khá tốt rồi nhưng tôi chỉ cảm thấy đánh giá  hài lòng  là phù hợp,9.0,9.0,10.0,9.0,10.0,10.0,Vietcombank,Vietcombank,Vietcombank,Vietcombank,,,,,Vietcombank,Vietcombank,Vietcombank,Vietcombank,,,1.0,,,,,,1.0,,,,,,1.0,,,,,,1.0,,,,,,0.0,,,,,,0.0,,,,,,0.0,,,,,,0.0,,,,,,1.0,,,,,,1.0,,,,,,1.0,,,,,,1.0,,,,Q3'25,0.0,0.0,0.0,0.9090322580645162,0.0,0.0,0.0,0.0,0.0,0.0,0.0,0.7786916593968096,0.0,0.0,0.0,0.0,,,,0.0,0.0,,0.0,0.0,,,0.0,0.0,0.0,0.0,0.0,0.0,0.0,0.0,0.0,0.0,0.0,0.0,0.0,0.0,,0.0,,0.0,,0.0,0.0,0.0,0.0,0.0,0.0,0.0,,0.0,,0.0,0.0,0.7786094877219756,0.0,0.0,0.0,0.0,0.0,0.0,0.0,0.0,,0.0,0.0,,
1995,Q1_Jul'25###40578YtDZWIA7cm+MtnNKqqHxqw==,40578YtDZWIA7cm+MtnNKqqHxqw==,Q1,VPBank,36-45,Jul'25,Q3'25,Offline,Female,Ha Noi,MAFF,BIDV,VPBank,,,,,VPBank,,MSB,Vietinbank,Techcombank,ACB,Vietcombank,MBBank,,,9.0,"Ngân hàng này uy tín, có rất nhiều sản phẩm cho khách hàng , hạn muc tín dụng cao",Mong thẻ tín dụng sẽ được miễn phí thường niên,10,"App dễ sử dụng, dễ nhìn",4,5,4,5,5,4,5, I do not use this bank product, I do not use this bank product, I do not use this bank product, I do not use this bank product, I do not use this bank product,4.0,Debit,Thẻ ghi nơ atm này nó hay bị xước lên hay lỗi thẻ khi rút tien,5,Not use in recent 1 month,Not use in recent 1 month,Not use in recent 1 month,4,4.0,ATM,Kênh atm vẫn ít chưa có nhieu trên các tuyến đường,9.0,10.0,10.0,9.0,10.0,10.0,,,,,VPBank,VPBank,VPBank,VPBank,VPBank,VPBank,VPBank,VPBank,,,,,,0.0,,,,,,0.0,,,,,,0.0,,,,,,0.0,,,,,,1.0,,,,,,1.0,,,,,,1.0,,,,,,1.0,,,,,,1.0,,,,,,1.0,,,,,,1.0,,,,,,1.0,Q3'25,0.0,1.0202777777777776,0.0,1.0203636363636364,0.0,0.0,0.0,1.088499476613562,,0.0,,1.088605715871254,0.0,0.0,0.0,0.0,,,,,,0.0,,0.0,0.0,0.0,,0.0,0.0,0.0,,0.0,,1.088203125,,1.0887958282271244,,0.0,,0.0,,0.0,,0.0,,0.0,,0.0,,0.0,,0.0,0.0,0.0,,0.0,0.0,1.0887798092209855,,0.0,,0.0,0.0,0.0,0.0,,0.0,0.0,0.0,,
1996,Q1_Jul'25###40579CVeqR5JZJSo1XF2dM+H4Sg==,40579CVeqR5JZJSo1XF2dM+H4Sg==,Q1,MBBank,36-45,Jul'25,Q3'25,Offline,Female,Ha Noi,AFF,MBBank,,,,,,MBBank,,MSB,Vietinbank,Techcombank,ACB,Vietcombank,BIDV,VPBank,,10.0,"Mức độ bảo mật của ngân hàng cao, có uy tín, hạn chế bảo trì khiến tôi sẵn sàng giới thiệu cho bạn bè dùng nhiều",Không có,10,"Thao tác đơn giản, ứng dụng thân thiện và quen thuộc với người dùng",5,4,5,5,4,4,5, I do not use this bank product,4, I do not use this bank product, I do not use this bank product, I do not use this bank product,4.0,Debit,Tôi thấy không hoàn toàn hài lòng với thẻ ghi nợ MB bank vì nhiều khi đông phải chờ đợi,5,Not use in recent 1 month,5,Not use in recent 1 month,5,,,,10.0,9.0,10.0,10.0,10.0,10.0,MBBank,MBBank,MBBank,MBBank,,,,,MBBank,MBBank,MBBank,MBBank,,,,,1.0,,,,,,1.0,,,,,,1.0,,,,,,1.0,,,,,,0.0,,,,,,0.0,,,,,,0.0,,,,,,0.0,,,,,,1.0,,,,,,1.0,,,,,,1.0,,,,,,1.0,,Q3'25,1.041777777777778,1.0417241379310345,0.0,1.0416363636363637,0.0,1.0596181832107845,0.0,1.0594298066448804,0.0,0.0,0.0,1.0595873579545456,,0.0,0.0,1.0579227941176472,,,,0.0,,0.0,,0.0,,0.0,0.0,0.0,,0.0,0.0,0.0,,0.0,,0.0,0.0,1.0591943359375,,,0.0,0.0,,0.0,,0.0,,0.0,,0.0,0.0,0.0,,0.0,,0.0,,1.0596595341642756,,0.0,,0.0,,0.0,0.0,0.0,0.0,0.0,,,
1997,Q1_Jul'25###40580fCW/pLw9CdgR5jXBxhjBhQ==,40580fCW/pLw9CdgR5jXBxhjBhQ==,Q1,BIDV,46-55,Jul'25,Q3'25,Offline,Male,Ha Noi,AFF,BIDV,,,,,,BIDV,,Vietinbank,Techcombank,ACB,Vietcombank,MBBank,VPBank,,,9.0,"Văn phòng của Bidv luôn ở vị trí thuận tiện dễ tiếp cận, atm có ở nhiều nơi rất dễ tìm và nhân viên ngân hàng luôn chuyên nghiệp",Không có,9,"Có  hệ thống hoạt động tiên tiến hiện đại, không bị nặng máy khi cài đặt và tương thích với các máy điện thoại giúp cho việc chuyển khoản và nhận tiền thông suốt không bị nghẽn mạng",4,4,4,5,5,5, I do not use this bank product, I do not use this bank product,4, I do not use this bank product, I do not use this bank product, I do not use this bank product,4.0,Terms deposit,Tôi gửi ít nen chưa có nhiều lãi xuất ưu đãi nên hấy chha hài lòng,5,4,5,4,5,4.0,Fanpage,"Facebook đơn giản ít thay đổi giao diện, thông tin mới mới",10.0,10.0,10.0,10.0,10.0,10.0,BIDV,BIDV,BIDV,BIDV,,,,,BIDV,BIDV,BIDV,BIDV,,,,1.0,,,,,,1.0,,,,,,1.0,,,,,,1.0,,,,,,0.0,,,,,,0.0,,,,,,0.0,,,,,,0.0,,,,,,1.0,,,,,,1.0,,,,,,1.0,,,,,,1.0,,,Q3'25,1.075161290322581,0.0,0.0,1.0751923076923076,0.0,1.009468443627451,0.0,0.0,0.0,0.0,0.0,1.0095707179930795,0.0,0.0,0.0,0.0,,,,,0.0,0.0,,0.0,0.0,0.0,0.0,1.010233455882353,,1.0092945772058823,0.0,0.0,,0.0,,0.0,0.0,0.0,,,,,,,,0.0,0.0,0.0,0.0,0.0,0.0,0.0,,0.0,0.0,0.0,,0.0,,1.0097213402406418,,0.0,0.0,0.0,0.0,0.0,0.0,0.0,0.0,,
1998,Q1_Jul'25###40581Ko8wu04wDLxcKzhV48guFg==,40581Ko8wu04wDLxcKzhV48guFg==,Q1,BIDV,46-55,Jul'25,Q3'25,Offline,Male,Ho Chi Minh,AFF,BIDV,,,,,,BIDV,,ACB,Vietcombank,MBBank,VPBank,MSB,Vietinbank,Techcombank,,10.0,"Ngân hàng được nhiều người tin dùng,do ngân hàng xây dựng nên vốn mạnh,không lo bị mất tiền khi gửi",không cần,9,"Ứng dụng tốt,thao tác giao dịch nhanh,có nhiều tiện ích được kết hợp vào app để khách hàng sử dụng tiện lợi hơn",5,4,5,5,4,4,5, I do not use this bank product,5, I do not use this bank product,5, I do not use this bank product,4.0,Debit,"thẻ ít dùng,giờ toàn app chuyển khoản nên ở mức hài lòng là được",4,Not use in recent 1 month,Not use in recent 1 month,5,5,4.0,Branch,các phòng giao dịch hơi nhỏ với chờ hơi lâu khi đến giao dịch,9.0,10.0,9.0,8.0,9.0,10.0,BIDV,BIDV,BIDV,BIDV,,,,,BIDV,BIDV,BIDV,BIDV,,,,1.0,,,,,,1.0,,,,,,1.0,,,,,,1.0,,,,,,0.0,,,,,,0.0,,,,,,0.0,,,,,,0.0,,,,,,1.0,,,,,,1.0,,,,,,1.0,,,,,,1.0,,,Q3'25,0.0,0.0,0.0,1.0751923076923076,0.0,0.0,0.0,0.0,0.0,0.0,0.0,1.0095707179930795,0.0,0.0,0.0,0.0,,,,,0.0,0.0,,0.0,0.0,0.0,0.0,0.0,,0.0,0.0,0.0,,0.0,,0.0,0.0,0.0,,,,,,,,0.0,0.0,0.0,0.0,0.0,0.0,0.0,,0.0,0.0,0.0,,1.0095416505417958,,0.0,,0.0,0.0,0.0,0.0,0.0,0.0,0.0,0.0,,
1999,Q1_Jul'25###40582g5Qoay+fOYVx5y7yZVfigQ==,40582g5Qoay+fOYVx5y7yZVfigQ==,Q1,ACB,22-24,Jul'25,Q3'25,Offline,Female,Ha Noi,MAFF,MBBank,ACB,,,,,ACB,,Vietcombank,BIDV,VPBank,MSB,Vietinbank,Techcombank,,,9.0,"Giới thiệu cho bạn bè vì khi giao dịch tôi thấy nhân viên làm việc nhanh chóng, phòng giao dịch rộng rãi, ứng dụng banhking giao diện dễ sử dụng",Có thêm nhiều chi nhánh hơn ở các tuyến đường,9,"Ứng dụng có giao diện dễ nhìn, dễ sử dụng, và không bị lỗi",5,4,4,5,5,5, I do not use this bank product, I do not use this bank product,4, I do not use this bank product, I do not use this bank product, I do not use this bank product,4.0,Terms deposit,Vì lãi suất chưa cao lắm,4,Not use in recent 1 month,Not use in recent 1 month,Not use in recent 1 month,5,4.0,Branch,Phòng giao dịch cần mở rộng nhiều hơn trên các tuyến đường,10.0,10.0,10.0,9.0,10.0,9.0,,,,,ACB,ACB,ACB,ACB,ACB,ACB,ACB,ACB,,0.0,,,,,,0.0,,,,,,0.0,,,,,,0.0,,,,,,1.0,,,,,,1.0,,,,,,1.0,,,,,,1.0,,,,,,1.0,,,,,,1.0,,,,,,1.0,,,,,,1.0,,,,,Q3'25,1.086875,0.0,1.0870967741935484,0.0,0.0,1.1399762834821427,0.0,0.0,0.0,1.140092545638945,0.0,0.0,0.0,0.0,0.0,0.0,,,,0.0,,0.0,,1.139152113970588,0.0,0.0,,0.0,0.0,1.1404341554330064,0.0,0.0,,0.0,0.0,0.0,,0.0,,0.0,,0.0,,0.0,,1.1398514093137253,0.0,0.0,,0.0,0.0,0.0,0.0,0.0,,0.0,,0.0,0.0,0.0,,0.0,0.0,0.0,0.0,,,0.0,0.0,,
2000,Q1_Jul'25###40583lOfQxiSjK3C/hEu2G3Fd9w==,40583lOfQxiSjK3C/hEu2G3Fd9w==,Q1,Vietcombank,46-55,Jul'25,Q3'25,Offline,Male,Ho Chi Minh,AFF,Vietcombank,,,,,,Vietcombank,,BIDV,MBBank,VPBank,MSB,Vietinbank,Techcombank,ACB,,8.0,Giao dịch viên cần xử lý giao dịch nhanh hơn nữa để khách không phải chờ đợi lâu,,8,"Cần cập nhật những tính năng bảo mật mới ,hiện đại hơn để thao tác chuyển tiền nhanh hơn",4,3,5,4,3,4,4, I do not use this bank product,5, I do not use this bank product,4, I do not use this bank product,4.0,Credit card,Phí thường niên của thẻ cao .,4,Not use in recent 1 month,Not use in recent 1 month,Not use in recent 1 month,4,4.0,ATM,Màn hình máy hơi cũ nhìn hơi mờ .,8.0,8.0,9.0,8.0,9.0,9.0,Vietcombank,Other,Vietcombank,Missing lable,,,,,Vietcombank,Vietcombank,Vietcombank,Vietcombank,,,1.0,,,,,,0.0,,,,,,1.0,,,,,,0.0,,,,,,0.0,,,,,,0.0,,,,,,0.0,,,,,,0.0,,,,,,1.0,,,,,,1.0,,,,,,1.0,,,,,,1.0,,,,Q3'25,0.0,0.0,0.9089655172413792,0.0,0.0,0.0,0.0,0.0,0.0,0.0,1.785244984567901,0.0,0.0,0.0,0.0,0.0,,,,0.0,0.0,,0.0,0.0,,,0.0,0.0,0.0,0.0,0.0,0.0,0.0,0.0,0.0,0.0,0.0,0.0,0.0,0.0,,0.0,,0.0,,0.0,1.7844264403292185,0.0,0.0,0.0,0.0,0.0,,0.0,,0.0,0.0,0.0,0.0,0.0,0.0,0.0,0.0,0.0,0.0,0.0,,0.0,0.0,,
2001,Q1_Jul'25###405848wAz7zP4gvjAZR5s6IFgYw==,405848wAz7zP4gvjAZR5s6IFgYw==,Q1,Techcombank,25-35,Jul'25,Q3'25,Offline,Female,Ha Noi,AFF,Techcombank,,,,,,Techcombank,,MBBank,VPBank,MSB,Vietinbank,ACB,Vietcombank,BIDV,,10.0,"Techcombank là ngân hàng được nhiều người sử dụng, cách thức chuyển tiền nhanh chóng , dễ dàng, bảo mật thông tin cá nhân của khách hàng tốt
Có tình năng rút tiền không cần thẻ ở máy ATM rất nhanh gọn",Không cần cải thiện gì,10,"Cách thức chuyển tiền trên ứng dụng ngân hàng nhanh và tiện lợi, giao diện ứng dụng dễ nhìn, dễ tìm kiếm sản phẩm",5,4,5,5,4,5,5, I do not use this bank product,5, I do not use this bank product, I do not use this bank product, I do not use this bank product,,,,Not use in recent 1 month,Not use in recent 1 month,Not use in recent 1 month,Not use in recent 1 month,5,,,,10.0,8.0,9.0,9.0,9.0,10.0,Techcombank,Techcombank,Techcombank,VPBank,,,,,Techcombank,Techcombank,Vietcombank,Techcombank,1.0,,,,,,1.0,,,,,,1.0,,,,,,0.0,,,,,,0.0,,,,,,0.0,,,,,,0.0,,,,,,0.0,,,,,,1.0,,,,,,1.0,,,,,,0.0,,,,,,1.0,,,,,,Q3'25,0.8404,0.8404444444444444,0.8402499999999999,0.8403076923076923,0.0,0.9006671262254901,0.0,0.9004641544117645,0.0,0.9004885110294116,,0.9005503393665156,,0.0,0.0,0.0,,,,0.0,,0.0,,0.0,,0.0,,0.0,,0.0,,0.900220588235294,,0.900220588235294,,0.0,,0.9002205882352939,0.0,0.0,,,,0.0,,0.9007846362229102,,0.0,,0.0,,0.0,,0.0,,0.0,,0.9006766270337921,,0.0,,0.0,0.0,0.0,,,,0.0,0.0,,
2002,Q1_Jul'25###40585HXrL9GWWbu/e1Oa42UshuQ==,40585HXrL9GWWbu/e1Oa42UshuQ==,Q1,Techcombank,25-35,Jul'25,Q3'25,Offline,Female,Ho Chi Minh,AFF,Techcombank,,,,,,Techcombank,,VPBank,MSB,Vietinbank,ACB,Vietcombank,BIDV,MBBank,,10.0,"Nhân viên ngân hàng chuyên nghiệp làm giao dịch nhanh .có nhiều chi nhánh ngân hàng ,trụ atm, ứng dụng chuyển tiền trên di động hoạt động mượt .",Không có gì cần cải thiện thêm nữa .,10,Hoạt động mượt không bị lỗi .quét mã QR chuyển tiền nhanh .,5,4,5,4,5,4, I do not use this bank product, I do not use this bank product,5, I do not use this bank product,5, I do not use this bank product,4.0,Debit,Rút tiền bằng thẻ ở các cây atm của ngân hàng khác còn mất phí cao,5,Not use in recent 1 month,Not use in recent 1 month,Not use in recent 1 month,5,,,,10.0,9.0,9.0,10.0,9.0,10.0,Techcombank,Techcombank,Techcombank,Techcombank,,,,,Techcombank,Techcombank,Techcombank,Techcombank,1.0,,,,,,1.0,,,,,,1.0,,,,,,1.0,,,,,,0.0,,,,,,0.0,,,,,,0.0,,,,,,0.0,,,,,,1.0,,,,,,1.0,,,,,,1.0,,,,,,1.0,,,,,,Q3'25,0.8404,0.0,0.8402499999999999,0.8403076923076923,0.0,0.9006671262254901,0.0,0.0,0.0,0.9004885110294116,,0.9005503393665156,,0.0,0.0,0.900220588235294,,,,0.0,,0.0,,0.0,,0.0,,0.900220588235294,,0.9007077205882351,,0.0,,0.0,,0.0,,0.0,0.0,0.0,,,,0.0,,0.9007846362229102,,0.0,,0.0,,0.0,,0.0,,0.0,,0.0,,0.9002205882352939,,0.0,0.0,0.0,,,,0.0,0.0,,
2003,Q1_Jul'25###40586H4Be1qQH89vSY9QajP24dQ==,40586H4Be1qQH89vSY9QajP24dQ==,Q1,BIDV,36-45,Jul'25,Q3'25,Offline,Male,Ho Chi Minh,MAFF,ACB,BIDV,,,,,BIDV,,MSB,Vietinbank,Techcombank,Vietcombank,MBBank,VPBank,,,10.0,Độ bảo mật thông tin cá nhân cao,Không cần,10,Ứng dụng chạy nhanh và mượt,4,5,5,5,5,5,5, I do not use this bank product, I do not use this bank product, I do not use this bank product, I do not use this bank product, I do not use this bank product,,,,Not use in recent 1 month,Not use in recent 1 month,Not use in recent 1 month,Not use in recent 1 month,5,,,,10.0,9.0,10.0,9.0,10.0,10.0,,,,,BIDV,BIDV,BIDV,BIDV,BIDV,BIDV,BIDV,BIDV,,,,0.0,,,,,,0.0,,,,,,0.0,,,,,,0.0,,,,,,1.0,,,,,,1.0,,,,,,1.0,,,,,,1.0,,,,,,1.0,,,,,,1.0,,,,,,1.0,,,,,,1.0,,,Q3'25,0.0,1.075357142857143,0.0,0.0,0.0,0.0,0.0,1.009468443627451,0.0,0.0,0.0,0.0,0.0,0.0,0.0,0.0,,,,,0.0,0.0,,0.0,0.0,0.0,0.0,0.0,,0.0,0.0,0.0,,0.0,,0.0,0.0,1.0098161764705882,,,,,,,,0.0,0.0,0.0,0.0,0.0,0.0,0.0,,0.0,0.0,0.0,,0.0,,0.0,,0.0,0.0,0.0,0.0,0.0,0.0,0.0,0.0,,
2004,Q1_Jul'25###40587h8BexfZbQ2WTgSDosp6jIA==,40587h8BexfZbQ2WTgSDosp6jIA==,Q1,ACB,36-45,Jul'25,Q3'25,Offline,Female,Ho Chi Minh,MAFF,ACB,,,,,,ACB,,Vietinbank,Techcombank,Vietcombank,BIDV,MBBank,VPBank,MSB,,10.0,ACB là ngân hàng lâu năm đáng tin cậy nhân viên lịch sự chuyên nghiệp,Không có,9,Ứng dụng ít bị bảo trì,4,5,4,5,5,5,5, I do not use this bank product,5, I do not use this bank product, I do not use this bank product,4,4.0,Unsecured Loan/ Overdraft without Collateral,Lãi suất Vay tín chấp cao nên có khả năng không phù hợp với tài chính của người tiêu dùng,4,5,5,Not use in recent 1 month,5,4.0,Branch,Thời gian chờ đợi lâu,10.0,8.0,9.0,10.0,10.0,9.0,,,,,ACB,ACB,ACB,ACB,ACB,ACB,ACB,ACB,,0.0,,,,,,0.0,,,,,,0.0,,,,,,0.0,,,,,,1.0,,,,,,1.0,,,,,,1.0,,,,,,1.0,,,,,,1.0,,,,,,1.0,,,,,,1.0,,,,,,1.0,,,,,Q3'25,0.0,0.0,0.0,1.087,0.0,0.0,0.0,0.0,0.0,0.0,0.0,1.140092545638945,0.0,0.0,0.0,0.0,,,,0.0,,0.0,,0.0,0.0,0.0,,0.0,0.0,0.0,0.0,0.0,,0.0,0.0,0.0,,0.0,,0.0,,0.0,,0.0,,0.0,0.0,0.0,,0.0,0.0,1.1399912683823528,0.0,0.0,,0.0,,1.140069939108456,0.0,1.1398514093137253,,0.0,0.0,0.0,0.0,,,0.0,0.0,,
2005,Q1_Jul'25###40588/ngkOla8rajqnYgZ9SeKQw==,40588/ngkOla8rajqnYgZ9SeKQw==,Q1,MBBank,36-45,Jul'25,Q3'25,Offline,Male,Ha Noi,AFF,Vietcombank,MBBank,,,,,MBBank,,Techcombank,ACB,BIDV,VPBank,MSB,Vietinbank,,,10.0,"Đây là ngân hàng của quân đội, có mạng lưới rộng với nhiều phòng giao dịch hiện đại và sạch đẹp",không có,10,"ứng dụng ngân hàng trên điện thoại dễ thao tác khi sử dụng. Các giao dịch nhận và chuyển tiền luôn được được nâng cấp,  mang đến trải nghiệm và sự thuận tiện tối ưu nhất cho khách hàng",5,5,4,4,5,5,4, I do not use this bank product,4, I do not use this bank product, I do not use this bank product, I do not use this bank product,4.0,Credit card,Không có,5,Not use in recent 1 month,Not use in recent 1 month,Not use in recent 1 month,4,4.0,ATM,anh thấy chỉ mức độ hài lòng với anh là được rồi nên chỉ đánh giá vậy,9.0,9.0,10.0,10.0,9.0,10.0,MBBank,MBBank,MBBank,MBBank,,,,,MBBank,MBBank,MBBank,MBBank,,,,,1.0,,,,,,1.0,,,,,,1.0,,,,,,1.0,,,,,,0.0,,,,,,0.0,,,,,,0.0,,,,,,0.0,,,,,,1.0,,,,,,1.0,,,,,,1.0,,,,,,1.0,,Q3'25,1.041777777777778,0.0,0.0,1.0416363636363637,0.0,1.0596181832107845,0.0,0.0,0.0,0.0,0.0,1.0595873579545456,,0.0,0.0,0.0,,,,0.0,,0.0,,0.0,,0.0,0.0,0.0,,1.059860381652661,0.0,0.0,,0.0,,0.0,0.0,0.0,,,0.0,0.0,,0.0,,0.0,,0.0,,0.0,0.0,0.0,,0.0,,0.0,,1.0596595341642756,,0.0,,0.0,,0.0,0.0,0.0,0.0,0.0,,,
2006,Q1_Jul'25###40589I/lW5RZTFk7GQbMOjYWf0w==,40589I/lW5RZTFk7GQbMOjYWf0w==,Q1,MBBank,25-35,Jul'25,Q3'25,Offline,Female,Ha Noi,AFF,MBBank,,,,,,MBBank,,ACB,Vietcombank,BIDV,VPBank,MSB,Vietinbank,Techcombank,,9.0,"Là ngân hàng nhà nước nên các thông tin được bảo mật cao
Ứng dụng ngân hàng thân thiện, dễ sử dụng
Chuyển tiền liên ngân hàng miễn phí, dễ dàng đăng kí số đẹp mà k không mất chi phí nào",Không có,10,"Ứng dụng ngân hàng thân thiện dễ sử dụng
Chuyển tiền liên ngân hàng không mất phí chuyển khoản",5,5,5,4,4,5, I do not use this bank product, I do not use this bank product,5, I do not use this bank product, I do not use this bank product, I do not use this bank product,,,,Not use in recent 1 month,Not use in recent 1 month,Not use in recent 1 month,Not use in recent 1 month,5,,,,8.0,9.0,10.0,9.0,10.0,9.0,Vietcombank,MBBank,MBBank,MBBank,,,,,MBBank,MBBank,Techcombank,MBBank,,,,,0.0,,,,,,1.0,,,,,,1.0,,,,,,1.0,,,,,,0.0,,,,,,0.0,,,,,,0.0,,,,,,0.0,,,,,,1.0,,,,,,1.0,,,,,,0.0,,,,,,1.0,,Q3'25,1.041777777777778,1.0417241379310345,0.0,1.0416363636363637,1.0417391304347827,1.0596181832107845,0.0,1.0594298066448804,0.0,0.0,0.0,1.0595873579545456,,1.0595289522058824,0.0,0.0,,,,0.0,,0.0,,1.0597723094919789,,0.0,0.0,0.0,,0.0,0.0,0.0,,0.0,,0.0,0.0,1.0591943359375,,,0.0,1.0591943359375,,0.0,,0.0,,0.0,,0.0,0.0,0.0,,0.0,,0.0,,1.0596595341642756,,0.0,,1.0599572610294117,,0.0,0.0,0.0,0.0,0.0,,,
2007,Q1_Jul'25###405900YIo+SU+ahiGwaJeOHsRmw==,405900YIo+SU+ahiGwaJeOHsRmw==,Q1,Vietcombank,36-45,Jul'25,Q3'25,Offline,Male,Ho Chi Minh,MAFF,VPBank,Vietcombank,,,,,Vietcombank,,BIDV,MBBank,MSB,Vietinbank,Techcombank,ACB,,,9.0,Ngân hàng có phí thường niên thẻ ghi nợ thấp,Không cần,9,Ứng dụng tiện lợi chuyển tiền nhanh,4,4,5,5,5,5,4, I do not use this bank product, I do not use this bank product, I do not use this bank product, I do not use this bank product, I do not use this bank product,4.0,Credit card,Thẻ không áp dụng hoàn tiền khi chi tiêu mua sắm,5,Not use in recent 1 month,Not use in recent 1 month,5,5,,,,10.0,9.0,10.0,9.0,10.0,10.0,,,,,Vietcombank,Vietcombank,Vietcombank,Vietcombank,Vietcombank,Vietcombank,Vietcombank,Vietcombank,,,0.0,,,,,,0.0,,,,,,0.0,,,,,,0.0,,,,,,1.0,,,,,,1.0,,,,,,1.0,,,,,,1.0,,,,,,1.0,,,,,,1.0,,,,,,1.0,,,,,,1.0,,,,Q3'25,0.0,0.0,0.0,0.0,0.9091304347826088,0.0,0.0,0.0,0.0,0.0,0.0,0.0,0.0,0.7787037568933823,0.0,0.0,,,,0.0,0.0,,0.0,0.0,,,0.0,0.0,0.0,0.0,0.0,0.0,0.0,0.0,0.0,0.0,0.0,0.0,0.0,0.0,,0.0,,0.0,,0.0,0.0,0.0,0.0,0.0,0.0,0.0,,0.0,,0.0,0.0,0.0,0.0,0.0,0.0,0.7794175091911764,0.0,0.0,0.0,0.0,,0.0,0.0,,
2008,Q1_Jul'25###40591q9q0X6/R3CB8S2qjjYnCbQ==,40591q9q0X6/R3CB8S2qjjYnCbQ==,Q1,Vietcombank,36-45,Jul'25,Q3'25,Offline,Male,Ha Noi,MAFF,Vietcombank,,,,,,Vietcombank,,BIDV,MBBank,VPBank,MSB,Vietinbank,Techcombank,ACB,,10.0,"Ngân hàng lâu đời, đem đến nhiều sản phẩm và dịch vụ phù hợp với khách hàng
Có nhiều chi nhánh ngân hàng để thuận tiện giao dịch",Không có,10,"Ứng dụng ngân hàng có giao diện đẹp mắt, chuyển khoản nhanh 24/7 không bị lỗi",5,4,5,4,5,5, I do not use this bank product, I do not use this bank product,5, I do not use this bank product, I do not use this bank product, I do not use this bank product,,,,5,Not use in recent 1 month,Not use in recent 1 month,Not use in recent 1 month,5,,,,10.0,9.0,9.0,9.0,10.0,9.0,,,,,Techcombank,Vietcombank,Vietcombank,Vietcombank,Vietcombank,Vietcombank,MBBank,Vietcombank,,,0.0,,,,,,0.0,,,,,,0.0,,,,,,0.0,,,,,,0.0,,,,,,1.0,,,,,,1.0,,,,,,1.0,,,,,,1.0,,,,,,1.0,,,,,,0.0,,,,,,1.0,,,,Q3'25,0.9091666666666666,0.9090625,0.0,0.9090322580645162,0.0,0.7784998276654411,0.0,0.7784998276654411,0.0,0.0,0.0,0.7786916593968096,0.0,0.0,0.0,0.0,,,,0.0,0.0,,0.0,0.0,,,0.0,0.0,0.0,0.7788465073529411,0.0,0.0,0.0,0.0,0.0,0.7787586609162896,0.0,0.0,0.0,0.0,,0.0,,0.0,,0.0,0.0,0.0,0.0,0.0,0.0,0.0,,0.0,,0.0,0.0,0.7786094877219756,0.0,0.0,0.0,0.0,0.0,0.0,0.0,0.0,,0.0,0.0,,
2009,Q1_Jul'25###40592iGeUrbhx2oq+mGLnUpMtgw==,40592iGeUrbhx2oq+mGLnUpMtgw==,Q1,BIDV,36-45,Jul'25,Q3'25,Offline,Female,Ho Chi Minh,AFF,BIDV,,,,,,BIDV,,MBBank,VPBank,Vietinbank,Techcombank,ACB,Vietcombank,,,10.0,"Chuyển nhận tiền miễn phí. Lãi suất tiết kiệm cao. Nhân viên giao dịch tận tình, chuyên nghiệp",Không có,10,App hoạt động mượt 24/7 không bị lỗi. Giao diện màu xanh hiện đại. Bảo mật cao bằng sinh trắc học,5,5,4,5,4,5,4, I do not use this bank product,5, I do not use this bank product, I do not use this bank product, I do not use this bank product,4.0,Credit card,Thời gian cấp thẻ hơi lâu,4,Not use in recent 1 month,Not use in recent 1 month,4,5,4.0,Fanpage,Nhân viên trả lời tin nhắn facebook chậm,10.0,9.0,10.0,10.0,10.0,10.0,BIDV,BIDV,BIDV,BIDV,,,,,BIDV,BIDV,BIDV,BIDV,,,,1.0,,,,,,1.0,,,,,,1.0,,,,,,1.0,,,,,,0.0,,,,,,0.0,,,,,,0.0,,,,,,0.0,,,,,,1.0,,,,,,1.0,,,,,,1.0,,,,,,1.0,,,Q3'25,0.0,0.0,0.0,1.0751923076923076,1.075217391304348,0.0,0.0,0.0,0.0,0.0,0.0,1.0095707179930795,0.0,1.0096556843891402,0.0,0.0,,,,,0.0,0.0,,0.0,0.0,0.0,0.0,0.0,,0.0,0.0,0.0,,0.0,,0.0,0.0,0.0,,,,,,,,0.0,0.0,0.0,0.0,0.0,0.0,1.0092945772058823,,0.0,0.0,0.0,,0.0,,1.0097213402406418,,1.010233455882353,0.0,1.0092945772058823,0.0,0.0,0.0,0.0,0.0,,
2010,Q1_Jul'25###40593sg2dMhwmr+vB84snkrluhA==,40593sg2dMhwmr+vB84snkrluhA==,Q1,Vietcombank,36-45,Jul'25,Q3'25,Offline,Male,Ha Noi,AFF,Vietcombank,VPBank,,,,,Vietcombank,,MSB,Vietinbank,Techcombank,ACB,BIDV,MBBank,,,10.0,"Vietcombank là ngân hàng nổi tiếng có nhiều chi nhánh, sản phẩm đa dạng cho khách hàng chọn lựa",Không có,10,"Có thể dùng app giao dịch tại nhiều địa điểm, cis các tính năng tích điểm đổi quà, săn voucher, thao tác thuận tiện đơn giản",4,5,5,5,5,5,5, I do not use this bank product,4, I do not use this bank product, I do not use this bank product, I do not use this bank product,4.0,Terms deposit,Tiền gửi tiết kiệm của vcb lãi suất hơi thấp hơn so với các ngân hàng khác,5,Not use in recent 1 month,Not use in recent 1 month,Not use in recent 1 month,5,,,,10.0,10.0,10.0,9.0,10.0,9.0,Vietcombank,Vietcombank,Vietcombank,Vietcombank,,,,,Vietcombank,Vietcombank,Vietcombank,Vietcombank,,,1.0,,,,,,1.0,,,,,,1.0,,,,,,1.0,,,,,,0.0,,,,,,0.0,,,,,,0.0,,,,,,0.0,,,,,,1.0,,,,,,1.0,,,,,,1.0,,,,,,1.0,,,,Q3'25,0.9091666666666666,0.9090625,0.0,0.9090322580645162,0.0,0.7784998276654411,0.0,0.7784998276654411,0.0,0.0,0.0,0.7786916593968096,0.0,0.0,0.0,0.0,,,,0.0,0.0,,0.0,0.0,,,0.0,0.0,0.0,0.7788465073529411,0.0,0.0,0.0,0.0,0.0,0.7787586609162896,0.0,0.0,0.0,0.0,,0.0,,0.0,,0.0,0.0,0.0,0.0,0.0,0.0,0.0,,0.0,,0.0,0.0,0.7786094877219756,0.0,0.0,0.0,0.0,0.0,0.0,0.0,0.0,,0.0,0.0,,
2011,Q1_Jul'25###40594qAV3S7GGAS7mBpXHowl9aQ==,40594qAV3S7GGAS7mBpXHowl9aQ==,Q1,Techcombank,36-45,Jul'25,Q3'25,Offline,Male,Ho Chi Minh,AFF,Techcombank,ACB,,,,,Techcombank,,Vietinbank,Vietcombank,BIDV,MBBank,VPBank,MSB,,,10.0,Ngân hàng hiện tại được nhiều cá nhân và doanh nghiệp tin dùng vì là ngân hàng nổi tiếng và đa dạng các sản phẩm có ưu đãi rất tốt,không cần,9,"Ứng dụng có cập nhật tất cả các tin tức để khách hàng tham khảo,nhiều tính năng được tích hợp vào trong ứng dụng giúp khách hàng không cần phải đi ra ngoài ở nhà vẫn giao dịch được",4,5,5,4,5,5,5, I do not use this bank product,5, I do not use this bank product,4, I do not use this bank product,4.0,Secured Loan,vì phải chờ đợi thẩm định lâu,5,Not use in recent 1 month,Not use in recent 1 month,5,5,,,,9.0,9.0,10.0,9.0,10.0,8.0,Techcombank,Techcombank,Techcombank,Techcombank,,,,,Techcombank,Techcombank,Techcombank,Techcombank,1.0,,,,,,1.0,,,,,,1.0,,,,,,1.0,,,,,,0.0,,,,,,0.0,,,,,,0.0,,,,,,0.0,,,,,,1.0,,,,,,1.0,,,,,,1.0,,,,,,1.0,,,,,,Q3'25,0.0,0.8404444444444444,0.0,0.8403076923076923,0.8402777777777778,0.0,0.0,0.9004641544117645,0.0,0.0,,0.9005503393665156,,0.900555491727941,0.0,0.0,,,,0.0,,0.0,,0.0,,0.0,,0.0,,0.0,,0.0,,0.0,,0.9006865409207159,,0.0,0.0,0.0,,,,0.0,,0.0,,0.0,,0.0,,0.0,,0.0,,0.0,,0.9006766270337921,,0.0,,0.0,0.0,0.0,,,,0.900220588235294,0.0,,
2012,Q1_Jul'25###40595YoFMCvcHtjVwytoM1JoqNA==,40595YoFMCvcHtjVwytoM1JoqNA==,Q1,Techcombank,36-45,Jul'25,Q3'25,Offline,Male,Ho Chi Minh,AFF,Techcombank,,,,,,Techcombank,,ACB,Vietcombank,BIDV,MBBank,VPBank,MSB,Vietinbank,,10.0,Ngân hàng có lãi suất gởi tiết kiệm cao,Không cần cải thiện,10,"App ngân hàng màu đỏ bắt mắt, giao diện trang chủ trong app đơn giản dễ nhìn",4,5,5,5,5,5,5, I do not use this bank product,5, I do not use this bank product, I do not use this bank product, I do not use this bank product,,,,5,Not use in recent 1 month,Not use in recent 1 month,5,5,,,,9.0,10.0,10.0,9.0,10.0,10.0,Techcombank,Techcombank,Techcombank,Techcombank,,,,,Techcombank,Techcombank,Techcombank,Techcombank,1.0,,,,,,1.0,,,,,,1.0,,,,,,1.0,,,,,,0.0,,,,,,0.0,,,,,,0.0,,,,,,0.0,,,,,,1.0,,,,,,1.0,,,,,,1.0,,,,,,1.0,,,,,,Q3'25,0.0,0.0,0.0,0.0,0.8402777777777778,0.0,0.0,0.0,0.0,0.0,,0.0,,0.900555491727941,0.0,0.0,,,,0.0,,0.0,,0.0,,0.0,,0.0,,0.0,,0.0,,0.0,,0.0,,0.0,0.0,0.0,,,,0.0,,0.0,,0.0,,0.0,,0.0,,0.0,,0.0,,0.0,,0.0,,0.0,0.0,0.9002205882352939,,,,0.0,0.0,,
2013,Q1_Jul'25###40596PwMzw28QRoIrBvKFdLXl+g==,40596PwMzw28QRoIrBvKFdLXl+g==,Q1,ACB,36-45,Jul'25,Q3'25,Offline,Male,Ho Chi Minh,AFF,VPBank,ACB,,,,,ACB,,Vietcombank,BIDV,MBBank,MSB,Vietinbank,Techcombank,,,10.0,Dễ dàng đến các chi nhánh của ngân nàng để giao dịch vì ngân hàng có mặt khắp các quận,Không cần gì,10,"Ứng dụng acb chuyển tiền nhanh , tin nhắn báo biến động số dư trong tài khoản nhanh",5,5,5,5,5,5,5, I do not use this bank product, I do not use this bank product, I do not use this bank product, I do not use this bank product, I do not use this bank product,,,,5,Not use in recent 1 month,Not use in recent 1 month,5,5,,,,10.0,10.0,9.0,9.0,10.0,10.0,ACB,ACB,ACB,ACB,,,,,ACB,ACB,ACB,ACB,,1.0,,,,,,1.0,,,,,,1.0,,,,,,1.0,,,,,,0.0,,,,,,0.0,,,,,,0.0,,,,,,0.0,,,,,,1.0,,,,,,1.0,,,,,,1.0,,,,,,1.0,,,,,Q3'25,1.086875,0.0,0.0,0.0,0.0,1.1399762834821427,0.0,0.0,0.0,0.0,0.0,0.0,0.0,0.0,0.0,0.0,,,,0.0,,0.0,,0.0,0.0,0.0,,0.0,0.0,1.1404341554330064,0.0,0.0,,0.0,0.0,0.0,,0.0,,0.0,,0.0,,0.0,,0.0,0.0,0.0,,0.0,0.0,0.0,0.0,0.0,,0.0,,0.0,0.0,0.0,,0.0,0.0,0.0,0.0,,,0.0,0.0,,
2014,Q1_Jul'25###40597FBNYj2Wlo74nm1PhyL5UCA==,40597FBNYj2Wlo74nm1PhyL5UCA==,Q1,BIDV,36-45,Jul'25,Q3'25,Offline,Female,Ha Noi,MAFF,Techcombank,BIDV,,,,,BIDV,,Vietcombank,MBBank,VPBank,MSB,Vietinbank,ACB,,,9.0,Các chi nhánh và cây atm có mặt o nhiêu nơi nên rât thuân tiên cho việc giao dịch nhanh.,Đôi khi có một số nhân viên mời chào mua bảo hiểm đối với khách hàng,9,"Theo dõi các số dư và lịch sử giao dịch dễ dàng, quản lý tai chính cá nhân hiệu quả",5,4,5,5,4,5,4,4,5, I do not use this bank product, I do not use this bank product, I do not use this bank product,4.0,Credit card,Lãi xuất cao nếu nhu không đóng đúng hạn tầm 3-5% tổng sô dư nợ,5,Not use in recent 1 month,Not use in recent 1 month,Not use in recent 1 month,5,,,,9.0,10.0,9.0,10.0,9.0,10.0,,,,,BIDV,BIDV,BIDV,BIDV,BIDV,BIDV,BIDV,BIDV,,,,0.0,,,,,,0.0,,,,,,0.0,,,,,,0.0,,,,,,1.0,,,,,,1.0,,,,,,1.0,,,,,,1.0,,,,,,1.0,,,,,,1.0,,,,,,1.0,,,,,,1.0,,,Q3'25,1.075161290322581,0.0,0.0,0.0,0.0,1.009468443627451,0.0,0.0,0.0,0.0,0.0,0.0,0.0,0.0,0.0,0.0,,,,,0.0,0.0,,0.0,0.0,0.0,0.0,1.010233455882353,,1.0092945772058823,0.0,0.0,,0.0,,0.0,0.0,0.0,,,,,,,,0.0,0.0,0.0,0.0,0.0,0.0,0.0,,0.0,0.0,0.0,,0.0,,0.0,,0.0,0.0,0.0,0.0,0.0,0.0,0.0,0.0,,
2015,Q1_Jul'25###40598vlVqs1J5f2/e6+7vRahzwQ==,40598vlVqs1J5f2/e6+7vRahzwQ==,Q1,BIDV,36-45,Jul'25,Q3'25,Offline,Male,Ha Noi,MAFF,BIDV,,,,,,BIDV,,MBBank,VPBank,MSB,Vietinbank,Techcombank,ACB,Vietcombank,,10.0,"Ngân hàng lâu đời , uy tín . Ngân hàng có app giao dịch nhanh , chuyển tiền thuận lợin",Không,10,"Ứng dụng dễ vào , ít bị lỗi , chuyển khoản nhanh không mất phí",5,5,5,5,4,5, I do not use this bank product, I do not use this bank product,4, I do not use this bank product, I do not use this bank product, I do not use this bank product,4.0,Terms deposit,Tôi muốn gửi lãi suất cao hơn nữa,4,Not use in recent 1 month,Not use in recent 1 month,Not use in recent 1 month,5,4.0,Branch,Tôi vẫn muốn giao dịch nhanh hơn ở chi nhánh,9.0,8.0,10.0,9.0,10.0,10.0,,,,,Missing lable,Missing lable,Missing lable,BIDV,BIDV,BIDV,BIDV,BIDV,,,,0.0,,,,,,0.0,,,,,,0.0,,,,,,0.0,,,,,,0.0,,,,,,0.0,,,,,,0.0,,,,,,1.0,,,,,,1.0,,,,,,1.0,,,,,,1.0,,,,,,1.0,,,Q3'25,1.075161290322581,0.0,0.0,1.0751923076923076,0.0,1.009468443627451,0.0,0.0,0.0,0.0,0.0,1.0095707179930795,0.0,0.0,0.0,1.0092945772058823,,,,,0.0,0.0,,0.0,0.0,1.010233455882353,0.0,0.0,,0.0,0.0,0.0,,0.0,,0.0,0.0,0.0,,,,,,,,0.0,0.0,0.0,0.0,0.0,0.0,0.0,,0.0,0.0,0.0,,1.0095416505417958,,0.0,,0.0,0.0,0.0,0.0,0.0,0.0,0.0,0.0,,
2016,Q1_Jul'25###40599ju6v5nwF63WJL330VNyPyw==,40599ju6v5nwF63WJL330VNyPyw==,Q1,Techcombank,36-45,Jul'25,Q3'25,Offline,Male,Ha Noi,AFF,Techcombank,,,,,,Techcombank,,MSB,Vietinbank,ACB,Vietcombank,BIDV,MBBank,VPBank,,10.0,"Nhân viên ngân hàng chuyên nghiệp , có nhiều chi nhánh giao dịch khắp nơi , ngân hàng lớn uy tín tại việt nam",Không,9,"Giao diện dễ nhìn 2 màu trắng đỏ nổi bật , ứng dụng chạy mượt , không bị đơ khi chuyển khoản",5,4,4,5,5,5,4, I do not use this bank product,5, I do not use this bank product, I do not use this bank product, I do not use this bank product,4.0,Credit card,Tôi muốn có thêm nhiều ưu đãi giảm giá tại các thương hiệu lớn khi mua sắm và thanh toán bằng thẻ tín dụng,Not use in recent 1 month,Not use in recent 1 month,5,Not use in recent 1 month,Not use in recent 1 month,,,,9.0,8.0,10.0,10.0,9.0,10.0,Techcombank,Techcombank,Techcombank,Missing lable,,,,,Techcombank,Techcombank,Techcombank,Techcombank,1.0,,,,,,1.0,,,,,,1.0,,,,,,0.0,,,,,,0.0,,,,,,0.0,,,,,,0.0,,,,,,0.0,,,,,,1.0,,,,,,1.0,,,,,,1.0,,,,,,1.0,,,,,,Q3'25,0.8404,0.0,0.0,0.8403076923076923,0.0,0.9006671262254901,0.0,0.0,0.0,0.0,,0.9005503393665156,,0.0,0.0,0.0,,,,0.0,,0.0,,0.0,,0.0,,0.0,,0.9007077205882351,,0.0,,0.0,,0.0,,0.0,0.0,0.0,,,,0.0,,0.0,,0.0,,0.0,,0.0,,0.0,,0.0,,0.9006766270337921,,0.9002205882352939,,0.0,0.0,0.0,,,,0.0,0.0,,
2017,Q1_Jul'25###40600IgWG6iVTGPOtVZBzEy7h9g==,40600IgWG6iVTGPOtVZBzEy7h9g==,Q1,BIDV,46-55,Jul'25,Q3'25,Offline,Male,Ho Chi Minh,AFF,BIDV,,,,,,BIDV,,Vietinbank,Techcombank,ACB,Vietcombank,MBBank,VPBank,MSB,,10.0,"Phòng giao dịch và ATM phủ rộng khắp nước, cung cấp đầy đủ các sản phẩm",Không có,9,Ứng dụng hiện tại mang lại sự tiện lợi và trải nghiệm cho tôi,5,4,4,5,5,5,4, I do not use this bank product,5, I do not use this bank product,5, I do not use this bank product,4.0,Credit card,Phí thường niên có thể cao hơn so với một số ngân hàng khác,5,4,5,Not use in recent 1 month,5,4.0,Telesales,Quy trình xử lý giao dịch đôi khi còn chậm trễ,9.0,9.0,10.0,10.0,9.0,10.0,BIDV,BIDV,BIDV,BIDV,,,,,BIDV,BIDV,BIDV,BIDV,,,,1.0,,,,,,1.0,,,,,,1.0,,,,,,1.0,,,,,,0.0,,,,,,0.0,,,,,,0.0,,,,,,0.0,,,,,,1.0,,,,,,1.0,,,,,,1.0,,,,,,1.0,,,Q3'25,1.075161290322581,1.075357142857143,0.0,0.0,0.0,1.009468443627451,0.0,1.009468443627451,0.0,0.0,0.0,0.0,0.0,0.0,0.0,0.0,,,,,0.0,0.0,,0.0,0.0,0.0,0.0,1.010233455882353,,1.0092945772058823,0.0,0.0,,0.0,,1.0096075367647055,0.0,0.0,,,,,,,,0.0,0.0,0.0,0.0,0.0,0.0,0.0,,0.0,0.0,0.0,,0.0,,0.0,,0.0,0.0,0.0,0.0,0.0,0.0,0.0,0.0,,
2018,Q1_Jul'25###40601KkqlPKwQn5V4JRS9LDMYyA==,40601KkqlPKwQn5V4JRS9LDMYyA==,Q1,Techcombank,25-35,Jul'25,Q3'25,Offline,Female,Ha Noi,MAFF,Techcombank,,,,,,Techcombank,,ACB,Vietcombank,BIDV,MBBank,VPBank,MSB,Vietinbank,,10.0,"App ngân hàng thông minh, thẻ tín dụng nhiều ưu đãi",Hệ thống mobile app ít lỗi hơn,9,"Thông minh, dễ dùng, không mất phí",5,5,4,5,5,5,5, I do not use this bank product,5, I do not use this bank product, I do not use this bank product, I do not use this bank product,,,,5,Not use in recent 1 month,Not use in recent 1 month,Not use in recent 1 month,Not use in recent 1 month,,,,10.0,10.0,10.0,10.0,9.0,10.0,,,,,Techcombank,Techcombank,Techcombank,Techcombank,Techcombank,Techcombank,Techcombank,Techcombank,0.0,,,,,,0.0,,,,,,0.0,,,,,,0.0,,,,,,1.0,,,,,,1.0,,,,,,1.0,,,,,,1.0,,,,,,1.0,,,,,,1.0,,,,,,1.0,,,,,,1.0,,,,,,Q3'25,0.8404,0.0,0.0,0.0,0.8402777777777778,0.9006671262254901,0.0,0.0,0.0,0.0,,0.0,,0.900555491727941,0.0,0.0,,,,0.0,,0.0,,0.0,,0.9002205882352939,,0.0,,0.0,,0.0,,0.0,,0.0,,0.0,0.0,0.0,,,,0.0,,0.0,,0.0,,0.0,,0.0,,0.0,,0.0,,0.0,,0.0,,0.0,0.0,0.0,,,,0.900220588235294,0.0,,
2019,Q1_Jul'25###406021f/PrGDxlHeU4q9W7XlfKg==,406021f/PrGDxlHeU4q9W7XlfKg==,Q1,Techcombank,36-45,Jul'25,Q3'25,Offline,Female,Ho Chi Minh,AFF,Techcombank,,,,,,Techcombank,,ACB,Vietcombank,BIDV,MBBank,VPBank,MSB,Vietinbank,,9.0,Miễn phí chuyển khoản. ATM và chi nhánh có ở nhiều nơi. Ứng dụng hoạt động nhanh ít bảo trì,"Cần thêm nhân viên tại quầy giao dịch để xử lý giao dịch nhanh hơn, đỡ mất thời gian chờ lâu",9,App chạy mượt không lag giúp chuyển khoản nhanh. Miễn phí chuyển khoản,5,4,5,5,4,5,5, I do not use this bank product,4, I do not use this bank product, I do not use this bank product, I do not use this bank product,4.0,Terms deposit,Lãi suất ổn định nhưng không cao so với mặt bằng chung của các ngân hàng khác,4,Not use in recent 1 month,Not use in recent 1 month,Not use in recent 1 month,5,4.0,Branch,Thời gian chờ xử lý giao dịch tại quầy còn chậm,9.0,10.0,10.0,9.0,9.0,10.0,Techcombank,Techcombank,Techcombank,Techcombank,,,,,Techcombank,Techcombank,Techcombank,Techcombank,1.0,,,,,,1.0,,,,,,1.0,,,,,,1.0,,,,,,0.0,,,,,,0.0,,,,,,0.0,,,,,,0.0,,,,,,1.0,,,,,,1.0,,,,,,1.0,,,,,,1.0,,,,,,Q3'25,0.8404,0.0,0.0,0.0,0.8402777777777778,0.9006671262254901,0.0,0.0,0.0,0.0,,0.0,,0.900555491727941,0.0,0.900220588235294,,,,0.0,,0.0,,0.0,,0.0,,0.900220588235294,,0.9007077205882351,,0.0,,0.0,,0.0,,0.0,0.0,0.0,,,,0.0,,0.0,,0.0,,0.0,,0.0,,0.0,,0.0,,0.0,,0.0,,0.9002205882352939,0.0,0.0,,,,0.0,0.0,,
2020,Q1_Jul'25###40603vynjQ7pxgj9AqMT5fTLcXg==,40603vynjQ7pxgj9AqMT5fTLcXg==,Q1,MBBank,25-35,Jul'25,Q3'25,Offline,Male,Ha Noi,MAFF,Vietcombank,MBBank,,,,,MBBank,,BIDV,VPBank,MSB,Vietinbank,Techcombank,ACB,,,9.0,"Là ngân hàng quân đội tác phong chuyên nghiệp 
Phòng giao dịch rộng đẹp sạch sẽ",Không,9,"Ứng dụng dễ sử dụng . 
Giao dịch bất cứ lúc nào trong ngày không bị lỗi",4,5,4,4,5,5,4, I do not use this bank product, I do not use this bank product, I do not use this bank product, I do not use this bank product, I do not use this bank product,4.0,Credit card,"Hạn mức phù hợp 
Có nhiều ưu đãi khi thanh toán 
Phí dịch vụ phù hợp",5,Not use in recent 1 month,Not use in recent 1 month,4,4,4.0,Fanpage,không có nhiều thông tin tôi cần khi cần tìm,8.0,9.0,9.0,8.0,10.0,9.0,,,,,MBBank,MBBank,MBBank,MBBank,MBBank,MBBank,MBBank,MBBank,,,,,0.0,,,,,,0.0,,,,,,0.0,,,,,,0.0,,,,,,1.0,,,,,,1.0,,,,,,1.0,,,,,,1.0,,,,,,1.0,,,,,,1.0,,,,,,1.0,,,,,,1.0,,Q3'25,1.041777777777778,0.0,1.0417857142857143,1.0416363636363637,0.0,1.0596181832107845,0.0,0.0,0.0,1.059550367647059,0.0,1.0595873579545456,,0.0,0.0,0.0,,,,0.0,,0.0,,0.0,,0.0,0.0,0.0,,1.059860381652661,0.0,0.0,,0.0,,0.0,0.0,0.0,,,0.0,0.0,,0.0,,0.0,,0.0,,1.0597723094919789,0.0,0.0,,0.0,,0.0,,1.0596595341642756,,0.0,,0.0,,0.0,0.0,0.0,0.0,0.0,,,
2021,Q1_Jul'25###40604Juyb9qka8aas5z60SF7jiw==,40604Juyb9qka8aas5z60SF7jiw==,Q1,MBBank,36-45,Jul'25,Q3'25,Offline,Female,Ho Chi Minh,MAFF,MBBank,,,,,,MBBank,,BIDV,VPBank,MSB,Vietinbank,Techcombank,ACB,Vietcombank,,9.0,"Ngân hàng này uy tín, app dễ dùng",Không có,10,"Ứng dụng dễ dùng, kết nối mạng ổn định",5,4,4,5,4,4,4, I do not use this bank product,4, I do not use this bank product, I do not use this bank product, I do not use this bank product,4.0,Terms deposit,Lãi suất hơi thấp,5,Not use in recent 1 month,Not use in recent 1 month,Not use in recent 1 month,4,4.0,ATM,"Khi rút tiền không chia nhiều mệnh giá, thường tập trung có 1 mệnh giá",9.0,8.0,10.0,9.0,9.0,10.0,,,,,MBBank,MBBank,MBBank,MBBank,MBBank,MBBank,MBBank,MBBank,,,,,0.0,,,,,,0.0,,,,,,0.0,,,,,,0.0,,,,,,1.0,,,,,,1.0,,,,,,1.0,,,,,,1.0,,,,,,1.0,,,,,,1.0,,,,,,1.0,,,,,,1.0,,Q3'25,1.041777777777778,0.0,0.0,1.0416363636363637,0.0,1.0596181832107845,0.0,0.0,0.0,0.0,0.0,1.0595873579545456,,0.0,0.0,0.0,,,,0.0,,0.0,,1.0597723094919789,,0.0,0.0,0.0,,0.0,0.0,0.0,,0.0,,0.0,0.0,0.0,,,0.0,0.0,,0.0,,0.0,,0.0,,0.0,0.0,0.0,,0.0,,0.0,,1.0596595341642756,,0.0,,0.0,,0.0,0.0,0.0,0.0,0.0,,,
2022,Q1_Jul'25###40605+/x2DDBmrNLxP6kUdSXPNQ==,40605+/x2DDBmrNLxP6kUdSXPNQ==,Q1,Techcombank,36-45,Jul'25,Q3'25,Offline,Female,Ho Chi Minh,AFF,Techcombank,,,,,,Techcombank,,MBBank,VPBank,MSB,Vietinbank,ACB,Vietcombank,BIDV,,9.0,Có danh tiếng tốt nhiều quyền lợi và ưu đãi cho khách hàng,Có thêm nhiều lựa chọn ưu đãi hấp dẫn hơn cho các sản phẩm thẻ tín dụng,10,"Ứng dụng không bị lỗi khi giao dịch, chạy nhanh",4,4,4,5,5,5,4, I do not use this bank product,5, I do not use this bank product,5, I do not use this bank product,4.0,Credit card,Chương trình ưu đãi và hoàn tiền không đa dạng và hấp dẫn cho khách hàng,5,5,4,Not use in recent 1 month,5,4.0,Call Center,Còn gặp khó khăn trong việc kết nối với nhân viên tổng đài,10.0,9.0,10.0,10.0,10.0,9.0,Techcombank,Techcombank,Techcombank,Techcombank,,,,,Techcombank,Techcombank,Techcombank,Techcombank,1.0,,,,,,1.0,,,,,,1.0,,,,,,1.0,,,,,,0.0,,,,,,0.0,,,,,,0.0,,,,,,0.0,,,,,,1.0,,,,,,1.0,,,,,,1.0,,,,,,1.0,,,,,,Q3'25,0.0,0.8404444444444444,0.0,0.8403076923076923,0.8402777777777778,0.0,0.0,0.9004641544117645,0.0,0.0,,0.9005503393665156,,0.900555491727941,0.0,0.0,,,,0.0,,0.0,,0.0,,0.0,,0.0,,0.0,,0.0,,0.900220588235294,,0.0,,0.0,0.0,0.0,,,,0.0,,0.0,,0.0,,0.0,,0.0,,0.0,,0.0,,0.9006766270337921,,0.0,,0.0,0.0,0.0,,,,0.900220588235294,0.0,,
2023,Q1_Jul'25###40606T3iSy+WTV61O7O5USDtnHw==,40606T3iSy+WTV61O7O5USDtnHw==,Q1,Vietcombank,36-45,Jul'25,Q3'25,Offline,Male,Ha Noi,AFF,Vietcombank,,,,,,Vietcombank,,VPBank,MSB,Vietinbank,Techcombank,ACB,BIDV,MBBank,,10.0,"nhân viên thân thiện, giao dịch nhanh, xử lý vấn đề nhanh chóng và hiệu quả",không có,10,"giao diện đẹp mắt, dễ nhìn và dễ sử dụng",5,5,5,5,5,5,5,5,5,4,5,4,4.0,Unsecured Loan/ Overdraft without Collateral,thủ tục vẫn còn hơi phức tạp,5,4,5,4,5,4.0,Fanpage,vì nhiều thông tin quá nên khi tôi cần tìm thông tin mong muốn sẽ hơi khó.,9.0,10.0,10.0,10.0,10.0,10.0,Vietcombank,Vietcombank,Vietcombank,Vietcombank,,,,,Vietcombank,Vietcombank,Vietcombank,Vietcombank,,,1.0,,,,,,1.0,,,,,,1.0,,,,,,1.0,,,,,,0.0,,,,,,0.0,,,,,,0.0,,,,,,0.0,,,,,,1.0,,,,,,1.0,,,,,,1.0,,,,,,1.0,,,,Q3'25,0.0,0.0,0.9089655172413792,0.9090322580645162,0.0,0.0,0.0,0.0,0.0,0.7786017922794117,0.0,0.7786916593968096,0.0,0.0,0.0,0.0,,,,0.0,0.0,,0.0,0.0,,,0.0,0.0,0.0,0.0,0.0,0.0,0.0,0.0,0.0,0.0,0.0,0.0,0.0,0.0,,0.0,,0.0,,0.7784658394607843,0.0,0.0,0.0,0.7788057215073529,0.0,0.7784658394607843,,0.0,,0.0,0.0,0.0,0.0,0.0,0.0,0.0,0.0,0.0,0.0,0.0,,0.0,0.0,,
2024,Q1_Jul'25###40607lfPg0K9fxSo/CH4Y/eFuuQ==,40607lfPg0K9fxSo/CH4Y/eFuuQ==,Q1,BIDV,46-55,Jul'25,Q3'25,Offline,Female,Ha Noi,MAFF,BIDV,,,,,,BIDV,,MSB,Vietinbank,Techcombank,ACB,Vietcombank,MBBank,VPBank,,9.0,"đây là 1 trong 10 ngân hàng uy tín nhất việt nam, được nhiều người tin tưởng sử dụng, dịch vụ về khách hàng tốt đáng để chia sè22",khong,9,"dễ dùng tao tác trên app dễ, chuyển khoản nhanh",4,4,4,5,4,4, I do not use this bank product, I do not use this bank product, I do not use this bank product, I do not use this bank product, I do not use this bank product, I do not use this bank product,4.0,Debit,thẻ thanh toán được ở mọi nơi rất tiện lợi,4,Not use in recent 1 month,Not use in recent 1 month,Not use in recent 1 month,5,4.0,Branch,"tôi thích có nhiều chi nhánh hơn để thuận tiện giao dịch , nhân viên khi giao tiếp với khách niềm nở và tươi cười hơn",9.0,9.0,10.0,9.0,9.0,9.0,,,,,BIDV,BIDV,BIDV,BIDV,BIDV,BIDV,BIDV,BIDV,,,,0.0,,,,,,0.0,,,,,,0.0,,,,,,0.0,,,,,,1.0,,,,,,1.0,,,,,,1.0,,,,,,1.0,,,,,,1.0,,,,,,1.0,,,,,,1.0,,,,,,1.0,,,Q3'25,0.0,0.0,1.0752,1.0751923076923076,0.0,0.0,0.0,0.0,0.0,1.009518119747899,0.0,1.0095707179930795,0.0,0.0,0.0,0.0,,,,,0.0,0.0,,0.0,0.0,0.0,0.0,0.0,,0.0,0.0,0.0,,0.0,,0.0,0.0,0.0,,,,,,,,0.0,0.0,0.0,0.0,1.0092945772058823,0.0,0.0,,0.0,0.0,0.0,,1.0095416505417958,,0.0,,0.0,0.0,0.0,0.0,0.0,0.0,0.0,0.0,,
2025,Q1_Jul'25###40608fYVifJGEjPGp5+Mu7ygO/w==,40608fYVifJGEjPGp5+Mu7ygO/w==,Q1,Techcombank,25-35,Jul'25,Q3'25,Offline,Female,Ha Noi,AFF,Techcombank,,,,,,Techcombank,,Vietinbank,ACB,Vietcombank,BIDV,MBBank,VPBank,,,9.0,"nhân viên nhiệt tình, giao diện app dễ sử dụng",thỉnh thoảng hệ thống hay bị gián đoạn khi giao dịch vào giờ cao điểm,9,giao diện dễ nhìn và dễ sử dụng,4,4,4,4,4,4,4,3,4,4,4,4,3.0,Banca,sản phẩm bảo hiểm của teck ít quyền lợi hơn so với các sản phẩm bảo hiểm của các đơn vị bảo hiểm khác,4,4,4,4,4,4.0,Telesales,"đôi khi nhân viên gọi điện vào khung giờ tôi bận, điều đó khiến tôi không được thoải mái",10.0,9.0,10.0,10.0,10.0,10.0,Techcombank,Techcombank,Techcombank,Techcombank,,,,,Techcombank,Techcombank,Techcombank,Techcombank,1.0,,,,,,1.0,,,,,,1.0,,,,,,1.0,,,,,,0.0,,,,,,0.0,,,,,,0.0,,,,,,0.0,,,,,,1.0,,,,,,1.0,,,,,,1.0,,,,,,1.0,,,,,,Q3'25,0.8404,0.0,0.0,0.8403076923076923,0.0,0.9006671262254901,0.0,0.0,0.0,0.0,,0.9005503393665156,,0.0,0.0,0.0,,,,0.0,,0.0,,0.900220588235294,,0.0,,0.0,,0.0,,0.0,,0.0,,0.0,,0.0,0.0,0.0,,,,0.0,,0.0,,0.0,,0.0,,0.9009350490196076,,0.0,,0.0,,0.0,,0.0,,0.0,0.0,0.0,,,,0.0,0.0,,
2026,Q1_Jul'25###406094jtlgFr9TJkszaVroaHk/Q==,406094jtlgFr9TJkszaVroaHk/Q==,Q1,ACB,46-55,Jul'25,Q3'25,Offline,Female,Ha Noi,AFF,Vietcombank,ACB,,,,,ACB,,Techcombank,BIDV,MBBank,VPBank,MSB,Vietinbank,,,9.0,"Giao dịch nhanh, nhân viên phục vụ nhiệt tình, Dịch vụ an toàn, bảo mật cao.",Không có,9,"Giao diện có màu xanh nổi bật và bắt mắt, Ap chuyển tiền nhanh, ít khi bị lỗi khi giao dịch.",5,4,5,4,4, I do not use this bank product, I do not use this bank product, I do not use this bank product,4, I do not use this bank product, I do not use this bank product, I do not use this bank product,4.0,Terms deposit,"Lãi suất hấp dẫn, linh hoạt trong kỳ hạn và rút tiền, với sự uy tín và an toàn của ngân .",4,Not use in recent 1 month,Not use in recent 1 month,Not use in recent 1 month,4,4.0,Branch,đến phòng giao dịch đôi khi cần phải chờ đợi khá lâu ,9.0,9.0,10.0,9.0,8.0,10.0,ACB,ACB,ACB,Missing lable,,,,,ACB,ACB,ACB,ACB,,1.0,,,,,,1.0,,,,,,1.0,,,,,,0.0,,,,,,0.0,,,,,,0.0,,,,,,0.0,,,,,,0.0,,,,,,1.0,,,,,,1.0,,,,,,1.0,,,,,,1.0,,,,,Q3'25,0.0,1.0867857142857142,1.0870967741935484,1.087,0.0,0.0,0.0,1.1402399067265794,0.0,1.140092545638945,0.0,1.140092545638945,0.0,0.0,0.0,0.0,,,,0.0,,0.0,,0.0,0.0,0.0,,0.0,0.0,0.0,0.0,0.0,,0.0,0.0,0.0,,1.140487132352941,,0.0,,0.0,,0.0,,1.1398514093137253,0.0,0.0,,0.0,0.0,1.1399912683823528,0.0,0.0,,0.0,,0.0,0.0,0.0,,0.0,0.0,0.0,0.0,,,0.0,0.0,,
2027,Q1_Jul'25###40610VpraR0OtEmtrsM+HV1lVDw==,40610VpraR0OtEmtrsM+HV1lVDw==,Q1,MBBank,46-55,Jul'25,Q3'25,Offline,Female,Ho Chi Minh,AFF,MBBank,BIDV,,,,,MBBank,,Vietcombank,VPBank,MSB,Vietinbank,Techcombank,ACB,,,9.0,Miễn phí nhiều loại phí giao dịch tài khoản và thẻ giúp tôi tiết kiệm chi phí,Không có,10,"Miễn phí chuyển tiền 24/7
Bảo mật cao",5,4,4,5,5,5,5, I do not use this bank product,4, I do not use this bank product,5, I do not use this bank product,4.0,Terms deposit,Khi tất toán trước hạn sẽ không nhận được toàn bộ số tiền lãi như khi để đến ngày đáo hạn,5,5,5,Not use in recent 1 month,4,4.0,ATM,Đôi khi không đủ tiền trong máy,9.0,9.0,10.0,10.0,10.0,10.0,MBBank,MBBank,MBBank,MBBank,,,,,MBBank,MBBank,MBBank,MBBank,,,,,1.0,,,,,,1.0,,,,,,1.0,,,,,,1.0,,,,,,0.0,,,,,,0.0,,,,,,0.0,,,,,,0.0,,,,,,1.0,,,,,,1.0,,,,,,1.0,,,,,,1.0,,Q3'25,0.0,0.0,0.0,0.0,1.0417391304347827,0.0,0.0,0.0,0.0,0.0,0.0,0.0,,1.0595289522058824,0.0,0.0,,,,0.0,,0.0,,0.0,,0.0,0.0,0.0,,0.0,0.0,0.0,,0.0,,0.0,0.0,0.0,,,0.0,0.0,,0.0,,0.0,,0.0,,0.0,0.0,0.0,,0.0,,0.0,,0.0,,0.0,,1.0599572610294117,,0.0,0.0,0.0,0.0,0.0,,,
2028,Q1_Jul'25###40611m4T2euN20goIw7MulXcHvA==,40611m4T2euN20goIw7MulXcHvA==,Q1,Vietcombank,36-45,Jul'25,Q3'25,Offline,Male,Ha Noi,AFF,Vietcombank,,,,,,Vietcombank,,BIDV,MBBank,VPBank,MSB,Vietinbank,Techcombank,ACB,,9.0,Dịch vụ về các sản phẩm và các giải pháp thanh toán nhanh hiện đại,Không có,10,"Thiết kế giao diện dễ nhìn,giao dịch chuyển khoản nhanh không bị lỗi app khi truy cập,an toàn bảo mật thông tin tốt",5,4,4,5,5, I do not use this bank product,5, I do not use this bank product,5, I do not use this bank product, I do not use this bank product, I do not use this bank product,,,,Not use in recent 1 month,Not use in recent 1 month,Not use in recent 1 month,5,5,,,,9.0,10.0,10.0,9.0,10.0,10.0,Vietcombank,Vietcombank,Vietcombank,Vietcombank,,,,,Vietcombank,Vietcombank,Vietcombank,Vietcombank,,,1.0,,,,,,1.0,,,,,,1.0,,,,,,1.0,,,,,,0.0,,,,,,0.0,,,,,,0.0,,,,,,0.0,,,,,,1.0,,,,,,1.0,,,,,,1.0,,,,,,1.0,,,,Q3'25,0.0,0.0,0.9089655172413792,0.0,0.0,0.0,0.0,0.0,0.0,0.7786017922794117,0.0,0.0,0.0,0.0,0.0,0.0,,,,0.0,0.0,,0.0,0.0,,,0.0,0.0,0.0,0.0,0.0,0.0,0.0,0.0,0.0,0.0,0.0,0.0,0.0,0.0,,0.0,,0.0,,0.7784658394607843,0.0,0.0,0.0,0.7788057215073529,0.0,0.0,,0.0,,0.0,0.0,0.0,0.0,0.0,0.0,0.0,0.0,0.0,0.0,0.0,,0.0,0.0,,
2029,Q1_Jul'25###40612Z+TiN+vt3Bkm4kKH2faFyg==,40612Z+TiN+vt3Bkm4kKH2faFyg==,Q1,Vietcombank,36-45,Jul'25,Q3'25,Offline,Female,Ha Noi,MAFF,Vietcombank,VPBank,,,,,Vietcombank,,MBBank,MSB,Vietinbank,Techcombank,ACB,BIDV,,,10.0,Ngân hàng uy tín và là ngân hàng nhận lương của tôi hàng tháng,Không có,10,"Ứng dụng vào nhanh không hay bị lỗi, khi tôi chuyển tiền không mất nhiều thao tác thực hiện.",4,5,4,5,4,5, I do not use this bank product, I do not use this bank product,4, I do not use this bank product, I do not use this bank product, I do not use this bank product,4.0,Terms deposit,Không có,5,Not use in recent 1 month,Not use in recent 1 month,Not use in recent 1 month,4,4.0,ATM,Quanh nhà tôi có ít cây rút tiền của Vietcombank,10.0,9.0,10.0,10.0,9.0,10.0,,,,,Vietcombank,Vietcombank,Vietcombank,Vietcombank,Vietcombank,Vietcombank,Vietcombank,Vietcombank,,,0.0,,,,,,0.0,,,,,,0.0,,,,,,0.0,,,,,,1.0,,,,,,1.0,,,,,,1.0,,,,,,1.0,,,,,,1.0,,,,,,1.0,,,,,,1.0,,,,,,1.0,,,,Q3'25,0.0,0.0,0.0,0.9090322580645162,0.0,0.0,0.0,0.0,0.0,0.0,0.0,0.7786916593968096,0.0,0.0,0.0,0.0,,,,0.0,0.0,,0.0,0.0,,,0.0,0.0,0.0,0.0,0.0,0.0,0.0,0.0,0.0,0.0,0.0,0.0,0.0,0.0,,0.0,,0.0,,0.0,0.0,0.0,0.0,0.0,0.0,0.0,,0.0,,0.0,0.0,0.7786094877219756,0.0,0.0,0.0,0.0,0.0,0.0,0.0,0.0,,0.0,0.0,,
2030,Q1_Jul'25###40613ZlTPPBZ76tSmg0sQASn5Ow==,40613ZlTPPBZ76tSmg0sQASn5Ow==,Q1,Vietcombank,36-45,Jul'25,Q3'25,Offline,Female,Ho Chi Minh,AFF,Vietcombank,,,,,,Vietcombank,,MSB,Vietinbank,Techcombank,ACB,BIDV,MBBank,VPBank,,10.0,"Ngân hàng lâu đời nên phổ biến có nhiều người dùng
Nhân viên giao dịch nói chuyện với khách hàng lịch sự,",Không có,9,"Chuyển khoản liên ngân hàng nhanh chóng, không tốn phí chuyển khoản, hạn mức chuyển khoản cao",5,4,5,5,4,5,5, I do not use this bank product,5, I do not use this bank product, I do not use this bank product, I do not use this bank product,,,,5,Not use in recent 1 month,4,Not use in recent 1 month,4,4.0,ATM,ATM thường hay hết tiền,10.0,10.0,10.0,10.0,9.0,9.0,Vietcombank,Vietcombank,Vietcombank,Vietcombank,,,,,Vietcombank,Vietcombank,Vietcombank,Vietcombank,,,1.0,,,,,,1.0,,,,,,1.0,,,,,,1.0,,,,,,0.0,,,,,,0.0,,,,,,0.0,,,,,,0.0,,,,,,1.0,,,,,,1.0,,,,,,1.0,,,,,,1.0,,,,Q3'25,0.0,0.0,0.0,0.9090322580645162,0.0,0.0,0.0,0.0,0.0,0.0,0.0,0.7786916593968096,0.0,0.0,0.0,0.0,,,,0.0,0.0,,0.0,0.0,,,0.0,0.0,0.0,0.0,0.0,0.0,0.0,0.0,0.0,0.0,0.0,0.0,0.0,0.0,,0.0,,0.0,,0.0,0.0,0.0,0.0,0.0,0.0,0.7784658394607843,,0.0,,0.0,0.0,0.7786094877219756,0.0,0.0,0.0,0.0,0.0,0.0,0.0,0.0,,0.0,0.0,,
2031,Q1_Jul'25###40614fROMn+pKT+ozmztmqYumWA==,40614fROMn+pKT+ozmztmqYumWA==,Q1,Vietcombank,46-55,Jul'25,Q3'25,Offline,Male,Ho Chi Minh,AFF,Techcombank,Vietcombank,,,,,Vietcombank,,Vietinbank,ACB,BIDV,MBBank,VPBank,MSB,,,8.0,Bảo mật thông tin khách hàng khỏi các nguy cơ tấn công mạng,,8,Cải thiện tốc độ và tính năng của ứng dụng để người dùng tốt hơn,5,4,4,5,4,4,5, I do not use this bank product,5, I do not use this bank product,5, I do not use this bank product,4.0,Debit,Cần tăng cường bảo mật cao cho khách hàng,5,5,5,4,4,4.0,ATM,Nên thiết kế giao diện ATM đơn giản dễ hiểu cho những người dùng lớn tuổi để sử dụng,8.0,8.0,9.0,10.0,10.0,9.0,Vietcombank,Vietcombank,Vietcombank,Vietcombank,,,,,Vietcombank,Vietcombank,Vietcombank,Vietcombank,,,1.0,,,,,,1.0,,,,,,1.0,,,,,,1.0,,,,,,0.0,,,,,,0.0,,,,,,0.0,,,,,,0.0,,,,,,1.0,,,,,,1.0,,,,,,1.0,,,,,,1.0,,,,Q3'25,0.0,0.9090625,0.0,0.0,0.0,0.0,0.0,0.0,1.787700617283951,0.0,0.0,0.0,0.0,0.0,0.0,0.0,,,,0.0,0.0,,0.0,0.0,,,0.0,0.0,0.0,0.0,0.0,0.0,0.0,0.0,0.0,0.0,0.0,0.0,1.787700617283951,0.0,,0.0,,0.0,,0.0,0.0,0.0,0.0,0.0,0.0,0.0,,0.0,,0.0,0.0,0.0,0.0,0.0,0.0,0.0,0.0,0.0,0.0,0.0,,0.0,0.0,,
2032,Q1_Jul'25###40615GKKcCmqXNOe2wmocslmOeA==,40615GKKcCmqXNOe2wmocslmOeA==,Q1,BIDV,36-45,Jul'25,Q3'25,Offline,Female,Ho Chi Minh,AFF,BIDV,,,,,,BIDV,,Techcombank,ACB,Vietcombank,MBBank,VPBank,MSB,Vietinbank,,9.0,"Lãi gửi tiền tiết kiệm cao ,phòng giao dịch an ninh tốt yên tâm khi giao dịch .bảo mật thông tin cá nhân khách hàng tốt .",Bãi gửi xe nên có mái che rộng để che cho khách tới giao dịch .,9,"Các chức năng sắp xếp dễ nhìn .chuyển khoản nhanh ,an toàn .",5,4,4,4,5,4,4, I do not use this bank product,5, I do not use this bank product,4, I do not use this bank product,4.0,Secured Loan,Cần vay vốn gấp thủ tục vay còn phải chờ xét duyệt lâu .,4,Not use in recent 1 month,Not use in recent 1 month,Not use in recent 1 month,5,4.0,Branch,Bãi giữ xe nắng không có mái che cho khách .,8.0,9.0,10.0,8.0,9.0,10.0,BIDV,BIDV,BIDV,BIDV,,,,,BIDV,BIDV,BIDV,BIDV,,,,1.0,,,,,,1.0,,,,,,1.0,,,,,,1.0,,,,,,0.0,,,,,,0.0,,,,,,0.0,,,,,,0.0,,,,,,1.0,,,,,,1.0,,,,,,1.0,,,,,,1.0,,,Q3'25,0.0,1.075357142857143,0.0,0.0,1.075217391304348,0.0,0.0,1.009468443627451,0.0,0.0,0.0,0.0,0.0,1.0096556843891402,0.0,0.0,,,,,0.0,0.0,,0.0,0.0,0.0,0.0,0.0,,0.0,0.0,0.0,,0.0,,0.0,0.0,1.0098161764705882,,,,,,,,0.0,0.0,0.0,0.0,0.0,0.0,0.0,,0.0,0.0,0.0,,0.0,,0.0,,0.0,0.0,1.0092945772058823,0.0,0.0,0.0,0.0,0.0,,
2033,Q1_Jul'25###40616jsUBZ2QHjfQTBfAnPvwFfw==,40616jsUBZ2QHjfQTBfAnPvwFfw==,Q1,Vietcombank,46-55,Jul'25,Q3'25,Offline,Female,Ho Chi Minh,AFF,ACB,Vietcombank,,,,,Vietcombank,,BIDV,MBBank,VPBank,MSB,Vietinbank,Techcombank,,,10.0,Vietcombank luôn giữ chữ tín về tín bảo mẩt cá thông tin của khách hàng,Không cần gì cả,10,Ứng dụng có dung lượng thấp không chiếm nhiều bộ nhớ trên điện thoại,5,4,5,4,5,5,5, I do not use this bank product, I do not use this bank product, I do not use this bank product, I do not use this bank product, I do not use this bank product,,,,Not use in recent 1 month,Not use in recent 1 month,Not use in recent 1 month,5,5,,,,9.0,9.0,10.0,9.0,10.0,9.0,Vietcombank,Vietcombank,Vietcombank,Vietcombank,,,,,Vietcombank,Vietcombank,Vietcombank,Vietcombank,,,1.0,,,,,,1.0,,,,,,1.0,,,,,,1.0,,,,,,0.0,,,,,,0.0,,,,,,0.0,,,,,,0.0,,,,,,1.0,,,,,,1.0,,,,,,1.0,,,,,,1.0,,,,Q3'25,0.0,0.9090625,0.0,0.9090322580645162,0.0,0.0,0.0,0.7784998276654411,0.0,0.0,0.0,0.7786916593968096,0.0,0.0,0.0,0.0,,,,0.0,0.0,,0.0,0.0,,,0.0,0.0,0.0,0.0,0.0,0.0,0.0,0.0,0.0,0.0,0.0,0.7785610064338234,0.0,0.0,,0.0,,0.0,,0.0,0.0,0.0,0.0,0.0,0.0,0.0,,0.0,,0.0,0.0,0.7786094877219756,0.0,0.0,0.0,0.0,0.0,0.0,0.0,0.0,,0.0,0.0,,
2034,Q1_Jul'25###40617wXhGg2qGz31NKGo2xi9l/g==,40617wXhGg2qGz31NKGo2xi9l/g==,Q1,Techcombank,46-55,Jul'25,Q3'25,Offline,Female,Ho Chi Minh,AFF,MBBank,Techcombank,,,,,Techcombank,,BIDV,VPBank,MSB,Vietinbank,ACB,Vietcombank,,,10.0,"Nhân viên trẻ trung nhiệt tình với công việc, tiền để ở tài khoản vẫn chỉ động sinh lời",Không có,9,"Rút tiền tại ATM không cần dùng thẻ mà có thể dùng app gởi mã otp để rút tiền.
Lưu theo tên gợi nhớ để dễ chuyển nhận tiền",5,4,5,4,4,4,5, I do not use this bank product,5, I do not use this bank product,4, I do not use this bank product,4.0,Secured Loan,Hạn mức thấp,5,Not use in recent 1 month,5,Not use in recent 1 month,5,,,,9.0,10.0,9.0,10.0,10.0,10.0,Techcombank,Techcombank,Techcombank,Techcombank,,,,,Techcombank,Techcombank,Techcombank,Techcombank,1.0,,,,,,1.0,,,,,,1.0,,,,,,1.0,,,,,,0.0,,,,,,0.0,,,,,,0.0,,,,,,0.0,,,,,,1.0,,,,,,1.0,,,,,,1.0,,,,,,1.0,,,,,,Q3'25,0.0,0.8404444444444444,0.0,0.8403076923076923,0.0,0.0,0.0,0.9004641544117645,0.0,0.0,,0.9005503393665156,,0.0,0.0,0.0,,,,0.0,,0.0,,0.0,,0.0,,0.0,,0.0,,0.0,,0.900220588235294,,0.0,,0.0,0.0,0.0,,,,0.0,,0.0,,0.0,,0.0,,0.9009350490196076,,0.0,,0.0,,0.0,,0.9002205882352939,,0.0,0.0,0.0,,,,0.0,0.0,,
2035,Q1_Jul'25###40618Fr47Lfs+btozdWW9rjl7yA==,40618Fr47Lfs+btozdWW9rjl7yA==,Q1,BIDV,36-45,Jul'25,Q3'25,Offline,Female,Ho Chi Minh,AFF,BIDV,ACB,,,,,BIDV,,MBBank,VPBank,MSB,Vietinbank,Techcombank,Vietcombank,,,9.0,Ngân hàng bidv có nhiều hoạt động vì cộng đồng,Không có,9,Dễ dàng thực hiện giao dịch mọi lúc mọi nơi,5,5,5,5,4,5,5, I do not use this bank product, I do not use this bank product, I do not use this bank product, I do not use this bank product, I do not use this bank product,,,,Not use in recent 1 month,Not use in recent 1 month,Not use in recent 1 month,Not use in recent 1 month,5,,,,10.0,9.0,10.0,9.0,10.0,10.0,BIDV,BIDV,BIDV,BIDV,,,,,BIDV,BIDV,BIDV,BIDV,,,,1.0,,,,,,1.0,,,,,,1.0,,,,,,1.0,,,,,,0.0,,,,,,0.0,,,,,,0.0,,,,,,0.0,,,,,,1.0,,,,,,1.0,,,,,,1.0,,,,,,1.0,,,Q3'25,0.0,0.0,0.0,1.0751923076923076,0.0,0.0,0.0,0.0,0.0,0.0,0.0,1.0095707179930795,0.0,0.0,0.0,0.0,,,,,0.0,0.0,,0.0,0.0,0.0,0.0,0.0,,0.0,0.0,0.0,,0.0,,0.0,0.0,0.0,,,,,,,,0.0,0.0,0.0,0.0,0.0,0.0,0.0,,0.0,0.0,0.0,,1.0095416505417958,,0.0,,0.0,0.0,0.0,0.0,0.0,0.0,0.0,0.0,,
2036,Q1_Jul'25###40619G9c4UlsmTjXsAQ6rCjb/dA==,40619G9c4UlsmTjXsAQ6rCjb/dA==,Q1,ACB,25-35,Jul'25,Q3'25,Offline,Female,Ha Noi,AFF,ACB,,,,,,ACB,,Vietinbank,Techcombank,Vietcombank,BIDV,MBBank,VPBank,,,10.0,"Nhân viên quầy ngân hàng chuyên nghiệp , giao dịch nhanh , ngân hàng có uy tín , lãi suất tiền gửi cao hơn so với các ngân hàng khác",Không,9,"Giao diện app dễ thực hiện , lệnh chuyển tiền đơn giản , không nhiều bước , chuyển khoản nhanh , bảo mật",4,5,4,5,5,5, I do not use this bank product, I do not use this bank product,5, I do not use this bank product, I do not use this bank product, I do not use this bank product,,,,5,Not use in recent 1 month,5,Not use in recent 1 month,Not use in recent 1 month,,,,9.0,8.0,10.0,9.0,9.0,10.0,Missing lable,ACB,ACB,Missing lable,,,,,ACB,ACB,ACB,ACB,,0.0,,,,,,1.0,,,,,,1.0,,,,,,0.0,,,,,,0.0,,,,,,0.0,,,,,,0.0,,,,,,0.0,,,,,,1.0,,,,,,1.0,,,,,,1.0,,,,,,1.0,,,,,Q3'25,0.0,0.0,1.0870967741935484,1.087,1.0868421052631578,0.0,0.0,0.0,0.0,1.140092545638945,0.0,1.140092545638945,0.0,1.1402627595155708,0.0,0.0,,,,0.0,,0.0,,0.0,0.0,0.0,,0.0,0.0,0.0,0.0,0.0,,0.0,0.0,0.0,,0.0,,0.0,,0.0,,0.0,,1.1398514093137253,0.0,0.0,,0.0,0.0,0.0,0.0,0.0,,0.0,,1.140069939108456,0.0,1.1398514093137253,,0.0,0.0,1.1407255284926467,0.0,,,0.0,0.0,,
2037,Q1_Jul'25###40620PygvpWG0FAv69bcuHzimyw==,40620PygvpWG0FAv69bcuHzimyw==,Q1,Vietcombank,25-35,Jul'25,Q3'25,Offline,Female,Ha Noi,AFF,Vietcombank,,,,,,Vietcombank,,Techcombank,ACB,BIDV,MBBank,VPBank,MSB,Vietinbank,,9.0,Là một ngân hàng có nền tảng rất tốt . Ngân hàng uy tín nổi tiếng được bạn bè tôi sử dụng rất nhiều,Không có,10,"Ứng dụng đẹp , dễ dàng tìm các tính năng trên app để sử dụng",5,4,5,5,4, I do not use this bank product,5, I do not use this bank product, I do not use this bank product, I do not use this bank product, I do not use this bank product, I do not use this bank product,,,,5,Not use in recent 1 month,Not use in recent 1 month,4,Not use in recent 1 month,4.0,Fanpage,"Thông tin chỉ là phần tóm tắt, không cụ thể  nên chưa hoàn toàn hài lòng ",10.0,9.0,10.0,9.0,10.0,9.0,Techcombank,Vietcombank,Vietcombank,Vietcombank,,,,,MBBank,Techcombank,Vietcombank,Techcombank,,,0.0,,,,,,1.0,,,,,,1.0,,,,,,1.0,,,,,,0.0,,,,,,0.0,,,,,,0.0,,,,,,0.0,,,,,,0.0,,,,,,0.0,,,,,,1.0,,,,,,0.0,,,,Q3'25,0.0,0.0,0.0,0.9090322580645162,0.0,0.0,0.0,0.0,0.0,0.0,0.0,0.7786916593968096,0.0,0.0,0.0,0.0,,,,0.0,0.0,,0.0,0.0,,,0.0,0.0,0.0,0.0,0.0,0.0,0.0,0.0,0.0,0.0,0.0,0.0,0.0,0.0,,0.0,,0.0,,0.0,0.0,0.0,0.0,0.0,0.0,0.0,,0.0,,0.0,0.0,0.7786094877219756,0.0,0.0,0.0,0.0,0.0,0.0,0.0,0.0,,0.0,0.0,,
2038,Q1_Jul'25###406212dg5BYWJ8taQmv9sP5/cdw==,406212dg5BYWJ8taQmv9sP5/cdw==,Q1,ACB,25-35,Jul'25,Q3'25,Offline,Female,Ha Noi,MAFF,ACB,,,,,,ACB,,_99,,,,,,,,9.0,Giao dịch nhanh chóng. Nhiều lớp bảo mật tài khoản nên tôi cảm thấy an tâm khi thực hiện giao dịch,Không có,9,"Giao diện app thân thiện dễ sử dụng, thông báo số dư nhanh",4,4,4,5,5,4, I do not use this bank product, I do not use this bank product, I do not use this bank product, I do not use this bank product, I do not use this bank product, I do not use this bank product,4.0,Debit,Mất phí giao dịch khi rút tiền bằng thẻ ở ATM,Not use in recent 1 month,Not use in recent 1 month,Not use in recent 1 month,5,4,4.0,ATM,Vị trí hơi xa nơi sinh sống,9.0,9.0,10.0,10.0,9.0,10.0,,,,,ACB,ACB,ACB,ACB,ACB,ACB,ACB,ACB,,0.0,,,,,,0.0,,,,,,0.0,,,,,,0.0,,,,,,1.0,,,,,,1.0,,,,,,1.0,,,,,,1.0,,,,,,1.0,,,,,,1.0,,,,,,1.0,,,,,,1.0,,,,,Q3'25,0.0,1.0867857142857142,1.0870967741935484,0.0,0.0,0.0,0.0,1.1402399067265794,0.0,1.140092545638945,0.0,0.0,0.0,0.0,0.0,0.0,,,,0.0,,0.0,,0.0,0.0,0.0,,0.0,0.0,0.0,0.0,0.0,,0.0,0.0,0.0,,1.140487132352941,,0.0,,0.0,,0.0,,1.1398514093137253,0.0,0.0,,0.0,0.0,0.0,0.0,0.0,,0.0,,0.0,0.0,0.0,,0.0,0.0,0.0,0.0,,,0.0,0.0,,
2039,Q1_Jul'25###40622UUSmSszsY3cbhtHVO8r1KA==,40622UUSmSszsY3cbhtHVO8r1KA==,Q1,MBBank,36-45,Jul'25,Q3'25,Offline,Male,Ho Chi Minh,AFF,MBBank,,,,,,MBBank,,Vietcombank,BIDV,VPBank,MSB,Vietinbank,Techcombank,ACB,,10.0,"Thuộc hệ thông quân đội nhà nước việt nam. Ngân hàng lớn , bạn bè tôi dùng nhiều",Không có,9,Thấy ứng dụng này có thể linh hoạt gởi tiết kiệm online và tất toán dễ dàng,5,4,5,4,5,5,5, I do not use this bank product,5, I do not use this bank product, I do not use this bank product, I do not use this bank product,,,,4,Not use in recent 1 month,Not use in recent 1 month,Not use in recent 1 month,5,4.0,Branch,Giao dịch tại ngân hàng chờ lâu,10.0,9.0,10.0,10.0,9.0,10.0,MBBank,MBBank,MBBank,MBBank,,,,,MBBank,MBBank,MBBank,MBBank,,,,,1.0,,,,,,1.0,,,,,,1.0,,,,,,1.0,,,,,,0.0,,,,,,0.0,,,,,,0.0,,,,,,0.0,,,,,,1.0,,,,,,1.0,,,,,,1.0,,,,,,1.0,,Q3'25,0.0,0.0,0.0,1.0416363636363637,0.0,0.0,0.0,0.0,0.0,0.0,0.0,1.0595873579545456,,0.0,0.0,0.0,,,,0.0,,0.0,,0.0,,0.0,0.0,0.0,,0.0,0.0,0.0,,0.0,,0.0,0.0,0.0,,,0.0,0.0,,0.0,,0.0,,0.0,,0.0,0.0,0.0,,0.0,,0.0,,1.0596595341642756,,0.0,,0.0,,0.0,0.0,0.0,0.0,0.0,,,
2040,Q1_Jul'25###40623sO4gAGIfdhvMp1FTeuu3xQ==,40623sO4gAGIfdhvMp1FTeuu3xQ==,Q1,MBBank,36-45,Jul'25,Q3'25,Offline,Male,Ho Chi Minh,AFF,MBBank,Techcombank,,,,,MBBank,,BIDV,VPBank,MSB,Vietinbank,ACB,Vietcombank,,,9.0,Nhân viên tại các chi nhanh ngân hàng đều vui vẻ khi tiếp đón khách hàng,Không cần,9,Dễ thực hiện giao dịch tài chính cá nhân và ứng dụng có thể thanh toán các hoa đơn,5,4,5,5,5,5,5, I do not use this bank product, I do not use this bank product, I do not use this bank product, I do not use this bank product, I do not use this bank product,,,,5,Not use in recent 1 month,Not use in recent 1 month,Not use in recent 1 month,5,,,,9.0,9.0,10.0,8.0,9.0,9.0,MBBank,MBBank,MBBank,MBBank,,,,,MBBank,MBBank,MBBank,MBBank,,,,,1.0,,,,,,1.0,,,,,,1.0,,,,,,1.0,,,,,,0.0,,,,,,0.0,,,,,,0.0,,,,,,0.0,,,,,,1.0,,,,,,1.0,,,,,,1.0,,,,,,1.0,,Q3'25,0.0,0.0,0.0,1.0416363636363637,0.0,0.0,0.0,0.0,0.0,0.0,0.0,1.0595873579545456,,0.0,0.0,0.0,,,,0.0,,0.0,,0.0,,0.0,0.0,0.0,,0.0,0.0,0.0,,0.0,,0.0,0.0,0.0,,,0.0,0.0,,0.0,,0.0,,0.0,,0.0,0.0,1.0596181832107845,,0.0,,0.0,,0.0,,0.0,,0.0,,0.0,0.0,0.0,0.0,0.0,,,
2041,Q1_Jul'25###40624GzbqsdWMoL+P8b6pQu9tlA==,40624GzbqsdWMoL+P8b6pQu9tlA==,Q1,ACB,36-45,Jul'25,Q3'25,Offline,Female,Ha Noi,AFF,ACB,,,,,,ACB,,MBBank,VPBank,MSB,Vietinbank,Techcombank,Vietcombank,BIDV,,10.0,Nhân viên duchj vụ rất chuyên nghiệp xử lý giao dịch nhanh,Không,9,Ứng dụng có tính bảo mật cao tôi thấy dễ sử dụng,5,4,5,4,4,5,4, I do not use this bank product,5, I do not use this bank product, I do not use this bank product, I do not use this bank product,4.0,Credit card,Tôi không rút được toàn bộ hạn mức tín dụng,5,Not use in recent 1 month,Not use in recent 1 month,Not use in recent 1 month,4,4.0,ATM,Máy atm đôi lúc bị lỗi không rút được tiền,10.0,10.0,9.0,9.0,9.0,9.0,MBBank,Techcombank,ACB,ACB,,,,,Techcombank,ACB,Vietinbank,Techcombank,,0.0,,,,,,0.0,,,,,,1.0,,,,,,1.0,,,,,,0.0,,,,,,0.0,,,,,,0.0,,,,,,0.0,,,,,,0.0,,,,,,1.0,,,,,,0.0,,,,,,0.0,,,,,Q3'25,0.0,0.0,1.0870967741935484,1.087,0.0,0.0,0.0,0.0,0.0,1.140092545638945,0.0,1.140092545638945,0.0,0.0,0.0,0.0,,,,0.0,,0.0,,0.0,0.0,0.0,,0.0,0.0,0.0,0.0,0.0,,0.0,0.0,0.0,,0.0,,0.0,,0.0,,0.0,,1.1398514093137253,0.0,0.0,,0.0,0.0,0.0,0.0,0.0,,0.0,,0.0,0.0,1.1398514093137253,,0.0,0.0,0.0,0.0,,,0.0,0.0,,
2042,Q1_Jul'25###40625VnvVhG4UJCtISxsTKFAyvw==,40625VnvVhG4UJCtISxsTKFAyvw==,Q1,ACB,25-35,Jul'25,Q3'25,Offline,Female,Ha Noi,AFF,ACB,,,,,,ACB,,MSB,Vietinbank,Techcombank,Vietcombank,BIDV,MBBank,VPBank,,9.0,Ngân hàng có tiếng về chất lượng phục vụ khách hàng được nhiều người biết đến,Không,10,App dễ dùng không bị lỗi,5,5,4,5,4,5,5, I do not use this bank product,4, I do not use this bank product, I do not use this bank product, I do not use this bank product,4.0,Terms deposit,Không có nhiều quà tặng khi gửi gói mệnh giá cao trên 1 tỷ,5,Not use in recent 1 month,Not use in recent 1 month,Not use in recent 1 month,5,,,,9.0,10.0,9.0,9.0,10.0,9.0,ACB,Techcombank,ACB,BIDV,,,,,Vietcombank,MBBank,ACB,ACB,,1.0,,,,,,0.0,,,,,,1.0,,,,,,0.0,,,,,,0.0,,,,,,0.0,,,,,,0.0,,,,,,0.0,,,,,,0.0,,,,,,0.0,,,,,,1.0,,,,,,1.0,,,,,Q3'25,0.0,0.0,0.0,1.087,0.0,0.0,0.0,0.0,0.0,0.0,0.0,1.140092545638945,0.0,0.0,0.0,0.0,,,,0.0,,0.0,,0.0,0.0,0.0,,0.0,0.0,0.0,0.0,0.0,,0.0,0.0,0.0,,0.0,,0.0,,0.0,,0.0,,0.0,0.0,0.0,,0.0,0.0,0.0,0.0,1.139152113970588,,0.0,,1.140069939108456,0.0,0.0,,0.0,0.0,0.0,0.0,,,0.0,0.0,,
2043,Q1_Jul'25###406268xKziUmsoQtFhl3cG5s+Jw==,406268xKziUmsoQtFhl3cG5s+Jw==,Q1,Vietcombank,36-45,Jul'25,Q3'25,Offline,Male,Ho Chi Minh,AFF,Vietcombank,,,,,,Vietcombank,,Vietinbank,Techcombank,ACB,BIDV,MBBank,VPBank,MSB,,10.0,"Ngân hàng lớn có chi nhánh rộng khắp cả nước
Thủ tục mở thẻ nhanh chóng dễ dàng",Không cần,10,Giao diện tiện lợi dễ sử dụng có đẩy đủ tính năng thanh toán và chuyển tiền,5,5,4,5,4,4, I do not use this bank product,5,5, I do not use this bank product, I do not use this bank product, I do not use this bank product,4.0,Debit,Thời gian chờ lấy thẻ lâu,Not use in recent 1 month,Not use in recent 1 month,Not use in recent 1 month,Not use in recent 1 month,5,,,,10.0,10.0,10.0,9.0,10.0,10.0,Vietcombank,Vietcombank,Vietcombank,Vietcombank,,,,,Vietcombank,Vietcombank,Vietcombank,Vietcombank,,,1.0,,,,,,1.0,,,,,,1.0,,,,,,1.0,,,,,,0.0,,,,,,0.0,,,,,,0.0,,,,,,0.0,,,,,,1.0,,,,,,1.0,,,,,,1.0,,,,,,1.0,,,,Q3'25,0.9091666666666666,0.0,0.9089655172413792,0.9090322580645162,0.0,0.7784998276654411,0.0,0.0,0.0,0.7786017922794117,0.0,0.7786916593968096,0.0,0.0,0.0,0.0,,,,0.0,0.0,,0.0,0.0,,,0.0,0.0,0.0,0.7788465073529411,0.0,0.0,0.0,0.0,0.0,0.0,0.0,0.0,0.0,0.0,,0.0,,0.0,,0.0,0.0,0.7794175091911765,0.0,0.0,0.0,0.0,,0.0,,0.0,0.0,0.7786094877219756,0.0,0.0,0.0,0.0,0.0,0.0,0.0,0.0,,0.0,0.0,,
2044,Q1_Jul'25###406279+JZPgIapbMPfBAR04abag==,406279+JZPgIapbMPfBAR04abag==,Q1,Techcombank,25-35,Jul'25,Q3'25,Offline,Male,Ha Noi,MAFF,Techcombank,,,,,,Techcombank,,ACB,Vietcombank,BIDV,MBBank,VPBank,MSB,Vietinbank,,10.0,"Ngân hàng uy tín lâu năm, có nhiều sản phẩm tài chính đa dạng phù hợp nhiều người",Không có,10,"Ít gặp lỗi khi chuyển tiền, tự động sinh lời từ số dư an toàn và tiện lợi",5,4,5,4,5, I do not use this bank product, I do not use this bank product, I do not use this bank product,5, I do not use this bank product, I do not use this bank product, I do not use this bank product,,,,Not use in recent 1 month,Not use in recent 1 month,Not use in recent 1 month,5,Not use in recent 1 month,,,,9.0,9.0,10.0,10.0,9.0,10.0,,,,,Techcombank,Techcombank,Techcombank,Techcombank,Techcombank,Techcombank,Techcombank,Techcombank,0.0,,,,,,0.0,,,,,,0.0,,,,,,0.0,,,,,,1.0,,,,,,1.0,,,,,,1.0,,,,,,1.0,,,,,,1.0,,,,,,1.0,,,,,,1.0,,,,,,1.0,,,,,,Q3'25,0.0,0.8404444444444444,0.0,0.8403076923076923,0.0,0.0,0.0,0.9004641544117645,0.0,0.0,,0.9005503393665156,,0.0,0.0,0.0,,,,0.0,,0.0,,0.0,,0.0,,0.0,,0.0,,0.0,,0.0,,0.9006865409207159,,0.0,0.0,0.0,,,,0.0,,0.0,,0.0,,0.0,,0.0,,0.0,,0.0,,0.9006766270337921,,0.0,,0.0,0.0,0.0,,,,0.0,0.0,,
2045,Q1_Jul'25###40628qLUdUKQSwlrG+ezVBh9BLg==,40628qLUdUKQSwlrG+ezVBh9BLg==,Q1,Techcombank,25-35,Jul'25,Q3'25,Offline,Female,Ha Noi,AFF,Techcombank,,,,,,Techcombank,,ACB,Vietcombank,BIDV,MBBank,VPBank,MSB,Vietinbank,,10.0,"Không bị lỗi khi giao dịch . Được nhiều người sử dụng nhiều chỗ liên kết được chiết khâu .
Lãi xuất vậy phù hợp",Không,9,Không  bị lỗi khi giao dịch. Nhận chuyển tiên nhanh dễ sử dụng . Thanh toán nhiều dịch vụ  tiện như tiền nước tiền điện,4,5,4,5,5,4,4,5, I do not use this bank product, I do not use this bank product,5, I do not use this bank product,4.0,Debit,"Liên kết thanh toàn có chiết khấu cao . 
Thời gian đáo hạn hợp lý",5,Not use in recent 1 month,Not use in recent 1 month,4,5,4.0,Fanpage,Đăng thông tin hữu ích .dễ hiểu gúp người dùng nằm được thông tin dễ dàng,9.0,10.0,9.0,8.0,9.0,10.0,Techcombank,Techcombank,Techcombank,Techcombank,,,,,Techcombank,Techcombank,Techcombank,Techcombank,1.0,,,,,,1.0,,,,,,1.0,,,,,,1.0,,,,,,0.0,,,,,,0.0,,,,,,0.0,,,,,,0.0,,,,,,1.0,,,,,,1.0,,,,,,1.0,,,,,,1.0,,,,,,Q3'25,0.8404,0.0,0.0,0.8403076923076923,0.8402777777777778,0.9006671262254901,0.0,0.0,0.0,0.0,,0.9005503393665156,,0.900555491727941,0.0,0.900220588235294,,,,0.0,,0.0,,0.0,,0.0,,0.0,,0.0,,0.0,,0.0,,0.0,,0.0,0.0,0.0,,,,0.0,,0.0,,0.0,,0.0,,0.0,,0.0,,0.0,,0.9006766270337921,,0.0,,0.0,0.0,0.9002205882352939,,,,0.900220588235294,0.0,,
2046,Q1_Jul'25###40629WCo3Xa2gGBwHutY8jYHN5Q==,40629WCo3Xa2gGBwHutY8jYHN5Q==,Q1,MBBank,36-45,Jul'25,Q3'25,Offline,Female,Ha Noi,AFF,MBBank,Techcombank,,,,,MBBank,,Vietcombank,BIDV,VPBank,MSB,Vietinbank,ACB,,,10.0,"Là ngân hàng quân đội uy tín tốt nhất tại việt nam, ứng dụng công nghệ hiện đại.",Không có,9,"Giao diện dễ sử dụng, bảo mật cao, có nhiều tính năng tiện ích. Có nhiều ưu đãi tích điểm đổi quà.",5,4,5,4,4, I do not use this bank product,4, I do not use this bank product,4, I do not use this bank product, I do not use this bank product, I do not use this bank product,4.0,Terms deposit,"Lãi suất hấp dẫn, tính bảo mật cao.",4,Not use in recent 1 month,Not use in recent 1 month,Not use in recent 1 month,Not use in recent 1 month,4.0,Branch,"Đông khách quá, phải chờ đợi lâu.",9.0,9.0,10.0,9.0,9.0,10.0,MBBank,MBBank,MBBank,Missing lable,,,,,MBBank,MBBank,MBBank,MBBank,,,,,1.0,,,,,,1.0,,,,,,1.0,,,,,,0.0,,,,,,0.0,,,,,,0.0,,,,,,0.0,,,,,,0.0,,,,,,1.0,,,,,,1.0,,,,,,1.0,,,,,,1.0,,Q3'25,1.041777777777778,0.0,0.0,1.0416363636363637,0.0,1.0596181832107845,0.0,0.0,0.0,0.0,0.0,1.0595873579545456,,0.0,0.0,0.0,,,,0.0,,0.0,,0.0,,1.0599572610294117,0.0,0.0,,0.0,0.0,0.0,,0.0,,0.0,0.0,0.0,,,0.0,0.0,,0.0,,0.0,,0.0,,0.0,0.0,0.0,,0.0,,0.0,,1.0596595341642756,,0.0,,0.0,,0.0,0.0,0.0,0.0,0.0,,,
2047,Q1_Jul'25###406306kKc8uzQuotTedNJDmIU2A==,406306kKc8uzQuotTedNJDmIU2A==,Q1,ACB,36-45,Jul'25,Q3'25,Offline,Male,Ho Chi Minh,AFF,ACB,Vietcombank,,,,,ACB,,BIDV,MBBank,VPBank,MSB,Vietinbank,Techcombank,,,8.0,"Nhân viên giao dịch tại ngân hàng thực hiện giao dịch lâu, nên thường phải ngồi chờ lâu",,9,Xác thực 2 lớp đề phòng việc chọn nhầm tên người nhận hoặc số tiền. Bảo mật tốt,4,5,4,4,3,4,5, I do not use this bank product,5, I do not use this bank product, I do not use this bank product, I do not use this bank product,4.0,Debit,Chuyển cùng hệ thống ngân hàng cũng bị mất phí.,4,Not use in recent 1 month,Not use in recent 1 month,Not use in recent 1 month,5,4.0,Branch,Nhân viên thực hiện giao dịch lâu nên thường phải ngồi chờ.,8.0,9.0,9.0,7.0,8.0,8.0,Vietcombank,ACB,ACB,ACB,,,,,ACB,ACB,ACB,Vietcombank,,0.0,,,,,,1.0,,,,,,1.0,,,,,,1.0,,,,,,0.0,,,,,,0.0,,,,,,0.0,,,,,,0.0,,,,,,1.0,,,,,,1.0,,,,,,1.0,,,,,,0.0,,,,,Q3'25,0.0,0.0,1.0870967741935484,0.0,0.0,0.0,0.0,0.0,0.0,0.0,0.7283564814814814,0.0,0.0,0.0,0.0,0.0,,,,0.0,,0.0,,0.0,0.0,0.0,,0.0,0.0,0.0,0.0,0.0,,0.0,0.0,0.0,,0.0,,0.0,,0.0,,0.0,,0.0,0.7317129629629628,0.0,,0.0,0.0,0.0,0.0,0.0,,0.0,,0.0,0.0,0.0,,0.0,0.0,0.0,0.0,,,0.0,0.0,,
2048,Q1_Jul'25###40631AX1fyhpX6E3YKsfYr+7W/Q==,40631AX1fyhpX6E3YKsfYr+7W/Q==,Q1,ACB,36-45,Jul'25,Q3'25,Offline,Female,Ha Noi,AFF,ACB,,,,,,ACB,,MBBank,Vietinbank,Techcombank,Vietcombank,,,,,9.0,"Ngân hàng có bảo mật cao , dịch vụ nhân viên chuyên nghiệp",Không có,10,"App xử dụng có nhiều ứng dụng và tiện ích nhanh ,dịch vụ hoàn tiền khi mua sắm thuận tiện",5,4,4,5,4,4,5, I do not use this bank product, I do not use this bank product, I do not use this bank product, I do not use this bank product, I do not use this bank product,4.0,Debit,Hạn mức đôi khi vẫn bị cao,4,Not use in recent 1 month,4,Not use in recent 1 month,5,4.0,Call Center,Khi cần tư vấn thêm thì nhân viên cần tư vấn nhiệt tình thêm,8.0,9.0,10.0,9.0,9.0,10.0,ACB,ACB,Missing lable,ACB,,,,,ACB,ACB,ACB,ACB,,1.0,,,,,,1.0,,,,,,0.0,,,,,,1.0,,,,,,0.0,,,,,,0.0,,,,,,0.0,,,,,,0.0,,,,,,1.0,,,,,,1.0,,,,,,1.0,,,,,,1.0,,,,,Q3'25,0.0,1.0867857142857142,0.0,1.087,0.0,0.0,0.0,1.1402399067265794,0.0,0.0,0.0,1.140092545638945,0.0,0.0,0.0,0.0,,,,0.0,,0.0,,0.0,0.0,0.0,,0.0,0.0,0.0,0.0,0.0,,0.0,0.0,0.0,,1.140487132352941,,0.0,,0.0,,0.0,,0.0,0.0,0.0,,0.0,0.0,0.0,0.0,0.0,,0.0,,0.0,0.0,1.1398514093137253,,0.0,0.0,0.0,0.0,,,0.0,0.0,,
2049,Q1_Jul'25###40632pGoDJamIXyKW/gu/b+dU2w==,40632pGoDJamIXyKW/gu/b+dU2w==,Q1,BIDV,25-35,Jul'25,Q3'25,Offline,Female,Ha Noi,AFF,BIDV,,,,,,BIDV,,VPBank,Vietinbank,Techcombank,ACB,Vietcombank,MBBank,,,9.0,"Có nhiều dịch vụ thanh toán hoá đơn qua app chuyển khoản tiện lợi như thanh toán điện nước , mua vé máy bay , mua vé xem phim tiện lợi",Có thêm nhiều voucher khi thanh toán qua ngân hàng BIDV,10,"Ứng dụng có đa dạng dịch vụ thanh toán như thanh toán hoá đơn điện nước , học phí, mua vé máy bay và xem phim rất tiện lợi nhanh chóng",5,5,4,5,4,5, I do not use this bank product, I do not use this bank product,5, I do not use this bank product,4, I do not use this bank product,4.0,Secured Loan,Tôi hi vọng thủ tục giải ngân sẽ nhanh hơn chỉ khoảng trong 5 ngày,4,Not use in recent 1 month,5,Not use in recent 1 month,Not use in recent 1 month,4.0,Branch,Hơi xa chỗ làm của tôi,10.0,10.0,9.0,9.0,10.0,10.0,BIDV,BIDV,Missing lable,Missing lable,,,,,BIDV,BIDV,BIDV,BIDV,,,,1.0,,,,,,1.0,,,,,,0.0,,,,,,0.0,,,,,,0.0,,,,,,0.0,,,,,,0.0,,,,,,0.0,,,,,,1.0,,,,,,1.0,,,,,,1.0,,,,,,1.0,,,Q3'25,1.075161290322581,0.0,0.0,0.0,0.0,1.009468443627451,0.0,0.0,0.0,0.0,0.0,0.0,0.0,0.0,0.0,0.0,,,,,0.0,1.0139889705882352,,0.0,0.0,0.0,0.0,0.0,,0.0,0.0,0.0,,0.0,,0.0,0.0,0.0,,,,,,,,0.0,0.0,0.0,0.0,0.0,0.0,0.0,,0.0,0.0,0.0,,0.0,,0.0,,0.0,0.0,0.0,0.0,0.0,0.0,0.0,0.0,,
2050,Q1_Jul'25###40633WJkWg+B74WdrB6Lo6YYsvA==,40633WJkWg+B74WdrB6Lo6YYsvA==,Q1,MBBank,36-45,Jul'25,Q3'25,Offline,Female,Ha Noi,AFF,MBBank,,,,,,MBBank,,MSB,Vietinbank,Techcombank,ACB,Vietcombank,BIDV,VPBank,,9.0,"Thủ tục vay dễ dàng  có nhiều gói vay phù hợp 
Nhân viên ngân hàng có tác phong nhanh nhe nhàng hiểu . Giao dịch nhanh không phải chờ đợi lâu",Không,8,giao dịch chuyển tiền đôi khi bị treo nên khi giao dịch nhiều cũng hơi lo lắng ,5,5,5,4,4,5, I do not use this bank product, I do not use this bank product, I do not use this bank product, I do not use this bank product,5, I do not use this bank product,,,,5,Not use in recent 1 month,5,Not use in recent 1 month,4,4.0,ATM,Địa điểm  đặt  atm tiện lợi  dễ nhìn thấy dễ nhận biết . Cây rút dễ không bị lỗi khi giao dich,10.0,9.0,10.0,9.0,10.0,8.0,MBBank,MBBank,MBBank,MBBank,,,,,MBBank,MBBank,MBBank,MBBank,,,,,1.0,,,,,,1.0,,,,,,1.0,,,,,,1.0,,,,,,0.0,,,,,,0.0,,,,,,0.0,,,,,,0.0,,,,,,1.0,,,,,,1.0,,,,,,1.0,,,,,,1.0,,Q3'25,0.0,1.0417241379310345,1.0417857142857143,1.0416363636363637,0.0,0.0,0.0,1.0594298066448804,0.0,1.059550367647059,0.0,1.0595873579545456,,0.0,0.0,0.0,,,,0.0,,0.0,,0.0,,0.0,0.0,0.0,,0.0,0.0,0.0,,0.0,,1.0599572610294117,0.0,0.0,,,0.0,0.0,,0.0,,1.0601833129084968,,1.0593759847689077,,0.0,0.0,0.0,,0.0,,1.0579227941176472,,0.0,,0.0,,0.0,,0.0,0.0,0.0,0.0,0.0,,,
2051,Q1_Jul'25###40634vq5p7Vn0orxcRALxgHLPpw==,40634vq5p7Vn0orxcRALxgHLPpw==,Q1,ACB,25-35,Jul'25,Q3'25,Offline,Female,Ha Noi,AFF,ACB,,,,,,ACB,,Techcombank,Vietcombank,BIDV,MBBank,VPBank,MSB,Vietinbank,,10.0,"Ưu tiên giao dịch khách hàng vip, nhiều chương trình chăm sóc khách hàng vip, thấy được tôn trọng hơn",Không có,10,"Ứng dụng đơn giản , đẹp, dễ nhìn, màu sắc sang trọng",5,4,5,4,5,5,5, I do not use this bank product,5, I do not use this bank product, I do not use this bank product, I do not use this bank product,,,,Not use in recent 1 month,Not use in recent 1 month,Not use in recent 1 month,4,Not use in recent 1 month,4.0,Fanpage,Các thông tin quảng cáo của ngân hàng xuất hiện nhiều trên trang các nhân của tôi nên tôi thấy hơi  nhiều,9.0,9.0,9.0,9.0,9.0,9.0,ACB,ACB,ACB,ACB,,,,,ACB,ACB,ACB,ACB,,1.0,,,,,,1.0,,,,,,1.0,,,,,,1.0,,,,,,0.0,,,,,,0.0,,,,,,0.0,,,,,,0.0,,,,,,1.0,,,,,,1.0,,,,,,1.0,,,,,,1.0,,,,,Q3'25,0.0,0.0,1.0870967741935484,0.0,0.0,0.0,0.0,0.0,0.0,1.140092545638945,0.0,0.0,0.0,0.0,0.0,0.0,,,,0.0,,0.0,,0.0,0.0,0.0,,0.0,0.0,0.0,0.0,0.0,,0.0,0.0,0.0,,0.0,,0.0,,0.0,,0.0,,0.0,0.0,0.0,,1.140120369061086,0.0,0.0,0.0,0.0,,0.0,,0.0,0.0,0.0,,0.0,0.0,0.0,0.0,,,0.0,0.0,,
2052,Q1_Jul'25###40635RhjWGJK3GEkJR5o5b8Elyg==,40635RhjWGJK3GEkJR5o5b8Elyg==,Q1,MBBank,36-45,Jul'25,Q3'25,Offline,Female,Ha Noi,MAFF,MBBank,,,,,,MBBank,,ACB,Vietcombank,BIDV,VPBank,MSB,Vietinbank,Techcombank,,9.0,"Nhân viên ngân hàng chuyên nghiệp, thái độ phục vụ khách hàng tốt và chu đáo",Không có,10,"Ứng dụng mượt mà, chuyển tiền nhanh. Có thể thanh toán nhiều loại hoá đơn dễ dàng tiện lợi",5,4,5,4,5, I do not use this bank product,5, I do not use this bank product, I do not use this bank product, I do not use this bank product, I do not use this bank product, I do not use this bank product,,,,5,Not use in recent 1 month,5,Not use in recent 1 month,Not use in recent 1 month,,,,9.0,9.0,10.0,10.0,9.0,10.0,,,,,MBBank,MBBank,MBBank,MBBank,MBBank,MBBank,MBBank,MBBank,,,,,0.0,,,,,,0.0,,,,,,0.0,,,,,,0.0,,,,,,1.0,,,,,,1.0,,,,,,1.0,,,,,,1.0,,,,,,1.0,,,,,,1.0,,,,,,1.0,,,,,,1.0,,Q3'25,0.0,0.0,0.0,1.0416363636363637,0.0,0.0,0.0,0.0,0.0,0.0,0.0,1.0595873579545456,,0.0,0.0,0.0,,,,0.0,,0.0,,0.0,,0.0,0.0,0.0,,0.0,0.0,0.0,,0.0,,0.0,0.0,0.0,,,0.0,0.0,,0.0,,0.0,,0.0,,0.0,0.0,1.0596181832107845,,0.0,,0.0,,0.0,,1.060465877757353,,0.0,,0.0,0.0,0.0,0.0,0.0,,,
2053,Q1_Jul'25###40636AyIwNiNqxpb6/2rwDbt30A==,40636AyIwNiNqxpb6/2rwDbt30A==,Q1,Vietcombank,36-45,Jul'25,Q3'25,Offline,Female,Ha Noi,AFF,Vietcombank,MBBank,,,,,Vietcombank,,Vietinbank,Techcombank,,,,,,,10.0,Các dịch vụ liên kết Uy tín dễ sử dụng,Không có,9,Ứng dụng ngân hàng số trên mobile tiện lợi giúp khách hàng thực hiện giao dịch nhanh trên điện thoại,5,4,4,5,4,5,4, I do not use this bank product, I do not use this bank product, I do not use this bank product, I do not use this bank product, I do not use this bank product,4.0,Credit card,Thẻ vẫn phân cấp theo người dùng cao phí trả cao khi chi tiêu,Not use in recent 1 month,4,Not use in recent 1 month,Not use in recent 1 month,5,4.0,Telesales,Giờ cao điểm cần gọi phải chờ kết nối không được ngay,9.0,9.0,10.0,9.0,10.0,10.0,Vietcombank,Vietcombank,Vietcombank,Vietcombank,,,,,Vietcombank,Vietcombank,Vietcombank,Vietcombank,,,1.0,,,,,,1.0,,,,,,1.0,,,,,,1.0,,,,,,0.0,,,,,,0.0,,,,,,0.0,,,,,,0.0,,,,,,1.0,,,,,,1.0,,,,,,1.0,,,,,,1.0,,,,Q3'25,0.9091666666666666,0.0,0.0,0.9090322580645162,0.0,0.7784998276654411,0.0,0.0,0.0,0.0,0.0,0.7786916593968096,0.0,0.0,0.0,0.0,,,,0.0,0.0,,0.0,0.0,,,0.0,0.0,0.0,0.0,0.0,0.7794175091911764,0.0,0.0,0.0,0.0,0.0,0.0,0.0,0.0,,0.0,,0.0,,0.0,0.0,0.0,0.0,0.0,0.0,0.0,,0.0,,0.0,0.0,0.7786094877219756,0.0,0.0,0.0,0.0,0.0,0.0,0.0,0.0,,0.0,0.0,,
2054,Q1_Jul'25###40637PbfXcteg4rFY/bkhCJs6Kw==,40637PbfXcteg4rFY/bkhCJs6Kw==,Q1,MBBank,36-45,Jul'25,Q3'25,Offline,Female,Ho Chi Minh,AFF,MBBank,,,,,,MBBank,,VPBank,MSB,Vietinbank,Techcombank,ACB,Vietcombank,BIDV,,10.0,Được chọn số tài khoản thẻ theo yêu cầu. Trụ ATM có thể nạp tiền không cần đến ngân hàng. Tổng đài hoạt động 24/7  giải đáp thắc mắc tận tình,Không cần,10,Ứng dụng có bố cục rõ ràng. Mở được tiết kiệm online. Có smart OPT giúp bảo mật cao,5,5,4,5,5,4,5, I do not use this bank product,5, I do not use this bank product, I do not use this bank product, I do not use this bank product,4.0,Debit,"Thẻ chỉ dùng được trong nước, không thể thanh toán quốc tế",5,Not use in recent 1 month,Not use in recent 1 month,5,5,,,,10.0,9.0,10.0,10.0,9.0,10.0,MBBank,MBBank,MBBank,MBBank,,,,,MBBank,MBBank,MBBank,MBBank,,,,,1.0,,,,,,1.0,,,,,,1.0,,,,,,1.0,,,,,,0.0,,,,,,0.0,,,,,,0.0,,,,,,0.0,,,,,,1.0,,,,,,1.0,,,,,,1.0,,,,,,1.0,,Q3'25,1.041777777777778,1.0417241379310345,0.0,1.0416363636363637,0.0,1.0596181832107845,0.0,1.0594298066448804,0.0,0.0,0.0,1.0595873579545456,,0.0,0.0,0.0,,,,0.0,,0.0,,0.0,,0.0,0.0,1.0596181832107845,,0.0,0.0,1.0593759847689077,,0.0,,0.0,0.0,0.0,,,0.0,1.0591943359375,,0.0,,0.0,,0.0,,0.0,0.0,1.0596181832107845,,0.0,,0.0,,0.0,,0.0,,0.0,,0.0,0.0,0.0,0.0,0.0,,,
2055,Q1_Jul'25###40638+/nbwyhEYhaRhts+u0HeMQ==,40638+/nbwyhEYhaRhts+u0HeMQ==,Q1,ACB,25-35,Jul'25,Q3'25,Offline,Female,Ho Chi Minh,AFF,ACB,,,,,,ACB,,VPBank,Vietinbank,Techcombank,Vietcombank,BIDV,MBBank,,,9.0,"Nhận tiền từ nước ngoài nhanh và an toàn không phát sinh chi phí dịch vụ nào , giao dịch viên tại quầy luôn có thái độ phục vụ nhã nhặn lịch sự",Phòng giao dịch hơi nhỏ mà lúc nào cũng đông khách nên đợi hơi lâu,9,"Được bảo mật cao bằng mã smart key , có thể gửi tiết kiệm online mà không cần ra phòng giao dịch để chờ đợi",5,4,5,5,4,5, I do not use this bank product, I do not use this bank product,5, I do not use this bank product, I do not use this bank product, I do not use this bank product,,,,5,Not use in recent 1 month,Not use in recent 1 month,Not use in recent 1 month,Not use in recent 1 month,,,,10.0,9.0,10.0,9.0,10.0,10.0,ACB,ACB,ACB,ACB,,,,,ACB,ACB,ACB,ACB,,1.0,,,,,,1.0,,,,,,1.0,,,,,,1.0,,,,,,0.0,,,,,,0.0,,,,,,0.0,,,,,,0.0,,,,,,1.0,,,,,,1.0,,,,,,1.0,,,,,,1.0,,,,,Q3'25,0.0,0.0,1.0870967741935484,1.087,1.0868421052631578,0.0,0.0,0.0,0.0,1.140092545638945,0.0,1.140092545638945,0.0,1.1402627595155708,0.0,0.0,,,,0.0,,0.0,,0.0,0.0,0.0,,0.0,0.0,0.0,0.0,0.0,,0.0,0.0,0.0,,0.0,,0.0,,0.0,,0.0,,1.1398514093137253,0.0,0.0,,0.0,0.0,1.1399912683823528,0.0,0.0,,0.0,,0.0,0.0,0.0,,1.1398514093137253,0.0,0.0,0.0,,,0.0,0.0,,
2056,Q1_Jul'25###40639pO3Hu0mPzaFeqAHwbRrrgg==,40639pO3Hu0mPzaFeqAHwbRrrgg==,Q1,MBBank,46-55,Jul'25,Q3'25,Offline,Male,Ho Chi Minh,AFF,MBBank,Techcombank,,,,,MBBank,,MSB,Vietinbank,ACB,Vietcombank,BIDV,VPBank,,,10.0,Đây là ngân hàng của quân đội nên có uy tín cao .yên tâm khi gửi tiền vào ngân hàng .nhiều chi nhánh trên các tuyến đường chính thuận tiện .,Không Có,10,"Thanh toán chi tiêu mua sắm,điện nước ,chuyển khoản qua app tiện lợi , không mất nhiều thời gian",4,4,5,5,5,5, I do not use this bank product, I do not use this bank product,5, I do not use this bank product,5, I do not use this bank product,,,,5,Not use in recent 1 month,Not use in recent 1 month,Not use in recent 1 month,5,,,,10.0,9.0,10.0,9.0,9.0,10.0,MBBank,MBBank,MBBank,MBBank,,,,,MBBank,MBBank,MBBank,MBBank,,,,,1.0,,,,,,1.0,,,,,,1.0,,,,,,1.0,,,,,,0.0,,,,,,0.0,,,,,,0.0,,,,,,0.0,,,,,,1.0,,,,,,1.0,,,,,,1.0,,,,,,1.0,,Q3'25,1.041777777777778,0.0,0.0,1.0416363636363637,0.0,1.0596181832107845,0.0,0.0,0.0,0.0,0.0,1.0595873579545456,,0.0,0.0,0.0,,,,0.0,,0.0,,0.0,,0.0,0.0,0.0,,1.059860381652661,0.0,0.0,,0.0,,0.0,0.0,0.0,,,0.0,0.0,,0.0,,0.0,,0.0,,0.0,0.0,0.0,,0.0,,0.0,,1.0596595341642756,,0.0,,0.0,,0.0,0.0,0.0,0.0,0.0,,,
2057,Q1_Jul'25###406409R9590VZqlfZ7fmbsATfCA==,406409R9590VZqlfZ7fmbsATfCA==,Q1,BIDV,25-35,Jul'25,Q3'25,Offline,Female,Ha Noi,MAFF,BIDV,,,,,,BIDV,,Vietinbank,Techcombank,ACB,Vietcombank,MBBank,VPBank,MSB,,8.0,"Có nhiều sản phẩm tài chính đa dạng hơn, các thủ tục vay và mở thẻ tín dụng đơn giản hơn.",,9,"Liên kết với nhiều ví điện tử, thanh toán online nhanh và tiện lợi",3,4,4,4,5, I do not use this bank product, I do not use this bank product, I do not use this bank product, I do not use this bank product, I do not use this bank product, I do not use this bank product,5,,,,5,Not use in recent 1 month,Not use in recent 1 month,Not use in recent 1 month,Not use in recent 1 month,,,,9.0,10.0,10.0,10.0,9.0,9.0,,,,,BIDV,BIDV,BIDV,BIDV,BIDV,BIDV,BIDV,BIDV,,,,0.0,,,,,,0.0,,,,,,0.0,,,,,,0.0,,,,,,1.0,,,,,,1.0,,,,,,1.0,,,,,,1.0,,,,,,1.0,,,,,,1.0,,,,,,1.0,,,,,,1.0,,,Q3'25,0.0,1.075357142857143,1.0752,0.0,0.0,0.0,0.0,0.0,1.5233333333333332,1.009518119747899,0.0,0.0,0.0,0.0,0.0,0.0,,,,,0.0,0.0,,0.0,0.0,0.0,0.0,0.0,,0.0,0.0,0.0,,0.0,,0.0,1.5233333333333332,0.0,,,,,,,,0.0,0.0,1.0092945772058823,0.0,0.0,0.0,0.0,,0.0,0.0,0.0,,0.0,,0.0,,0.0,0.0,0.0,0.0,0.0,0.0,0.0,0.0,,
2058,Q1_Jul'25###406418iVx24lkykLrlTAJXmwPvA==,406418iVx24lkykLrlTAJXmwPvA==,Q1,BIDV,36-45,Jul'25,Q3'25,Offline,Female,Ha Noi,AFF,BIDV,,,,,,BIDV,,ACB,Vietcombank,MBBank,VPBank,MSB,Vietinbank,Techcombank,,9.0,"Cho vay lãi suất ưu đãi, cạnh tranh , chăm sóc khách hàng tốt",Nhiều cây atm hơn,9,Bảo mật và an toàn cao,4,5,4,4,4,5,5, I do not use this bank product,5, I do not use this bank product,4, I do not use this bank product,4.0,Secured Loan,Phí thanh lý trước hạn hơi cao,5,Not use in recent 1 month,Not use in recent 1 month,Not use in recent 1 month,Not use in recent 1 month,,,,9.0,9.0,10.0,10.0,9.0,9.0,BIDV,BIDV,BIDV,BIDV,,,,,BIDV,BIDV,BIDV,BIDV,,,,1.0,,,,,,1.0,,,,,,1.0,,,,,,1.0,,,,,,0.0,,,,,,0.0,,,,,,0.0,,,,,,0.0,,,,,,1.0,,,,,,1.0,,,,,,1.0,,,,,,1.0,,,Q3'25,0.0,0.0,0.0,1.0751923076923076,1.075217391304348,0.0,0.0,0.0,0.0,0.0,0.0,1.0095707179930795,0.0,1.0096556843891402,0.0,0.0,,,,,0.0,0.0,,0.0,0.0,0.0,0.0,0.0,,0.0,0.0,0.0,,0.0,,0.0,0.0,0.0,,,,,,,,0.0,0.0,0.0,0.0,0.0,0.0,0.0,,1.0092945772058823,0.0,0.0,,0.0,,0.0,,0.0,0.0,0.0,1.0092945772058823,0.0,0.0,0.0,0.0,,
2059,Q1_Jul'25###40642RCyXuR2DVMqYNZaktCW3cg==,40642RCyXuR2DVMqYNZaktCW3cg==,Q1,VPBank,36-45,Jul'25,Q3'25,Offline,Male,Ha Noi,AFF,VPBank,,,,,,VPBank,,Vietcombank,BIDV,MBBank,MSB,Vietinbank,Techcombank,ACB,,9.0,"không phải xếp hàng chờ lâu khi đến phòng giao dịch , xử lý giấy tờ thủ tục nhanh chóng , lãi suất vay thấp và giải ngân nhanh có lợi cho khách hàng",không có,9,"ứng dụng dễ cài đặt , thanh toán được mọi nơi mọi lúc , không phải mang theo tiền mặt khi mua sắm",4,4,5,4,4,4,5, I do not use this bank product,4, I do not use this bank product,5, I do not use this bank product,4.0,Terms deposit,lãi suất gửi tiết kiệm còn hơi thấp,5,Not use in recent 1 month,Not use in recent 1 month,Not use in recent 1 month,5,,,,9.0,10.0,10.0,9.0,9.0,9.0,VPBank,VPBank,VPBank,VPBank,,,,,VPBank,VPBank,VPBank,VPBank,,,,,,1.0,,,,,,1.0,,,,,,1.0,,,,,,1.0,,,,,,0.0,,,,,,0.0,,,,,,0.0,,,,,,0.0,,,,,,1.0,,,,,,1.0,,,,,,1.0,,,,,,1.0,Q3'25,0.0,0.0,1.0203448275862068,0.0,1.0202857142857142,0.0,0.0,0.0,,1.0885710097616632,,0.0,0.0,1.0885472752609109,0.0,0.0,,,,,,0.0,,0.0,0.0,0.0,,0.0,0.0,0.0,,0.0,,0.0,,0.0,,0.0,,0.0,,0.0,,0.0,,1.0889143688725489,,1.088203125,,0.0,,0.0,0.0,0.0,,0.0,0.0,0.0,,0.0,,0.0,0.0,0.0,1.088203125,,0.0,0.0,0.0,,
2060,Q1_Jul'25###40643UjN9/fGDPPUtNLJauBUcSg==,40643UjN9/fGDPPUtNLJauBUcSg==,Q1,VPBank,46-55,Jul'25,Q3'25,Offline,Male,Ho Chi Minh,AFF,VPBank,,,,,,VPBank,,BIDV,MBBank,MSB,Vietinbank,Techcombank,ACB,Vietcombank,,10.0,"Mở tài khoản online dễ dàng, sinh lời tự động từ tiền trong tài khoản, hạn mức chuyển khoản cao giúp tôi dùng thuận tiện hơn",Không có,9,"Hạn mức chuyển khoản trên app trong ngày cao, chuyển nhanh không tốn phí bất cứ khi nào trong ngày chỉ cần có kết nối mạng, chủ động tạo sổ tiết kiệm trên app lãi suất như ra quầy.",5,5,5,4,4,5,5, I do not use this bank product,5, I do not use this bank product, I do not use this bank product, I do not use this bank product,,,,5,Not use in recent 1 month,4,Not use in recent 1 month,5,4.0,Call Center,"Khi gọi lên tới tổng đài thì chờ nối máy lâu, tổng đài thường bận.",10.0,10.0,9.0,10.0,10.0,9.0,VPBank,VPBank,VPBank,VPBank,,,,,VPBank,VPBank,VPBank,VPBank,,,,,,1.0,,,,,,1.0,,,,,,1.0,,,,,,1.0,,,,,,0.0,,,,,,0.0,,,,,,0.0,,,,,,0.0,,,,,,1.0,,,,,,1.0,,,,,,1.0,,,,,,1.0,Q3'25,1.0202941176470588,1.0202777777777776,1.0203448275862068,0.0,0.0,1.0885365205652573,0.0,1.088499476613562,,1.0885710097616632,,0.0,0.0,0.0,0.0,0.0,,,,,,0.0,,0.0,0.0,0.0,,0.0,0.0,0.0,,1.088203125,,1.088203125,,0.0,,0.0,,0.0,,0.0,,0.0,,0.0,,1.088203125,,0.0,,0.0,0.0,0.0,,0.0,0.0,0.0,,0.0,,0.0,0.0,0.0,0.0,,0.0,0.0,0.0,,
2061,Q1_Jul'25###406447372f880-0e97-11f0-b0c0-2b524343edec,406447372f880-0e97-11f0-b0c0-2b524343edec,Q1,Techcombank,22-24,Jul'25,Q3'25,Online,Male,Ha Noi,MAFF,Techcombank,Vietcombank,,,,,Techcombank,,MBBank,Vietinbank,BIDV,,,,,,10.0,Dùng tiện ích nhanh,Khắc phục lỗi thỉnh thoảng bị quá tải,10,Dùng tốt,3,5,4,3,5,5,4,3,4,5,4,5,3.0,Banca,Chưa thực sự tối ưu,4,4,4,4,5,4.0,Telesales,Dùng chưa ổn định lắm,9.0,9.0,10.0,9.0,9.0,9.0,,,,,MBBank,Techcombank,Vietinbank,MBBank,Vietcombank,Techcombank,Vietinbank,Vietinbank,0.0,,,,,,0.0,,,,,,0.0,,,,,,0.0,,,,,,0.0,,,,,,1.0,,,,,,0.0,,,,,,0.0,,,,,,0.0,,,,,,1.0,,,,,,0.0,,,,,,0.0,,,,,,Q3'25,0.0,0.0,0.8402499999999999,0.0,0.0,0.0,0.0,0.0,0.0,0.9004885110294116,,0.0,,0.0,0.0,0.0,,,,0.0,,0.0,,0.0,,0.0,,0.0,,0.0,,0.0,,0.0,,0.0,,0.0,0.0,0.0,,,,0.0,,0.9007846362229102,,0.0,,0.0,,0.0,,0.0,,0.0,,0.0,,0.0,,0.0,0.0,0.0,,,,0.0,0.0,,
2062,Q1_Jul'25###40645cacc9450-f721-11ef-ac1b-753fad02a938,40645cacc9450-f721-11ef-ac1b-753fad02a938,Q1,Techcombank,36-45,Jul'25,Q3'25,Online,Female,Ho Chi Minh,MAFF,Techcombank,ACB,Vietcombank,,,,Techcombank,,BIDV,MBBank,VPBank,MSB,Vietinbank,,,,9.0,De su dung,Tang lai suat tiet kiem,9,De su dung,4,4,3,4,4,3,3,3,3,4,3,4,3.0,Banca,Khong bang cac san pham,4,3,4,4,4,3.0,Telesales,Khong co nhieu uu dai,8.0,8.0,8.0,8.0,8.0,8.0,,,,,Other,Techcombank,Other,Techcombank,Techcombank,Techcombank,Techcombank,Techcombank,0.0,,,,,,0.0,,,,,,0.0,,,,,,0.0,,,,,,0.0,,,,,,1.0,,,,,,0.0,,,,,,1.0,,,,,,1.0,,,,,,1.0,,,,,,1.0,,,,,,1.0,,,,,,Q3'25,0.8404,0.0,0.0,0.0,0.0,0.9006671262254901,0.0,0.0,0.0,0.0,,0.0,,0.0,0.0,0.0,,,,0.0,,0.0,,0.0,,0.0,,0.0,,0.0,,0.900220588235294,,0.0,,0.0,,0.0,0.0,0.0,,,,0.0,,0.0,,0.0,,0.0,,0.0,,0.0,,0.0,,0.0,,0.0,,0.0,0.0,0.0,,,,0.0,0.0,,
2063,Q1_Jul'25###40646o4svjcvq4SJrFuMoXtAplQ==,40646o4svjcvq4SJrFuMoXtAplQ==,Q1,VPBank,36-45,Jul'25,Q3'25,Offline,Male,Ho Chi Minh,AFF,VPBank,,,,,,VPBank,,Vietinbank,Techcombank,ACB,Vietcombank,BIDV,MBBank,MSB,,10.0,Nhân viên trực tổng đài rất lễ phép,Không cần,9,"App vpbank  đăng nhập rất nhanh , có thể chuyển tiền đến tất cả ngân hàng khác",5,5,5,5,5,5,5, I do not use this bank product, I do not use this bank product, I do not use this bank product, I do not use this bank product, I do not use this bank product,,,,Not use in recent 1 month,5,5,5,5,,,,9.0,10.0,10.0,9.0,10.0,10.0,VPBank,VPBank,VPBank,VPBank,,,,,VPBank,VPBank,VPBank,VPBank,,,,,,1.0,,,,,,1.0,,,,,,1.0,,,,,,1.0,,,,,,0.0,,,,,,0.0,,,,,,0.0,,,,,,0.0,,,,,,1.0,,,,,,1.0,,,,,,1.0,,,,,,1.0,Q3'25,0.0,0.0,0.0,1.0203636363636364,0.0,0.0,0.0,0.0,,0.0,,1.088605715871254,0.0,0.0,0.0,0.0,,,,,,0.0,,0.0,0.0,0.0,,0.0,0.0,0.0,,0.0,,0.0,,0.0,,0.0,,0.0,,0.0,,0.0,,0.0,,0.0,,0.0,,1.0889143688725489,0.0,0.0,,0.0,0.0,0.0,,0.0,,0.0,0.0,0.0,0.0,,0.0,0.0,0.0,,
2064,Q1_Jul'25###40647a8TQi5U91HcuilRxyo7MjIlya7/oYe6032c3bRQGMYz032XEPji6qprL7pDWtKc8,40647a8TQi5U91HcuilRxyo7MjIlya7/oYe6032c3bRQGMYz032XEPji6qprL7pDWtKc8,Q1,Techcombank,36-45,Jul'25,Q3'25,Online,Male,Ha Noi,MAFF,Techcombank,BIDV,,,,,Techcombank,BIDV,ACB,Vietcombank,MBBank,VPBank,Vietinbank,,,,9.0,Uy tín chi nhánh rộng khắp dịch vụ khách hàng xử lý nhanh lãi suất tốt cùng các ưu đãi độc quyền,Thời gian chờ tại chi nhánh và ứng dụng kỹ thuật số ổn định bảo mật hơn,8,Ổn định dễ dùng giao diện nhẹ hơn bảo mật hơn,5,4,4,4,4,3,4,4,5,3,3,3,3.0,Unsecured Loan/ Overdraft without Collateral,Lãi suất còn cao so với mặt bằng chung thời gian giải ngân chậm,5,3,4,4,4,3.0,Telesales,Tư vấn bán hàng còn hạn chế chưa phát huy tư vấn thế mạnh của sản phẩm,9.0,8.0,10.0,8.0,9.0,9.0,,,,,Techcombank,Techcombank,Techcombank,ACB,Techcombank,Techcombank,Techcombank,Techcombank,0.0,,,,,,0.0,,,,,,0.0,,,,,,0.0,,,,,,1.0,,,,,,1.0,,,,,,1.0,,,,,,0.0,,,,,,1.0,,,,,,1.0,,,,,,1.0,,,,,,1.0,,,,,,Q3'25,0.8404,0.0,0.8402499999999999,0.8403076923076923,0.8402777777777778,0.9006671262254901,0.0,0.0,0.0,0.9004885110294116,,0.9005503393665156,,0.900555491727941,0.0,0.0,,,,0.0,,0.0,,0.0,,0.0,,0.0,,0.9007077205882351,,0.0,,0.0,,0.0,,0.0,0.0,0.0,,,,0.0,,0.9007846362229102,,0.0,,0.0,,0.0,,0.0,,0.0,,0.9006766270337921,,0.0,,0.0,0.0,0.9002205882352939,,,,0.900220588235294,0.0,,
2065,Q10_Jul'25###40647a8TQi5U91HcuilRxyo7MjIlya7/oYe6032c3bRQGMYz032XEPji6qprL7pDWtKc8,40647a8TQi5U91HcuilRxyo7MjIlya7/oYe6032c3bRQGMYz032XEPji6qprL7pDWtKc8,Q10,BIDV,36-45,Jul'25,Q3'25,Online,Male,Ha Noi,MAFF,Techcombank,BIDV,,,,,Techcombank,BIDV,ACB,Vietcombank,MBBank,VPBank,Vietinbank,,,,9.0,Uy tín dịch vụ khách hàng khá tốt sản phẩm đa dạng giá ưu đãi,Lãi suất cho vay và chiết khấu sản phẩm bảo hiểm tốt hơn,8,Giao diện dễ dùng trực quan chức năng rất khoa học,4,3,2,4,3,3,4,3,4,I do not use this bank product,3,4,3.0,Banca,Giáo cao chiết khấu chưa tốt so với ngân hàng khác,3,3,4,4,4,3.0,Telesales,Nhân viên tư vấn chưa tư vấn nhiệt tình các sản phẩm tốt nhất,8.0,9.0,9.0,9.0,8.0,9.0,,,,,Techcombank,Techcombank,Techcombank,ACB,Techcombank,Techcombank,Techcombank,Techcombank,,,,0.0,,,,,,0.0,,,,,,0.0,,,,,,0.0,,,,,,0.0,,,,,,0.0,,,,,,0.0,,,,,,0.0,,,,,,0.0,,,,,,0.0,,,,,,0.0,,,,,,0.0,,,Q3'25,0.0,1.075357142857143,1.0752,1.0751923076923076,1.075217391304348,0.0,0.0,1.009468443627451,0.0,1.009518119747899,0.0,1.0095707179930795,0.0,1.0096556843891402,0.0,0.0,,,,,0.0,0.0,,0.0,0.0,0.0,0.0,0.0,,0.0,0.0,0.0,,0.0,,1.0096075367647055,0.0,0.0,,,,,,,,0.0,0.0,0.0,0.0,1.0092945772058823,0.0,0.0,,0.0,0.0,0.0,,1.0095416505417958,,0.0,,1.010233455882353,0.0,0.0,0.0,0.0,0.0,0.0,0.0,,
2066,Q1_Jul'25###40648iUoc8iK/mOrWpL3391tgKbsbxJO4lKrOXtDpySInz0w=,40648iUoc8iK/mOrWpL3391tgKbsbxJO4lKrOXtDpySInz0w=,Q1,Vietcombank,36-45,Jul'25,Q3'25,Online,Male,Ho Chi Minh,MAFF,Vietcombank,VPBank,Techcombank,,,,Vietcombank,,ACB,MBBank,,,,,,,9.0,"đây là một ngân hàng có chính sách về lãi suất, tín dụng rõ ràng và không mập mờ với khách hàng",Nếu có các chường trình tiếp thị quảng bá sản phẩm dịch vụ thường xuyên như các ngân hàng tư nhân khác thì sẽ thu hút hơn,9,"Thông tin các mục liên quan đến cá nhân người dùng rõ ràng, nhiều tiện ích hỗ trợ thanh toán các dịch vụ của người dùng",4,5,4,5,4,5,5,4, I do not use this bank product,5,4, I do not use this bank product,4.0,Banca,Do đối tác bảo hiểm có thương hiệu nhận biết ít phổ biến hơn so với các bảo hiểm của các ngân hàng tư nhân khác liên kết,3,4,4,Not use in recent 1 month,4,3.0,Branch,Thời gian chờ đợi xếp hàng đến lượt hơi lâu vào khung đầu giờ sáng và chiều,9.0,6.0,9.0,9.0,9.0,9.0,,,,,Missing lable,Techcombank,Missing lable,ACB,Vietcombank,Missing lable,Vietcombank,ACB,,,0.0,,,,,,0.0,,,,,,0.0,,,,,,0.0,,,,,,0.0,,,,,,0.0,,,,,,0.0,,,,,,0.0,,,,,,1.0,,,,,,0.0,,,,,,1.0,,,,,,0.0,,,,Q3'25,0.0,0.9090625,0.0,0.0,0.9091304347826088,0.0,0.0,0.7784998276654411,0.0,0.0,0.0,0.0,0.0,0.7787037568933823,0.0,0.0,,,,0.0,0.0,,0.0,0.0,,,0.0,0.0,0.0,0.0,0.0,0.0,0.0,0.7794175091911764,0.0,0.0,0.0,0.0,0.0,0.0,,0.0,,0.0,,0.0,0.0,0.0,0.0,0.0,0.0,0.0,,0.0,,0.0,0.0,0.0,0.0,0.0,0.0,0.0,0.0,0.7794175091911764,0.0,0.0,,0.0,0.0,,
2067,Q1_Jul'25###40649dKKJD5L84Y9r1C4cxryASrPJ+le9PayqtHrE9AKQMUc=,40649dKKJD5L84Y9r1C4cxryASrPJ+le9PayqtHrE9AKQMUc=,Q1,MBBank,25-35,Jul'25,Q3'25,Online,Female,Ha Noi,MAFF,MBBank,Vietcombank,,,,,MBBank,,ACB,BIDV,VPBank,MSB,Vietinbank,Techcombank,,,9.0,"Thời gian giao dịch nhanh, dễ dàng",Cải thiện app,8,"App đôi khi lỗi, chậm",3,4,4,4,4,4,4,2,4,4,3,3,2.0,Banca,Định hướng khách hàng phải mua bảo hiểm,4,3,4,4,4,3.0,Telesales,Làm phiền,8.0,8.0,8.0,8.0,8.0,8.0,,,,,MBBank,Vietcombank,MBBank,MBBank,MBBank,MBBank,MBBank,MBBank,,,,,0.0,,,,,,0.0,,,,,,0.0,,,,,,0.0,,,,,,1.0,,,,,,0.0,,,,,,1.0,,,,,,1.0,,,,,,1.0,,,,,,1.0,,,,,,1.0,,,,,,1.0,,Q3'25,1.041777777777778,0.0,1.0417857142857143,0.0,0.0,1.0596181832107845,0.0,0.0,0.0,1.059550367647059,0.0,0.0,,0.0,0.0,0.0,,,,0.0,,0.0,,0.0,,0.0,0.0,0.0,,0.0,0.0,1.0593759847689077,,0.0,,0.0,0.0,0.0,,,0.0,0.0,,0.0,,1.0601833129084968,,0.0,,0.0,0.0,0.0,,0.0,,0.0,,0.0,,0.0,,0.0,,0.0,0.0,0.0,0.0,0.0,,,
2068,Q1_Jul'25###40650zVF8fk9ms/sgXuwz/u67hQ==,40650zVF8fk9ms/sgXuwz/u67hQ==,Q1,VPBank,36-45,Jul'25,Q3'25,Offline,Female,Ho Chi Minh,AFF,VPBank,,,,,,VPBank,,Techcombank,ACB,Vietcombank,BIDV,MBBank,MSB,Vietinbank,,10.0,"Trang thiết bị hiện đại , phòng giao dịch sạch sẽ có nhiều nhân viên giỏi ,lãi suất vay thấp .",Không thấy điểm gì,10,Dễ tải app về điện thoại để xài . App dùng để thanh toán chuyển tiền an toàn .,4,5,5,4,5,5, I do not use this bank product, I do not use this bank product,5, I do not use this bank product, I do not use this bank product,5,,,,5,Not use in recent 1 month,5,Not use in recent 1 month,5,,,,10.0,9.0,10.0,10.0,9.0,10.0,VPBank,VPBank,VPBank,VPBank,,,,,VPBank,VPBank,VPBank,VPBank,,,,,,1.0,,,,,,1.0,,,,,,1.0,,,,,,1.0,,,,,,0.0,,,,,,0.0,,,,,,0.0,,,,,,0.0,,,,,,1.0,,,,,,1.0,,,,,,1.0,,,,,,1.0,Q3'25,1.0202941176470588,0.0,0.0,1.0203636363636364,1.0202857142857142,1.0885365205652573,0.0,0.0,,0.0,,1.088605715871254,0.0,1.0885472752609109,0.0,0.0,,,,,,0.0,,0.0,0.0,0.0,,0.0,0.0,1.088203125,,0.0,,0.0,,0.0,,0.0,,0.0,,0.0,,0.0,,0.0,,0.0,,0.0,,0.0,0.0,0.0,,0.0,0.0,0.0,,1.088203125,,0.0,0.0,0.0,1.088203125,,0.0,0.0,0.0,,
2069,Q1_Jul'25###40651XbPU5FKHoj4O+QaTLBFGv/kkPf8F+OzcxCpOJEYsamKFaPPXBJeFcBwjNFKfHV2O,40651XbPU5FKHoj4O+QaTLBFGv/kkPf8F+OzcxCpOJEYsamKFaPPXBJeFcBwjNFKfHV2O,Q1,MBBank,25-35,Jul'25,Q3'25,Online,Male,Ho Chi Minh,MAFF,Techcombank,Vietcombank,BIDV,MBBank,,,MBBank,,Vietinbank,VPBank,,,,,,,7.0,nâng cao chất lượng dịch vụ,,8,mượt mà hơn,4,4,4,3,5,4,5,4,5,4,4,5,4.0,Debit,chưa được tốt,4,4,5,4,3,3.0,ATM,không quá nổi bât,8.0,8.0,9.0,8.0,8.0,8.0,,,,,Techcombank,Techcombank,MBBank,MBBank,Vietcombank,BIDV,MBBank,Vietcombank,,,,,0.0,,,,,,0.0,,,,,,0.0,,,,,,0.0,,,,,,0.0,,,,,,0.0,,,,,,1.0,,,,,,1.0,,,,,,0.0,,,,,,0.0,,,,,,1.0,,,,,,0.0,,Q3'25,0.0,0.0,1.0417857142857143,0.0,0.0,0.0,0.0,0.0,0.0,0.0,0.9196296296296296,0.0,,0.0,0.0,0.0,,,,0.0,,0.0,,0.0,,0.0,0.0,0.0,,0.0,0.0,0.0,,0.0,,0.0,0.0,0.0,,,0.0,0.0,,0.0,,0.0,,0.0,,0.0,0.9196296296296296,0.0,,0.0,,0.0,,0.0,,0.0,,0.0,,0.0,0.0,0.0,0.0,0.0,,,
2070,Q1_Jul'25###406527pc7QlrL+Fvz+4KshMzI2BkW2IeANk9uJoElOCNn1ow=,406527pc7QlrL+Fvz+4KshMzI2BkW2IeANk9uJoElOCNn1ow=,Q1,MBBank,25-35,Jul'25,Q3'25,Online,Female,Ho Chi Minh,MAFF,MBBank,,,,,,MBBank,,Techcombank,Vietcombank,Vietinbank,,,,,,10.0,"Nhanh, dịch vụ tốt",Không cần cải thiện,10,"Tiện lợi, và tối ưu được mọi việc",5,5,5,5,4,3,3,3,5,5,3,3,3.0,Secured Loan,Vì giống với các công ty tài chính khác,5,3,5,3,5,3.0,Fanpage,Vì giống với các ngân hàng khác,10.0,8.0,9.0,8.0,10.0,10.0,,,,,MBBank,MBBank,MBBank,MBBank,MBBank,MBBank,MBBank,MBBank,,,,,0.0,,,,,,0.0,,,,,,0.0,,,,,,0.0,,,,,,1.0,,,,,,1.0,,,,,,1.0,,,,,,1.0,,,,,,1.0,,,,,,1.0,,,,,,1.0,,,,,,1.0,,Q3'25,0.0,0.0,1.0417857142857143,0.0,0.0,0.0,0.0,0.0,0.0,1.059550367647059,0.0,0.0,,0.0,0.0,0.0,,,,0.0,,0.0,,0.0,,0.0,0.0,0.0,,0.0,0.0,0.0,,0.0,,0.0,0.0,0.0,,,0.0,0.0,,0.0,,1.0601833129084968,,0.0,,1.0597723094919789,0.0,0.0,,0.0,,0.0,,0.0,,0.0,,0.0,,0.0,0.0,0.0,0.0,0.0,,,
2071,Q1_Jul'25###40653Q09hViITS9wJv8J0LqeRhxFVYLFf+J+qaTgpUuNOwj0=,40653Q09hViITS9wJv8J0LqeRhxFVYLFf+J+qaTgpUuNOwj0=,Q1,MBBank,25-35,Jul'25,Q3'25,Online,Female,Ho Chi Minh,MAFF,MBBank,,,,,,MBBank,,Techcombank,Vietcombank,BIDV,VPBank,Vietinbank,,,,10.0,UYTÍN CAO,THẾ LÀ ỔN RỒI,10,nhiều tiện ích,5,5,5,5,5,5, I do not use this bank product, I do not use this bank product,5, I do not use this bank product, I do not use this bank product, I do not use this bank product,,,,5,5,5,5,5,,,,10.0,10.0,10.0,10.0,10.0,10.0,,,,,MBBank,MBBank,MBBank,MBBank,MBBank,MBBank,MBBank,MBBank,,,,,0.0,,,,,,0.0,,,,,,0.0,,,,,,0.0,,,,,,1.0,,,,,,1.0,,,,,,1.0,,,,,,1.0,,,,,,1.0,,,,,,1.0,,,,,,1.0,,,,,,1.0,,Q3'25,0.0,0.0,0.0,1.0416363636363637,0.0,0.0,0.0,0.0,0.0,0.0,0.0,1.0595873579545456,,0.0,0.0,0.0,,,,0.0,,0.0,,0.0,,0.0,0.0,0.0,,0.0,0.0,0.0,,0.0,,0.0,0.0,0.0,,,0.0,0.0,,0.0,,0.0,,0.0,,0.0,0.0,0.0,,0.0,,0.0,,1.0596595341642756,,0.0,,0.0,,0.0,0.0,0.0,0.0,0.0,,,
2072,Q1_Jul'25###406546fGDA4rE+6n9Gd9m0blUbLuJJqqh0h1PYLZmcutmf9A=,406546fGDA4rE+6n9Gd9m0blUbLuJJqqh0h1PYLZmcutmf9A=,Q1,ACB,46-55,Jul'25,Q3'25,Online,Male,Ho Chi Minh,MAFF,ACB,Vietcombank,,,,,ACB,,VPBank,Vietinbank,Techcombank,BIDV,MBBank,,,,10.0,Ngân hàng bán lẻ tốt,Lãi suất tốt hơn,10,Dễ sử dụng,5,4,3,4,5,5,5,3,4,3,3,5,3.0,Banca,Nhân viên tư vấn không chuyên nghiệp lắm,5,4,5,4,3,3.0,ATM,Ít máy,8.0,8.0,9.0,10.0,9.0,9.0,,,,,ACB,Vietinbank,Vietcombank,ACB,Vietcombank,Techcombank,ACB,MBBank,,0.0,,,,,,0.0,,,,,,0.0,,,,,,0.0,,,,,,1.0,,,,,,0.0,,,,,,0.0,,,,,,1.0,,,,,,0.0,,,,,,0.0,,,,,,1.0,,,,,,0.0,,,,,Q3'25,0.0,0.0,0.0,1.087,0.0,0.0,0.0,0.0,0.0,0.0,0.0,1.140092545638945,0.0,0.0,0.0,0.0,,,,0.0,,0.0,,0.0,0.0,0.0,,0.0,0.0,0.0,0.0,0.0,,0.0,0.0,0.0,,0.0,,0.0,,0.0,,0.0,,0.0,0.0,0.0,,0.0,0.0,0.0,0.0,0.0,,0.0,,1.140069939108456,0.0,0.0,,0.0,0.0,0.0,0.0,,,0.0,0.0,,
2073,Q1_Jul'25###40655gBJhUPFLwFylpsalwTDL1mTX+UhQwELDdbS/QMfG1ws=,40655gBJhUPFLwFylpsalwTDL1mTX+UhQwELDdbS/QMfG1ws=,Q1,VPBank,25-35,Jul'25,Q3'25,Online,Male,Ho Chi Minh,MAFF,VPBank,ACB,Vietcombank,,,,VPBank,,_99,,,,,,,,7.0,Hệ thống máy ATM rút tiền thường xuyên bảo trì hoặc lỗi,,7,Giao diện vẫn còn rối,3,4,3,3,4,4,3,2,3,2,3,4,2.0,Banca,Rắc rối khi cần,4,3,2,3,2,2.0,Call Center,Ngoài giờ khó liên lạc,8.0,8.0,8.0,7.0,7.0,8.0,,,,,VPBank,VPBank,Vietcombank,ACB,ACB,Vietcombank,VPBank,VPBank,,,,,,0.0,,,,,,0.0,,,,,,0.0,,,,,,0.0,,,,,,1.0,,,,,,1.0,,,,,,0.0,,,,,,0.0,,,,,,0.0,,,,,,0.0,,,,,,1.0,,,,,,1.0,Q3'25,1.0202941176470588,0.0,0.0,0.0,0.0,0.0,0.5619444444444444,0.0,,0.0,,0.0,0.0,0.0,0.0,0.0,,,,,,0.0,,0.0,0.0,0.0,,0.0,0.5619444444444444,0.0,,0.0,,0.0,,0.0,,0.0,,0.0,,0.0,,0.0,,0.0,,0.0,,0.0,,0.0,0.0,0.0,,0.0,0.0,0.0,,0.0,,0.0,0.0,0.0,0.0,,0.0,0.0,0.0,,
2074,Q1_Jul'25###40656XHAmp9/SfSWsdmcCLx+YtbeU/UcCNBwqOuJKIOpf/hU=,40656XHAmp9/SfSWsdmcCLx+YtbeU/UcCNBwqOuJKIOpf/hU=,Q1,ACB,25-35,Jul'25,Q3'25,Online,Male,Ha Noi,MAFF,MBBank,ACB,Vietcombank,,,,MBBank,ACB,VPBank,MSB,Vietinbank,Techcombank,BIDV,,,,9.0,Chất lượng tốt và sáng tạo,Bổ sung thêm nhiều chương trình khuyến mãi,9,"Đơn giản, nhanh chóng và hiệu quả",4,5,4,4,5,5,4,4,5,4,5,4,4.0,Credit card,Mức tín dụng cần cạnh tranh hơn nữa,4,5,4,4,5,4.0,Call Center,Chuyên nghiệp hơn và chu đáo hơn,9.0,10.0,9.0,10.0,9.0,10.0,,,,,MBBank,Vietcombank,ACB,Techcombank,MBBank,MBBank,ACB,Techcombank,,0.0,,,,,,0.0,,,,,,0.0,,,,,,0.0,,,,,,0.0,,,,,,0.0,,,,,,1.0,,,,,,0.0,,,,,,0.0,,,,,,0.0,,,,,,1.0,,,,,,0.0,,,,,Q3'25,0.0,0.0,1.0870967741935484,0.0,0.0,0.0,0.0,0.0,0.0,1.140092545638945,0.0,0.0,0.0,0.0,0.0,0.0,,,,0.0,,0.0,,0.0,0.0,0.0,,0.0,0.0,0.0,0.0,0.0,,0.0,0.0,0.0,,0.0,,0.0,,0.0,,0.0,,0.0,0.0,0.0,,1.140120369061086,0.0,0.0,0.0,0.0,,0.0,,0.0,0.0,0.0,,0.0,0.0,0.0,0.0,,,0.0,0.0,,
2075,Q10_Jul'25###40656XHAmp9/SfSWsdmcCLx+YtbeU/UcCNBwqOuJKIOpf/hU=,40656XHAmp9/SfSWsdmcCLx+YtbeU/UcCNBwqOuJKIOpf/hU=,Q10,MBBank,25-35,Jul'25,Q3'25,Online,Male,Ha Noi,MAFF,MBBank,ACB,Vietcombank,,,,MBBank,ACB,VPBank,MSB,Vietinbank,Techcombank,BIDV,,,,10.0,Thương hiệu uy tín và chất lượng cao,Mở rộng thêm nhiều chi nhánh hơn,10,"An toàn, chất lượng và rất hiệu quả",5,4,5,5,4,5,5,5,4,5,4,5,4.0,Secured Loan,Cần đơn giản thủ tục hơn,4,5,4,5,4,4.0,Branch,"Cần bổ sung thêm nhiều chi nhánh, văn phòng",10.0,9.0,10.0,9.0,10.0,9.0,,,,,MBBank,Vietcombank,ACB,Techcombank,MBBank,MBBank,ACB,Techcombank,,,,,0.0,,,,,,0.0,,,,,,0.0,,,,,,0.0,,,,,,1.0,,,,,,0.0,,,,,,0.0,,,,,,0.0,,,,,,1.0,,,,,,1.0,,,,,,0.0,,,,,,0.0,,Q3'25,0.0,0.0,1.0417857142857143,1.0416363636363637,0.0,0.0,0.0,0.0,0.0,1.059550367647059,0.0,1.0595873579545456,,0.0,0.0,0.0,,,,0.0,,0.0,,0.0,,0.0,0.0,0.0,,0.0,0.0,0.0,,0.0,,0.0,0.0,0.0,,,0.0,0.0,,0.0,,0.0,,0.0,,1.0597723094919789,0.0,0.0,,0.0,,0.0,,1.0596595341642756,,0.0,,0.0,,0.0,0.0,0.0,0.0,0.0,,,
2076,Q1_Jul'25###40657D0G4gkBS4sbgFxLbGa9dMA==,40657D0G4gkBS4sbgFxLbGa9dMA==,Q1,ACB,36-45,Jul'25,Q3'25,Offline,Male,Ha Noi,AFF,ACB,Vietcombank,,,,,ACB,,MSB,Vietinbank,Techcombank,BIDV,MBBank,VPBank,,,10.0,"Có độ uy tín cao gia đình và bạn bè đều sử dụng ngân hàng này,  lại có nhân viên ở quầy ngân hàng nhiệt tình",Không,10,App có dung lượng nhẹ nhưng bảo mật thông tin khách hàng rất cao,4,5,5,4,5,5,5, I do not use this bank product,5, I do not use this bank product, I do not use this bank product, I do not use this bank product,,,,5,Not use in recent 1 month,5,Not use in recent 1 month,4,4.0,ATM,ATM cần đặt nhiều hơn ở 1 số nơi tiện lợi để khi có nhu cầu có thể rút tiền nhanh chóng,10.0,10.0,10.0,10.0,10.0,9.0,ACB,ACB,ACB,ACB,,,,,ACB,ACB,ACB,ACB,,1.0,,,,,,1.0,,,,,,1.0,,,,,,1.0,,,,,,0.0,,,,,,0.0,,,,,,0.0,,,,,,0.0,,,,,,1.0,,,,,,1.0,,,,,,1.0,,,,,,1.0,,,,,Q3'25,0.0,0.0,0.0,1.087,0.0,0.0,0.0,0.0,0.0,0.0,0.0,1.140092545638945,0.0,0.0,0.0,0.0,,,,0.0,,0.0,,0.0,0.0,0.0,,0.0,0.0,0.0,0.0,0.0,,0.0,0.0,0.0,,0.0,,0.0,,0.0,,0.0,,0.0,0.0,0.0,,0.0,0.0,1.1399912683823528,0.0,0.0,,0.0,,1.140069939108456,0.0,0.0,,0.0,0.0,0.0,0.0,,,0.0,0.0,,
2077,Q1_Jul'25###40658CHvvr0HepCIpMPm0WDYC6g==,40658CHvvr0HepCIpMPm0WDYC6g==,Q1,VPBank,36-45,Jul'25,Q3'25,Offline,Male,Ha Noi,AFF,VPBank,Techcombank,Vietcombank,,,,VPBank,,Vietinbank,ACB,BIDV,MBBank,MSB,,,,10.0,"Nhân viên ngân hàng thường xuyên gọi điện nhắn tin quan tâm khách hàng và giới thiệu các sản phẩm mới của công ty
Sản phẩm tiền gửi có lãi suất ưu đãi, cao hơn các ngân hàng khác",Không có,10,"Ứng dụng ngân hàng hiện đại, giao diện bắt mắt, chuyển khoản nhanh chóng, ít bị lỗi",5,5,5,4,5,5,5, I do not use this bank product,5, I do not use this bank product, I do not use this bank product, I do not use this bank product,,,,5,Not use in recent 1 month,Not use in recent 1 month,Not use in recent 1 month,4,4.0,ATM,Có ít máy ATM của VP Bank nên nhiều khi hơi bất tiện nếu cần rút tiền đúng ngân hàng,9.0,10.0,10.0,9.0,10.0,8.0,VPBank,VPBank,MBBank,VPBank,,,,,VPBank,VPBank,VPBank,VPBank,,,,,,1.0,,,,,,1.0,,,,,,0.0,,,,,,1.0,,,,,,0.0,,,,,,0.0,,,,,,0.0,,,,,,0.0,,,,,,1.0,,,,,,1.0,,,,,,1.0,,,,,,1.0,Q3'25,0.0,0.0,0.0,1.0203636363636364,1.0202857142857142,0.0,0.0,0.0,,0.0,,0.0,0.5619444444444444,1.0885472752609109,0.0,0.0,,,,,,0.0,,0.0,0.0,0.0,,0.0,0.0,0.0,,0.0,,0.0,,0.0,,0.0,,0.0,,0.0,,0.0,,0.0,,0.0,,0.0,,0.0,0.0,0.0,,0.0,0.5619444444444444,0.0,,0.0,,0.0,0.0,1.0889143688725489,0.0,,0.0,0.0,0.0,,
2078,Q1_Jul'25###406598UzwBRWsxW5KrJmZfqCFdw==,406598UzwBRWsxW5KrJmZfqCFdw==,Q1,VPBank,36-45,Jul'25,Q3'25,Offline,Male,Ha Noi,AFF,Techcombank,VPBank,,,,,VPBank,,ACB,Vietcombank,BIDV,MBBank,MSB,Vietinbank,,,10.0,"Có độ phủ cao,  trên tỉnh thành nào cũng có,  uy tín,  là top trong các ngân hàng tại việt nam",Không,10,"Tiện lợi,  dễ sử dụng",4,4,4,4,5,4,5, I do not use this bank product,4, I do not use this bank product, I do not use this bank product, I do not use this bank product,4.0,Terms deposit,"Lai xuất cạnh tranh hiwn so với ngân hàng khác,  bảo mật cao thông tin khách hàng không bị lộ",4,Not use in recent 1 month,5,Not use in recent 1 month,4,4.0,ATM,"Tôi thấy cần có nhiều cây ATM ở nhiều nơi để thuận tiện rút tiền khi cần, các cây ATM đôi khi cần trang bị mới để thuận tiện sử dụng hơn",10.0,10.0,10.0,10.0,10.0,9.0,VPBank,VPBank,VPBank,VPBank,,,,,VPBank,VPBank,VPBank,VPBank,,,,,,1.0,,,,,,1.0,,,,,,1.0,,,,,,1.0,,,,,,0.0,,,,,,0.0,,,,,,0.0,,,,,,0.0,,,,,,1.0,,,,,,1.0,,,,,,1.0,,,,,,1.0,Q3'25,1.0202941176470588,0.0,0.0,1.0203636363636364,0.0,1.0885365205652573,0.0,0.0,,0.0,,1.088605715871254,0.0,0.0,0.0,0.0,,,,,,0.0,,0.0,0.0,0.0,,0.0,0.0,1.088203125,,0.0,,0.0,,0.0,,0.0,,0.0,,0.0,,0.0,,0.0,,0.0,,0.0,,0.0,0.0,0.0,,0.0,0.0,1.0887798092209855,,0.0,,0.0,0.0,0.0,0.0,,0.0,0.0,0.0,,
2079,Q1_Jul'25###40660W9btLMA4otrtaM7xCGwGoA==,40660W9btLMA4otrtaM7xCGwGoA==,Q1,VPBank,25-35,Jul'25,Q3'25,Offline,Male,Ha Noi,AFF,VPBank,,,,,,VPBank,,ACB,Vietcombank,BIDV,MBBank,MSB,Vietinbank,Techcombank,,10.0,"Nổi tiếng , uy tín , thông dụng , có nhiều tiện ích của ngân hàng , ngân hàng giải ngân nhanh",Không cần,9,"Chạy nhanh , không bị lác , ứng dụng trên điện thoại dễ dàng theo dõi tài khoản, liên kết được với nhiều trang thương mại điện tử",5,4,4,5,5,5,5, I do not use this bank product,4, I do not use this bank product,4,5,4.0,Secured Loan,"Nếu giảm lãi suất khoảng 0,2% thì tôi hoàn toàn hải lòng",5,Not use in recent 1 month,5,Not use in recent 1 month,Not use in recent 1 month,,,,10.0,10.0,9.0,9.0,10.0,9.0,Missing lable,VPBank,Missing lable,Missing lable,,,,,VPBank,VPBank,VPBank,VPBank,,,,,,0.0,,,,,,1.0,,,,,,0.0,,,,,,0.0,,,,,,0.0,,,,,,0.0,,,,,,0.0,,,,,,0.0,,,,,,1.0,,,,,,1.0,,,,,,1.0,,,,,,1.0,Q3'25,0.0,1.0202777777777776,1.0203448275862068,1.0203636363636364,0.0,0.0,0.0,1.088499476613562,,1.0885710097616632,,1.088605715871254,0.0,0.0,0.0,0.0,,,,,,0.0,,0.0,0.0,0.0,,0.0,0.0,0.0,,0.0,,0.0,,1.0887958282271244,,0.0,,0.0,,0.0,,0.0,,1.0889143688725489,,0.0,,0.0,,0.0,0.0,0.0,,0.0,0.0,1.0887798092209855,,0.0,,0.0,0.0,0.0,0.0,,0.0,0.0,0.0,,
2080,Q1_Jul'25###40661u5uhtkS/DMCsMTPU7jGmGw==,40661u5uhtkS/DMCsMTPU7jGmGw==,Q1,VPBank,46-55,Jul'25,Q3'25,Offline,Female,Ha Noi,AFF,BIDV,VPBank,,,,,VPBank,,MBBank,MSB,Vietinbank,Techcombank,ACB,Vietcombank,,,10.0,"Một ngân hàng hiện đại, năng động và trẻ trung với nhiều các lựa chọn và sản phẩm đáp ứng cho hiều đối tượng khác nhau. Được mọi người tin tưởng và sử dụng nhiều.",Không có,10,Giao dịch chuyển khoản nhanh của ngân hàng rất nhanh. Các giao diện trên ứng dụng dễ thao tác và dễ hiểu.,4,5,4,5,5,5,4, I do not use this bank product,5, I do not use this bank product, I do not use this bank product, I do not use this bank product,4.0,Credit card,Không có,5,Not use in recent 1 month,Not use in recent 1 month,Not use in recent 1 month,4,4.0,ATM,Thỉnh thoảng khi rút tiền cây ATM bị hết tiền điều này gây bất tiện cho tôi khi cần tiền mặt gấp.,9.0,9.0,10.0,10.0,10.0,10.0,VPBank,VPBank,VPBank,VPBank,,,,,VPBank,VPBank,VPBank,VPBank,,,,,,1.0,,,,,,1.0,,,,,,1.0,,,,,,1.0,,,,,,0.0,,,,,,0.0,,,,,,0.0,,,,,,0.0,,,,,,1.0,,,,,,1.0,,,,,,1.0,,,,,,1.0,Q3'25,0.0,1.0202777777777776,0.0,1.0203636363636364,0.0,0.0,0.0,1.088499476613562,,0.0,,1.088605715871254,0.0,0.0,0.0,0.0,,,,,,0.0,,0.0,0.0,0.0,,0.0,0.0,0.0,,0.0,,0.0,,1.0887958282271244,,0.0,,0.0,,0.0,,0.0,,0.0,,0.0,,0.0,,0.0,0.0,0.0,,0.0,0.0,1.0887798092209855,,0.0,,0.0,0.0,0.0,0.0,,0.0,0.0,0.0,,
2081,Q1_Jul'25###40662k9jjQJF5mIowh5WGAmmdqA==,40662k9jjQJF5mIowh5WGAmmdqA==,Q1,ACB,25-35,Jul'25,Q3'25,Offline,Male,Ha Noi,AFF,Techcombank,ACB,,,,,ACB,,MBBank,VPBank,MSB,Vietinbank,Vietcombank,BIDV,,,9.0,"Số tài khoản ngắn dễ nhớ, app ít lỗi, phòng giao dịch nhiều nên dễ tìm khi cần",Có thêm nhiều ưu đãi cho khách hàng lâu năm,10,"App ít lỗi, giao diện dễ sử dụng",5,4,4,5,5, I do not use this bank product,5, I do not use this bank product,5, I do not use this bank product, I do not use this bank product, I do not use this bank product,,,,5,Not use in recent 1 month,Not use in recent 1 month,Not use in recent 1 month,5,,,,9.0,9.0,10.0,9.0,10.0,9.0,ACB,ACB,ACB,Techcombank,,,,,ACB,ACB,Techcombank,ACB,,1.0,,,,,,1.0,,,,,,1.0,,,,,,0.0,,,,,,0.0,,,,,,0.0,,,,,,0.0,,,,,,0.0,,,,,,1.0,,,,,,1.0,,,,,,0.0,,,,,,1.0,,,,,Q3'25,1.086875,1.0867857142857142,0.0,0.0,0.0,1.1399762834821427,0.0,1.1402399067265794,0.0,0.0,0.0,0.0,0.0,0.0,0.0,1.1398514093137253,,,,0.0,,0.0,,0.0,0.0,0.0,,0.0,0.0,1.1404341554330064,0.0,0.0,,0.0,0.0,0.0,,0.0,,0.0,,1.1381031709558822,,0.0,,0.0,0.0,0.0,,0.0,0.0,0.0,0.0,0.0,,0.0,,0.0,0.0,0.0,,0.0,0.0,0.0,0.0,,,0.0,0.0,,
2082,Q1_Jul'25###406638Gj9rJb8GuvaX3kEMcoK5A==,406638Gj9rJb8GuvaX3kEMcoK5A==,Q1,VPBank,36-45,Jul'25,Q3'25,Offline,Female,Ha Noi,AFF,VPBank,,,,,,VPBank,,MSB,Vietinbank,Techcombank,ACB,Vietcombank,BIDV,MBBank,,10.0,Ngân hàng có nhân viên có chuyên môn thao tác chuyên nghiệ,Không,9,Dễ dùng khi giao dịch không bị out hay lỗi,4,5,4,4,5,5,4, I do not use this bank product,5, I do not use this bank product, I do not use this bank product,4,4.0,Unsecured Loan/ Overdraft without Collateral,Lãi suất hơi cao nếu giảm đi khoảng 1/4 thì sẽ vừa ý tôi,4,Not use in recent 1 month,5,Not use in recent 1 month,5,4.0,Branch,Chỗ để xe hơi chật,8.0,9.0,10.0,9.0,8.0,9.0,VPBank,Vietinbank,ACB,MSB,,,,,VPBank,VPBank,VPBank,VPBank,,,,,,1.0,,,,,,0.0,,,,,,0.0,,,,,,0.0,,,,,,0.0,,,,,,0.0,,,,,,0.0,,,,,,0.0,,,,,,1.0,,,,,,1.0,,,,,,1.0,,,,,,1.0,Q3'25,0.0,0.0,0.0,1.0203636363636364,0.0,0.0,0.0,0.0,,0.0,,1.088605715871254,0.0,0.0,0.0,0.0,,,,,,0.0,,0.0,0.0,0.0,,0.0,0.0,0.0,,0.0,,0.0,,0.0,,0.0,,0.0,,0.0,,0.0,,0.0,,0.0,,0.0,,0.0,0.0,0.0,,0.0,0.0,0.0,,1.088203125,,0.0,0.0,0.0,0.0,,0.0,0.0,0.0,,
2083,Q1_Jul'25###40664rnfSfCQjorvGw2BoZ5vYxQ==,40664rnfSfCQjorvGw2BoZ5vYxQ==,Q1,VPBank,36-45,Jul'25,Q3'25,Offline,Female,Ha Noi,MAFF,VPBank,,,,,,VPBank,,MSB,Vietinbank,Techcombank,ACB,Vietcombank,BIDV,MBBank,,10.0,Nổi tiếng là một trong những ngân hàng tại Việt Nam về sự yên tâm đảm bảo khi sử dụng các dịch vụ,Không cần,9,"Vào ứng dụng nhanh , nhiều dịch vụ gửi tiền và chi tiêu hay, ứng dụng không hay bị lỗi.",4,5,5,5,5, I do not use this bank product,5, I do not use this bank product,5, I do not use this bank product, I do not use this bank product, I do not use this bank product,,,,5,Not use in recent 1 month,Not use in recent 1 month,Not use in recent 1 month,5,,,,10.0,9.0,10.0,10.0,9.0,9.0,,,,,VPBank,VPBank,VPBank,VPBank,VPBank,VPBank,VPBank,VPBank,,,,,,0.0,,,,,,0.0,,,,,,0.0,,,,,,0.0,,,,,,1.0,,,,,,1.0,,,,,,1.0,,,,,,1.0,,,,,,1.0,,,,,,1.0,,,,,,1.0,,,,,,1.0,Q3'25,0.0,0.0,0.0,1.0203636363636364,0.0,0.0,0.0,0.0,,0.0,,1.088605715871254,0.0,0.0,0.0,0.0,,,,,,0.0,,0.0,0.0,0.0,,0.0,0.0,0.0,,0.0,,0.0,,0.0,,0.0,,0.0,,0.0,,0.0,,0.0,,0.0,,0.0,,0.0,0.0,0.0,,0.0,0.0,1.0887798092209855,,0.0,,0.0,0.0,0.0,0.0,,0.0,0.0,0.0,,
2084,Q1_Jul'25###40665p3La88dRGnXqthS7c/yb0g==,40665p3La88dRGnXqthS7c/yb0g==,Q1,VPBank,36-45,Jul'25,Q3'25,Offline,Male,Ha Noi,AFF,MBBank,VPBank,,,,,VPBank,,Vietinbank,Techcombank,ACB,Vietcombank,BIDV,MSB,,,9.0,"Thẻ tín dụng  có mức thẻ tín dụng cao, thủ tục mở thẻ đơn giản, nhân viên ngân hàng phòng giao dịch niềm nở , thân thiện,",Không có,10,"Giao diện app rõ ràng dễ hiểu, app mượt ít bị lỗi, có nhiều dịch vụ tích hợp trên app",5,4,5,4,4,5,5, I do not use this bank product,4, I do not use this bank product, I do not use this bank product, I do not use this bank product,4.0,Terms deposit,Tôi muốn lãi suất tiền gửi cao hơn,5,4,Not use in recent 1 month,Not use in recent 1 month,5,4.0,Telesales,Nhan viên qua điện thoại thì vẫn chưa nhiệt tình,10.0,9.0,10.0,10.0,9.0,10.0,VPBank,VPBank,VPBank,VPBank,,,,,VPBank,VPBank,VPBank,VPBank,,,,,,1.0,,,,,,1.0,,,,,,1.0,,,,,,1.0,,,,,,0.0,,,,,,0.0,,,,,,0.0,,,,,,0.0,,,,,,1.0,,,,,,1.0,,,,,,1.0,,,,,,1.0,Q3'25,0.0,1.0202777777777776,1.0203448275862068,1.0203636363636364,0.0,0.0,0.0,1.088499476613562,,1.0885710097616632,,1.088605715871254,0.0,0.0,0.0,0.0,,,,,,0.0,,0.0,0.0,0.0,,0.0,0.0,0.0,,0.0,,1.088203125,,0.0,,0.0,,0.0,,0.0,,0.0,,0.0,,1.088203125,,0.0,,1.0889143688725489,0.0,0.0,,0.0,0.0,0.0,,0.0,,0.0,0.0,0.0,0.0,,0.0,0.0,0.0,,
2085,Q1_Jul'25###406662+enSU04rBnH0PvHvTJjFQ==,406662+enSU04rBnH0PvHvTJjFQ==,Q1,Vietcombank,46-55,Jul'25,Q3'25,Offline,Male,Ha Noi,MAFF,Vietcombank,,,,,,Vietcombank,,ACB,BIDV,MBBank,VPBank,MSB,Vietinbank,Techcombank,,9.0,Ngân hàng Uy tín luôn đảm bảo về an toàn và bảo mật cho khách hàng khi đến giao dịch.mang lại nhiều lợi ích cho khách hàng,Không cis,9,"Ứng dụng ít bị lỗi,chuyển tiền nhanh,ứng dụng dẽ hiểu.",4,5,4,5,4,4, I do not use this bank product, I do not use this bank product,4, I do not use this bank product, I do not use this bank product, I do not use this bank product,4.0,Terms deposit,Lãi xuất cần linh hoạt hơn để phù hợp với thị trường,4,Not use in recent 1 month,Not use in recent 1 month,Not use in recent 1 month,5,4.0,Branch,Phòng giao dịch hơi đông nên vẫn phải đến chờ.,9.0,8.0,9.0,9.0,8.0,9.0,,,,,Vietcombank,Vietcombank,Vietcombank,Vietcombank,Vietcombank,Vietcombank,Vietcombank,Vietcombank,,,0.0,,,,,,0.0,,,,,,0.0,,,,,,0.0,,,,,,1.0,,,,,,1.0,,,,,,1.0,,,,,,1.0,,,,,,1.0,,,,,,1.0,,,,,,1.0,,,,,,1.0,,,,Q3'25,0.0,0.9090625,0.0,0.9090322580645162,0.0,0.0,0.0,0.7784998276654411,0.0,0.0,0.0,0.7786916593968096,0.0,0.0,0.0,0.0,,,,0.0,0.0,,0.0,0.0,,,0.0,0.0,0.0,0.0,0.0,0.0,0.0,0.7794175091911764,0.0,0.0,0.0,0.7785610064338234,0.0,0.0,,0.0,,0.0,,0.0,0.0,0.0,0.0,0.0,0.0,0.0,,0.0,,0.0,0.0,0.7786094877219756,0.0,0.0,0.0,0.0,0.0,0.0,0.0,0.0,,0.0,0.0,,
2086,Q1_Jul'25###40667hu+KPltDvU0kzkrdpzWrNw==,40667hu+KPltDvU0kzkrdpzWrNw==,Q1,VPBank,46-55,Jul'25,Q3'25,Offline,Male,Ho Chi Minh,AFF,VPBank,,,,,,VPBank,,MBBank,MSB,Vietinbank,Techcombank,ACB,Vietcombank,BIDV,,9.0,"Có nhiều chi nhánh, đa dạng dịch vụ có độ an toàn cao",Không có,10,Giao dịch nhanh chóng tiện lợi có nhiều lớp xác thực an toàn,5,4,4,5,5,5,5, I do not use this bank product,5, I do not use this bank product,4, I do not use this bank product,4.0,Secured Loan,Thủ tục thẩm định tài sản phức tạp và mất thời gian.,5,4,5,Not use in recent 1 month,5,4.0,Telesales,Nhân viên tư vấn chỉ đưa ra những thông tin chung không đi sâu vào chi tiết sản phẩm và dịch vụ,8.0,8.0,9.0,10.0,10.0,9.0,VPBank,Other,VPBank,VPBank,,,,,VPBank,VPBank,VPBank,VPBank,,,,,,1.0,,,,,,0.0,,,,,,1.0,,,,,,1.0,,,,,,0.0,,,,,,0.0,,,,,,0.0,,,,,,0.0,,,,,,1.0,,,,,,1.0,,,,,,1.0,,,,,,1.0,Q3'25,1.0202941176470588,1.0202777777777776,0.0,0.0,0.0,1.0885365205652573,0.0,1.088499476613562,,0.0,,0.0,0.0,0.0,0.0,0.0,,,,,,0.0,,0.0,0.0,0.0,,0.0,0.0,1.088203125,,0.0,,0.0,,1.0887958282271244,,1.088203125,,0.0,,0.0,,0.0,,0.0,,0.0,,0.0,,0.0,0.0,0.0,,0.0,0.0,0.0,,0.0,,0.0,0.0,0.0,0.0,,0.0,0.0,0.0,,
2087,Q1_Jul'25###40668LKZotxckp6eacruMYo3vEA==,40668LKZotxckp6eacruMYo3vEA==,Q1,VPBank,36-45,Jul'25,Q3'25,Offline,Female,Ho Chi Minh,MAFF,VPBank,,,,,,VPBank,,BIDV,MBBank,MSB,Vietinbank,Techcombank,ACB,Vietcombank,,9.0,"Duyệt vay nhanh chóng, hồ sơ đơn giản. Nhân viên tư vấn nhiệt tình",Không có,9,"Dễ tải, có thể đặt vé máy bay, đặt khách sạn trên ứng dụng, có thể mở thẻ tín dụng online rất tiện",5,5,5,5,4,4,5, I do not use this bank product,5, I do not use this bank product,5, I do not use this bank product,4.0,Debit,Thẻ này không thể ứng tiền để xài trước. Chỉ xài được tiền có trong thẻ. Nếu hết phải tự nạp vào mới xài tiếp được,5,Not use in recent 1 month,Not use in recent 1 month,Not use in recent 1 month,5,,,,9.0,9.0,10.0,9.0,10.0,9.0,,,,,VPBank,VPBank,VPBank,VPBank,VPBank,VPBank,VPBank,VPBank,,,,,,0.0,,,,,,0.0,,,,,,0.0,,,,,,0.0,,,,,,1.0,,,,,,1.0,,,,,,1.0,,,,,,1.0,,,,,,1.0,,,,,,1.0,,,,,,1.0,,,,,,1.0,Q3'25,0.0,0.0,1.0203448275862068,1.0203636363636364,0.0,0.0,0.0,0.0,,1.0885710097616632,,1.088605715871254,0.0,0.0,0.0,0.0,,,,,,0.0,,0.0,0.0,0.0,,0.0,0.0,0.0,,0.0,,0.0,,0.0,,0.0,,0.0,,0.0,,0.0,,1.0889143688725489,,1.088203125,,0.0,,1.0889143688725489,0.0,0.0,,0.0,0.0,0.0,,0.0,,0.0,0.0,0.0,0.0,,0.0,0.0,0.0,,
2088,Q1_Jul'25###40669X52NHXBwgT7szrzfttShDjRm1el0FPGaij07Y+Kei/eOAfWNf+WvRuXDCEls+anK,40669X52NHXBwgT7szrzfttShDjRm1el0FPGaij07Y+Kei/eOAfWNf+WvRuXDCEls+anK,Q1,ACB,25-35,Jul'25,Q3'25,Online,Male,Ho Chi Minh,MAFF,Techcombank,ACB,MBBank,,,,Techcombank,ACB,Vietcombank,BIDV,,,,,,,8.0,giao diện và độ trễ của ứng dụng,,8,có nhiều thông tin và thông tin rõ ràng hơn,3,3,4,5,3,5,4, I do not use this bank product,4, I do not use this bank product, I do not use this bank product, I do not use this bank product,4.0,Terms deposit,tôi đã gửi tiết kiệm và có lãi suất tốt,4,3,2,Not use in recent 1 month,4,2.0,Call Center,tôi chờ quá lâu để được tư vấn,7.0,6.0,7.0,7.0,7.0,8.0,,,,,Techcombank,Techcombank,ACB,Techcombank,Techcombank,Techcombank,ACB,Techcombank,,0.0,,,,,,0.0,,,,,,0.0,,,,,,0.0,,,,,,0.0,,,,,,0.0,,,,,,1.0,,,,,,0.0,,,,,,0.0,,,,,,0.0,,,,,,1.0,,,,,,0.0,,,,,Q3'25,1.086875,0.0,0.0,0.0,0.0,0.0,0.730034722222222,0.0,0.0,0.0,0.0,0.0,0.0,0.0,0.0,0.0,,,,0.7317129629629628,,0.0,,0.0,0.7317129629629628,0.0,,0.0,0.0,0.0,0.0,0.0,,0.0,0.0,0.0,,0.0,,0.0,,0.0,,0.0,,0.0,0.0,0.0,,0.0,0.0,0.0,0.0,0.0,,0.0,,0.0,0.0,0.0,,0.0,0.0,0.0,0.0,,,0.0,0.0,,
2089,Q10_Jul'25###40669X52NHXBwgT7szrzfttShDjRm1el0FPGaij07Y+Kei/eOAfWNf+WvRuXDCEls+anK,40669X52NHXBwgT7szrzfttShDjRm1el0FPGaij07Y+Kei/eOAfWNf+WvRuXDCEls+anK,Q10,Techcombank,25-35,Jul'25,Q3'25,Online,Male,Ho Chi Minh,MAFF,Techcombank,ACB,MBBank,,,,Techcombank,ACB,Vietcombank,BIDV,,,,,,,9.0,đây là ngân hàng tôi đã sử dụng rất lâu,chăm sóc khách hàng tốt hơn,9,mượt mà và ít lỗi hơn các ngân hàng khác,4,4,3,5,4,5,4,I do not use this bank product,5,I do not use this bank product,I do not use this bank product,I do not use this bank product,4.0,Credit card,hạn mức của tôi quá thấp,4,4,3,Not use in recent 1 month,5,3.0,Call Center,đôi khi tôi không thể liên hệ được với họ,8.0,8.0,9.0,7.0,8.0,9.0,,,,,Techcombank,Techcombank,ACB,Techcombank,Techcombank,Techcombank,ACB,Techcombank,0.0,,,,,,0.0,,,,,,0.0,,,,,,0.0,,,,,,1.0,,,,,,1.0,,,,,,0.0,,,,,,1.0,,,,,,1.0,,,,,,1.0,,,,,,0.0,,,,,,1.0,,,,,,Q3'25,0.0,0.0,0.0,0.8403076923076923,0.0,0.0,0.0,0.0,0.0,0.0,,0.9005503393665156,,0.0,0.0,0.0,,,,0.0,,0.0,,0.0,,0.0,,0.0,,0.0,,0.0,,0.0,,0.0,,0.0,0.0,0.0,,,,0.0,,0.0,,0.0,,0.0,,0.0,,0.0,,0.0,,0.9006766270337921,,0.0,,0.0,0.0,0.0,,,,0.0,0.0,,
2090,Q1_Jul'25###40670wFjtb5VB6SLMQjiJNyk5WeTy8m5q1P6Cw3Vt0xa45ox5MritEaZpJpd1nD3CxHeU,40670wFjtb5VB6SLMQjiJNyk5WeTy8m5q1P6Cw3Vt0xa45ox5MritEaZpJpd1nD3CxHeU,Q1,ACB,25-35,Jul'25,Q3'25,Online,Male,Ha Noi,MAFF,Techcombank,ACB,BIDV,MBBank,VPBank,,ACB,,Vietcombank,MSB,Vietinbank,,,,,,10.0,ngân hàng uy tín,không cần cải thiện,10,ứng dụng dễ sử dụng,4,5,4,5,5,5, I do not use this bank product,5,5, I do not use this bank product, I do not use this bank product, I do not use this bank product,,,,5,5,5,5,5,,,,10.0,9.0,10.0,10.0,10.0,10.0,,,,,Vietcombank,Techcombank,BIDV,Techcombank,MBBank,Techcombank,VPBank,Vietinbank,,0.0,,,,,,0.0,,,,,,0.0,,,,,,0.0,,,,,,0.0,,,,,,0.0,,,,,,0.0,,,,,,0.0,,,,,,0.0,,,,,,0.0,,,,,,0.0,,,,,,0.0,,,,,Q3'25,0.0,0.0,0.0,1.087,0.0,0.0,0.0,0.0,0.0,0.0,0.0,1.140092545638945,0.0,0.0,0.0,0.0,,,,0.0,,0.0,,0.0,0.0,0.0,,0.0,0.0,0.0,0.0,0.0,,0.0,0.0,0.0,,0.0,,0.0,,0.0,,0.0,,0.0,0.0,0.0,,0.0,0.0,0.0,0.0,0.0,,0.0,,1.140069939108456,0.0,0.0,,0.0,0.0,0.0,0.0,,,0.0,0.0,,
2091,Q1_Jul'25###40671Qjm1ikp1MrMbi4zFrehC9q/BxXYasZadLuq05Jh7WloWpqUY5xgdn3IY0O/lZh2T,40671Qjm1ikp1MrMbi4zFrehC9q/BxXYasZadLuq05Jh7WloWpqUY5xgdn3IY0O/lZh2T,Q1,BIDV,36-45,Jul'25,Q3'25,Online,Female,Ha Noi,MAFF,ACB,Vietcombank,BIDV,MBBank,Techcombank,,ACB,BIDV,Vietinbank,VPBank,MSB,,,,,,9.0,"Đây là ngân hàng uy tín, có nhiều chính sách tốt cho người dùng",Có thể là hệ thống ngân hàng điện tử thỉnh thoảng hay bị lỗi,8,Giao diện nhìn hơi rối mắt.,5,4,4,4,4,4,5,3,4,3,4,4,3.0,Banca,Tôi chưa trải nghiệm nhiều với bảo hiểm của BIDV,4,3,4,4,4,3.0,Telesales,Tôi không hay trao đổi qua điện thoại. Tôi hay trao đổi trực tiếp với BIDV,8.0,8.0,9.0,7.0,7.0,8.0,,,,,MSB,Techcombank,VPBank,Vietinbank,BIDV,MBBank,BIDV,Vietinbank,,,,0.0,,,,,,0.0,,,,,,0.0,,,,,,0.0,,,,,,0.0,,,,,,0.0,,,,,,0.0,,,,,,0.0,,,,,,1.0,,,,,,0.0,,,,,,1.0,,,,,,0.0,,,Q3'25,0.0,1.075357142857143,0.0,1.0751923076923076,0.0,0.0,0.0,1.009468443627451,0.0,0.0,0.0,1.0095707179930795,0.0,0.0,0.0,0.0,,,,,0.0,0.0,,0.0,0.0,0.0,0.0,0.0,,0.0,0.0,0.0,,1.010859375,,0.0,0.0,0.0,,,,,,,,0.0,0.0,0.0,0.0,0.0,0.0,0.0,,0.0,0.0,0.0,,1.0095416505417958,,0.0,,0.0,0.0,0.0,0.0,0.0,0.0,0.0,0.0,,
2092,Q10_Jul'25###40671Qjm1ikp1MrMbi4zFrehC9q/BxXYasZadLuq05Jh7WloWpqUY5xgdn3IY0O/lZh2T,40671Qjm1ikp1MrMbi4zFrehC9q/BxXYasZadLuq05Jh7WloWpqUY5xgdn3IY0O/lZh2T,Q10,ACB,36-45,Jul'25,Q3'25,Online,Female,Ha Noi,MAFF,ACB,Vietcombank,BIDV,MBBank,Techcombank,,ACB,BIDV,Vietinbank,VPBank,MSB,,,,,,9.0,"Các sản phẩm linh hoạt, đội ngũ nhân viên nhiệt tình",Tổng đài thường hay bận,8,Nhiều khi hay bị lỗi app,4,4,3,4,4,4,4,3,4,4,4,3,3.0,Banca,Tôi chưa sử dụng nhiều sản phẩm bảo hiểm của ACB nên chưa có nhiều đánh giá,4,4,3,3,4,3.0,Call Center,Khi tôi gọi tổng đài đường line hay bị bận,8.0,8.0,8.0,7.0,7.0,8.0,,,,,MSB,Techcombank,VPBank,Vietinbank,BIDV,MBBank,BIDV,Vietinbank,,0.0,,,,,,0.0,,,,,,0.0,,,,,,0.0,,,,,,0.0,,,,,,0.0,,,,,,0.0,,,,,,0.0,,,,,,0.0,,,,,,0.0,,,,,,0.0,,,,,,0.0,,,,,Q3'25,0.0,1.0867857142857142,0.0,1.087,0.0,0.0,0.0,1.1402399067265794,0.0,0.0,0.0,1.140092545638945,0.0,0.0,0.0,0.0,,,,0.0,,0.0,,0.0,0.0,0.0,,0.0,0.0,0.0,0.0,0.0,,1.1398514093137253,0.0,0.0,,0.0,,0.0,,0.0,,0.0,,0.0,0.0,0.0,,0.0,0.0,1.1399912683823528,0.0,0.0,,0.0,,0.0,0.0,0.0,,0.0,0.0,0.0,0.0,,,0.0,0.0,,
2093,Q1_Jul'25###40672VWh4OfWyfHpYVkafFxz8IbLVH3Bv1lUusTKGsUog9opYSJg5jN9MAcuGKC9bneHq,40672VWh4OfWyfHpYVkafFxz8IbLVH3Bv1lUusTKGsUog9opYSJg5jN9MAcuGKC9bneHq,Q1,Vietcombank,36-45,Jul'25,Q3'25,Online,Male,Ho Chi Minh,MAFF,Vietcombank,,,,,,Vietcombank,,Vietinbank,Techcombank,,,,,,,10.0,Vì họ uy tín và chất lượng tốt,Không có,10,Vì họ uy tín và chất lượng tốt,5,5,5,5,5,5,4,5,5,5,5,4,4.0,Credit card,Thẻ tín dụng khó sử dụng,4,5,5,5,5,4.0,Branch,Vì sự nhiệt tình của họ không cao,9.0,9.0,9.0,8.0,8.0,10.0,,,,,Vietcombank,Techcombank,Vietcombank,Vietcombank,Vietcombank,Vietcombank,Vietcombank,Techcombank,,,0.0,,,,,,0.0,,,,,,0.0,,,,,,0.0,,,,,,1.0,,,,,,0.0,,,,,,1.0,,,,,,1.0,,,,,,1.0,,,,,,1.0,,,,,,1.0,,,,,,0.0,,,,Q3'25,0.0,0.0,0.9089655172413792,0.9090322580645162,0.0,0.0,0.0,0.0,0.0,0.7786017922794117,0.0,0.7786916593968096,0.0,0.0,0.0,0.0,,,,0.0,0.0,,0.0,0.0,,,0.0,0.0,0.0,0.0,0.0,0.0,0.0,0.0,0.0,0.0,0.0,0.0,0.0,0.0,,0.0,,0.0,,0.0,0.0,0.0,0.0,0.7788057215073529,0.0,0.0,,0.0,,0.0,0.0,0.7786094877219756,0.0,0.0,0.0,0.0,0.0,0.0,0.0,0.0,,0.0,0.0,,
2094,Q1_Jul'25###406734pqHzg0zKgMnf805hdtIFqeGIJ2XVMGnQIS3wb164kd3lGLz0dtLpUEj1icfyQNv,406734pqHzg0zKgMnf805hdtIFqeGIJ2XVMGnQIS3wb164kd3lGLz0dtLpUEj1icfyQNv,Q1,ACB,36-45,Jul'25,Q3'25,Online,Female,Ho Chi Minh,MAFF,ACB,,,,,,ACB,,MSB,Vietinbank,Techcombank,Vietcombank,BIDV,MBBank,VPBank,,10.0,Ngân hàng uy tín,"Chưa tích hợp mạnh AL cho chất bột, phân tích chi tiêu, dự báo tài chính cá nhân như một số ngân hàng tiên phong",10,Ứng dụng dễ sử dụng,5,5,4,5,4,5,5, I do not use this bank product,5, I do not use this bank product, I do not use this bank product, I do not use this bank product,,,,5,Not use in recent 1 month,Not use in recent 1 month,Not use in recent 1 month,5,,,,10.0,9.0,10.0,9.0,9.0,10.0,,,,,ACB,ACB,ACB,Vietinbank,ACB,ACB,ACB,ACB,,0.0,,,,,,0.0,,,,,,0.0,,,,,,0.0,,,,,,1.0,,,,,,1.0,,,,,,1.0,,,,,,0.0,,,,,,1.0,,,,,,1.0,,,,,,1.0,,,,,,1.0,,,,,Q3'25,0.0,0.0,0.0,1.087,0.0,0.0,0.0,0.0,0.0,0.0,0.0,1.140092545638945,0.0,0.0,0.0,0.0,,,,0.0,,0.0,,0.0,0.0,0.0,,0.0,0.0,0.0,0.0,0.0,,0.0,0.0,0.0,,0.0,,0.0,,0.0,,0.0,,0.0,0.0,0.0,,0.0,0.0,0.0,0.0,0.0,,0.0,,1.140069939108456,0.0,0.0,,0.0,0.0,0.0,0.0,,,0.0,0.0,,
2095,Q1_Jul'25###40674ljJuvxOVsOQgy8u/JbQJ8A==,40674ljJuvxOVsOQgy8u/JbQJ8A==,Q1,MBBank,25-35,Jul'25,Q3'25,Offline,Male,Ha Noi,AFF,MBBank,,,,,,MBBank,,Vietcombank,Techcombank,,,,,,,9.0,"Được sử dụng số điện thoại làm tài khoản ,thuận tiện dễ nhớ",Không có,9,"Ứng dụng kết nối nhiều của hàng có nhiều chương trình liên kết mua sắm , ăn uôbgs",4,5,4,5,5,5,4, I do not use this bank product, I do not use this bank product,5, I do not use this bank product, I do not use this bank product,4.0,Credit card,Tiền lãi vẫn bị  cao khi trả,4,Not use in recent 1 month,Not use in recent 1 month,Not use in recent 1 month,5,4.0,Branch,Cây ATM hiện đại có tính năng gửi tiền và rút tiền,9.0,10.0,9.0,10.0,9.0,9.0,MBBank,MBBank,Vietcombank,MBBank,,,,,MBBank,MBBank,MBBank,MBBank,,,,,1.0,,,,,,1.0,,,,,,0.0,,,,,,1.0,,,,,,0.0,,,,,,0.0,,,,,,0.0,,,,,,0.0,,,,,,1.0,,,,,,1.0,,,,,,1.0,,,,,,1.0,,Q3'25,0.0,1.0417241379310345,0.0,0.0,0.0,0.0,0.0,1.0594298066448804,0.0,0.0,0.0,0.0,,0.0,0.0,0.0,,,,0.0,,0.0,,0.0,,0.0,0.0,0.0,,0.0,0.0,0.0,,0.0,,0.0,0.0,0.0,,,0.0,1.0591943359375,,0.0,,0.0,,0.0,,0.0,0.0,0.0,,0.0,,0.0,,0.0,,0.0,,0.0,,0.0,0.0,0.0,0.0,0.0,,,
2096,Q1_Jul'25###40675BG9IV+TivhYUW9zwzD0vSA==,40675BG9IV+TivhYUW9zwzD0vSA==,Q1,Techcombank,46-55,Jul'25,Q3'25,Offline,Female,Ha Noi,AFF,MBBank,Techcombank,,,,,Techcombank,,BIDV,VPBank,MSB,Vietinbank,ACB,Vietcombank,,,9.0,"Có nhiều ưu đãi hấp dẫn cho khách hàng, như hoàn tiền, giảm giá, miễn phí, nhiều dịch vụ khác nhau, tùy thuộc vào loại thẻ của khách hàng sử dụng.",Không có,9,"Ứng dụn chuyển tiên nhanh, giao diện dễ dùng, ít khi bị lỗi khi chuyển tiền.",5,4,5,4,4, I do not use this bank product,4, I do not use this bank product,4, I do not use this bank product, I do not use this bank product, I do not use this bank product,4.0,Terms deposit,"Gưi tiết kiệm online không phải qua ngân hàng, lãi suất linh động có nhiều mức lãi suất khác nhau phù hợp với nhiều khách hàng.",5,Not use in recent 1 month,Not use in recent 1 month,Not use in recent 1 month,4,4.0,ATM,"ATM đa dạng, phủ sóng khắp mọi nơi, chỗ nào cũng có.",9.0,9.0,9.0,9.0,10.0,8.0,Techcombank,Techcombank,Missing lable,Missing lable,,,,,Techcombank,Techcombank,Techcombank,Techcombank,1.0,,,,,,1.0,,,,,,0.0,,,,,,0.0,,,,,,0.0,,,,,,0.0,,,,,,0.0,,,,,,0.0,,,,,,1.0,,,,,,1.0,,,,,,1.0,,,,,,1.0,,,,,,Q3'25,0.0,0.8404444444444444,0.0,0.0,0.8402777777777778,0.0,0.0,0.9004641544117645,0.0,0.0,,0.0,,0.900555491727941,0.0,0.0,,,,0.0,,0.0,,0.0,,0.0,,0.0,,0.0,,0.0,,0.0,,0.9006865409207159,,0.0,0.0,0.0,,,,0.0,,0.0,,0.0,,0.0,,0.0,,0.0,,0.0,,0.0,,0.0,,0.9002205882352939,0.0,0.0,,,,0.900220588235294,0.0,,
2097,Q1_Jul'25###40676/uWjx7uzCMaNJIghDZbZEA==,40676/uWjx7uzCMaNJIghDZbZEA==,Q1,Vietcombank,46-55,Jul'25,Q3'25,Offline,Female,Ha Noi,AFF,MBBank,Techcombank,ACB,Vietcombank,,,Vietcombank,,_99,,,,,,,,8.0,phí dịch vụ SMS khá cao cần giảm xuống .  Lãi suất tiền gửi hơi thấp ,,9,"ứng dụng chạy khá mượt, giao diện đẹp , ít khi lỗi ",4,4,4,4,4,4,4, I do not use this bank product, I do not use this bank product, I do not use this bank product, I do not use this bank product, I do not use this bank product,4.0,Debit,đôi lúc đi rút tiền  còn mất phí nên chưa hoàn toàn hài lòng,Not use in recent 1 month,Not use in recent 1 month,Not use in recent 1 month,Not use in recent 1 month,5,,,,9.0,9.0,9.0,9.0,9.0,9.0,Missing lable,ACB,Missing lable,Missing lable,,,,,Vietcombank,Vietcombank,Vietcombank,Vietcombank,,,0.0,,,,,,0.0,,,,,,0.0,,,,,,0.0,,,,,,0.0,,,,,,0.0,,,,,,0.0,,,,,,0.0,,,,,,1.0,,,,,,1.0,,,,,,1.0,,,,,,1.0,,,,Q3'25,0.0,0.0,0.0,0.0,0.9091304347826088,0.0,0.0,0.0,0.0,0.0,0.0,0.0,0.0,0.0,1.785914702581369,0.0,,,,0.0,0.0,,0.0,0.0,,,0.0,0.0,0.0,0.0,0.0,0.0,0.0,0.0,0.0,0.0,0.0,0.0,0.0,0.0,,0.0,,0.0,,0.0,0.0,0.0,0.0,0.0,0.0,0.0,,0.0,,0.0,0.0,0.0,0.0,0.0,0.0,0.0,1.7877006172839505,0.0,0.0,1.7877006172839505,,0.0,0.0,,
2098,Q1_Jul'25###40677UbFvBOlerv9gMWpq7ANEtA==,40677UbFvBOlerv9gMWpq7ANEtA==,Q1,MBBank,46-55,Jul'25,Q3'25,Offline,Female,Ha Noi,MAFF,MBBank,,,,,,MBBank,,VPBank,MSB,Vietinbank,Techcombank,ACB,Vietcombank,BIDV,,8.0,Nên giảm lãi suất,,9,Tiện chuyển khoản và thanh toán,4,3,3,4,4, I do not use this bank product, I do not use this bank product, I do not use this bank product, I do not use this bank product, I do not use this bank product, I do not use this bank product, I do not use this bank product,,,,Not use in recent 1 month,Not use in recent 1 month,Not use in recent 1 month,Not use in recent 1 month,Not use in recent 1 month,,,,9.0,6.0,8.0,5.0,8.0,8.0,,,,,Missing lable,MBBank,Missing lable,Missing lable,MBBank,Missing lable,MBBank,Missing lable,,,,,0.0,,,,,,0.0,,,,,,0.0,,,,,,0.0,,,,,,0.0,,,,,,1.0,,,,,,0.0,,,,,,0.0,,,,,,1.0,,,,,,0.0,,,,,,1.0,,,,,,0.0,,Q3'25,0.0,0.0,0.0,0.0,1.0417391304347827,0.0,0.0,0.0,0.0,0.0,0.0,0.0,,0.0,0.9218402777777778,0.0,,,,0.0,,0.0,,0.0,,0.0,0.0,0.0,,0.0,0.0,0.0,,0.0,,0.0,0.0,0.0,,,0.0,0.0,,0.0,,0.0,,0.0,,0.0,0.0,0.0,,0.0,,0.0,,0.0,,0.0,,0.0,,0.0,0.0,0.0,0.9196296296296296,0.0,,,
2099,Q1_Jul'25###40678zZkJHChWlkAPLasBewQ2FA==,40678zZkJHChWlkAPLasBewQ2FA==,Q1,BIDV,36-45,Jul'25,Q3'25,Offline,Female,Ha Noi,AFF,BIDV,,,,,,BIDV,,MSB,Vietinbank,Techcombank,ACB,Vietcombank,MBBank,VPBank,,9.0,"có những chính sách tốt cho tiền gửi tiết kiệm, lãi cao, linh hoạt cho gửi tiết kiệm.",không có,9,"có giao diện nổi bật dễ nhìn, dễ dàng thao tác ap không bị lỗi khi giao dịch.",4,4,5,4,5,4, I do not use this bank product, I do not use this bank product,5, I do not use this bank product, I do not use this bank product, I do not use this bank product,4.0,Debit,chưa có nhiều tính năng tích hợp cho loại thẻ này.,4,Not use in recent 1 month,Not use in recent 1 month,Not use in recent 1 month,5,4.0,Branch,ít phòng dịch tại nơi khu tôi sống,9.0,10.0,9.0,9.0,10.0,9.0,BIDV,BIDV,BIDV,BIDV,,,,,BIDV,BIDV,BIDV,BIDV,,,,1.0,,,,,,1.0,,,,,,1.0,,,,,,1.0,,,,,,0.0,,,,,,0.0,,,,,,0.0,,,,,,0.0,,,,,,1.0,,,,,,1.0,,,,,,1.0,,,,,,1.0,,,Q3'25,0.0,1.075357142857143,0.0,0.0,1.075217391304348,0.0,0.0,1.009468443627451,0.0,0.0,0.0,0.0,0.0,1.0096556843891402,0.0,0.0,,,,,0.0,0.0,,0.0,0.0,0.0,0.0,0.0,,0.0,0.0,0.0,,1.010859375,,0.0,0.0,0.0,,,,,,,,0.0,0.0,0.0,0.0,0.0,0.0,0.0,,0.0,0.0,0.0,,0.0,,0.0,,0.0,0.0,1.0092945772058823,0.0,0.0,0.0,0.0,0.0,,
2100,Q1_Jul'25###40679bk6OKmZ/COg9mtXaAlcN2g==,40679bk6OKmZ/COg9mtXaAlcN2g==,Q1,MBBank,46-55,Jul'25,Q3'25,Offline,Female,Ha Noi,AFF,MBBank,,,,,,MBBank,,Vietinbank,Techcombank,ACB,Vietcombank,BIDV,VPBank,,,8.0,"Có thêm dịch vụ tiết kiệm online linh hoạt tự động trừ hằng ngày từ số dư tài khoản chưa dùng đến.
Thống kê dòng tiền trong tháng",,8,Thêm dịch vụ tiết kiệm online  và thống kê dòng tiền hàng tháng,4,4,3,5,5,3,3,3,3,3,3,3,3.0,Credit card,Tôi thấy không có gì nổi bật ở sản phẩm này so với các ngân hàng khác,5,5,5,Not use in recent 1 month,Not use in recent 1 month,,,,9.0,9.0,9.0,10.0,10.0,9.0,ACB,Missing lable,Other,Missing lable,,,,,MBBank,Missing lable,Missing lable,MBBank,,,,,0.0,,,,,,0.0,,,,,,0.0,,,,,,0.0,,,,,,0.0,,,,,,0.0,,,,,,0.0,,,,,,0.0,,,,,,1.0,,,,,,0.0,,,,,,0.0,,,,,,1.0,,Q3'25,0.0,1.0417241379310345,1.0417857142857143,0.0,0.0,0.0,0.0,0.0,0.9196296296296296,0.0,0.9196296296296296,0.0,,0.0,0.0,0.0,,,,0.0,,0.0,,0.0,,0.0,0.0,0.0,,0.0,0.0,0.0,,0.0,,0.0,0.9196296296296296,0.0,,,0.0,0.0,,0.0,,0.0,,0.0,,0.0,0.9196296296296296,0.0,,0.0,,0.0,,0.0,,0.0,,0.0,,0.0,0.0,0.0,0.0,0.0,,,
2101,Q1_Jul'25###40680ZF2CHcM83n8N4ZkuJEAx6A==,40680ZF2CHcM83n8N4ZkuJEAx6A==,Q1,VPBank,25-35,Jul'25,Q3'25,Offline,Male,Ha Noi,AFF,VPBank,,,,,,VPBank,,Techcombank,Vietcombank,BIDV,MBBank,Vietinbank,,,,10.0,"Ngân hàng uy tín, đáng tin cậy, áp dụng công nghệ vào từng ứng dụng rất thuận tiện sử dụng",Một số loại phí cao hơn so với ngân hàng khác,10,"Vp bank  thì nổi tiếng với chuyển đổi số, dùng ứng dụng gửi tiết kiệm, quản lý chi tiêu, chuyển nhận tiền... Hoàn toàn trực tuyến",5,4,4,4,4,5,4, I do not use this bank product,4, I do not use this bank product, I do not use this bank product, I do not use this bank product,4.0,Credit card,Tôi muốn hạn mức thẻ ở mức cao hơn hiện tại,4,Not use in recent 1 month,Not use in recent 1 month,Not use in recent 1 month,5,4.0,Branch,"Tôi phải chờ đợi tới luợt khá lâu, do hôm đó cũng đông khách hàng",9.0,9.0,9.0,9.0,9.0,10.0,VPBank,VPBank,VPBank,VPBank,,,,,VPBank,VPBank,VPBank,VPBank,,,,,,1.0,,,,,,1.0,,,,,,1.0,,,,,,1.0,,,,,,0.0,,,,,,0.0,,,,,,0.0,,,,,,0.0,,,,,,1.0,,,,,,1.0,,,,,,1.0,,,,,,1.0,Q3'25,1.0202941176470588,0.0,0.0,1.0203636363636364,0.0,1.0885365205652573,0.0,0.0,,0.0,,1.088605715871254,0.0,0.0,0.0,0.0,,,,,,0.0,,0.0,0.0,1.088203125,,0.0,0.0,0.0,,0.0,,0.0,,0.0,,0.0,,0.0,,0.0,,0.0,,0.0,,0.0,,0.0,,0.0,0.0,0.0,,0.0,0.0,1.0887798092209855,,0.0,,0.0,0.0,0.0,0.0,,0.0,0.0,0.0,,
2102,Q1_Jul'25###4068121fbf7a0-a400-11ef-9e47-abc0394381ff,4068121fbf7a0-a400-11ef-9e47-abc0394381ff,Q1,VPBank,25-35,Jul'25,Q3'25,Online,Female,Ho Chi Minh,MAFF,MBBank,VPBank,Techcombank,ACB,BIDV,,VPBank,,Vietcombank,Vietinbank,,,,,,,10.0,Ngan hang uy tin,không cân,10,Dễ SỬ DỤNG,5,5,4,5,4,5, I do not use this bank product,5,5, I do not use this bank product, I do not use this bank product, I do not use this bank product,,,,5,5,5,5,5,,,,10.0,10.0,9.0,10.0,10.0,10.0,,,,,Vietcombank,ACB,VPBank,Techcombank,MBBank,BIDV,Vietinbank,VPBank,,,,,,0.0,,,,,,0.0,,,,,,0.0,,,,,,0.0,,,,,,0.0,,,,,,0.0,,,,,,1.0,,,,,,0.0,,,,,,0.0,,,,,,0.0,,,,,,0.0,,,,,,1.0,Q3'25,0.0,0.0,0.0,1.0203636363636364,0.0,0.0,0.0,0.0,,0.0,,1.088605715871254,0.0,0.0,0.0,0.0,,,,,,0.0,,0.0,0.0,0.0,,0.0,0.0,0.0,,0.0,,0.0,,0.0,,0.0,,0.0,,0.0,,0.0,,0.0,,0.0,,0.0,,0.0,0.0,0.0,,0.0,0.0,1.0887798092209855,,0.0,,0.0,0.0,0.0,0.0,,0.0,0.0,0.0,,
2103,Q1_Jul'25###40682vW7h1K38luVntLhft6Jbag==,40682vW7h1K38luVntLhft6Jbag==,Q1,BIDV,36-45,Jul'25,Q3'25,Offline,Female,Ho Chi Minh,AFF,BIDV,Vietcombank,,,,,BIDV,,Vietinbank,Techcombank,ACB,MBBank,VPBank,MSB,,,10.0,"Ngân hàng hiện đại với các tính năng đăng kí mở thẻ, thanh toán hóa đơn, đóng tiền học phí hay viện phí, chuyển tiền điều thực hiện online nhanh và tiện lợi",Không có,9,"chuyển khoản nhanh chóng, thanh toán các loại hoá đơn, học phí, gởi và rút tiết kiệm qua ứng dụng thì tiết kiệm được rất nhiều thời gian",4,5,4,5,4,5,5, I do not use this bank product,5, I do not use this bank product, I do not use this bank product, I do not use this bank product,,,,5,Not use in recent 1 month,Not use in recent 1 month,Not use in recent 1 month,5,,,,9.0,9.0,10.0,9.0,10.0,8.0,BIDV,BIDV,BIDV,BIDV,,,,,BIDV,BIDV,BIDV,BIDV,,,,1.0,,,,,,1.0,,,,,,1.0,,,,,,1.0,,,,,,0.0,,,,,,0.0,,,,,,0.0,,,,,,0.0,,,,,,1.0,,,,,,1.0,,,,,,1.0,,,,,,1.0,,,Q3'25,1.075161290322581,0.0,0.0,1.0751923076923076,0.0,1.009468443627451,0.0,0.0,0.0,0.0,0.0,1.0095707179930795,0.0,0.0,0.0,0.0,,,,,0.0,0.0,,0.0,0.0,1.010233455882353,0.0,0.0,,0.0,0.0,0.0,,0.0,,0.0,0.0,0.0,,,,,,,,0.0,0.0,0.0,0.0,0.0,0.0,0.0,,0.0,0.0,0.0,,1.0095416505417958,,0.0,,0.0,0.0,0.0,0.0,0.0,0.0,0.0,0.0,,
2104,Q1_Jul'25###40683ldDSJt8XQ8H04di8xpghYQ==,40683ldDSJt8XQ8H04di8xpghYQ==,Q1,VPBank,36-45,Jul'25,Q3'25,Offline,Male,Ho Chi Minh,AFF,VPBank,,,,,,VPBank,,Techcombank,ACB,Vietcombank,BIDV,MBBank,MSB,Vietinbank,,10.0,"Ngân hàng có thương hiệu tốt trên thị trường việt nam,lãi suất về tiết kiệm cao,nhiều sản phẩm dịch vụ đa dạng như tín dụng,bảo hiểm","giảm lãi suất vay,vì nghe nói lãi suất vay hơi cao",9,"ứng dụng có gia diện bắt mắt,nhiều tính năng được áp dụng trong app để khách hàng trải nghiệm và đỡ tốn thời gian như các dịch vụ đặt vé,mua sắm hay thanh toán các loại hóa đơn",4,5,4,5,5, I do not use this bank product,4,4,5, I do not use this bank product, I do not use this bank product, I do not use this bank product,4.0,Banca,Nhân viên tư vấn hơi dài dòng,5,Not use in recent 1 month,4,Not use in recent 1 month,Not use in recent 1 month,4.0,Call Center,gọi hơi lâu bắt máy,9.0,9.0,10.0,9.0,10.0,9.0,VPBank,VPBank,VPBank,VPBank,,,,,VPBank,VPBank,VPBank,VPBank,,,,,,1.0,,,,,,1.0,,,,,,1.0,,,,,,1.0,,,,,,0.0,,,,,,0.0,,,,,,0.0,,,,,,0.0,,,,,,1.0,,,,,,1.0,,,,,,1.0,,,,,,1.0,Q3'25,0.0,1.0202777777777776,0.0,1.0203636363636364,1.0202857142857142,0.0,0.0,1.088499476613562,,0.0,,1.088605715871254,0.0,1.0885472752609109,0.0,0.0,,,,,,0.0,,0.0,0.0,0.0,,0.0,0.0,0.0,,0.0,,0.0,,1.0887958282271244,,0.0,,0.0,,0.0,,0.0,,0.0,,0.0,,0.0,,0.0,0.0,0.0,,0.0,0.0,1.0887798092209855,,0.0,,0.0,0.0,1.0889143688725489,0.0,,0.0,0.0,0.0,,
2105,Q1_Jul'25###40684KINdCtNHcKNK7k7Rg93gUIQv3vboPfONTZG/aCLaSprkBfHBKPHCPQc6lJopAuJK,40684KINdCtNHcKNK7k7Rg93gUIQv3vboPfONTZG/aCLaSprkBfHBKPHCPQc6lJopAuJK,Q1,ACB,25-35,Jul'25,Q3'25,Online,Female,Ho Chi Minh,MAFF,ACB,,,,,,ACB,,VPBank,MSB,Vietinbank,Techcombank,Vietcombank,BIDV,MBBank,,10.0,Vì đây là ngân hàng chính tôi sử dụng và tôi thấy hài lòng,Tôi thấy ổn không cần cải thiện gì,10,"Vì ứng dụng acb thiết kế đẹp, mượt, ít khi bị lỗi",5,5,5,5,5,5,5, I do not use this bank product,5, I do not use this bank product, I do not use this bank product, I do not use this bank product,,,,5,5,5,5,5,,,,10.0,10.0,10.0,10.0,10.0,10.0,,,,,ACB,ACB,ACB,ACB,ACB,ACB,ACB,ACB,,0.0,,,,,,0.0,,,,,,0.0,,,,,,0.0,,,,,,1.0,,,,,,1.0,,,,,,1.0,,,,,,1.0,,,,,,1.0,,,,,,1.0,,,,,,1.0,,,,,,1.0,,,,,Q3'25,0.0,0.0,0.0,1.087,0.0,0.0,0.0,0.0,0.0,0.0,0.0,1.140092545638945,0.0,0.0,0.0,0.0,,,,0.0,,0.0,,0.0,0.0,0.0,,0.0,0.0,0.0,0.0,0.0,,0.0,0.0,0.0,,0.0,,0.0,,0.0,,0.0,,0.0,0.0,0.0,,0.0,0.0,0.0,0.0,0.0,,0.0,,1.140069939108456,0.0,0.0,,0.0,0.0,0.0,0.0,,,0.0,0.0,,
2106,Q1_Aug'25###406855df5afc0-5d82-11ec-9438-255c1aa7dd9d,406855df5afc0-5d82-11ec-9438-255c1aa7dd9d,Q1,ACB,36-45,Aug'25,Q3'25,Online,Male,Ho Chi Minh,MAFF,ACB,Vietcombank,VPBank,,,,ACB,Vietcombank,Vietinbank,Techcombank,BIDV,,,,,,10.0,TÔI CÓ trải nghiệm tốt với ngân hàng này trong thời gian qua,nên mở thêm nhiều trụ ATM trên khắp thành phố,10,"tính bảo mật của ứng dụng tốt, app chạy mượt mà ít bị lỗi",4,5,3,4,4, I do not use this bank product,4, I do not use this bank product,5,3,4,4,3.0,Bond/Funds,các dịch vụ liên quan đến trái phiếu của n gân hàng này cũng giống như một số ngân hàng khác không có khác biệt nhiều,4,Not use in recent 1 month,Not use in recent 1 month,Not use in recent 1 month,3,3.0,ATM,ATM của ngân hàng này quá ít nơi tôi làm việc,9.0,9.0,9.0,8.0,10.0,10.0,,,,,ACB,ACB,ACB,ACB,ACB,ACB,ACB,VPBank,,0.0,,,,,,0.0,,,,,,0.0,,,,,,0.0,,,,,,1.0,,,,,,1.0,,,,,,1.0,,,,,,1.0,,,,,,1.0,,,,,,1.0,,,,,,1.0,,,,,,0.0,,,,,Q3'25,0.0,0.0,0.0,1.087,0.0,0.0,0.0,0.0,0.0,0.0,0.0,1.140092545638945,0.0,0.0,0.0,0.0,,,,0.0,,0.0,,0.0,0.0,0.0,,0.0,0.0,0.0,0.0,0.0,,0.0,0.0,0.0,,0.0,,0.0,,0.0,,0.0,,0.0,0.0,0.0,,0.0,0.0,0.0,0.0,0.0,,0.0,,0.0,0.0,1.1398514093137253,,0.0,0.0,0.0,0.0,,,0.0,0.0,,
2107,Q10_Aug'25###406855df5afc0-5d82-11ec-9438-255c1aa7dd9d,406855df5afc0-5d82-11ec-9438-255c1aa7dd9d,Q10,Vietcombank,36-45,Aug'25,Q3'25,Online,Male,Ho Chi Minh,MAFF,ACB,Vietcombank,VPBank,,,,ACB,Vietcombank,Vietinbank,Techcombank,BIDV,,,,,,9.0,có một số dịch vụ rất tốt với ngân hàng này,điểm giao dịch ít trên thành phố,10,bảo mật cao và độ trễ thấp,4,4,5,4,3,I do not use this bank product,4,I do not use this bank product,4,I do not use this bank product,I do not use this bank product,4,4.0,Unsecured Loan/ Overdraft without Collateral,"thủ tục đơn giản gọn, thời gian xử lý và giải quyết nhanh chóng",4,Not use in recent 1 month,Not use in recent 1 month,Not use in recent 1 month,3,3.0,ATM,trụ ATM ít và nhiều lúc quá tải,9.0,8.0,9.0,9.0,10.0,9.0,,,,,ACB,ACB,ACB,ACB,ACB,ACB,ACB,VPBank,,,0.0,,,,,,0.0,,,,,,0.0,,,,,,0.0,,,,,,0.0,,,,,,0.0,,,,,,0.0,,,,,,0.0,,,,,,0.0,,,,,,0.0,,,,,,0.0,,,,,,0.0,,,,Q3'25,0.0,0.0,0.9089655172413792,0.0,0.0,0.0,0.0,0.0,0.0,0.7786017922794117,0.0,0.0,0.0,0.0,0.0,0.0,,,,0.0,0.0,,0.0,0.0,,,0.0,0.0,0.0,0.0,0.0,0.0,0.0,0.0,0.0,0.0,0.0,0.0,0.0,0.0,,0.0,,0.0,,0.0,0.0,0.0,0.0,0.7788057215073529,0.0,0.0,,0.0,,0.0,0.0,0.0,0.0,0.0,0.0,0.0,0.0,0.0,0.0,0.0,,0.0,0.0,,
2108,Q1_Aug'25###406865f339740-ee25-11ec-a461-5f793a66b43e,406865f339740-ee25-11ec-a461-5f793a66b43e,Q1,Techcombank,36-45,Aug'25,Q3'25,Online,Male,Ho Chi Minh,MAFF,VPBank,Techcombank,,,,,Techcombank,,ACB,Vietcombank,BIDV,MBBank,,,,,9.0,Miễn các loại phí,"App còn chậm, quá ít chương trình khuyến mãi, tặng quà",8,"Thêm vào mục games, tích điểm đổi quà...",4,4,3,4,4, I do not use this bank product, I do not use this bank product,3,3,3, I do not use this bank product, I do not use this bank product,3.0,Terms deposit,Lãi suất thấp,4,Not use in recent 1 month,Not use in recent 1 month,Not use in recent 1 month,4,4.0,Branch,Chờ lâu,7.0,7.0,8.0,8.0,7.0,7.0,,,,,Techcombank,Techcombank,Techcombank,Techcombank,Techcombank,Techcombank,Techcombank,Techcombank,0.0,,,,,,0.0,,,,,,0.0,,,,,,0.0,,,,,,1.0,,,,,,1.0,,,,,,1.0,,,,,,1.0,,,,,,1.0,,,,,,1.0,,,,,,1.0,,,,,,1.0,,,,,,Q3'25,0.0,0.0,0.0,0.0,0.8402777777777778,0.0,0.0,0.0,0.0,0.0,,0.0,,0.900555491727941,0.0,0.0,,,,0.0,,0.0,,0.0,,0.0,,0.0,,0.0,,0.0,,0.0,,0.0,,0.0,0.0,0.0,,,,0.0,,0.0,,0.0,,0.0,,0.0,,0.0,,0.0,,0.0,,0.0,,0.9002205882352939,0.0,0.0,,,,0.0,0.0,,
2109,Q1_Aug'25###40687c7ad4a00-dc3c-11ec-bf4c-991a63bfd9a9,40687c7ad4a00-dc3c-11ec-bf4c-991a63bfd9a9,Q1,BIDV,25-35,Aug'25,Q3'25,Online,Female,Ha Noi,MAFF,BIDV,,,,,,BIDV,,Vietinbank,Techcombank,Vietcombank,MBBank,VPBank,,,,8.0,cải thiện chất lượng cskh,,8,không có,4,4,2,4,4,3, I do not use this bank product, I do not use this bank product,4, I do not use this bank product, I do not use this bank product, I do not use this bank product,3.0,Debit,vì ngân hàng giữ lại 50.000 trong tài khoản của tôi,3,3,2,2,4,2.0,Call Center,nhân viên không hỗ trợ ngay lập tức mà mất rất nhiều thời gian gọi mới có người hỗ trợ,7.0,6.0,8.0,6.0,7.0,7.0,,,,,BIDV,Missing lable,Missing lable,BIDV,BIDV,BIDV,BIDV,BIDV,,,,0.0,,,,,,0.0,,,,,,0.0,,,,,,0.0,,,,,,1.0,,,,,,0.0,,,,,,0.0,,,,,,1.0,,,,,,1.0,,,,,,1.0,,,,,,1.0,,,,,,1.0,,,Q3'25,0.0,0.0,0.0,1.0751923076923076,0.0,0.0,0.0,0.0,0.0,0.0,0.0,0.0,1.5233333333333332,0.0,0.0,0.0,,,,,0.0,0.0,,0.0,0.0,0.0,0.0,0.0,,0.0,0.0,0.0,,0.0,,0.0,0.0,0.0,,,,,,,,0.0,0.0,0.0,0.0,0.0,0.0,0.0,,0.0,1.5233333333333332,0.0,,0.0,,0.0,,0.0,0.0,0.0,0.0,0.0,0.0,0.0,0.0,,
2110,Q1_Aug'25###406884d2aa180-5d82-11ec-a046-7d44cfabf11e,406884d2aa180-5d82-11ec-a046-7d44cfabf11e,Q1,VPBank,36-45,Aug'25,Q3'25,Online,Female,Ho Chi Minh,MAFF,ACB,Vietcombank,VPBank,,,,VPBank,,Vietinbank,Techcombank,,,,,,,9.0,"Vì họ cung cấp sản phẩm tốt, giá cả hợp lý, xử lý nhanh chóng",Tăng lãi xuất tiết kiệm,9,vì nó nhanh chóng và tiện lợi,5,5,4,5,5,5,5, I do not use this bank product,4, I do not use this bank product, I do not use this bank product, I do not use this bank product,4.0,Terms deposit,vì đôi khi lãi xuất của họ không hấp dẫn lắm,5,Not use in recent 1 month,Not use in recent 1 month,Not use in recent 1 month,5,,,,9.0,9.0,9.0,9.0,9.0,9.0,,,,,VPBank,VPBank,VPBank,VPBank,VPBank,VPBank,VPBank,VPBank,,,,,,0.0,,,,,,0.0,,,,,,0.0,,,,,,0.0,,,,,,1.0,,,,,,1.0,,,,,,1.0,,,,,,1.0,,,,,,1.0,,,,,,1.0,,,,,,1.0,,,,,,1.0,Q3'25,0.0,1.0202777777777776,1.0203448275862068,0.0,1.0202857142857142,0.0,0.0,1.088499476613562,,1.0885710097616632,,0.0,0.0,1.0885472752609109,0.0,0.0,,,,,,0.0,,0.0,0.0,0.0,,0.0,0.0,0.0,,0.0,,0.0,,0.0,,0.0,,0.0,,0.0,,1.088203125,,1.0889143688725489,,0.0,,0.0,,0.0,0.0,0.0,,0.0,0.0,0.0,,0.0,,1.088203125,0.0,0.0,0.0,,0.0,0.0,0.0,,
2111,Q1_Aug'25###40689775a5d70-e871-11ef-90ab-15c74ca2de37,40689775a5d70-e871-11ef-90ab-15c74ca2de37,Q1,Techcombank,25-35,Aug'25,Q3'25,Online,Female,Ha Noi,MAFF,Techcombank,MBBank,,,,,Techcombank,,Vietcombank,Vietinbank,,,,,,,10.0,"Ứng dụng mượt, nhiều ưu đãi, tính năng tự động sinh lời",Không,10,Tinh năng tự động sinh lời,5,5,5,5,5,5,5,5,5,5,5,5,,,,5,5,5,5,5,,,,10.0,10.0,10.0,10.0,10.0,10.0,,,,,Techcombank,Techcombank,Techcombank,Vietcombank,Techcombank,Techcombank,Techcombank,Techcombank,0.0,,,,,,0.0,,,,,,0.0,,,,,,0.0,,,,,,1.0,,,,,,1.0,,,,,,1.0,,,,,,0.0,,,,,,1.0,,,,,,1.0,,,,,,1.0,,,,,,1.0,,,,,,Q3'25,0.8404,0.8404444444444444,0.0,0.0,0.8402777777777778,0.9006671262254901,0.0,0.9004641544117645,0.0,0.0,,0.0,,0.900555491727941,0.0,0.900220588235294,,,,0.0,,0.0,,0.0,,0.0,,0.0,,0.0,,0.0,,0.900220588235294,,0.0,,0.0,0.0,0.0,,,,0.0,,0.0,,0.0,,0.0,,0.0,,0.0,,0.0,,0.0,,0.0,,0.0,0.0,0.0,,,,0.900220588235294,0.0,,
2112,Q1_Aug'25###40690b7e7b680-d5b7-11ec-81aa-9f1356499cbc,40690b7e7b680-d5b7-11ec-81aa-9f1356499cbc,Q1,VPBank,46-55,Aug'25,Q3'25,Online,Male,Ho Chi Minh,MAFF,MBBank,VPBank,,,,,VPBank,,ACB,Vietcombank,BIDV,MSB,Vietinbank,Techcombank,,,9.0,"VP Bank thu tuc rat don gian, nhanh chong",BP Kinh doanh goi dien truc tiep den khach hang qua nhieu.,10,App di dong NH VP Bank rat ok,5,4,3,5,4,4,4,4,4,3,3,4,3.0,Secured Loan,"Cung giong nhu cac NH khac thoi, chang co gi dac biet",4,1,3,3,5,1.0,Telesales,Nhieu ban goi cho toi ve 1 san pham vay tin chap ( rat nhieu chi nhanh ke ca Ha Noi) nen gui thu thong bao. khi k/h co nhu cau k/h se alo lai ngay thoi,9.0,9.0,9.0,9.0,9.0,9.0,,,,,VPBank,VPBank,VPBank,VPBank,VPBank,VPBank,VPBank,VPBank,,,,,,0.0,,,,,,0.0,,,,,,0.0,,,,,,0.0,,,,,,1.0,,,,,,1.0,,,,,,1.0,,,,,,1.0,,,,,,1.0,,,,,,1.0,,,,,,1.0,,,,,,1.0,Q3'25,0.0,0.0,1.0203448275862068,0.0,0.0,0.0,0.0,0.0,,1.0885710097616632,,0.0,0.0,0.0,0.0,0.0,,,,,,0.0,,0.0,0.0,0.0,,0.0,0.0,0.0,,0.0,,0.0,,0.0,,0.0,,0.0,,0.0,,0.0,,1.0889143688725489,,1.088203125,,0.0,,0.0,0.0,0.0,,0.0,0.0,0.0,,0.0,,0.0,0.0,0.0,0.0,,0.0,0.0,0.0,,
2113,Q1_Aug'25###40691b06dd6a0-17d9-11ee-aaec-2b4eb8447d33,40691b06dd6a0-17d9-11ee-aaec-2b4eb8447d33,Q1,Vietcombank,46-55,Aug'25,Q3'25,Online,Male,Ha Noi,MAFF,Vietcombank,Techcombank,,,,,Vietcombank,,BIDV,MBBank,VPBank,MSB,Vietinbank,ACB,,,9.0,Ngân hàng uy tín hàng đầu Việt nam có hơn 60 kinh nghiệm được chính phủ Việt Nam bảo trợ,"Tăng các giao dịch bằng tiền ảo, tiền mã hóa",7,Vẫn còn tình trạng bảo trì vào khung thời gian không thích hợp,4,4,3,4,4,3,4,4,3,4, I do not use this bank product, I do not use this bank product,3.0,Terms deposit,Lãi suất chưa đạt đến top đầu trong hệ thống ngân hàng việt nam,4,Not use in recent 1 month,Not use in recent 1 month,Not use in recent 1 month,4,4.0,ATM,Chưa triển khai nhiều cây nộp tiền trực tiếp tại máy ATM,7.0,8.0,9.0,7.0,8.0,8.0,,,,,Vietcombank,Vietcombank,Vietcombank,Techcombank,Vietcombank,Missing lable,Vietcombank,Vietcombank,,,0.0,,,,,,0.0,,,,,,0.0,,,,,,0.0,,,,,,1.0,,,,,,1.0,,,,,,1.0,,,,,,0.0,,,,,,1.0,,,,,,0.0,,,,,,1.0,,,,,,1.0,,,,Q3'25,0.0,0.0,0.0,0.9090322580645162,0.0,0.0,0.0,0.0,0.0,0.0,0.0,0.7786916593968096,0.0,0.0,0.0,0.0,,,,0.0,0.0,,0.0,0.0,,,0.0,0.0,0.0,0.0,0.0,0.0,0.0,0.0,0.0,0.0,0.0,0.0,0.0,0.0,,0.0,,0.0,,0.0,0.0,0.0,0.0,0.0,0.0,0.0,,0.0,,0.0,0.0,0.7786094877219756,0.0,0.0,0.0,0.0,0.0,0.0,0.0,0.0,,0.0,0.0,,
2114,Q1_Aug'25###406920e2bbcc0-13a5-11f0-88a8-3b7e6a041486,406920e2bbcc0-13a5-11f0-88a8-3b7e6a041486,Q1,Vietcombank,25-35,Aug'25,Q3'25,Online,Female,Ha Noi,MAFF,Vietcombank,BIDV,,,,,Vietcombank,,VPBank,MSB,Vietinbank,Techcombank,ACB,MBBank,,,8.0,Làm vào thứ 7 và Chủ Nhật,,8,"Cần format thoáng, dễ nhìn hơn ạ",4,4,4,4,5,4,4,3,3,2,4,4,2.0,Bond/Funds,Bởi vì sau vụ Trương Mỹ Lan tôi cảm thấy các ngân hàng ở VN làm trái phiếu bất an. Ngân hàng rất dễ bị các đại gia Mafia hoặc bọn Bảo hiểm lừa đảo như Prudential mua chuộc.,4,4,4,4,4,4.0,Call Center,"Bởi vì là Ngân hàng Vietcombank cũng vẫn hơi khệnh khạng, hospitality chưa phải là đạt 100% ổn",7.0,6.0,7.0,7.0,7.0,8.0,,,,,ACB,Techcombank,BIDV,Techcombank,ACB,BIDV,Techcombank,ACB,,,0.0,,,,,,0.0,,,,,,0.0,,,,,,0.0,,,,,,0.0,,,,,,0.0,,,,,,0.0,,,,,,0.0,,,,,,0.0,,,,,,0.0,,,,,,0.0,,,,,,0.0,,,,Q3'25,0.9091666666666666,0.0,0.0,0.0,0.0,0.0,1.785244984567901,0.0,0.0,0.0,0.0,0.0,0.0,0.0,0.0,0.0,,,,0.0,0.0,,0.0,0.0,,,0.0,0.0,0.0,0.0,0.0,0.0,1.787700617283951,0.0,0.0,0.0,0.0,0.0,0.0,0.0,,0.0,,0.0,,0.0,0.0,0.0,0.0,0.0,0.0,0.0,,0.0,,0.0,0.0,0.0,0.0,0.0,0.0,0.0,0.0,0.0,0.0,0.0,,0.0,0.0,,
2115,Q1_Aug'25###40693c356a850-2024-11ef-aa5d-3d516969a2e8,40693c356a850-2024-11ef-aa5d-3d516969a2e8,Q1,Techcombank,36-45,Aug'25,Q3'25,Online,Male,Ho Chi Minh,MAFF,Techcombank,,,,,,Techcombank,,Vietcombank,MBBank,Vietinbank,,,,,,9.0,Thành toán tiền điện nước dễ dàng có một số chương trình khuyến mãi rất hấp dẫn,Giảm quảng cáo,9,Có chương trình sinh lợi trên tài khoản rất hay,5,4,3,4,3,4,5,3,4,3,4,3,3.0,Banca,Bảo hiểm bên techcombank không có gì nổi bật,4,3,4,4,4,3.0,Telesales,Nhân viên tư vấn giao tiếp chưa có hay lắm,9.0,10.0,8.0,7.0,8.0,9.0,,,,,Vietcombank,Vietcombank,Techcombank,Techcombank,Vietinbank,Vietcombank,MBBank,Techcombank,0.0,,,,,,0.0,,,,,,0.0,,,,,,0.0,,,,,,0.0,,,,,,0.0,,,,,,1.0,,,,,,1.0,,,,,,0.0,,,,,,0.0,,,,,,0.0,,,,,,1.0,,,,,,Q3'25,0.0,0.8404444444444444,0.0,0.0,0.8402777777777778,0.0,0.0,0.9004641544117645,0.0,0.0,,0.0,,0.900555491727941,0.0,0.0,,,,0.0,,0.0,,0.0,,0.0,,0.0,,0.0,,0.0,,0.0,,0.0,,0.0,0.0,0.9002205882352939,,,,0.0,,0.0,,0.0,,0.0,,0.0,,0.0,,0.0,,0.0,,0.0,,0.0,0.0,0.0,,,,0.900220588235294,0.0,,
2116,Q1_Aug'25###4069442820910-0f9e-11f0-b48d-3507a4361727,4069442820910-0f9e-11f0-b48d-3507a4361727,Q1,VPBank,25-35,Aug'25,Q3'25,Online,Male,Ho Chi Minh,MAFF,MBBank,VPBank,,,,,VPBank,,MSB,Vietinbank,Techcombank,ACB,Vietcombank,BIDV,,,9.0,Dễ sử dụng,Trụ ATM nên nhiều hơn,9,Dễ sử dụng,3,4,4,4,3, I do not use this bank product, I do not use this bank product, I do not use this bank product,4, I do not use this bank product, I do not use this bank product, I do not use this bank product,4.0,Terms deposit,Cũng còn có ngân hàng tốt hơn,3,Not use in recent 1 month,Not use in recent 1 month,4,3,3.0,Branch,Chi nhánh ít,9.0,9.0,8.0,9.0,8.0,9.0,,,,,VPBank,MSB,VPBank,VPBank,Techcombank,VPBank,Missing lable,Missing lable,,,,,,0.0,,,,,,0.0,,,,,,0.0,,,,,,0.0,,,,,,1.0,,,,,,0.0,,,,,,1.0,,,,,,1.0,,,,,,0.0,,,,,,1.0,,,,,,0.0,,,,,,0.0,Q3'25,1.0202941176470588,0.0,0.0,0.0,0.0,1.0885365205652573,0.0,0.0,,0.0,,0.0,0.0,0.0,0.0,0.0,,,,,,0.0,,0.0,0.0,0.0,,0.0,0.0,0.0,,1.088203125,,0.0,,0.0,,0.0,,0.0,,0.0,,0.0,,0.0,,0.0,,0.0,,0.0,0.0,0.0,,0.0,0.0,0.0,,0.0,,0.0,0.0,0.0,0.0,,0.0,0.0,0.0,,
2117,Q1_Aug'25###406954fbb7f60-cf14-11ef-987b-6ffb0dfd5eda,406954fbb7f60-cf14-11ef-987b-6ffb0dfd5eda,Q1,MBBank,25-35,Aug'25,Q3'25,Online,Female,Ho Chi Minh,MAFF,MBBank,Techcombank,Vietcombank,BIDV,,,MBBank,,ACB,VPBank,MSB,Vietinbank,,,,,9.0,"Ngân hàng uy tín, chất lượng, đảm bảo",Tăng lãi suất tiết kiệm gửi tiền có kỳ hạn,9,"Giao dịch an toàn, dễ sử dụng",5,5,4,4,4,4,3,4,4, I do not use this bank product,4,4,3.0,Credit card,Các lãi suất ngang hàng với các ngân hàng khác,4,4,4,4,4,4.0,ATM,"Có đôi lần rút tiền bị kẹt, giao dịch chậm",8.0,9.0,9.0,9.0,9.0,8.0,,,,,Techcombank,Techcombank,MBBank,MBBank,MBBank,MBBank,MBBank,MBBank,,,,,0.0,,,,,,0.0,,,,,,0.0,,,,,,0.0,,,,,,0.0,,,,,,0.0,,,,,,1.0,,,,,,1.0,,,,,,1.0,,,,,,1.0,,,,,,1.0,,,,,,1.0,,Q3'25,0.0,0.0,1.0417857142857143,1.0416363636363637,0.0,0.0,0.0,0.0,0.0,1.059550367647059,0.0,1.0595873579545456,,0.0,0.0,0.0,,,,0.0,,0.0,,0.0,,0.0,0.0,0.0,,0.0,0.0,0.0,,0.0,,0.0,0.0,0.0,,,0.0,0.0,,0.0,,0.0,,0.0,,1.0597723094919789,0.0,0.0,,0.0,,0.0,,1.0596595341642756,,0.0,,0.0,,0.0,0.0,0.0,0.0,0.0,,,
2118,Q1_Aug'25###4069681d5df90-1803-11f0-862b-2fce454dd3b8,4069681d5df90-1803-11f0-862b-2fce454dd3b8,Q1,Techcombank,25-35,Aug'25,Q3'25,Online,Female,Ho Chi Minh,MAFF,VPBank,Techcombank,BIDV,,,,VPBank,Techcombank,Vietcombank,MSB,,,,,,,8.0,Nâng cao bảo mật,,8,"Bảo mật,giao diện,màu sắc",4,4,3,4,4,4,4,3,4, I do not use this bank product, I do not use this bank product,3,3.0,Unsecured Loan/ Overdraft without Collateral,Sản phẩm cần cải thiện,4,3,4,4,4,3.0,Telesales,Tư vấn đầy đủ hơn những dịch vụ của ngân hàng,8.0,8.0,9.0,8.0,9.0,8.0,,,,,Techcombank,VPBank,VPBank,VPBank,MSB,VPBank,VPBank,Techcombank,0.0,,,,,,0.0,,,,,,0.0,,,,,,0.0,,,,,,1.0,,,,,,0.0,,,,,,0.0,,,,,,0.0,,,,,,0.0,,,,,,0.0,,,,,,0.0,,,,,,1.0,,,,,,Q3'25,0.0,0.8404444444444444,0.0,0.0,0.0,0.0,0.0,0.0,0.4355555555555555,0.0,,0.0,,0.0,0.0,0.0,,,,0.0,,0.0,,0.0,,0.0,,0.0,,0.0,,0.0,,0.0,,0.0,,0.0,0.4355555555555555,0.0,,,,0.0,,0.0,,0.0,,0.0,,0.0,,0.0,,0.0,,0.0,,0.0,,0.0,0.0,0.0,,,,0.0,0.0,,
2119,Q10_Aug'25###4069681d5df90-1803-11f0-862b-2fce454dd3b8,4069681d5df90-1803-11f0-862b-2fce454dd3b8,Q10,VPBank,25-35,Aug'25,Q3'25,Online,Female,Ho Chi Minh,MAFF,VPBank,Techcombank,BIDV,,,,VPBank,Techcombank,Vietcombank,MSB,,,,,,,9.0,Giao diện dễ sử dụng,"Màu sắc,các thông báo",9,Ứng dụng dễ sử dụng,4,4,4,4,4,4,4,4,4,3,I do not use this bank product,4,3.0,Bond/Funds,Chưa nhiều trải nghiệm,4,4,4,4,5,4.0,Telesales,Cần tư vấn kỹ các điều khoản,8.0,8.0,9.0,9.0,8.0,8.0,,,,,Techcombank,VPBank,VPBank,VPBank,MSB,VPBank,VPBank,Techcombank,,,,,,0.0,,,,,,0.0,,,,,,0.0,,,,,,0.0,,,,,,0.0,,,,,,1.0,,,,,,1.0,,,,,,1.0,,,,,,0.0,,,,,,1.0,,,,,,1.0,,,,,,0.0,Q3'25,1.0202941176470588,0.0,0.0,0.0,0.0,1.0885365205652573,0.0,0.0,,0.0,,0.0,0.0,0.0,0.0,0.0,,,,,,0.0,,1.088203125,0.0,0.0,,0.0,0.0,0.0,,0.0,,0.0,,0.0,,0.0,,0.0,,0.0,,0.0,,0.0,,0.0,,0.0,,0.0,0.0,0.0,,0.0,0.0,0.0,,0.0,,0.0,0.0,0.0,0.0,,0.0,0.0,0.0,,
2120,Q1_Aug'25###406971b4a43a0-1c1d-11f0-bfdd-2b83eb733fa6,406971b4a43a0-1c1d-11f0-bfdd-2b83eb733fa6,Q1,Vietcombank,25-35,Aug'25,Q3'25,Online,Female,Ho Chi Minh,MAFF,Vietcombank,Techcombank,ACB,,,,Vietcombank,,MBBank,VPBank,,,,,,,10.0,Chuyển tiền nhanh ít bị lỗi giao diện dễ dùng,Tốc độ chuyển tiền cần nhanh hơn chút nữa,10,Giao diện dễ dùng nhân viên hỗ trợ tốt,5,5,5,5,5,5,5,5,5,5,5,5,,,,5,5,5,5,5,,,,10.0,10.0,10.0,10.0,10.0,10.0,,,,,Vietcombank,Vietcombank,Vietcombank,Vietcombank,Vietcombank,Vietcombank,Vietcombank,Vietcombank,,,0.0,,,,,,0.0,,,,,,0.0,,,,,,0.0,,,,,,1.0,,,,,,1.0,,,,,,1.0,,,,,,1.0,,,,,,1.0,,,,,,1.0,,,,,,1.0,,,,,,1.0,,,,Q3'25,0.9091666666666666,0.0,0.0,0.0,0.0,0.7784998276654411,0.0,0.0,0.0,0.0,0.0,0.0,0.0,0.0,0.0,0.7794175091911765,,,,0.0,0.0,,0.0,0.7779900045955882,,,0.0,0.0,0.0,0.0,0.0,0.0,0.0,0.0,0.0,0.0,0.0,0.0,0.0,0.0,,0.0,,0.0,,0.0,0.0,0.0,0.0,0.0,0.0,0.0,,0.0,,0.0,0.0,0.0,0.0,0.0,0.0,0.0,0.0,0.0,0.0,0.0,,0.0,0.0,,
2121,Q1_Aug'25###40698b5454580-4ac9-11f0-883f-014dbe3976d6,40698b5454580-4ac9-11f0-883f-014dbe3976d6,Q1,MBBank,25-35,Aug'25,Q3'25,Online,Female,Ha Noi,MAFF,BIDV,MBBank,Vietcombank,,,,MBBank,Vietcombank,Vietinbank,,,,,,,,9.0,"Phí dịch vụ rẻ, nhiều ưu đãi khi sử dụng và đặc biệt lãi xuất khi gửi tiết kiệm siêu rẻ",Mở thêm nhiều chi nhánh ở những tỉnh lẻ để bà con có thể dễ dàng mở tài khoản sử dụng,9,MB trên điện thoại cực kì tiện lợi tích hợp nhiề chức năng và dịch vụ giúp người dùng thuận tiện trong việc chuyển và nhận tiền,3,4,5,4,4,4,4,3,4,3,4,5,3.0,Bond/Funds,Có nhiều ngân hàng có dịch vụ về mảng này tốt hơn MB,4,4,4,3,3,3.0,Fanpage,"Không hoạt động mạnh ở trên facebook, nhiều ngân hàng có hoạt động trên Facebook tích cực hơn",9.0,8.0,10.0,8.0,9.0,8.0,,,,,Vietcombank,MBBank,MBBank,Vietinbank,Other,Vietcombank,Vietinbank,Vietcombank,,,,,0.0,,,,,,0.0,,,,,,0.0,,,,,,0.0,,,,,,0.0,,,,,,1.0,,,,,,1.0,,,,,,0.0,,,,,,0.0,,,,,,0.0,,,,,,0.0,,,,,,0.0,,Q3'25,0.0,0.0,0.0,0.0,1.0417391304347827,0.0,0.0,0.0,0.0,0.0,0.0,0.0,,1.0595289522058824,0.0,0.0,,,,0.0,,0.0,,0.0,,0.0,0.0,0.0,,0.0,0.0,0.0,,0.0,,0.0,0.0,0.0,,,0.0,0.0,,0.0,,0.0,,0.0,,0.0,0.0,0.0,,0.0,,0.0,,0.0,,0.0,,1.0599572610294117,,1.0599572610294117,0.0,0.0,0.0,1.0579227941176472,,,
2122,Q10_Aug'25###40698b5454580-4ac9-11f0-883f-014dbe3976d6,40698b5454580-4ac9-11f0-883f-014dbe3976d6,Q10,Vietcombank,25-35,Aug'25,Q3'25,Online,Female,Ha Noi,MAFF,BIDV,MBBank,Vietcombank,,,,MBBank,Vietcombank,Vietinbank,,,,,,,,8.0,"Nhiều dịch vụ tài chính hơn như trái phiếu,...để người dùng có thể kiếm tiền thì tốt hơn",,7,Cần làm giao diện đơn giản hơn để người dùng không bị rối do quá nhiều thao tác cần thực hiện để sử dụng,3,5,3,4,3,3,4,3,4,2,3,4,2.0,Bond/Funds,Tôi không thể sử dụng được mục này của Vietcombank do nhiều yếu tố,4,4,4,3,5,3.0,Fanpage,Cũng ổn nhưng không có dịch vụ chăm sóc khách hàng chu đáo ở trang này,7.0,8.0,8.0,9.0,7.0,9.0,,,,,Vietcombank,MBBank,MBBank,Vietinbank,Other,Vietcombank,Vietinbank,Vietcombank,,,0.0,,,,,,0.0,,,,,,0.0,,,,,,0.0,,,,,,1.0,,,,,,0.0,,,,,,0.0,,,,,,0.0,,,,,,0.0,,,,,,1.0,,,,,,0.0,,,,,,1.0,,,,Q3'25,0.0,0.9090625,0.0,0.0,0.0,0.0,0.0,0.0,1.787700617283951,0.0,0.0,0.0,0.0,0.0,0.0,0.0,,,,0.0,0.0,,0.0,0.0,,,0.0,0.0,0.0,0.0,0.0,0.0,0.0,0.0,0.0,0.0,1.787700617283951,0.0,0.0,0.0,,0.0,,0.0,,0.0,0.0,0.0,0.0,0.0,0.0,0.0,,0.0,,0.0,0.0,0.0,0.0,0.0,0.0,0.0,0.0,0.0,0.0,0.0,,0.0,0.0,,
2123,Q1_Aug'25###406991410a480-15a7-11f0-8408-f1020d6c417f,406991410a480-15a7-11f0-8408-f1020d6c417f,Q1,Vietcombank,25-35,Aug'25,Q3'25,Online,Female,Ha Noi,MAFF,MBBank,VPBank,Vietcombank,,,,Vietcombank,,Vietinbank,Techcombank,ACB,BIDV,,,,,10.0,Tôi đã trải nghiệm và thấy uy tín,Mở thêm nhiều cây ATM,10,Tôi có trải nghiệm tốt khi sử dụng ứng dụng,4,4,5,5,5,5,5,5,5,4,4,5,4.0,Secured Loan,Tôi muốn có trải nghiệm tốt hơn,5,5,5,5,5,,,,10.0,10.0,10.0,10.0,9.0,9.0,,,,,Vietinbank,Vietcombank,ACB,Vietcombank,Vietcombank,Vietcombank,Vietcombank,Vietcombank,,,0.0,,,,,,0.0,,,,,,0.0,,,,,,0.0,,,,,,0.0,,,,,,1.0,,,,,,0.0,,,,,,1.0,,,,,,1.0,,,,,,1.0,,,,,,1.0,,,,,,1.0,,,,Q3'25,0.0,0.0,0.0,0.9090322580645162,0.0,0.0,0.0,0.0,0.0,0.0,0.0,0.7786916593968096,0.0,0.0,0.0,0.0,,,,0.0,0.0,,0.0,0.0,,,0.0,0.0,0.0,0.0,0.0,0.0,0.0,0.0,0.0,0.0,0.0,0.0,0.0,0.0,,0.0,,0.0,,0.0,0.0,0.0,0.0,0.0,0.0,0.0,,0.0,,0.0,0.0,0.7786094877219756,0.0,0.0,0.0,0.0,0.0,0.0,0.0,0.0,,0.0,0.0,,
2124,Q1_Aug'25###407002qBWDRoe+mK4pZlUpEofPYm1hPB2d4s9fCe8wSQIFPt8O9wq4L0p54oMBVX+jEky,407002qBWDRoe+mK4pZlUpEofPYm1hPB2d4s9fCe8wSQIFPt8O9wq4L0p54oMBVX+jEky,Q1,Vietcombank,25-35,Aug'25,Q3'25,Online,Female,Ho Chi Minh,MAFF,Vietcombank,BIDV,MBBank,VPBank,ACB,,Vietcombank,BIDV,Vietinbank,,,,,,,,10.0,Vì giao diện rất dễ sử dụng chưa kể thái độ phục vụ của nhân viên cũng rất tốt.,Tôi nghĩ như hiện tại đang rất tốt,10,Vì rất dễ sử dụng,4,4,4,5,5,4,4,4,5,5,3,3,3.0,Secured Loan,Tại vì tôi từng dùng và thấy không có ích cho bản thân,5,5,5,5,5,,,,10.0,10.0,10.0,10.0,10.0,10.0,,,,,Other,ACB,BIDV,Vietcombank,BIDV,Vietcombank,Vietcombank,Vietcombank,,,0.0,,,,,,0.0,,,,,,0.0,,,,,,0.0,,,,,,0.0,,,,,,0.0,,,,,,0.0,,,,,,1.0,,,,,,0.0,,,,,,1.0,,,,,,1.0,,,,,,1.0,,,,Q3'25,0.9091666666666666,0.0,0.0,0.9090322580645162,0.0,0.7784998276654411,0.0,0.0,0.0,0.0,0.0,0.7786916593968096,0.0,0.0,0.0,0.0,,,,0.0,0.0,,0.0,0.7779900045955882,,,0.0,0.0,0.0,0.0,0.0,0.0,0.0,0.0,0.0,0.0,0.0,0.0,0.0,0.0,,0.0,,0.0,,0.0,0.0,0.0,0.0,0.0,0.0,0.7784658394607843,,0.0,,0.0,0.0,0.0,0.0,0.0,0.0,0.0,0.0,0.0,0.0,0.0,,0.0,0.0,,
2125,Q10_Aug'25###407002qBWDRoe+mK4pZlUpEofPYm1hPB2d4s9fCe8wSQIFPt8O9wq4L0p54oMBVX+jEky,407002qBWDRoe+mK4pZlUpEofPYm1hPB2d4s9fCe8wSQIFPt8O9wq4L0p54oMBVX+jEky,Q10,BIDV,25-35,Aug'25,Q3'25,Online,Female,Ho Chi Minh,MAFF,Vietcombank,BIDV,MBBank,VPBank,ACB,,Vietcombank,BIDV,Vietinbank,,,,,,,,10.0,Vì uy tín,Giao diện sử dụng,10,Ổn định không lag,5,5,5,5,5,5,5,5,5,5,5,5,,,,5,5,5,5,5,,,,10.0,10.0,10.0,10.0,10.0,10.0,,,,,Other,ACB,BIDV,Vietcombank,BIDV,Vietcombank,Vietcombank,Vietcombank,,,,0.0,,,,,,0.0,,,,,,0.0,,,,,,0.0,,,,,,0.0,,,,,,0.0,,,,,,1.0,,,,,,0.0,,,,,,1.0,,,,,,0.0,,,,,,0.0,,,,,,0.0,,,Q3'25,0.0,0.0,0.0,1.0751923076923076,0.0,0.0,0.0,0.0,0.0,0.0,0.0,1.0095707179930795,0.0,0.0,0.0,0.0,,,,,0.0,0.0,,0.0,0.0,0.0,0.0,0.0,,0.0,0.0,0.0,,0.0,,0.0,0.0,0.0,,,,,,,,0.0,0.0,0.0,0.0,0.0,0.0,0.0,,0.0,0.0,0.0,,1.0095416505417958,,0.0,,0.0,0.0,0.0,0.0,0.0,0.0,0.0,0.0,,
2126,Q1_Aug'25###40701MDNrpufwv2U3rjVpgxRnepimg+QGCF8GLpyDoWsZYXwr7aN9i3vMMsQtv+Gy8Z80,40701MDNrpufwv2U3rjVpgxRnepimg+QGCF8GLpyDoWsZYXwr7aN9i3vMMsQtv+Gy8Z80,Q1,Techcombank,36-45,Aug'25,Q3'25,Online,Male,Ha Noi,MAFF,BIDV,MBBank,VPBank,Techcombank,Vietcombank,,Techcombank,,ACB,MSB,Vietinbank,,,,,,10.0,Thủ tục nhanh chóng và tiện lợi,Có mức lãi suất hấp dẫn hơn,10,Hoạt động mượt mà và ổn định,4,4,4,5,5, I do not use this bank product,5,4,4,4,5, I do not use this bank product,4.0,Bond/Funds,Lãi suất chưa hấp dẫn,4,Not use in recent 1 month,3,4,5,3.0,Call Center,Khó tiếp cận với giao dịch viên,9.0,9.0,9.0,9.0,10.0,8.0,,,,,VPBank,MBBank,Techcombank,VPBank,Techcombank,Techcombank,MBBank,Techcombank,0.0,,,,,,0.0,,,,,,0.0,,,,,,0.0,,,,,,0.0,,,,,,0.0,,,,,,1.0,,,,,,0.0,,,,,,1.0,,,,,,1.0,,,,,,0.0,,,,,,1.0,,,,,,Q3'25,0.8404,0.0,0.8402499999999999,0.0,0.0,0.9006671262254901,0.0,0.0,0.0,0.9004885110294116,,0.0,,0.0,0.0,0.0,,,,0.0,,0.0,,0.0,,0.0,,0.0,,0.0,,0.900220588235294,,0.0,,0.0,,0.0,0.0,0.0,,,,0.0,,0.0,,0.9002205882352939,,0.0,,0.0,,0.0,,0.0,,0.0,,0.0,,0.0,0.0,0.0,,,,0.0,0.0,,
2127,Q1_Aug'25###40702mNJg57KYLm9kqI13j3jLd/KxE4H+OTUSmeO693SbX5YZkXUI4tzODzOhImDBasFO,40702mNJg57KYLm9kqI13j3jLd/KxE4H+OTUSmeO693SbX5YZkXUI4tzODzOhImDBasFO,Q1,Techcombank,36-45,Aug'25,Q3'25,Online,Female,Ha Noi,MAFF,Vietcombank,Techcombank,ACB,,,,Techcombank,ACB,BIDV,MBBank,,,,,,,10.0,"ngân hàng uy tín, có nhiều chi nhanh giao dịch, nhiều sản phẩm, dịch vụ tiện lợi",không cần,9,"giao diện trực quan dễ sử dụng, điều hướng và phản hồi nhanh chóng",5,5,4,5,4,5, I do not use this bank product, I do not use this bank product,5,4, I do not use this bank product, I do not use this bank product,4.0,Bond/Funds,"lãi suất cao, an toàn và đáng tin cậy",4,Not use in recent 1 month,Not use in recent 1 month,4,5,4.0,Branch,chi nhánh còn thiếu chỗ ngồi phục vụ vào giờ cao điểm,9.0,9.0,9.0,10.0,9.0,10.0,,,,,Techcombank,Vietcombank,Techcombank,Techcombank,Techcombank,Techcombank,Techcombank,Techcombank,0.0,,,,,,0.0,,,,,,0.0,,,,,,0.0,,,,,,1.0,,,,,,0.0,,,,,,1.0,,,,,,1.0,,,,,,1.0,,,,,,1.0,,,,,,1.0,,,,,,1.0,,,,,,Q3'25,0.8404,0.8404444444444444,0.0,0.8403076923076923,0.0,0.9006671262254901,0.0,0.9004641544117645,0.0,0.0,,0.9005503393665156,,0.0,0.0,0.0,,,,0.0,,0.0,,0.0,,0.0,,0.0,,0.9007077205882351,,0.900220588235294,,0.0,,0.9006865409207159,,0.0,0.0,0.0,,,,0.0,,0.0,,0.0,,0.0,,0.0,,0.0,,0.0,,0.9006766270337921,,0.0,,0.0,0.0,0.0,,,,0.0,0.0,,
2128,Q10_Aug'25###40702mNJg57KYLm9kqI13j3jLd/KxE4H+OTUSmeO693SbX5YZkXUI4tzODzOhImDBasFO,40702mNJg57KYLm9kqI13j3jLd/KxE4H+OTUSmeO693SbX5YZkXUI4tzODzOhImDBasFO,Q10,ACB,36-45,Aug'25,Q3'25,Online,Female,Ha Noi,MAFF,Vietcombank,Techcombank,ACB,,,,Techcombank,ACB,BIDV,MBBank,,,,,,,8.0,"danh tiếng và chất lượng sản phẩm, dịch vụ",,8,"đơn giản, dễ sử dụng và có nhiều tính năng",4,4,3,4,4,5,I do not use this bank product,I do not use this bank product,I do not use this bank product,I do not use this bank product,I do not use this bank product,I do not use this bank product,,,,4,Not use in recent 1 month,Not use in recent 1 month,3,4,3.0,Fanpage,"giao diện không hấp dẫn, ít cập nhật thông tin",8.0,8.0,8.0,9.0,9.0,8.0,,,,,Techcombank,Vietcombank,Techcombank,Techcombank,Techcombank,Techcombank,Techcombank,Techcombank,,0.0,,,,,,0.0,,,,,,0.0,,,,,,0.0,,,,,,0.0,,,,,,0.0,,,,,,0.0,,,,,,0.0,,,,,,0.0,,,,,,0.0,,,,,,0.0,,,,,,0.0,,,,,Q3'25,0.0,0.0,1.0870967741935484,1.087,0.0,0.0,0.0,0.0,0.0,0.0,0.7283564814814814,0.0,0.7283564814814814,0.0,0.0,0.0,,,,0.0,,0.0,,0.0,0.0,0.0,,0.0,0.0,0.0,0.0,0.0,,0.0,0.0,0.0,,0.0,,0.0,,0.0,,0.0,,0.0,0.0,0.0,,0.0,0.7317129629629628,0.0,0.0,0.0,,0.0,,0.0,0.7317129629629628,0.0,,0.0,0.0,0.0,0.0,,,0.0,0.0,,
2129,Q1_Aug'25###40703hikf4/mrdXSBr7mUudebY1duZHEh3glzEB2NV2hJZxzhqmP83M1yxZSwWZeOZckz,40703hikf4/mrdXSBr7mUudebY1duZHEh3glzEB2NV2hJZxzhqmP83M1yxZSwWZeOZckz,Q1,Techcombank,25-35,Aug'25,Q3'25,Online,Female,Ha Noi,MAFF,VPBank,Techcombank,BIDV,,,,VPBank,Techcombank,Vietinbank,ACB,Vietcombank,MBBank,MSB,,,,10.0,"Ngân hàng có chất lượng dịch vụ tốt, đa dạng sản phẩm và ưu đãi",Có nhiều chương trình khuyến mãi cho khách hàng gắn bó lâu dài,10,"Ứng dụng di động của Techcombank rất dễ sử dụng, giao diện đẹp",5,5,5,5,5,4,4,4,5,5,5,5,4.0,Debit,Chương trình khuyến mại còn hạn chế,5,5,5,5,5,,,,10.0,10.0,10.0,10.0,10.0,10.0,,,,,Techcombank,Techcombank,Techcombank,VPBank,Techcombank,Techcombank,Techcombank,Techcombank,0.0,,,,,,0.0,,,,,,0.0,,,,,,0.0,,,,,,1.0,,,,,,1.0,,,,,,1.0,,,,,,0.0,,,,,,1.0,,,,,,1.0,,,,,,1.0,,,,,,1.0,,,,,,Q3'25,0.0,0.8404444444444444,0.8402499999999999,0.0,0.8402777777777778,0.0,0.0,0.9004641544117645,0.0,0.9004885110294116,,0.0,,0.900555491727941,0.0,0.0,,,,0.0,,0.0,,0.0,,0.0,,0.0,,0.0,,0.0,,0.0,,0.9006865409207159,,0.0,0.0,0.0,,,,0.0,,0.0,,0.0,,0.9007846362229102,,0.0,,0.0,,0.0,,0.0,,0.0,,0.0,0.0,0.0,,,,0.900220588235294,0.0,,
2130,Q10_Aug'25###40703hikf4/mrdXSBr7mUudebY1duZHEh3glzEB2NV2hJZxzhqmP83M1yxZSwWZeOZckz,40703hikf4/mrdXSBr7mUudebY1duZHEh3glzEB2NV2hJZxzhqmP83M1yxZSwWZeOZckz,Q10,VPBank,25-35,Aug'25,Q3'25,Online,Female,Ha Noi,MAFF,VPBank,Techcombank,BIDV,,,,VPBank,Techcombank,Vietinbank,ACB,Vietcombank,MBBank,MSB,,,,10.0,Ngân hàng có nhiều chương trình khuyến mại,Thông báo rõ ràng về những thay đổi của sản phẩm,9,Ứng dụng ngân hàng có nhiều tính năng nhưng hơi khó sử dụng,5,5,4,5,5,5,5,5,5,5,5,5,,,,5,5,5,5,5,,,,10.0,10.0,10.0,9.0,9.0,10.0,,,,,Techcombank,Techcombank,Techcombank,VPBank,Techcombank,Techcombank,Techcombank,Techcombank,,,,,,0.0,,,,,,0.0,,,,,,0.0,,,,,,0.0,,,,,,0.0,,,,,,0.0,,,,,,0.0,,,,,,1.0,,,,,,0.0,,,,,,0.0,,,,,,0.0,,,,,,0.0,Q3'25,0.0,0.0,0.0,0.0,1.0202857142857142,0.0,0.0,0.0,,0.0,,0.0,0.0,1.0885472752609109,0.0,0.0,,,,,,0.0,,0.0,0.0,0.0,,0.0,0.0,0.0,,0.0,,0.0,,0.0,,0.0,,0.0,,0.0,,0.0,,0.0,,0.0,,0.0,,0.0,0.0,0.0,,0.0,0.0,0.0,,0.0,,0.0,0.0,0.0,0.0,,0.0,1.088203125,0.0,,
2131,Q1_Aug'25###40704rm4fZJo9P8pvW8nstPoYjexn+Oi3/yUHgINZ8oZ4YKFhUElWq1us/VstsVsfnZ+2,40704rm4fZJo9P8pvW8nstPoYjexn+Oi3/yUHgINZ8oZ4YKFhUElWq1us/VstsVsfnZ+2,Q1,ACB,36-45,Aug'25,Q3'25,Online,Female,Ho Chi Minh,MAFF,ACB,,,,,,ACB,,Vietinbank,Techcombank,Vietcombank,BIDV,MBBank,VPBank,MSB,,10.0,Ngân hàng uy tín,Đa dạng dịch vụ,10,Ứng dụng tiện lợi,5,5,5,5,5,5, I do not use this bank product, I do not use this bank product,5, I do not use this bank product, I do not use this bank product, I do not use this bank product,,,,5,Not use in recent 1 month,Not use in recent 1 month,Not use in recent 1 month,Not use in recent 1 month,,,,8.0,9.0,10.0,10.0,9.0,10.0,,,,,ACB,ACB,ACB,VPBank,ACB,ACB,ACB,Techcombank,,0.0,,,,,,0.0,,,,,,0.0,,,,,,0.0,,,,,,1.0,,,,,,1.0,,,,,,1.0,,,,,,0.0,,,,,,1.0,,,,,,1.0,,,,,,1.0,,,,,,0.0,,,,,Q3'25,0.0,0.0,0.0,1.087,0.0,0.0,0.0,0.0,0.0,0.0,0.0,1.140092545638945,0.0,0.0,0.0,0.0,,,,0.0,,0.0,,0.0,0.0,0.0,,0.0,0.0,0.0,0.0,0.0,,0.0,0.0,0.0,,0.0,,0.0,,0.0,,0.0,,0.0,0.0,0.0,,0.0,0.0,0.0,0.0,0.0,,0.0,,1.140069939108456,0.0,0.0,,0.0,0.0,0.0,0.0,,,0.0,0.0,,
2132,Q1_Aug'25###40705lZm7DO10G1mcxytVXEQnvHRBoijRMqhQ5Ji0ub8Ncn/P6YwXdfre9cfAOHBYRQX0,40705lZm7DO10G1mcxytVXEQnvHRBoijRMqhQ5Ji0ub8Ncn/P6YwXdfre9cfAOHBYRQX0,Q1,ACB,22-24,Aug'25,Q3'25,Online,Female,Ha Noi,MAFF,ACB,,,,,,ACB,,Techcombank,Vietcombank,BIDV,MBBank,VPBank,MSB,Vietinbank,,10.0,Ngân hàng này có ứng dụng di động tốt dễ dùng giao dịch nhanh nhân viên chuyên nghiệp,Nếu được các bạn cần mở thêm chi nhanh ngoài ở các tỉnh lẻ,10,Ứng dụng dùng rất dễ dùng thông qua ứng dụng chuyển và nhận tiền nhanh chóng.Khi cần hỗ trợ qua ứng dụng cũng rất tiện lợi,5,4,5,5,4,5,5, I do not use this bank product,5, I do not use this bank product, I do not use this bank product, I do not use this bank product,,,,4,Not use in recent 1 month,5,4,Not use in recent 1 month,4.0,Branch,Có nhân viên tiếp đón hỏi về nhu cầu của khách rất chuyên nghiệp.Nhân viên có thái độ thân thiện và lịch sự,10.0,9.0,9.0,10.0,9.0,10.0,,,,,ACB,Techcombank,VPBank,ACB,BIDV,Vietcombank,ACB,ACB,,0.0,,,,,,0.0,,,,,,0.0,,,,,,0.0,,,,,,1.0,,,,,,0.0,,,,,,0.0,,,,,,1.0,,,,,,0.0,,,,,,0.0,,,,,,1.0,,,,,,1.0,,,,,Q3'25,1.086875,0.0,1.0870967741935484,1.087,0.0,1.1399762834821427,0.0,0.0,0.0,1.140092545638945,0.0,1.140092545638945,0.0,0.0,0.0,0.0,,,,0.0,,0.0,,1.139152113970588,0.0,1.139152113970588,,0.0,0.0,0.0,0.0,0.0,,0.0,0.0,0.0,,0.0,,0.0,,0.0,,0.0,,1.1398514093137253,0.0,0.0,,0.0,0.0,0.0,0.0,0.0,,0.0,,0.0,0.0,1.1398514093137253,,0.0,0.0,0.0,0.0,,,0.0,0.0,,
2133,Q1_Aug'25###4070654e759f0-5d82-11ec-8623-21467c07a0da,4070654e759f0-5d82-11ec-8623-21467c07a0da,Q1,Techcombank,36-45,Aug'25,Q3'25,Online,Female,Ha Noi,MAFF,Techcombank,BIDV,MBBank,VPBank,,,Techcombank,MBBank,ACB,,,,,,,,10.0,"dễ dùng, nhanh chóng, nhiều tiện ích",đã ổn,10,dễ sử dụng,5,5,5,5,5,5,5,5,5,5,5,5,,,,5,5,5,5,5,,,,10.0,9.0,10.0,10.0,10.0,10.0,,,,,Techcombank,Techcombank,Techcombank,Techcombank,Techcombank,Techcombank,Techcombank,Techcombank,0.0,,,,,,0.0,,,,,,0.0,,,,,,0.0,,,,,,1.0,,,,,,1.0,,,,,,1.0,,,,,,1.0,,,,,,1.0,,,,,,1.0,,,,,,1.0,,,,,,1.0,,,,,,Q3'25,0.8404,0.8404444444444444,0.8402499999999999,0.0,0.0,0.9006671262254901,0.0,0.9004641544117645,0.0,0.9004885110294116,,0.0,,0.0,0.0,0.0,,,,0.0,,0.0,,0.0,,0.0,,0.0,,0.0,,0.900220588235294,,0.0,,0.9006865409207159,,0.0,0.0,0.0,,,,0.0,,0.9007846362229102,,0.0,,0.0,,0.0,,0.0,,0.0,,0.0,,0.0,,0.0,0.0,0.0,,,,0.0,0.0,,
2134,Q10_Aug'25###4070654e759f0-5d82-11ec-8623-21467c07a0da,4070654e759f0-5d82-11ec-8623-21467c07a0da,Q10,MBBank,36-45,Aug'25,Q3'25,Online,Female,Ha Noi,MAFF,Techcombank,BIDV,MBBank,VPBank,,,Techcombank,MBBank,ACB,,,,,,,,10.0,rất dễ sử dụng,không,10,"sùng tốt, không bị lỗi",5,5,5,5,5,5,5,5,5,5,5,5,,,,5,5,5,5,5,,,,10.0,10.0,10.0,10.0,10.0,10.0,,,,,Techcombank,Techcombank,Techcombank,Techcombank,Techcombank,Techcombank,Techcombank,Techcombank,,,,,0.0,,,,,,0.0,,,,,,0.0,,,,,,0.0,,,,,,0.0,,,,,,0.0,,,,,,0.0,,,,,,0.0,,,,,,0.0,,,,,,0.0,,,,,,0.0,,,,,,0.0,,Q3'25,1.041777777777778,0.0,0.0,0.0,0.0,1.0596181832107845,0.0,0.0,0.0,0.0,0.0,0.0,,0.0,0.0,0.0,,,,0.0,,0.0,,0.0,,0.0,0.0,0.0,,0.0,0.0,1.0593759847689077,,0.0,,0.0,0.0,0.0,,,0.0,0.0,,0.0,,0.0,,0.0,,0.0,0.0,0.0,,0.0,,0.0,,0.0,,0.0,,0.0,,0.0,0.0,0.0,0.0,0.0,,,
2135,Q1_Aug'25###40707f8256e20-3c3f-11f0-bfac-31c6e7f3ffba,40707f8256e20-3c3f-11f0-bfac-31c6e7f3ffba,Q1,Techcombank,25-35,Aug'25,Q3'25,Online,Female,Ha Noi,MAFF,Techcombank,ACB,BIDV,,,,Techcombank,,MBBank,,,,,,,,10.0,"sự an toàn, dễ dùng",không,10,"nhanh, ít bảo trì, miễn phí",5,5,5,5,5,5,5,5,5,5,5,5,,,,5,5,5,5,5,,,,10.0,10.0,10.0,10.0,10.0,10.0,,,,,Techcombank,Techcombank,Techcombank,Techcombank,Techcombank,Techcombank,Techcombank,Techcombank,0.0,,,,,,0.0,,,,,,0.0,,,,,,0.0,,,,,,1.0,,,,,,1.0,,,,,,1.0,,,,,,1.0,,,,,,1.0,,,,,,1.0,,,,,,1.0,,,,,,1.0,,,,,,Q3'25,0.8404,0.8404444444444444,0.0,0.0,0.0,0.9006671262254901,0.0,0.9004641544117645,0.0,0.0,,0.0,,0.0,0.0,0.0,,,,0.0,,0.0,,0.0,,0.0,,0.0,,0.0,,0.900220588235294,,0.0,,0.0,,0.9002205882352939,0.0,0.0,,,,0.0,,0.0,,0.0,,0.0,,0.0,,0.0,,0.0,,0.0,,0.0,,0.0,0.0,0.0,,,,0.0,0.0,,
2136,Q1_Aug'25###40708fd6bb200-beec-11ed-928d-9111d5dbbc9b,40708fd6bb200-beec-11ed-928d-9111d5dbbc9b,Q1,BIDV,25-35,Aug'25,Q3'25,Online,Male,Ho Chi Minh,MAFF,BIDV,,,,,,BIDV,,Vietcombank,,,,,,,,8.0,tăng lãi suất gửi tiết kiệm,,8,giao diện dễ sử dụng hơn,4,4,4,4,4,4,4,4,3,3,4,4,3.0,Terms deposit,lãi suất không cao hơn các ngân hàng khác,5,4,4,3,5,3.0,Fanpage,tôi không giao dịch tiền qua facebook,8.0,8.0,9.0,9.0,8.0,8.0,,,,,BIDV,BIDV,BIDV,BIDV,BIDV,BIDV,BIDV,BIDV,,,,0.0,,,,,,0.0,,,,,,0.0,,,,,,0.0,,,,,,1.0,,,,,,1.0,,,,,,1.0,,,,,,1.0,,,,,,1.0,,,,,,1.0,,,,,,1.0,,,,,,1.0,,,Q3'25,0.0,0.0,0.0,0.0,1.075217391304348,0.0,0.0,0.0,0.0,0.0,0.0,0.0,0.0,0.0,1.5162808641975307,0.0,,,,,0.0,0.0,,0.0,0.0,0.0,0.0,0.0,,0.0,0.0,0.0,,0.0,,0.0,0.0,0.0,,,,,,,,0.0,0.0,0.0,0.0,0.0,0.0,0.0,,0.0,0.0,0.0,,0.0,,0.0,,0.0,0.0,0.0,0.0,1.518631687242798,0.0,0.0,0.0,,
2137,Q1_Aug'25###4070931ac4140-bf9e-11ef-b673-9f0600c9e1c2,4070931ac4140-bf9e-11ef-b673-9f0600c9e1c2,Q1,BIDV,25-35,Aug'25,Q3'25,Online,Female,Ha Noi,MAFF,BIDV,,,,,,BIDV,,_99,,,,,,,,7.0,Phí dv nên giảm,,7,Không có,4,4,2,4,4,4, I do not use this bank product, I do not use this bank product,4, I do not use this bank product, I do not use this bank product, I do not use this bank product,4.0,Debit,Tôi không có lý do nào cả,Not use in recent 1 month,Not use in recent 1 month,3,Not use in recent 1 month,Not use in recent 1 month,3.0,Call Center,Vì thời gian chờ đợi lâu,7.0,7.0,7.0,7.0,8.0,8.0,,,,,BIDV,Missing lable,BIDV,Missing lable,BIDV,Missing lable,BIDV,BIDV,,,,0.0,,,,,,0.0,,,,,,0.0,,,,,,0.0,,,,,,1.0,,,,,,0.0,,,,,,1.0,,,,,,0.0,,,,,,1.0,,,,,,0.0,,,,,,1.0,,,,,,1.0,,,Q3'25,0.0,0.0,0.0,0.0,1.075217391304348,0.0,0.0,0.0,0.0,0.0,0.0,0.0,0.0,0.0,1.5162808641975307,0.0,,,,,0.0,0.0,,0.0,0.0,0.0,0.0,0.0,,0.0,0.0,0.0,,0.0,,0.0,0.0,0.0,,,,,,,,0.0,0.0,0.0,0.0,0.0,0.0,0.0,,0.0,0.0,0.0,,0.0,,0.0,,0.0,1.5162808641975307,0.0,0.0,0.0,0.0,0.0,0.0,,
2138,Q1_Aug'25###407109b4c9b70-ffa8-11ee-871a-637fac9649ff,407109b4c9b70-ffa8-11ee-871a-637fac9649ff,Q1,Techcombank,25-35,Aug'25,Q3'25,Online,Female,Ha Noi,MAFF,Techcombank,Vietcombank,,,,,Techcombank,,BIDV,MBBank,VPBank,Vietinbank,ACB,,,,9.0,"Dịch vụ ổn định, chất lượng",Ứng dụng nên tinh gọn hơn,8,Tối ưu và gọn gàng hơn,4,3,4,4,5,3,3,4,4,3,3,4,3.0,Credit card,Chưa hoàn thiện lắm,4,3,3,4,3,3.0,ATM,Nó cingx như ngân hàng khác,8.0,7.0,8.0,9.0,9.0,7.0,,,,,Techcombank,Techcombank,Techcombank,Techcombank,Techcombank,Techcombank,Techcombank,Techcombank,0.0,,,,,,0.0,,,,,,0.0,,,,,,0.0,,,,,,1.0,,,,,,1.0,,,,,,1.0,,,,,,1.0,,,,,,1.0,,,,,,1.0,,,,,,1.0,,,,,,1.0,,,,,,Q3'25,0.0,0.0,0.8402499999999999,0.0,0.0,0.0,0.0,0.0,0.0,0.9004885110294116,,0.0,,0.0,0.0,0.0,,,,0.0,,0.0,,0.0,,0.0,,0.0,,0.0,,0.0,,0.0,,0.0,,0.0,0.0,0.0,,,,0.0,,0.0,,0.0,,0.9007846362229102,,0.0,,0.0,,0.0,,0.0,,0.0,,0.0,0.0,0.0,,,,0.0,0.0,,
2139,Q1_Aug'25###407116opXL0TYCLUNBK8u5QK7s+uGLXrYFKlKNA2nAaigC5Y=,407116opXL0TYCLUNBK8u5QK7s+uGLXrYFKlKNA2nAaigC5Y=,Q1,VPBank,25-35,Aug'25,Q3'25,Online,Female,Ho Chi Minh,MAFF,VPBank,,,,,,VPBank,,BIDV,MBBank,MSB,Vietinbank,Techcombank,ACB,Vietcombank,,10.0,"dịch vụ tiện ích, dễ dùng",chưa có,10,"dễ dùng, nhiều tiện ích",4,4,4,4,4,5,4,3,4, I do not use this bank product, I do not use this bank product,3,3.0,Unsecured Loan/ Overdraft without Collateral,giống các ngân hàng khác,4,3,3,5,5,3.0,Call Center,thời gian chờ kết nối lâu,9.0,9.0,9.0,10.0,9.0,10.0,,,,,Missing lable,Techcombank,Missing lable,VPBank,VPBank,VPBank,VPBank,Missing lable,,,,,,0.0,,,,,,0.0,,,,,,0.0,,,,,,0.0,,,,,,0.0,,,,,,0.0,,,,,,0.0,,,,,,1.0,,,,,,1.0,,,,,,1.0,,,,,,1.0,,,,,,0.0,Q3'25,1.0202941176470588,1.0202777777777776,0.0,0.0,0.0,1.0885365205652573,0.0,1.088499476613562,,0.0,,0.0,0.0,0.0,0.0,0.0,,,,,,0.0,,0.0,0.0,0.0,,0.0,0.0,0.0,,1.088203125,,1.088203125,,0.0,,0.0,,0.0,,0.0,,0.0,,0.0,,0.0,,0.0,,0.0,0.0,0.0,,0.0,0.0,0.0,,0.0,,0.0,0.0,0.0,0.0,,0.0,0.0,0.0,,
2140,Q1_Aug'25###40712nEWK4Wr3r4GcGQRugQ8biFCRPM3h2/oyseQWwXhqdt8=,40712nEWK4Wr3r4GcGQRugQ8biFCRPM3h2/oyseQWwXhqdt8=,Q1,Vietcombank,36-45,Aug'25,Q3'25,Online,Male,Ha Noi,MAFF,VPBank,Vietcombank,,,,,Vietcombank,,ACB,BIDV,,,,,,,8.0,"Chi phí khá cao, cần giảm bớt để cạnh tranh hơn",,8,Ứng dụng khá tốt.,4,3,3,4,4,3,3,3,4,3,3,3,3.0,Debit,Chi phí cũng lãi suất hơi cao.,4,3,4,3,4,3.0,Telesales,Chưa có gì nổi trội so với các ngân hàng khác,8.0,8.0,8.0,7.0,9.0,8.0,,,,,Vietcombank,Vietcombank,Vietcombank,Vietcombank,Vietcombank,Vietcombank,Vietcombank,Vietcombank,,,0.0,,,,,,0.0,,,,,,0.0,,,,,,0.0,,,,,,1.0,,,,,,1.0,,,,,,1.0,,,,,,1.0,,,,,,1.0,,,,,,1.0,,,,,,1.0,,,,,,1.0,,,,Q3'25,0.0,0.0,0.0,0.0,0.9091304347826088,0.0,0.0,0.0,0.0,0.0,0.0,0.0,0.0,0.0,1.785914702581369,0.0,,,,0.0,0.0,,0.0,0.0,,,0.0,0.0,0.0,0.0,0.0,0.0,0.0,0.0,0.0,0.0,0.0,0.0,0.0,0.0,,0.0,,0.0,,0.0,0.0,0.0,0.0,0.0,0.0,0.0,,0.0,,0.0,0.0,0.0,0.0,0.0,0.0,0.0,1.7877006172839505,0.0,0.0,0.0,,0.0,0.0,,
2141,Q1_Aug'25###40713WW2s/hDAGoU7RgNu4+nG9N3u1fos7IitdiLfxnCe3NE=,40713WW2s/hDAGoU7RgNu4+nG9N3u1fos7IitdiLfxnCe3NE=,Q1,Techcombank,25-35,Aug'25,Q3'25,Online,Female,Ho Chi Minh,MAFF,BIDV,MBBank,VPBank,Techcombank,ACB,Vietcombank,Techcombank,Vietcombank,_99,,,,,,,,8.0,Cần có nhiều chương trình khuyến mãi ở các hạng thành viên khác nhau hơn,,9,Giao diện ứng dụng mượt mà và dễ sử dụng,5,5,4,4,5,5,4,5,4,4,4,4,4.0,Bond/Funds,Quy trình đăng kí cần dễ dàng hơn,4,5,4,3,5,3.0,Fanpage,Nội dung bài đăng trên Facebook cần đa dạng hơn,10.0,9.0,8.0,9.0,9.0,8.0,,,,,Vietcombank,Techcombank,Vietcombank,Techcombank,Techcombank,Techcombank,Vietcombank,Techcombank,0.0,,,,,,0.0,,,,,,0.0,,,,,,0.0,,,,,,0.0,,,,,,1.0,,,,,,0.0,,,,,,1.0,,,,,,1.0,,,,,,1.0,,,,,,0.0,,,,,,1.0,,,,,,Q3'25,0.0,0.0,0.0,0.0,0.8402777777777778,0.0,0.0,0.0,0.0,0.0,,0.0,,0.0,0.4355555555555555,0.0,,,,0.0,,0.0,,0.0,,0.0,,0.0,,0.0,,0.0,,0.0,,0.0,,0.0,0.0,0.0,,,,0.0,,0.0,,0.0,,0.0,,0.0,,0.0,,0.0,,0.0,,0.0,,0.0,0.0,0.0,,,,0.0,0.4355555555555555,,
2142,Q10_Aug'25###40713WW2s/hDAGoU7RgNu4+nG9N3u1fos7IitdiLfxnCe3NE=,40713WW2s/hDAGoU7RgNu4+nG9N3u1fos7IitdiLfxnCe3NE=,Q10,Vietcombank,25-35,Aug'25,Q3'25,Online,Female,Ho Chi Minh,MAFF,BIDV,MBBank,VPBank,Techcombank,ACB,Vietcombank,Techcombank,Vietcombank,_99,,,,,,,,8.0,Phí dịch vụ cần phải giảm đi,,8,Dễ sử dụng và kết nối hơn,4,5,4,4,5,5,5,4,5,4,5,4,4.0,Bond/Funds,Các sản phẩm phải đa dạng hơn,5,4,5,5,4,4.0,ATM,Cần nhiều máy atm hơn trên phạm vi của tôi,9.0,8.0,8.0,9.0,9.0,8.0,,,,,Vietcombank,Techcombank,Vietcombank,Techcombank,Techcombank,Techcombank,Vietcombank,Techcombank,,,0.0,,,,,,0.0,,,,,,0.0,,,,,,0.0,,,,,,1.0,,,,,,0.0,,,,,,1.0,,,,,,0.0,,,,,,0.0,,,,,,0.0,,,,,,1.0,,,,,,0.0,,,,Q3'25,0.0,0.0,0.0,0.0,0.9091304347826088,0.0,0.0,0.0,0.0,0.0,0.0,0.0,0.0,0.0,1.785914702581369,0.0,,,,0.0,0.0,,0.0,0.0,,,0.0,0.0,0.0,0.0,0.0,0.0,0.0,0.0,0.0,0.0,0.0,0.0,0.0,0.0,,0.0,,0.0,,0.0,0.0,0.0,0.0,0.0,0.0,0.0,,0.0,,0.0,0.0,0.0,0.0,0.0,0.0,0.0,1.7877006172839505,0.0,0.0,0.0,,0.0,0.0,,
2143,Q1_Aug'25###40714m9rrn0CuB19YenVR1Cr5HJl7ul6X7wA6eVRwXgJG2nc=,40714m9rrn0CuB19YenVR1Cr5HJl7ul6X7wA6eVRwXgJG2nc=,Q1,Vietcombank,25-35,Aug'25,Q3'25,Online,Female,Ho Chi Minh,MAFF,Vietcombank,,,,,,Vietcombank,,MSB,Vietinbank,Techcombank,ACB,BIDV,MBBank,VPBank,,8.0,Lãi suất,,10,Dễ sử dụng,3,4,2,4,4,3,3,3,2,3,4,3,2.0,Terms deposit,Lãi suất còn thấp nên kém hấp dẫn,4,3,3,3,5,3.0,Fanpage,Vì đôi lúc mình vào trang nhân tin hỏi thì không có hồi đáp liền vì nhiều khi mình cần giải đáp gấp,8.0,9.0,9.0,9.0,10.0,8.0,,,,,Vietcombank,MBBank,BIDV,MBBank,Vietcombank,MBBank,Vietcombank,MBBank,,,0.0,,,,,,0.0,,,,,,0.0,,,,,,0.0,,,,,,1.0,,,,,,0.0,,,,,,0.0,,,,,,0.0,,,,,,1.0,,,,,,0.0,,,,,,1.0,,,,,,0.0,,,,Q3'25,0.0,0.0,0.0,0.0,0.9091304347826088,0.0,0.0,0.0,0.0,0.0,0.0,0.0,0.0,0.0,1.785914702581369,0.0,,,,0.0,0.0,,0.0,0.0,,,0.0,0.0,0.0,0.0,0.0,0.0,0.0,0.0,0.0,0.0,0.0,0.0,0.0,0.0,,0.0,,0.0,,0.0,0.0,0.0,0.0,0.0,0.0,0.0,,0.0,,0.0,0.0,0.0,0.0,0.0,0.0,0.0,0.0,0.0,0.0,1.7877006172839505,,0.0,0.0,,
2144,Q1_Aug'25###40715DRyPJHvwfuYeIJoHKxK3OKmkYf9DoB4IOGOwyX9BfU4=,40715DRyPJHvwfuYeIJoHKxK3OKmkYf9DoB4IOGOwyX9BfU4=,Q1,VPBank,36-45,Aug'25,Q3'25,Online,Male,Ha Noi,MAFF,BIDV,MBBank,VPBank,ACB,Vietcombank,,VPBank,,Vietinbank,,,,,,,,8.0,tăng phần thưởng cho khách hàng sử dụng các dịch vụ mua sắm hóa đơn,,8,"app cho phép mua vé số, đặt xe",4,4,3,4,4,3,3,2,3,3,3,2,2.0,Banca,thủ tục chưa rõ ràng,4,3,4,4,3,3.0,Telesales,"chưa chủ động xử lý tình huống, còn dùng bot tự động gây tốn thời gian",9.0,8.0,9.0,9.0,9.0,9.0,,,,,BIDV,ACB,Vietcombank,ACB,ACB,Missing lable,ACB,Vietcombank,,,,,,0.0,,,,,,0.0,,,,,,0.0,,,,,,0.0,,,,,,0.0,,,,,,0.0,,,,,,0.0,,,,,,0.0,,,,,,0.0,,,,,,0.0,,,,,,0.0,,,,,,0.0,Q3'25,0.0,0.0,0.0,0.0,1.0202857142857142,0.0,0.0,0.0,,0.0,,0.0,0.0,0.0,0.5619444444444442,0.0,,,,,,0.0,,0.0,0.0,0.0,,0.0,0.0,0.0,,0.0,,0.0,,0.0,,0.0,,0.0,,0.0,,0.0,,0.0,,0.0,,0.0,,0.0,0.0,0.0,,0.0,0.0,0.0,,0.0,,0.0,0.0,0.0,0.0,,0.0,0.0,0.5619444444444444,,
2145,Q1_Aug'25###40716ROQx3nXd3dktrTTXuywCiwtXbdlkXLsJNrfmjSrmU5E=,40716ROQx3nXd3dktrTTXuywCiwtXbdlkXLsJNrfmjSrmU5E=,Q1,MBBank,25-35,Aug'25,Q3'25,Online,Male,Ha Noi,MAFF,VPBank,Techcombank,BIDV,MBBank,,,MBBank,,ACB,Vietcombank,MSB,Vietinbank,,,,,10.0,Tiện dụng đặc biệt là rút tiền không cần thẻ,Giao diện hơi xấu - cần cải thiện và nhìn hiện đại hơn,10,"Sử dụng tiện lợi, có liên kết với nhiều ứng dụng",4,4,3,4,4,5,5,3,4,3, I do not use this bank product, I do not use this bank product,3.0,Banca,"Không có nhiều tiện ích, nhân viên tư vấn không rõ ràng",Not use in recent 1 month,Not use in recent 1 month,3,Not use in recent 1 month,5,3.0,Call Center,"Vì không có điều gì nổi trội trong cách gọi điện và trao đổi, hoàn toàn giống như những ngân hàng khác",5.0,5.0,8.0,8.0,8.0,8.0,,,,,MBBank,MBBank,MBBank,MBBank,MBBank,Missing lable,Missing lable,MBBank,,,,,0.0,,,,,,0.0,,,,,,0.0,,,,,,0.0,,,,,,1.0,,,,,,1.0,,,,,,1.0,,,,,,1.0,,,,,,1.0,,,,,,0.0,,,,,,0.0,,,,,,1.0,,Q3'25,1.041777777777778,1.0417241379310345,0.0,0.0,0.0,1.0596181832107845,0.0,1.0594298066448804,0.0,0.0,0.0,0.0,,0.0,0.0,0.0,,,,0.0,,0.0,,0.0,,0.0,0.0,0.0,,0.0,0.0,1.0593759847689077,,1.060465877757353,,0.0,0.0,0.0,,,0.0,0.0,,0.0,,0.0,,0.0,,0.0,0.0,0.0,,0.0,,0.0,,0.0,,0.0,,0.0,,0.0,0.0,0.0,0.0,0.0,,,
2146,Q1_Aug'25###40717mpQMZP/eoDvJxXKp9kRW5Zwqj8kkLoAONjL57K65R6g=,40717mpQMZP/eoDvJxXKp9kRW5Zwqj8kkLoAONjL57K65R6g=,Q1,Vietcombank,46-55,Aug'25,Q3'25,Online,Male,Ha Noi,MAFF,Vietcombank,,,,,,Vietcombank,,MSB,Vietinbank,Techcombank,ACB,BIDV,MBBank,VPBank,,6.0,nhiều thủ tục và giải quyết chậm,,8,bổ sung thêm các tùy chọn thanh toán trên các app,2,2,2,4,3, I do not use this bank product, I do not use this bank product,3,2, I do not use this bank product, I do not use this bank product,2,2.0,Terms deposit,lãi suất thấp và thiếu cạnh tranh,4,3,2,3,4,2.0,Call Center,kênh liên lạc khó thực hiện,4.0,3.0,6.0,6.0,7.0,6.0,,,,,Techcombank,Techcombank,Techcombank,Techcombank,Techcombank,Other,Other,Techcombank,,,0.0,,,,,,0.0,,,,,,0.0,,,,,,0.0,,,,,,0.0,,,,,,0.0,,,,,,0.0,,,,,,0.0,,,,,,0.0,,,,,,0.0,,,,,,0.0,,,,,,0.0,,,,Q3'25,0.0,0.0,0.9089655172413792,0.0,0.0,0.0,0.0,0.0,0.0,0.0,1.785244984567901,0.0,0.0,0.0,0.0,0.0,,,,0.0,0.0,,0.0,0.0,,,0.0,0.0,0.0,0.0,0.0,0.0,0.0,0.0,0.0,0.0,0.0,0.0,0.0,0.0,,0.0,,0.0,,0.0,1.7844264403292185,0.0,1.787700617283951,0.0,0.0,0.0,,0.0,,0.0,0.0,0.0,0.0,0.0,0.0,0.0,0.0,0.0,0.0,0.0,,0.0,0.0,,
2147,Q1_Aug'25###40718n0+Au/37WJRoJs1SQ7AnJAomt5RUeEa80nIqRQKQ/hs=,40718n0+Au/37WJRoJs1SQ7AnJAomt5RUeEa80nIqRQKQ/hs=,Q1,BIDV,25-35,Aug'25,Q3'25,Online,Female,Ha Noi,MAFF,Techcombank,Vietcombank,BIDV,,,,BIDV,,ACB,MBBank,VPBank,MSB,Vietinbank,,,,10.0,"ngân hàng lớn uy tín đầy đủ các dịch tài chính, mua sắm",cần tăng lãi suất tiền gửi,9,ứng dụng ngân hàng bảo mật cao và tiện dụng các dịch vụ tài chính mua sắm,5,4,5,4,5,4,5,4,5,4,5,5,4.0,Banca,dịch vụ bảo hiểm khó sử dụng,5,4,4,5,5,4.0,Call Center,tổng đài khó kết nối nhân viên,9.0,8.0,9.0,9.0,8.0,9.0,,,,,BIDV,BIDV,BIDV,Techcombank,BIDV,BIDV,BIDV,BIDV,,,,0.0,,,,,,0.0,,,,,,0.0,,,,,,0.0,,,,,,1.0,,,,,,1.0,,,,,,1.0,,,,,,0.0,,,,,,1.0,,,,,,1.0,,,,,,1.0,,,,,,1.0,,,Q3'25,0.0,1.075357142857143,0.0,1.0751923076923076,0.0,0.0,0.0,1.009468443627451,0.0,0.0,0.0,1.0095707179930795,0.0,0.0,0.0,0.0,,,,,0.0,0.0,,0.0,0.0,0.0,0.0,0.0,,0.0,0.0,0.0,,0.0,,1.0096075367647055,0.0,0.0,,,,,,,,0.0,0.0,0.0,0.0,0.0,0.0,0.0,,0.0,0.0,0.0,,1.0095416505417958,,0.0,,0.0,0.0,0.0,0.0,0.0,0.0,0.0,0.0,,
2148,Q1_Aug'25###40719U3rSnqcnPYNEMpko9jdgMVAT9I5n7R0tdix49ZeUswQ=,40719U3rSnqcnPYNEMpko9jdgMVAT9I5n7R0tdix49ZeUswQ=,Q1,Vietcombank,36-45,Aug'25,Q3'25,Online,Female,Ho Chi Minh,MAFF,Vietcombank,,,,,,Vietcombank,,BIDV,MBBank,VPBank,Vietinbank,Techcombank,ACB,,,8.0,Có nhiều trụ ATM hơn,,8,Tốc độ giao dịch nhanh,3,4,3,3,4,2,4,4,4,4,4,3,2.0,Debit,Lãi nhiều,4,4,4,4,4,4.0,Branch,Vẫn còn một số hạn chế như chưa có nhiều chi nhánh,7.0,6.0,7.0,8.0,8.0,7.0,,,,,Vietinbank,Vietinbank,Vietcombank,Vietinbank,Vietinbank,Vietcombank,Vietinbank,VPBank,,,0.0,,,,,,0.0,,,,,,0.0,,,,,,0.0,,,,,,0.0,,,,,,0.0,,,,,,1.0,,,,,,0.0,,,,,,0.0,,,,,,1.0,,,,,,0.0,,,,,,0.0,,,,Q3'25,0.9091666666666666,0.0,0.0,0.0,0.0,0.0,1.785244984567901,0.0,0.0,0.0,0.0,0.0,0.0,0.0,0.0,0.0,,,,0.0,0.0,,0.0,0.0,,,0.0,0.0,1.787700617283951,0.0,0.0,0.0,0.0,0.0,0.0,0.0,0.0,0.0,0.0,0.0,,0.0,,0.0,,0.0,0.0,0.0,0.0,0.0,0.0,0.0,,0.0,,0.0,0.0,0.0,0.0,0.0,0.0,0.0,0.0,0.0,0.0,0.0,,0.0,0.0,,
2149,Q1_Aug'25###4072045/H4qbHP/sytwTpr/6ibnfizf/AaALenfDDqbDCUL8=,4072045/H4qbHP/sytwTpr/6ibnfizf/AaALenfDDqbDCUL8=,Q1,Vietcombank,25-35,Aug'25,Q3'25,Online,Male,Ho Chi Minh,MAFF,BIDV,Techcombank,ACB,Vietcombank,,,Techcombank,Vietcombank,MBBank,VPBank,MSB,Vietinbank,,,,,10.0,"Là một ngân hàng thương mại cổ phần lớn nhất Việt Nam,rất uy tín và cung cấp những sản phẩm dịch vụ rất phù hợp với mọi người",Nên cải thiện một chút về vấn đề giao dịch với khách hàng cá nhân hơn,10,"Ứng dụng rất mượt mà,ít bảo trì và có giao diện rất đẹp",5,4,5,5,5,5,4,3,4,5,5,4,3.0,Banca,Các sản phẩm bảo hiểm của Vietcombank chưa có nhiều ưu đãi như các sản phẩm bảo hiểm của các công ty khác,5,4,3,5,5,3.0,Call Center,Tổng đài chăm khóc cá nhân đôi khi còn chậm trễ và chưa đáp ứng tốt với khách hàng,10.0,9.0,10.0,10.0,10.0,10.0,,,,,Techcombank,Vietcombank,Techcombank,Techcombank,Vietcombank,Vietcombank,Vietcombank,Vietcombank,,,0.0,,,,,,0.0,,,,,,0.0,,,,,,0.0,,,,,,0.0,,,,,,1.0,,,,,,0.0,,,,,,0.0,,,,,,1.0,,,,,,1.0,,,,,,1.0,,,,,,1.0,,,,Q3'25,0.0,0.9090625,0.0,0.9090322580645162,0.0,0.0,0.0,0.7784998276654411,0.0,0.0,0.0,0.7786916593968096,0.0,0.0,0.0,0.0,,,,0.0,0.0,,0.0,0.0,,,0.0,0.0,0.0,0.0,0.0,0.0,0.0,0.0,0.0,0.0,0.0,0.0,0.0,0.0,,0.0,,0.7794175091911765,,0.0,0.0,0.0,0.0,0.0,0.0,0.0,,0.0,,0.0,0.0,0.7786094877219756,0.0,0.0,0.0,0.0,0.0,0.0,0.0,0.0,,0.0,0.0,,
2150,Q10_Aug'25###4072045/H4qbHP/sytwTpr/6ibnfizf/AaALenfDDqbDCUL8=,4072045/H4qbHP/sytwTpr/6ibnfizf/AaALenfDDqbDCUL8=,Q10,Techcombank,25-35,Aug'25,Q3'25,Online,Male,Ho Chi Minh,MAFF,BIDV,Techcombank,ACB,Vietcombank,,,Techcombank,Vietcombank,MBBank,VPBank,MSB,Vietinbank,,,,,10.0,"Các sản phẩm như thẻ tín dụng,tài khoản tiết kiệm có mức lãi suất rất tốt và dịch vụ chăm sóc khách hàng cá nhân rất tuyệt vời",Cần cải thiện độ mượt mà của ứng dụng một chút,9,Ứng dụng rất tốt nhưng vẫn có đôi lúc chậm trễ nên tôi vẫn chưa thực sự ưng ý,5,5,5,5,5,5,5,4,5,4,5,5,4.0,Bond/Funds,"Trái phiếu,chứng chỉ quỹ có mức lợi tức rất tuyệt vời",5,4,5,5,5,4.0,Telesales,Các tư vấn viên đề cập đến các sản phẩm đôi khi chưa được rõ ràng,10.0,10.0,10.0,10.0,10.0,9.0,,,,,Techcombank,Vietcombank,Techcombank,Techcombank,Vietcombank,Vietcombank,Vietcombank,Vietcombank,0.0,,,,,,0.0,,,,,,0.0,,,,,,0.0,,,,,,1.0,,,,,,0.0,,,,,,1.0,,,,,,1.0,,,,,,0.0,,,,,,0.0,,,,,,0.0,,,,,,0.0,,,,,,Q3'25,0.0,0.0,0.0,0.8403076923076923,0.8402777777777778,0.0,0.0,0.0,0.0,0.0,,0.9005503393665156,,0.900555491727941,0.0,0.0,,,,0.0,,0.0,,0.0,,0.0,,0.0,,0.0,,0.0,,0.0,,0.0,,0.0,0.0,0.0,,,,0.0,,0.0,,0.0,,0.0,,0.0,,0.900220588235294,,0.0,,0.0,,0.0,,0.0,0.0,0.9002205882352939,,,,0.0,0.0,,
2151,Q1_Aug'25###40721il7kluEAUVOin7HP/Yt8QF0rRTdcOogtNuCnqbwnBoU=,40721il7kluEAUVOin7HP/Yt8QF0rRTdcOogtNuCnqbwnBoU=,Q1,MBBank,25-35,Aug'25,Q3'25,Online,Female,Ho Chi Minh,MAFF,MBBank,VPBank,ACB,,,,MBBank,VPBank,Techcombank,BIDV,MSB,,,,,,10.0,Dịch vụ ngân hàng nhanh chóng và tiện lợi,Cần thêm nhiều chi nhánh ngân hàng thêm nữa,10,Ứng dụng dễ sử dụng và điều hướng,4,4,5,4,5,5,5,5,3, I do not use this bank product, I do not use this bank product, I do not use this bank product,3.0,Terms deposit,Không có điều gì đặc sắc về dịch vụ này,5,4,5,4,5,4.0,Fanpage,Trang Facebook không có nhiều nội dung về ngân hàng cũng như các chương trình khuyến mãi,9.0,10.0,9.0,9.0,10.0,8.0,,,,,VPBank,VPBank,MBBank,VPBank,VPBank,VPBank,VPBank,VPBank,,,,,0.0,,,,,,0.0,,,,,,0.0,,,,,,0.0,,,,,,0.0,,,,,,0.0,,,,,,1.0,,,,,,0.0,,,,,,0.0,,,,,,0.0,,,,,,0.0,,,,,,0.0,,Q3'25,1.041777777777778,0.0,1.0417857142857143,0.0,0.0,1.0596181832107845,0.0,0.0,0.0,1.059550367647059,0.0,0.0,,0.0,0.0,0.0,,,,0.0,,0.0,,0.0,,0.0,0.0,0.0,,0.0,0.0,1.0593759847689077,,0.0,,0.0,0.0,0.0,,,0.0,0.0,,0.0,,1.0601833129084968,,0.0,,0.0,0.0,0.0,,0.0,,0.0,,0.0,,0.0,,0.0,,0.0,0.0,0.0,0.0,0.0,,,
2152,Q10_Aug'25###40721il7kluEAUVOin7HP/Yt8QF0rRTdcOogtNuCnqbwnBoU=,40721il7kluEAUVOin7HP/Yt8QF0rRTdcOogtNuCnqbwnBoU=,Q10,VPBank,25-35,Aug'25,Q3'25,Online,Female,Ho Chi Minh,MAFF,MBBank,VPBank,ACB,,,,MBBank,VPBank,Techcombank,BIDV,MSB,,,,,,9.0,Ngân hàng dễ sử dụng và giao dịch nhanh chóng,Cần có thêm nhiều chi nhánh hơn nữa để tiện lợi cho việc đi chuyển đến ngân hàng,10,Ứng dụng dễ sử dụng và thông tin rất chi tiết,5,4,5,3,4,5,5,4,4,I do not use this bank product,5,I do not use this bank product,4.0,Banca,Bảo hiểm của ngân hàng bình thường không có nhiều ưu đãi cho khách hàng,5,4,5,5,5,4.0,Telesales,Hướng dẫn tôi không rõ lắm qua kênh điện của ngân hàng,10.0,9.0,10.0,9.0,10.0,9.0,,,,,VPBank,VPBank,MBBank,VPBank,VPBank,VPBank,VPBank,VPBank,,,,,,0.0,,,,,,0.0,,,,,,0.0,,,,,,0.0,,,,,,1.0,,,,,,1.0,,,,,,0.0,,,,,,1.0,,,,,,1.0,,,,,,1.0,,,,,,1.0,,,,,,1.0,Q3'25,1.0202941176470588,0.0,1.0203448275862068,0.0,0.0,1.0885365205652573,0.0,0.0,,1.0885710097616632,,0.0,0.0,0.0,0.0,0.0,,,,,,0.0,,0.0,0.0,0.0,,0.0,0.0,0.0,,1.088203125,,0.0,,0.0,,0.0,,0.0,,0.0,,0.0,,1.0889143688725489,,0.0,,0.0,,0.0,0.0,0.0,,0.0,0.0,0.0,,0.0,,0.0,0.0,0.0,0.0,,0.0,0.0,0.0,,
2153,Q1_Aug'25###40722yT/5q6IafIA79YsC2bXGG6onHIgG5njhqeOFLX/2vao=,40722yT/5q6IafIA79YsC2bXGG6onHIgG5njhqeOFLX/2vao=,Q1,Vietcombank,25-35,Aug'25,Q3'25,Online,Male,Ha Noi,MAFF,Vietcombank,,,,,,Vietcombank,,Vietinbank,Techcombank,ACB,BIDV,MBBank,VPBank,,,10.0,Đối với tôi Vietcombank có đầy đủ những yếu tố cơ bản của một ngân hàng nên có đặc biệt hơn Vietcombank còn mang đến trải nghiệm người dùng vô cùng mới mẻ nhanh và tiện lợi,Có lẽ là chỉ phí khá cao đối với việc nhận biến động số dư thông quá SMS,9,Vì tôi cảm thấy thích thú với những trải nghiệm của mình,4,4,4,5,5,3,3,3,4,4,3,3,3.0,Unsecured Loan/ Overdraft without Collateral,Do mình chưa thực hiện vay nên mình chưa có trải nghiệm cụ thể để có thể đánh giá chính xác hơn,5,4,5,4,5,4.0,Fanpage,Rep phản hồi khá chậm :)),8.0,8.0,10.0,9.0,9.0,9.0,,,,,BIDV,Vietcombank,Vietcombank,Techcombank,MBBank,Techcombank,MBBank,Vietcombank,,,0.0,,,,,,0.0,,,,,,0.0,,,,,,0.0,,,,,,0.0,,,,,,1.0,,,,,,1.0,,,,,,0.0,,,,,,0.0,,,,,,0.0,,,,,,0.0,,,,,,1.0,,,,Q3'25,0.9091666666666666,0.0,0.9089655172413792,0.0,0.0,0.7784998276654411,0.0,0.0,0.0,0.7786017922794117,0.0,0.0,0.0,0.0,0.0,0.0,,,,0.0,0.0,,0.0,0.0,,,0.0,0.0,0.0,0.0,0.0,0.7794175091911764,0.0,0.0,0.0,0.0,0.0,0.0,0.0,0.0,,0.0,,0.0,,0.7784658394607843,0.0,0.0,0.0,0.0,0.0,0.0,,0.0,,0.0,0.0,0.0,0.0,0.0,0.0,0.0,0.0,0.0,0.0,0.0,,0.0,0.0,,
2154,Q1_Aug'25###40723mI3JaNT9L0c6EKwntojJjYgdNbFSiV2ai/Bi/uCXmU4=,40723mI3JaNT9L0c6EKwntojJjYgdNbFSiV2ai/Bi/uCXmU4=,Q1,Techcombank,25-35,Aug'25,Q3'25,Online,Female,Ho Chi Minh,MAFF,Techcombank,ACB,Vietcombank,BIDV,,,Techcombank,BIDV,_99,,,,,,,,10.0,"dịch vụ cạnh tranh, thủ tục nhanh chóng, nhiều tiện ích cho người tiêu dùng",mở rộng thêm các cây ATM cho dễ rút ở khắp nơi,10,"app của Techcombank đẹp, nhiều sự lựa chọn màn hình theo phong thủy, dễ dàng thao tác",5,4,4,5,5,3,3,3,4,4,3,4,3.0,Debit,"các chương trình cũng giống như các ngân hàng khác, đôi lúc cũng có sự khác biệt",5,4,4,4,4,4.0,ATM,vì cây ATM hay hết tiền mà ngân hàng chưa kịp để tiền vào cây nên nhiều khi không rút được đi lại nhiều nơi mới rút được tiền.,10.0,8.0,9.0,8.0,9.0,9.0,,,,,Techcombank,ACB,Techcombank,Vietcombank,Vietcombank,Techcombank,Techcombank,Techcombank,0.0,,,,,,0.0,,,,,,0.0,,,,,,0.0,,,,,,1.0,,,,,,0.0,,,,,,1.0,,,,,,0.0,,,,,,0.0,,,,,,1.0,,,,,,1.0,,,,,,1.0,,,,,,Q3'25,0.0,0.8404444444444444,0.8402499999999999,0.0,0.0,0.0,0.0,0.9004641544117645,0.0,0.9004885110294116,,0.0,,0.0,0.0,0.0,,,,0.0,,0.0,,0.0,,0.0,,0.0,,0.0,,0.0,,0.0,,0.9006865409207159,,0.0,0.0,0.0,,,,0.0,,0.0,,0.9002205882352939,,0.9007846362229102,,0.0,,0.0,,0.0,,0.0,,0.0,,0.0,0.0,0.0,,,,0.0,0.0,,
2155,Q10_Aug'25###40723mI3JaNT9L0c6EKwntojJjYgdNbFSiV2ai/Bi/uCXmU4=,40723mI3JaNT9L0c6EKwntojJjYgdNbFSiV2ai/Bi/uCXmU4=,Q10,BIDV,25-35,Aug'25,Q3'25,Online,Female,Ho Chi Minh,MAFF,Techcombank,ACB,Vietcombank,BIDV,,,Techcombank,BIDV,_99,,,,,,,,7.0,"dịch vụ còn rườm rà, chi phí mắc hơn so với 1 số ngân hàng khác",,8,hướng dẫn cần chi tiết rõ ràng hơn cho người mới sử dụng,4,3,4,4,3,4,4,4,3,3,3,3,3.0,Bond/Funds,"khâu làm giấy tờ, thủ tục còn nhiều hạn chế, chưa linh hoạt trong cách xử lý",4,4,4,4,3,3.0,ATM,phải trả phí rút trong khi 1 số ngân hàng khác không có nên không cạnh tranh được,8.0,7.0,8.0,7.0,8.0,8.0,,,,,Techcombank,ACB,Techcombank,Vietcombank,Vietcombank,Techcombank,Techcombank,Techcombank,,,,0.0,,,,,,0.0,,,,,,0.0,,,,,,0.0,,,,,,0.0,,,,,,0.0,,,,,,0.0,,,,,,0.0,,,,,,0.0,,,,,,0.0,,,,,,0.0,,,,,,0.0,,,Q3'25,0.0,0.0,1.0752,0.0,1.075217391304348,0.0,0.0,0.0,0.0,0.0,1.5162808641975307,0.0,0.0,0.0,1.5162808641975307,0.0,,,,,0.0,0.0,,0.0,0.0,0.0,0.0,0.0,,0.0,0.0,0.0,,0.0,,0.0,0.0,0.0,,,,,,,,0.0,0.0,0.0,1.5233333333333332,0.0,0.0,0.0,,0.0,0.0,0.0,,0.0,,0.0,,0.0,1.5162808641975307,0.0,0.0,0.0,0.0,0.0,0.0,,
2156,Q1_Aug'25###40724a8SB4oXmaIw0/UCYNN44JeQ3bUfUr3uc1KD8wbsltPQ=,40724a8SB4oXmaIw0/UCYNN44JeQ3bUfUr3uc1KD8wbsltPQ=,Q1,BIDV,25-35,Aug'25,Q3'25,Online,Male,Ha Noi,MAFF,ACB,Vietcombank,BIDV,MBBank,VPBank,Techcombank,BIDV,Techcombank,MSB,Vietinbank,,,,,,,10.0,"Bidv là ngân hàng uy tín, có nhiều dịch vụ tốt",Cải thiện app,10,Ứng dụng ngân hàng thân thiện và dễ dùng,5,5,5,5,5,5,5,5,5,5,5,5,,,,5,5,5,5,5,,,,10.0,10.0,10.0,10.0,10.0,10.0,,,,,Vietcombank,Vietinbank,BIDV,Techcombank,ACB,MSB,VPBank,MBBank,,,,0.0,,,,,,0.0,,,,,,0.0,,,,,,0.0,,,,,,0.0,,,,,,0.0,,,,,,1.0,,,,,,0.0,,,,,,0.0,,,,,,0.0,,,,,,0.0,,,,,,0.0,,,Q3'25,0.0,1.075357142857143,0.0,1.0751923076923076,0.0,0.0,0.0,1.009468443627451,0.0,0.0,0.0,1.0095707179930795,0.0,0.0,0.0,0.0,,,,,0.0,0.0,,0.0,0.0,0.0,0.0,0.0,,0.0,0.0,0.0,,0.0,,1.0096075367647055,0.0,0.0,,,,,,,,0.0,0.0,0.0,0.0,0.0,0.0,0.0,,0.0,0.0,0.0,,1.0095416505417958,,0.0,,0.0,0.0,0.0,0.0,0.0,0.0,0.0,0.0,,
2157,Q10_Aug'25###40724a8SB4oXmaIw0/UCYNN44JeQ3bUfUr3uc1KD8wbsltPQ=,40724a8SB4oXmaIw0/UCYNN44JeQ3bUfUr3uc1KD8wbsltPQ=,Q10,Techcombank,25-35,Aug'25,Q3'25,Online,Male,Ha Noi,MAFF,ACB,Vietcombank,BIDV,MBBank,VPBank,Techcombank,BIDV,Techcombank,MSB,Vietinbank,,,,,,,10.0,Techcombank là ngân hàng được nhiều biết đến và là một trong những ngân hàng uy tín hàng đầu,Có nhiều chi nhánh hơn,10,Ứng dụng ngân hàng đi động của Techcombank tiện lợi,5,5,5,5,5,5,5,5,5,5,5,5,,,,5,5,5,5,5,,,,10.0,10.0,10.0,10.0,10.0,10.0,,,,,Vietcombank,Vietinbank,BIDV,Techcombank,ACB,MSB,VPBank,MBBank,0.0,,,,,,0.0,,,,,,0.0,,,,,,0.0,,,,,,0.0,,,,,,0.0,,,,,,0.0,,,,,,1.0,,,,,,0.0,,,,,,0.0,,,,,,0.0,,,,,,0.0,,,,,,Q3'25,0.0,0.0,0.0,0.8403076923076923,0.0,0.0,0.0,0.0,0.0,0.0,,0.9005503393665156,,0.0,0.0,0.0,,,,0.0,,0.0,,0.0,,0.0,,0.0,,0.0,,0.0,,0.0,,0.0,,0.0,0.0,0.0,,,,0.0,,0.0,,0.0,,0.0,,0.0,,0.0,,0.0,,0.9006766270337921,,0.0,,0.0,0.0,0.0,,,,0.0,0.0,,
2158,Q1_Aug'25###40725pNibiyfmxpO/2ulp37CUiEcMGEMm2EUGFOfE1xrkreA=,40725pNibiyfmxpO/2ulp37CUiEcMGEMm2EUGFOfE1xrkreA=,Q1,MBBank,25-35,Aug'25,Q3'25,Online,Male,Ho Chi Minh,MAFF,BIDV,MBBank,Vietcombank,,,,MBBank,,Vietinbank,Techcombank,ACB,,,,,,10.0,"MBBank là thương hiệu uy tín và lâu đời, nên chắc chắn rằng ai cũng phải trải nghiệm ngân hàng này một lần.","Theo tôi nghĩ thì nên tăng cường hệ thống bảo mật, bởi vì thời điểm hiện tại có rất nhiều vụ lừa đảo. Hãy siết chặt nội quy, cẩn trọng với những thanh toán có giao dịch lớn",10,trải nghiệm được cá nhân hóa tốt,4,4,4,5,5,3,4, I do not use this bank product,5,3, I do not use this bank product, I do not use this bank product,3.0,Debit,Tôi ít khi xài thẻ ghi nợ nên thấy nó khá là bình thường thôi,4,4,5,5,4,4.0,ATM,Tôi từng gặp sự cố kẹt tiền tại máy ATM của MBBank,10.0,9.0,10.0,10.0,10.0,10.0,,,,,MBBank,MBBank,MBBank,MBBank,MBBank,MBBank,MBBank,MBBank,,,,,0.0,,,,,,0.0,,,,,,0.0,,,,,,0.0,,,,,,1.0,,,,,,1.0,,,,,,1.0,,,,,,1.0,,,,,,1.0,,,,,,1.0,,,,,,1.0,,,,,,1.0,,Q3'25,0.0,0.0,0.0,1.0416363636363637,0.0,0.0,0.0,0.0,0.0,0.0,0.0,1.0595873579545456,,0.0,0.0,0.0,,,,0.0,,0.0,,0.0,,0.0,0.0,0.0,,0.0,0.0,0.0,,0.0,,0.0,0.0,0.0,,,0.0,0.0,,0.0,,0.0,,0.0,,0.0,0.0,0.0,,0.0,,0.0,,1.0596595341642756,,0.0,,0.0,,0.0,0.0,0.0,0.0,0.0,,,
2159,Q1_Aug'25###40726mClLUG1xpTkrgOs2gBLyyi0t0cxBi4t09OJ82r0ECU8=,40726mClLUG1xpTkrgOs2gBLyyi0t0cxBi4t09OJ82r0ECU8=,Q1,MBBank,36-45,Aug'25,Q3'25,Online,Male,Ha Noi,MAFF,BIDV,MBBank,,,,,MBBank,,VPBank,ACB,Vietcombank,,,,,,8.0,Nhiều điểm giao dịch hơn,,8,Dung lượng app quá nặng không phù hợp với diện thoại cấu hình thấp,4,4,3,3,4, I do not use this bank product, I do not use this bank product, I do not use this bank product,3, I do not use this bank product, I do not use this bank product, I do not use this bank product,3.0,Terms deposit,Lai suất giống như các ngân hàng khác,2,2,3,Not use in recent 1 month,2,2.0,Telesales,Không pho biến,8.0,8.0,8.0,8.0,8.0,8.0,,,,,MBBank,MBBank,MBBank,MBBank,MBBank,MBBank,MBBank,MBBank,,,,,0.0,,,,,,0.0,,,,,,0.0,,,,,,0.0,,,,,,1.0,,,,,,1.0,,,,,,1.0,,,,,,1.0,,,,,,1.0,,,,,,1.0,,,,,,1.0,,,,,,1.0,,Q3'25,1.041777777777778,0.0,0.0,0.0,0.0,0.0,0.9196296296296296,0.0,0.0,0.0,0.0,0.0,,0.0,0.0,0.0,,,,0.0,,0.0,,0.0,,0.0,0.0,0.0,,0.0,0.9196296296296296,0.0,,0.0,,0.0,0.0,0.0,,,0.0,0.0,,0.0,,0.0,,0.0,,0.0,0.0,0.0,,0.0,,0.0,,0.0,,0.0,,0.0,,0.0,0.0,0.0,0.0,0.0,,,
2160,Q1_Aug'25###40727hPq6H+AiRgrfnZM10rFEhOA4Ozv430KuaBqwiUzZqkY=,40727hPq6H+AiRgrfnZM10rFEhOA4Ozv430KuaBqwiUzZqkY=,Q1,BIDV,25-35,Aug'25,Q3'25,Online,Male,Ha Noi,MAFF,BIDV,VPBank,,,,,BIDV,,MBBank,MSB,Vietinbank,Techcombank,ACB,Vietcombank,,,9.0,ngân hàng có dịch vụ khách hàng tốt,mọi dịch vụ cần miễn phí,10,ứng dụng ngân hàng di động đầy đủ chức năng mà tôi cần,5,5,4,5,5,5,5,5,4,5,5,5,4.0,Terms deposit,lãi suất tiền gửi thấp,4,5,4,5,5,4.0,Branch,chi nhánh phòng giao dịch không đẹp lắm,10.0,9.0,10.0,10.0,9.0,9.0,,,,,BIDV,BIDV,BIDV,BIDV,BIDV,BIDV,BIDV,Missing lable,,,,0.0,,,,,,0.0,,,,,,0.0,,,,,,0.0,,,,,,1.0,,,,,,1.0,,,,,,1.0,,,,,,1.0,,,,,,1.0,,,,,,1.0,,,,,,1.0,,,,,,0.0,,,Q3'25,0.0,0.0,1.0752,0.0,0.0,0.0,0.0,0.0,0.0,1.009518119747899,0.0,0.0,0.0,0.0,0.0,0.0,,,,,0.0,0.0,,0.0,0.0,0.0,0.0,0.0,,0.0,0.0,0.0,,0.0,,0.0,0.0,0.0,,,,,,,,0.0,0.0,0.0,0.0,1.0092945772058823,0.0,0.0,,0.0,0.0,0.0,,0.0,,0.0,,0.0,0.0,0.0,0.0,0.0,0.0,0.0,0.0,,
2161,Q1_Aug'25###40728lsmAejEZo/dGiRwsC5sAvmB9L+3cz+fDz1gldS/nuOk=,40728lsmAejEZo/dGiRwsC5sAvmB9L+3cz+fDz1gldS/nuOk=,Q1,ACB,25-35,Aug'25,Q3'25,Online,Male,Ha Noi,MAFF,ACB,MBBank,,,,,ACB,,Vietinbank,,,,,,,,9.0,Luôn đảm bảo dịch vụ tốt nhất cho khách hàng,Không cần cải thiện,9,"Dễ sử dụng, điều hướng tốt, đa dịch vụ",5,5,4,5,5,4,5,5,5,5,5,5,4.0,Debit,Sản phẩm đôi khi bị lỗi khi thanh toán,5,5,5,5,4,4.0,ATM,Khoảng các trụ khá xa,9.0,9.0,9.0,9.0,8.0,9.0,,,,,ACB,ACB,ACB,ACB,ACB,ACB,ACB,ACB,,0.0,,,,,,0.0,,,,,,0.0,,,,,,0.0,,,,,,1.0,,,,,,1.0,,,,,,1.0,,,,,,1.0,,,,,,1.0,,,,,,1.0,,,,,,1.0,,,,,,1.0,,,,,Q3'25,0.0,0.0,1.0870967741935484,0.0,0.0,0.0,0.0,0.0,0.0,1.140092545638945,0.0,0.0,0.0,0.0,0.0,0.0,,,,0.0,,0.0,,0.0,0.0,0.0,,0.0,0.0,0.0,0.0,0.0,,0.0,0.0,0.0,,0.0,,0.0,,0.0,,0.0,,0.0,0.0,0.0,,1.140120369061086,0.0,0.0,0.0,0.0,,0.0,,0.0,0.0,0.0,,0.0,0.0,0.0,0.0,,,0.0,0.0,,
2162,Q1_Aug'25###40729bXnyjCRpAjZFZ7RuejW/geTjXUYCCqyjNICXZKSny3k=,40729bXnyjCRpAjZFZ7RuejW/geTjXUYCCqyjNICXZKSny3k=,Q1,VPBank,25-35,Aug'25,Q3'25,Online,Female,Ha Noi,MAFF,VPBank,Techcombank,,,,,VPBank,,Vietinbank,ACB,Vietcombank,BIDV,MBBank,MSB,,,7.0,Linh hoạt các chương trình ưu đãi,,7,Dễ đang thao tác,3,3,3,3,3,3,3,3,3, I do not use this bank product,3,3,3.0,Credit card,Không có gì dặc biệt hấp dẫn,3,Not use in recent 1 month,Not use in recent 1 month,Not use in recent 1 month,3,3.0,Branch,Chưa chuyên nghiệp,6.0,6.0,7.0,6.0,6.0,7.0,,,,,Missing lable,Techcombank,Missing lable,MBBank,VPBank,Missing lable,Missing lable,Missing lable,,,,,,0.0,,,,,,0.0,,,,,,0.0,,,,,,0.0,,,,,,0.0,,,,,,0.0,,,,,,0.0,,,,,,0.0,,,,,,1.0,,,,,,0.0,,,,,,0.0,,,,,,0.0,Q3'25,0.0,0.0,0.0,0.0,1.0202857142857142,0.0,0.0,0.0,,0.0,,0.0,0.0,0.0,0.5619444444444442,0.0,,,,,,0.0,,0.0,0.0,0.0,,0.0,0.0,0.0,,0.0,,0.0,,0.0,,0.0,,0.0,,0.0,,0.0,,0.0,,0.0,,0.0,,0.0,0.0,0.0,,0.0,0.0,0.0,,0.0,,0.0,0.0,0.0,0.0,,0.0,0.0,0.5619444444444444,,
2163,Q1_Aug'25###407307RIaFCvbjBRcEbB8mDPX1McD1m6lqyzs1kp25wrJNsg=,407307RIaFCvbjBRcEbB8mDPX1McD1m6lqyzs1kp25wrJNsg=,Q1,VPBank,25-35,Aug'25,Q3'25,Online,Male,Ho Chi Minh,MAFF,ACB,MBBank,VPBank,Techcombank,,,VPBank,Techcombank,BIDV,Vietinbank,Vietcombank,,,,,,9.0,"giao dịch nhanh chóng, không bị lỗi gián đoạn",cung cấp thêm những sản phẩm tri ân cho khách hàng cá nhân,10,"bảo mật tốt, giao diện dễ dàng sử dụng",4,4,5,4,4,5,5, I do not use this bank product,4, I do not use this bank product, I do not use this bank product, I do not use this bank product,4.0,Terms deposit,lãi suất tiết kiệm không được cao như những ngân hàng khác,5,5,5,5,5,,,,10.0,10.0,9.0,9.0,8.0,9.0,,,,,Techcombank,Techcombank,Techcombank,Techcombank,Techcombank,Techcombank,Techcombank,Techcombank,,,,,,0.0,,,,,,0.0,,,,,,0.0,,,,,,0.0,,,,,,0.0,,,,,,0.0,,,,,,0.0,,,,,,0.0,,,,,,0.0,,,,,,0.0,,,,,,0.0,,,,,,0.0,Q3'25,1.0202941176470588,0.0,0.0,0.0,0.0,1.0885365205652573,0.0,0.0,,0.0,,0.0,0.0,0.0,0.0,1.088203125,,,,,,0.0,,0.0,0.0,0.0,,0.0,0.0,0.0,,0.0,,0.0,,0.0,,0.0,,0.0,,0.0,,0.0,,0.0,,0.0,,0.0,,0.0,0.0,0.0,,0.0,0.0,0.0,,0.0,,0.0,0.0,0.0,0.0,,0.0,0.0,0.0,,
2164,Q10_Aug'25###407307RIaFCvbjBRcEbB8mDPX1McD1m6lqyzs1kp25wrJNsg=,407307RIaFCvbjBRcEbB8mDPX1McD1m6lqyzs1kp25wrJNsg=,Q10,Techcombank,25-35,Aug'25,Q3'25,Online,Male,Ho Chi Minh,MAFF,ACB,MBBank,VPBank,Techcombank,,,VPBank,Techcombank,BIDV,Vietinbank,Vietcombank,,,,,,10.0,ngân hàng có uy tín lâu năm và hoạt động kinh doanh tốt,có thêm nhiều hoạt động liên quan đến khách hàng thân thiết nữa,10,"giao diện đơn giản, dễ sử dụng",5,5,4,5,5,5,5,5,5,I do not use this bank product,I do not use this bank product,I do not use this bank product,,,,5,5,5,5,5,,,,10.0,10.0,9.0,10.0,10.0,10.0,,,,,Techcombank,Techcombank,Techcombank,Techcombank,Techcombank,Techcombank,Techcombank,Techcombank,0.0,,,,,,0.0,,,,,,0.0,,,,,,0.0,,,,,,1.0,,,,,,1.0,,,,,,1.0,,,,,,1.0,,,,,,1.0,,,,,,1.0,,,,,,1.0,,,,,,1.0,,,,,,Q3'25,0.0,0.0,0.0,0.8403076923076923,0.0,0.0,0.0,0.0,0.0,0.0,,0.9005503393665156,,0.0,0.0,0.0,,,,0.0,,0.0,,0.0,,0.0,,0.0,,0.0,,0.0,,0.0,,0.0,,0.0,0.0,0.0,,,,0.0,,0.0,,0.0,,0.0,,0.0,,0.0,,0.0,,0.9006766270337921,,0.0,,0.0,0.0,0.0,,,,0.0,0.0,,
2165,Q1_Aug'25###40731mKORp1fuqo7x4fWR9i/hoHNK8SyL6oH0qMPmW6wDf20=,40731mKORp1fuqo7x4fWR9i/hoHNK8SyL6oH0qMPmW6wDf20=,Q1,MBBank,25-35,Aug'25,Q3'25,Online,Female,Ho Chi Minh,MAFF,Vietcombank,BIDV,MBBank,VPBank,ACB,,MBBank,,MSB,Vietinbank,Techcombank,,,,,,7.0,Cải thiênj dịch vụ cung cấp,,6,Chuyển tiền nhanh nhưng dịch vụ còn hạn chế nhất là Vetc,2,4,3,4,4,3,3, I do not use this bank product, I do not use this bank product, I do not use this bank product, I do not use this bank product, I do not use this bank product,3.0,Credit card,Hạn mức tiền như các ngân hàng khác nhưng hoàn tiền và ưu đãi khi sử dụng thẻ không hấp dẫn,4,2,2,Not use in recent 1 month,4,2.0,Call Center,Khó liên lạc và không giải quyết được vấn đề cho khách hàng ngay,7.0,2.0,6.0,7.0,5.0,7.0,,,,,VPBank,Vietinbank,Techcombank,Missing lable,Vietinbank,VPBank,MBBank,Techcombank,,,,,0.0,,,,,,0.0,,,,,,0.0,,,,,,0.0,,,,,,0.0,,,,,,0.0,,,,,,0.0,,,,,,0.0,,,,,,0.0,,,,,,0.0,,,,,,1.0,,,,,,0.0,,Q3'25,0.0,0.0,1.0417857142857143,0.0,0.0,0.0,0.0,0.0,0.0,0.0,0.9196296296296296,0.0,,0.0,0.0,0.0,,,,0.0,,0.0,,0.0,,0.0,0.0,0.0,,0.0,0.0,0.0,,0.0,,0.0,0.0,0.0,,,0.0,0.0,,0.0,,0.0,,0.0,,0.0,0.9196296296296296,0.0,,0.0,,0.0,,0.0,,0.0,,0.0,,0.0,0.0,0.0,0.0,0.0,,,
2166,Q1_Aug'25###40732P/McS+BAoypimpGOg/C4bQ63gaybycaLD+n4R6V/QM0=,40732P/McS+BAoypimpGOg/C4bQ63gaybycaLD+n4R6V/QM0=,Q1,ACB,36-45,Aug'25,Q3'25,Online,Female,Ho Chi Minh,MAFF,ACB,,,,,,ACB,,BIDV,MBBank,VPBank,Techcombank,,,,,8.0,Có thêm nhiều phòng giao dịch hơn,,8,Tôi không biết rõ ràng nhưng cần cải tiến đẻ dễ sử dụng hơn,4,4,3,3,4,4,4, I do not use this bank product,3,3, I do not use this bank product, I do not use this bank product,3.0,Bond/Funds,Nó giống các ngân hàng ko có gì nổi trội hơn,2,Not use in recent 1 month,Not use in recent 1 month,Not use in recent 1 month,Not use in recent 1 month,2.0,Branch,Số lượng phòng giao dịch ít và quy mô hơi nhỏ nên phải đợi lâu,6.0,6.0,8.0,8.0,9.0,8.0,,,,,Missing lable,VPBank,Missing lable,ACB,VPBank,ACB,Missing lable,Missing lable,,0.0,,,,,,0.0,,,,,,0.0,,,,,,0.0,,,,,,0.0,,,,,,0.0,,,,,,0.0,,,,,,1.0,,,,,,0.0,,,,,,1.0,,,,,,0.0,,,,,,0.0,,,,,Q3'25,1.086875,0.0,0.0,0.0,0.0,0.0,0.730034722222222,0.0,0.0,0.0,0.0,0.0,0.0,0.0,0.0,0.0,,,,0.0,,0.0,,0.0,0.0,0.0,,0.0,0.0,0.0,0.7294753086419751,0.0,,0.0,0.0,0.0,,0.0,,0.0,,0.0,,0.0,,0.0,0.0,0.0,,0.0,0.0,0.0,0.0,0.0,,0.0,,0.0,0.0,0.0,,0.0,0.0,0.0,0.0,,,0.0,0.0,,
2167,Q1_Aug'25###40733DRGeKDFY2yDpe9IfdTso5jEN7lyB10DRtV8aSlf8Rh0=,40733DRGeKDFY2yDpe9IfdTso5jEN7lyB10DRtV8aSlf8Rh0=,Q1,BIDV,25-35,Aug'25,Q3'25,Online,Female,Ha Noi,MAFF,MBBank,Techcombank,ACB,BIDV,,,Techcombank,BIDV,Vietcombank,VPBank,Vietinbank,,,,,,10.0,"Là ngân hàng uy tín, có các chi nhánh thuận tiện",Tăng lãi suất cho các gói gửi tiết kiệm online,10,"Ứng dụng dễ sử dụng, thiết kế đẹp mắt",4,4,4,5,4,4,4,4,4,3,3,3,3.0,Unsecured Loan/ Overdraft without Collateral,Mức vay khá thấp,5,4,4,5,4,4.0,ATM,Máy ATM thỉnh thoảng hết tiền,9.0,9.0,9.0,9.0,9.0,10.0,,,,,BIDV,Techcombank,Techcombank,Techcombank,BIDV,Techcombank,BIDV,Techcombank,,,,0.0,,,,,,0.0,,,,,,0.0,,,,,,0.0,,,,,,1.0,,,,,,0.0,,,,,,0.0,,,,,,0.0,,,,,,1.0,,,,,,0.0,,,,,,1.0,,,,,,0.0,,,Q3'25,1.075161290322581,0.0,0.0,1.0751923076923076,0.0,1.009468443627451,0.0,0.0,0.0,0.0,0.0,1.0095707179930795,0.0,0.0,0.0,0.0,,,,,0.0,0.0,,0.0,0.0,0.0,0.0,0.0,,1.0092945772058823,0.0,0.0,,0.0,,0.0,0.0,0.0,,,,,,,,0.0,0.0,0.0,0.0,0.0,0.0,0.0,,0.0,0.0,0.0,,1.0095416505417958,,0.0,,0.0,0.0,0.0,0.0,0.0,0.0,0.0,0.0,,
2168,Q10_Aug'25###40733DRGeKDFY2yDpe9IfdTso5jEN7lyB10DRtV8aSlf8Rh0=,40733DRGeKDFY2yDpe9IfdTso5jEN7lyB10DRtV8aSlf8Rh0=,Q10,Techcombank,25-35,Aug'25,Q3'25,Online,Female,Ha Noi,MAFF,MBBank,Techcombank,ACB,BIDV,,,Techcombank,BIDV,Vietcombank,VPBank,Vietinbank,,,,,,10.0,Có nhiều sản phẩm tài chính hấp dẫn,Có thể tăng lãi suất sinh lời tự động,10,"Ứng dụng dễ sử dụng, ít bị lỗi",4,5,4,5,5,4,5,5,5,4,4,4,4.0,Secured Loan,Cần có tài sản thế chấp giá trị lớn,5,4,4,5,4,4.0,Telesales,Tôi muốn được giới thiệu nhiều sản phẩm hơn,10.0,9.0,9.0,9.0,9.0,10.0,,,,,BIDV,Techcombank,Techcombank,Techcombank,BIDV,Techcombank,BIDV,Techcombank,0.0,,,,,,0.0,,,,,,0.0,,,,,,0.0,,,,,,0.0,,,,,,1.0,,,,,,1.0,,,,,,1.0,,,,,,0.0,,,,,,1.0,,,,,,0.0,,,,,,1.0,,,,,,Q3'25,0.0,0.8404444444444444,0.0,0.0,0.0,0.0,0.0,0.9004641544117645,0.0,0.0,,0.0,,0.0,0.0,0.0,,,,0.0,,0.0,,0.0,,0.0,,0.0,,0.0,,0.0,,0.0,,0.9006865409207159,,0.0,0.0,0.0,,,,0.0,,0.0,,0.0,,0.0,,0.0,,0.0,,0.0,,0.0,,0.0,,0.0,0.0,0.0,,,,0.0,0.0,,
2169,Q1_Aug'25###407344Hy8Nu0cF7dL+H5ex6a/YYGvlTtKz7nEwtwM2LgBQmk=,407344Hy8Nu0cF7dL+H5ex6a/YYGvlTtKz7nEwtwM2LgBQmk=,Q1,Vietcombank,25-35,Aug'25,Q3'25,Online,Female,Ha Noi,MAFF,Vietcombank,,,,,,Vietcombank,,BIDV,MBBank,Vietinbank,Techcombank,,,,,8.0,ít phí ẩn vs phụ thu đủ loại phí là được,,8,thêm giao diện quét mã Qr ngay bên ngoài màn hình sẽ thuận tiện giao dịch hơn,4,4,3,5,5,5,4,4,5,3,4, I do not use this bank product,3.0,Bond/Funds,"trái phiếu , cổ phiếu đầu tư lâu , khi đặt lệnh xong mất thời gian xem lại lệnh r điều chỉnh nữa",5,4,5,4,5,4.0,Telesales,các bạn tổng đài trực khá nhanh.  tư vấn ổn và hỗ trợ kịp thời,10.0,9.0,9.0,9.0,10.0,9.0,,,,,Vietcombank,Vietcombank,BIDV,Vietcombank,Vietcombank,Vietcombank,Vietcombank,BIDV,,,0.0,,,,,,0.0,,,,,,0.0,,,,,,0.0,,,,,,1.0,,,,,,1.0,,,,,,0.0,,,,,,1.0,,,,,,1.0,,,,,,1.0,,,,,,1.0,,,,,,0.0,,,,Q3'25,0.0,0.0,0.0,0.0,0.9091304347826088,0.0,0.0,0.0,0.0,0.0,0.0,0.0,0.0,0.0,1.785914702581369,0.0,,,,0.0,0.0,,0.0,0.0,,,0.0,0.0,0.0,0.0,0.0,0.0,0.0,0.0,0.0,0.0,0.0,0.0,0.0,0.0,,0.0,,0.0,,0.0,0.0,0.0,0.0,0.0,0.0,0.0,,0.0,,0.0,0.0,0.0,0.0,0.0,0.0,0.0,1.7877006172839505,0.0,0.0,0.0,,0.0,0.0,,
2170,Q1_Aug'25###407353sNeb5p5BslRbvsL8upUUiaWFQISvGhKS0zA7VBApp4=,407353sNeb5p5BslRbvsL8upUUiaWFQISvGhKS0zA7VBApp4=,Q1,Vietcombank,25-35,Aug'25,Q3'25,Online,Female,Ha Noi,MAFF,MBBank,Techcombank,Vietcombank,,,,Techcombank,Vietcombank,Vietinbank,,,,,,,,9.0,Bảo mật cao,"Đút tiền, rút tiền miễn phí như MB bank",9,Dễ sử dụng,4,4,3,4,4,4,4,3,3, I do not use this bank product, I do not use this bank product, I do not use this bank product,3.0,Banca,Không có gì đặc sắc lắm,3,Not use in recent 1 month,Not use in recent 1 month,Not use in recent 1 month,3,3.0,ATM,Thích máy của MB hơn,7.0,5.0,7.0,7.0,9.0,10.0,,,,,Missing lable,MBBank,Missing lable,Vietcombank,Vietcombank,Vietcombank,Vietcombank,Vietcombank,,,0.0,,,,,,0.0,,,,,,0.0,,,,,,0.0,,,,,,0.0,,,,,,0.0,,,,,,0.0,,,,,,1.0,,,,,,1.0,,,,,,1.0,,,,,,1.0,,,,,,1.0,,,,Q3'25,0.0,0.9090625,0.0,0.0,0.0,0.0,0.0,0.7784998276654411,0.0,0.0,0.0,0.0,0.0,0.0,0.0,0.0,,,,0.0,0.0,,0.0,0.0,,,0.0,0.0,0.0,0.0,0.0,0.0,0.0,0.0,0.0,0.0,0.0,0.7785610064338234,0.0,0.0,,0.0,,0.0,,0.0,0.0,0.0,0.0,0.0,0.0,0.0,,0.0,,0.0,0.0,0.0,0.0,0.0,0.0,0.0,0.0,0.0,0.0,0.0,,0.0,0.0,,
2171,Q10_Aug'25###407353sNeb5p5BslRbvsL8upUUiaWFQISvGhKS0zA7VBApp4=,407353sNeb5p5BslRbvsL8upUUiaWFQISvGhKS0zA7VBApp4=,Q10,Techcombank,25-35,Aug'25,Q3'25,Online,Female,Ha Noi,MAFF,MBBank,Techcombank,Vietcombank,,,,Techcombank,Vietcombank,Vietinbank,,,,,,,,5.0,Không có gì đặc biệt hơn các ngân hàng khác,,6,Ứng dụng cũng bình thường,3,3,3,3,3,3,3,I do not use this bank product,3,I do not use this bank product,I do not use this bank product,I do not use this bank product,3.0,Credit card,Không có gì đặc sắc hơn các ngân hàng khác,Not use in recent 1 month,Not use in recent 1 month,3,3,Not use in recent 1 month,3.0,Call Center,Không có gì đặc sắc hơn các ngân hàng khác,5.0,5.0,5.0,7.0,7.0,6.0,,,,,Missing lable,MBBank,Missing lable,Vietcombank,Vietcombank,Vietcombank,Vietcombank,Vietcombank,0.0,,,,,,0.0,,,,,,0.0,,,,,,0.0,,,,,,0.0,,,,,,0.0,,,,,,0.0,,,,,,0.0,,,,,,0.0,,,,,,0.0,,,,,,0.0,,,,,,0.0,,,,,,Q3'25,0.0,0.0,0.0,0.0,0.0,0.0,0.0,0.0,0.0,0.0,,0.0,,0.0,0.0,0.0,,,,0.0,,0.0,,0.0,,0.0,,0.0,,0.0,,0.0,,0.0,,0.0,,0.0,0.0,0.0,,,,0.0,,0.0,,0.0,,0.0,,0.0,,0.0,,0.0,,0.0,,0.0,,0.0,0.0,0.0,,,,0.0,0.0,,
2172,Q1_Aug'25###40736buK91MVe+nhBIozPbIJvssXfRR2zIDcpkTYvVdYTP9M=,40736buK91MVe+nhBIozPbIJvssXfRR2zIDcpkTYvVdYTP9M=,Q1,VPBank,36-45,Aug'25,Q3'25,Online,Female,Ho Chi Minh,MAFF,Vietcombank,MBBank,VPBank,,,,VPBank,,BIDV,Vietinbank,Techcombank,ACB,,,,,9.0,Ngân hàng trẻ trung hiện đại. Dịch vụ nhanh gọn,có thêm nhiều ưu đãi khuyến mại,9,các sản phẩm trên ứng dụng di động tiện dụng,4,5,5,4,5,4,5,4,5,4,4,5,4.0,Banca,bảo hiểm khó sử dụng,4,5,5,5,4,4.0,Branch,số lượng chi nhánh phòng giao dịch ít,9.0,9.0,8.0,9.0,9.0,8.0,,,,,VPBank,MBBank,VPBank,VPBank,VPBank,VPBank,VPBank,VPBank,,,,,,0.0,,,,,,0.0,,,,,,0.0,,,,,,0.0,,,,,,1.0,,,,,,0.0,,,,,,1.0,,,,,,1.0,,,,,,1.0,,,,,,1.0,,,,,,1.0,,,,,,1.0,Q3'25,0.0,0.0,1.0203448275862068,1.0203636363636364,0.0,0.0,0.0,0.0,,1.0885710097616632,,1.088605715871254,0.0,0.0,0.0,0.0,,,,,,0.0,,0.0,0.0,0.0,,0.0,0.0,0.0,,0.0,,0.0,,0.0,,0.0,,0.0,,0.0,,0.0,,1.0889143688725489,,0.0,,0.0,,0.0,0.0,0.0,,0.0,0.0,1.0887798092209855,,0.0,,0.0,0.0,0.0,0.0,,0.0,0.0,0.0,,
2173,Q1_Aug'25###40737Ml6EEkUBoIpKxVgL/umwFcKt2vGW41HKpV10TJg0daE=,40737Ml6EEkUBoIpKxVgL/umwFcKt2vGW41HKpV10TJg0daE=,Q1,VPBank,25-35,Aug'25,Q3'25,Online,Female,Ho Chi Minh,MAFF,MBBank,VPBank,,,,,VPBank,,MSB,Vietinbank,Techcombank,ACB,Vietcombank,BIDV,,,9.0,"Ngân hàng uy tín, lãi suất gửi tiết kiệm tốt",cần thêm nhiều chi nhánh và atm tiện giao dịch hơn,10,ứng dụng mượt mà và an toàn bảo mật,4,4,5,5,4,5,4,5,5,5,5,5,4.0,Credit card,thẻ tín dụng lãi cao,5,5,5,5,4,4.0,ATM,số lượng atm ít khó rút tiền,8.0,9.0,9.0,9.0,8.0,9.0,,,,,VPBank,VPBank,VPBank,VPBank,VPBank,VPBank,VPBank,VPBank,,,,,,0.0,,,,,,0.0,,,,,,0.0,,,,,,0.0,,,,,,1.0,,,,,,1.0,,,,,,1.0,,,,,,1.0,,,,,,1.0,,,,,,1.0,,,,,,1.0,,,,,,1.0,Q3'25,0.0,0.0,0.0,1.0203636363636364,1.0202857142857142,0.0,0.0,0.0,,0.0,,1.088605715871254,0.0,1.0885472752609109,0.0,0.0,,,,,,0.0,,0.0,0.0,0.0,,0.0,0.0,0.0,,0.0,,0.0,,0.0,,0.0,,0.0,,0.0,,0.0,,0.0,,0.0,,0.0,,0.0,0.0,0.0,,0.0,0.0,1.0887798092209855,,0.0,,0.0,0.0,1.0889143688725489,0.0,,0.0,0.0,0.0,,
2174,Q1_Aug'25###407388HkcbbRpMfGbox3swZuibpZ26Qdd63Olcx7sSGTTQzQ=,407388HkcbbRpMfGbox3swZuibpZ26Qdd63Olcx7sSGTTQzQ=,Q1,MBBank,36-45,Aug'25,Q3'25,Online,Male,Ha Noi,MAFF,BIDV,MBBank,ACB,Vietcombank,,,MBBank,,VPBank,MSB,Vietinbank,Techcombank,,,,,9.0,Ngân hàng được nhiều người tin dùng,có thể thực hiện mọi giao dịch online trên ứng dụng,9,ứng dụng ngân hàng di động dễ thao tác sử dụng,5,4,5,5,5,4,4,4,3,4,4,5,3.0,Terms deposit,lãi suất tiết kiệm thấp hơn nhiều ngân hàng khác,5,4,5,5,5,4.0,Telesales,đôi khi kênh điện thoại làm phiền khách hàng,8.0,9.0,9.0,9.0,9.0,8.0,,,,,MBBank,MBBank,MBBank,Vietcombank,MBBank,MBBank,MBBank,MBBank,,,,,0.0,,,,,,0.0,,,,,,0.0,,,,,,0.0,,,,,,1.0,,,,,,1.0,,,,,,1.0,,,,,,0.0,,,,,,1.0,,,,,,1.0,,,,,,1.0,,,,,,1.0,,Q3'25,0.0,0.0,0.0,1.0416363636363637,0.0,0.0,0.0,0.0,0.0,0.0,0.0,1.0595873579545456,,0.0,0.0,0.0,,,,0.0,,0.0,,0.0,,0.0,0.0,0.0,,0.0,0.0,0.0,,0.0,,0.0,0.0,0.0,,,0.0,0.0,,0.0,,0.0,,0.0,,0.0,0.0,0.0,,0.0,,0.0,,1.0596595341642756,,0.0,,0.0,,0.0,0.0,0.0,0.0,0.0,,,
2175,Q1_Aug'25###40739E7nswuvhircLjP9RL+cZnGE9nqy88sG3NGXuJx5lXkI=,40739E7nswuvhircLjP9RL+cZnGE9nqy88sG3NGXuJx5lXkI=,Q1,MBBank,36-45,Aug'25,Q3'25,Online,Female,Ha Noi,MAFF,MBBank,,,,,,MBBank,,Vietcombank,,,,,,,,10.0,"ứng dụng dễ sử dụng, thân thiện, tiện lợi",không có,10,"dễ sử dụng, khong bi loi",5,5,5,5,5, I do not use this bank product, I do not use this bank product,5,5, I do not use this bank product, I do not use this bank product, I do not use this bank product,,,,5,Not use in recent 1 month,5,Not use in recent 1 month,5,,,,10.0,9.0,10.0,10.0,10.0,10.0,,,,,Vietcombank,MBBank,MBBank,MBBank,MBBank,MBBank,Vietcombank,MBBank,,,,,0.0,,,,,,0.0,,,,,,0.0,,,,,,0.0,,,,,,0.0,,,,,,1.0,,,,,,1.0,,,,,,1.0,,,,,,1.0,,,,,,1.0,,,,,,0.0,,,,,,1.0,,Q3'25,1.041777777777778,0.0,0.0,0.0,0.0,1.0596181832107845,0.0,0.0,0.0,0.0,0.0,0.0,,0.0,0.0,0.0,,,,0.0,,0.0,,1.0597723094919789,,1.0599572610294117,0.0,0.0,,0.0,0.0,0.0,,0.0,,0.0,0.0,0.0,,,0.0,0.0,,0.0,,0.0,,0.0,,0.0,0.0,0.0,,0.0,,0.0,,0.0,,0.0,,0.0,,0.0,0.0,0.0,0.0,0.0,,,
2176,Q1_Aug'25###40740zuO+EzTcNvWDEePWVlQtHYioyBCVkt32BNP8ddviG6M=,40740zuO+EzTcNvWDEePWVlQtHYioyBCVkt32BNP8ddviG6M=,Q1,MBBank,25-35,Aug'25,Q3'25,Online,Male,Ho Chi Minh,MAFF,MBBank,BIDV,,,,,MBBank,,VPBank,Vietinbank,Techcombank,ACB,Vietcombank,,,,9.0,Ngân hàng có nhiều atm và chi nhánh,thêm các dịch vụ tiện lợi hơn khi mua sắm,9,"ngân hàng di động chất lượng tốt, thao tác đơn giản dễ sử dụng",5,4,5,5,5,5,4,5,4,5,5,5,4.0,Terms deposit,lãi khi gửi tiền khá thấp,5,4,5,5,4,4.0,Telesales,thông tin chưa rõ ràng minh bạch,9.0,9.0,9.0,9.0,9.0,10.0,,,,,MBBank,MBBank,MBBank,MBBank,MBBank,MBBank,MBBank,MBBank,,,,,0.0,,,,,,0.0,,,,,,0.0,,,,,,0.0,,,,,,1.0,,,,,,1.0,,,,,,1.0,,,,,,1.0,,,,,,1.0,,,,,,1.0,,,,,,1.0,,,,,,1.0,,Q3'25,1.041777777777778,0.0,0.0,0.0,0.0,1.0596181832107845,0.0,0.0,0.0,0.0,0.0,0.0,,0.0,0.0,0.0,,,,0.0,,0.0,,0.0,,0.0,0.0,1.0596181832107845,,1.059860381652661,0.0,0.0,,0.0,,0.0,0.0,0.0,,,0.0,0.0,,0.0,,0.0,,0.0,,0.0,0.0,0.0,,0.0,,0.0,,0.0,,0.0,,0.0,,0.0,0.0,0.0,0.0,0.0,,,
2177,Q1_Aug'25###40741CSB80s7M/DtNR9w2EC+eNdOqJEt8HXW9KWh7DuBT5ik=,40741CSB80s7M/DtNR9w2EC+eNdOqJEt8HXW9KWh7DuBT5ik=,Q1,Vietcombank,25-35,Aug'25,Q3'25,Online,Female,Ha Noi,MAFF,Vietcombank,MBBank,ACB,,,,Vietcombank,ACB,VPBank,,,,,,,,10.0,dịch vụ tốt,đã đầy đủ,10,dễ sử dụng,5,5,5,5,5,5,5,5,5,5,5,5,,,,5,5,5,5,5,,,,10.0,10.0,10.0,10.0,10.0,10.0,,,,,Vietcombank,Vietcombank,Vietcombank,Vietcombank,Vietcombank,Vietcombank,Vietcombank,Vietcombank,,,0.0,,,,,,0.0,,,,,,0.0,,,,,,0.0,,,,,,1.0,,,,,,1.0,,,,,,1.0,,,,,,1.0,,,,,,1.0,,,,,,1.0,,,,,,1.0,,,,,,1.0,,,,Q3'25,0.0,0.0,0.9089655172413792,0.0,0.0,0.0,0.0,0.0,0.0,0.7786017922794117,0.0,0.0,0.0,0.0,0.0,0.0,,,,0.0,0.0,,0.0,0.0,,,0.0,0.0,0.0,0.0,0.0,0.0,0.0,0.0,0.0,0.0,0.0,0.0,0.0,0.0,,0.0,,0.0,,0.0,0.0,0.0,0.0,0.7788057215073529,0.0,0.0,,0.0,,0.0,0.0,0.0,0.0,0.0,0.0,0.0,0.0,0.0,0.0,0.0,,0.0,0.0,,
2178,Q10_Aug'25###40741CSB80s7M/DtNR9w2EC+eNdOqJEt8HXW9KWh7DuBT5ik=,40741CSB80s7M/DtNR9w2EC+eNdOqJEt8HXW9KWh7DuBT5ik=,Q10,ACB,25-35,Aug'25,Q3'25,Online,Female,Ha Noi,MAFF,Vietcombank,MBBank,ACB,,,,Vietcombank,ACB,VPBank,,,,,,,,10.0,rất uy tín,không,10,"giao diện đẹp, dễ dùng",5,5,5,5,5,5,5,5,5,5,5,5,,,,5,5,5,5,5,,,,10.0,10.0,10.0,10.0,10.0,10.0,,,,,Vietcombank,Vietcombank,Vietcombank,Vietcombank,Vietcombank,Vietcombank,Vietcombank,Vietcombank,,0.0,,,,,,0.0,,,,,,0.0,,,,,,0.0,,,,,,0.0,,,,,,0.0,,,,,,0.0,,,,,,0.0,,,,,,0.0,,,,,,0.0,,,,,,0.0,,,,,,0.0,,,,,Q3'25,0.0,0.0,0.0,1.087,0.0,0.0,0.0,0.0,0.0,0.0,0.0,1.140092545638945,0.0,0.0,0.0,0.0,,,,0.0,,0.0,,0.0,0.0,0.0,,0.0,0.0,0.0,0.0,0.0,,0.0,0.0,0.0,,0.0,,0.0,,0.0,,0.0,,0.0,0.0,0.0,,0.0,0.0,0.0,0.0,0.0,,0.0,,1.140069939108456,0.0,0.0,,0.0,0.0,0.0,0.0,,,0.0,0.0,,
2179,Q1_Aug'25###40742uqyGAmg07AXnJ0FNDxuEx+N9KP/EzTIZK/5nGTywT9k=,40742uqyGAmg07AXnJ0FNDxuEx+N9KP/EzTIZK/5nGTywT9k=,Q1,VPBank,36-45,Aug'25,Q3'25,Online,Female,Ha Noi,MAFF,VPBank,ACB,,,,,VPBank,,Vietcombank,,,,,,,,10.0,"uy tín, an toàn, giao dịch nhanh chóng",không cần cải thiện gì cả,10,"ứng dụng mượt, tiện lợi, không hay bị lỗi",5,5,5,5,5, I do not use this bank product, I do not use this bank product,5,5, I do not use this bank product, I do not use this bank product, I do not use this bank product,,,,5,Not use in recent 1 month,5,Not use in recent 1 month,5,,,,10.0,10.0,10.0,10.0,10.0,10.0,,,,,ACB,VPBank,VPBank,VPBank,VPBank,VPBank,Vietcombank,VPBank,,,,,,0.0,,,,,,0.0,,,,,,0.0,,,,,,0.0,,,,,,0.0,,,,,,1.0,,,,,,1.0,,,,,,1.0,,,,,,1.0,,,,,,1.0,,,,,,0.0,,,,,,1.0,Q3'25,0.0,1.0202777777777776,1.0203448275862068,1.0203636363636364,0.0,0.0,0.0,1.088499476613562,,1.0885710097616632,,1.088605715871254,0.0,0.0,0.0,0.0,,,,,,0.0,,0.0,0.0,0.0,,0.0,0.0,0.0,,0.0,,0.0,,0.0,,1.088203125,,0.0,,0.0,,0.0,,1.0889143688725489,,0.0,,0.0,,0.0,0.0,0.0,,0.0,0.0,1.0887798092209855,,0.0,,0.0,0.0,0.0,0.0,,0.0,0.0,0.0,,
2180,Q1_Aug'25###40743PHXyv9Ar7MgJOyfVoQn0Os4c9dubsJiBbaD8RXXm2Ok=,40743PHXyv9Ar7MgJOyfVoQn0Os4c9dubsJiBbaD8RXXm2Ok=,Q1,ACB,25-35,Aug'25,Q3'25,Online,Female,Ho Chi Minh,MAFF,ACB,,,,,,ACB,,Vietcombank,BIDV,MBBank,VPBank,Vietinbank,Techcombank,,,10.0,Rất uy tín,Tôi thấy thế là tốt lắm rồi,10,Đa dạng tiện ích,5,5,5,5,5,5, I do not use this bank product, I do not use this bank product,5, I do not use this bank product, I do not use this bank product, I do not use this bank product,,,,5,5,5,5,5,,,,10.0,10.0,10.0,9.0,10.0,10.0,,,,,ACB,ACB,ACB,ACB,ACB,ACB,ACB,ACB,,0.0,,,,,,0.0,,,,,,0.0,,,,,,0.0,,,,,,1.0,,,,,,1.0,,,,,,1.0,,,,,,1.0,,,,,,1.0,,,,,,1.0,,,,,,1.0,,,,,,1.0,,,,,Q3'25,0.0,0.0,0.0,1.087,0.0,0.0,0.0,0.0,0.0,0.0,0.0,1.140092545638945,0.0,0.0,0.0,0.0,,,,0.0,,0.0,,0.0,0.0,0.0,,0.0,0.0,0.0,0.0,0.0,,0.0,0.0,0.0,,0.0,,0.0,,0.0,,0.0,,0.0,0.0,0.0,,0.0,0.0,0.0,0.0,0.0,,0.0,,1.140069939108456,0.0,0.0,,0.0,0.0,0.0,0.0,,,0.0,0.0,,
2181,Q1_Aug'25###40744pSMBvIFuHfNplQW/9FhG43GaBcwCzq6zXICu4Fkvahk=,40744pSMBvIFuHfNplQW/9FhG43GaBcwCzq6zXICu4Fkvahk=,Q1,Techcombank,36-45,Aug'25,Q3'25,Online,Female,Ha Noi,MAFF,Techcombank,ACB,Vietcombank,,,,Techcombank,ACB,BIDV,,,,,,,,10.0,ngân hàng vững mạnh,đã ổn định,10,dễ sử dụng,5,5,5,5,5,5,5,5,5,5,5,5,,,,5,5,5,5,5,,,,10.0,10.0,10.0,10.0,10.0,10.0,,,,,Techcombank,Techcombank,Techcombank,Techcombank,Techcombank,Techcombank,Techcombank,Techcombank,0.0,,,,,,0.0,,,,,,0.0,,,,,,0.0,,,,,,1.0,,,,,,1.0,,,,,,1.0,,,,,,1.0,,,,,,1.0,,,,,,1.0,,,,,,1.0,,,,,,1.0,,,,,,Q3'25,0.0,0.0,0.0,0.8403076923076923,0.0,0.0,0.0,0.0,0.0,0.0,,0.9005503393665156,,0.0,0.0,0.0,,,,0.0,,0.0,,0.0,,0.0,,0.0,,0.0,,0.0,,0.0,,0.0,,0.0,0.0,0.0,,,,0.0,,0.0,,0.0,,0.0,,0.0,,0.0,,0.0,,0.9006766270337921,,0.0,,0.0,0.0,0.0,,,,0.0,0.0,,
2182,Q10_Aug'25###40744pSMBvIFuHfNplQW/9FhG43GaBcwCzq6zXICu4Fkvahk=,40744pSMBvIFuHfNplQW/9FhG43GaBcwCzq6zXICu4Fkvahk=,Q10,ACB,36-45,Aug'25,Q3'25,Online,Female,Ha Noi,MAFF,Techcombank,ACB,Vietcombank,,,,Techcombank,ACB,BIDV,,,,,,,,10.0,an toàn,không,10,dễ sử dụng,5,5,5,5,5,5,5,5,5,5,5,5,,,,5,5,5,5,5,,,,10.0,10.0,10.0,10.0,10.0,10.0,,,,,Techcombank,Techcombank,Techcombank,Techcombank,Techcombank,Techcombank,Techcombank,Techcombank,,0.0,,,,,,0.0,,,,,,0.0,,,,,,0.0,,,,,,0.0,,,,,,0.0,,,,,,0.0,,,,,,0.0,,,,,,0.0,,,,,,0.0,,,,,,0.0,,,,,,0.0,,,,,Q3'25,0.0,1.0867857142857142,0.0,0.0,0.0,0.0,0.0,1.1402399067265794,0.0,0.0,0.0,0.0,0.0,0.0,0.0,0.0,,,,0.0,,0.0,,0.0,0.0,0.0,,0.0,0.0,0.0,0.0,0.0,,0.0,0.0,0.0,,1.140487132352941,,0.0,,0.0,,0.0,,0.0,0.0,0.0,,0.0,0.0,0.0,0.0,0.0,,0.0,,0.0,0.0,0.0,,0.0,0.0,0.0,0.0,,,0.0,0.0,,
2183,Q1_Aug'25###40745i31EPVXSF/M54/hCrNkmGmdoG9KOaWCRNkN3QjLDyZ8=,40745i31EPVXSF/M54/hCrNkmGmdoG9KOaWCRNkN3QjLDyZ8=,Q1,VPBank,36-45,Aug'25,Q3'25,Online,Female,Ha Noi,MAFF,ACB,BIDV,VPBank,,,,VPBank,,_99,,,,,,,,10.0,"nhân viên tư vấn nhiệt tình, an toàn, uy tín",không cần cải thiện gì cả,10,"ứng dụng thân thiện gần gũi, dễ sử dụng",5,5,5,5,5, I do not use this bank product, I do not use this bank product,5,5, I do not use this bank product, I do not use this bank product, I do not use this bank product,,,,5,Not use in recent 1 month,5,Not use in recent 1 month,5,,,,10.0,10.0,10.0,10.0,10.0,10.0,,,,,VPBank,VPBank,ACB,BIDV,VPBank,VPBank,ACB,VPBank,,,,,,0.0,,,,,,0.0,,,,,,0.0,,,,,,0.0,,,,,,1.0,,,,,,1.0,,,,,,0.0,,,,,,0.0,,,,,,1.0,,,,,,1.0,,,,,,0.0,,,,,,1.0,Q3'25,0.0,1.0202777777777776,0.0,1.0203636363636364,0.0,0.0,0.0,1.088499476613562,,0.0,,1.088605715871254,0.0,0.0,0.0,0.0,,,,,,0.0,,0.0,0.0,0.0,,0.0,0.0,0.0,,0.0,,0.0,,0.0,,1.088203125,,0.0,,0.0,,0.0,,0.0,,0.0,,0.0,,1.0889143688725489,0.0,0.0,,0.0,0.0,1.0887798092209855,,0.0,,0.0,0.0,0.0,0.0,,0.0,0.0,0.0,,
2184,Q1_Aug'25###40746qjEYJyOH9AlTVRRhLALWq5J/uy7+8PtoZ4W1L9VnAjM=,40746qjEYJyOH9AlTVRRhLALWq5J/uy7+8PtoZ4W1L9VnAjM=,Q1,MBBank,25-35,Aug'25,Q3'25,Online,Female,Ho Chi Minh,MAFF,MBBank,,,,,,MBBank,,Vietinbank,Techcombank,ACB,Vietcombank,BIDV,VPBank,MSB,,10.0,NGÂN HÀNG UY TÍN CAO,ĐÃ RẤT TỐT RỒI,10,RẤT DỄ SỬ DỤNG,5,5,5,5,5,5, I do not use this bank product, I do not use this bank product,5, I do not use this bank product, I do not use this bank product, I do not use this bank product,,,,5,5,5,5,5,,,,10.0,10.0,10.0,10.0,10.0,10.0,,,,,MBBank,MBBank,MBBank,MBBank,MBBank,MBBank,MBBank,MBBank,,,,,0.0,,,,,,0.0,,,,,,0.0,,,,,,0.0,,,,,,1.0,,,,,,1.0,,,,,,1.0,,,,,,1.0,,,,,,1.0,,,,,,1.0,,,,,,1.0,,,,,,1.0,,Q3'25,0.0,0.0,0.0,1.0416363636363637,0.0,0.0,0.0,0.0,0.0,0.0,0.0,1.0595873579545456,,0.0,0.0,0.0,,,,0.0,,0.0,,0.0,,0.0,0.0,0.0,,0.0,0.0,0.0,,0.0,,0.0,0.0,0.0,,,0.0,0.0,,0.0,,0.0,,0.0,,0.0,0.0,0.0,,0.0,,0.0,,1.0596595341642756,,0.0,,0.0,,0.0,0.0,0.0,0.0,0.0,,,
2185,Q1_Aug'25###40747+QnIKA+RMCXFQYnHEf+5Z4wHNkpd0omDGbr3JU3CDHo=,40747+QnIKA+RMCXFQYnHEf+5Z4wHNkpd0omDGbr3JU3CDHo=,Q1,ACB,36-45,Aug'25,Q3'25,Online,Male,Ha Noi,MAFF,ACB,Vietcombank,,,,,ACB,,BIDV,MBBank,Vietinbank,Techcombank,,,,,9.0,Dịch vụ tốt và có nhiều ưu đãi khi sử dụng,miễn các loại phí khi sử dụng thẻ,9,"ứng dụng thân thiện, không gặp lỗi vặt",4,5,5,4,5,4,5,5,4,5,4,5,4.0,Secured Loan,hạn mức vay còn thấp,4,4,5,4,5,4.0,Branch,"địa điểm các phòng giao dịch còn thưa, di chuyển khó khăn",8.0,9.0,8.0,9.0,8.0,9.0,,,,,Vietcombank,ACB,Vietcombank,ACB,Vietcombank,ACB,Vietcombank,ACB,,0.0,,,,,,0.0,,,,,,0.0,,,,,,0.0,,,,,,0.0,,,,,,1.0,,,,,,0.0,,,,,,1.0,,,,,,0.0,,,,,,1.0,,,,,,0.0,,,,,,1.0,,,,,Q3'25,0.0,0.0,1.0870967741935484,0.0,1.0868421052631578,0.0,0.0,0.0,0.0,1.140092545638945,0.0,0.0,0.0,1.1402627595155708,0.0,0.0,,,,0.0,,0.0,,0.0,0.0,0.0,,0.0,0.0,0.0,0.0,0.0,,0.0,0.0,0.0,,0.0,,0.0,,0.0,,0.0,,0.0,0.0,0.0,,1.140120369061086,0.0,0.0,0.0,0.0,,0.0,,0.0,0.0,0.0,,0.0,0.0,0.0,0.0,,,1.139152113970588,0.0,,
2186,Q1_Aug'25###40748aVP+qWViU7K5dHLfnSGHc200C1afDTWB6m1bDrUlu4k=,40748aVP+qWViU7K5dHLfnSGHc200C1afDTWB6m1bDrUlu4k=,Q1,VPBank,36-45,Aug'25,Q3'25,Online,Female,Ha Noi,MAFF,BIDV,MBBank,VPBank,,,,VPBank,,_99,,,,,,,,10.0,"giao dich nhanh, uy tin, an toan, tien loi",khong can cai thien gi ca,10,"ung dung de su dung, uy tin, tien loi",5,5,5,5,5, I do not use this bank product, I do not use this bank product,5,5, I do not use this bank product,5, I do not use this bank product,,,,5,Not use in recent 1 month,5,5,5,,,,10.0,10.0,10.0,10.0,10.0,10.0,,,,,BIDV,VPBank,MBBank,VPBank,VPBank,VPBank,VPBank,VPBank,,,,,,0.0,,,,,,0.0,,,,,,0.0,,,,,,0.0,,,,,,0.0,,,,,,1.0,,,,,,0.0,,,,,,1.0,,,,,,1.0,,,,,,1.0,,,,,,1.0,,,,,,1.0,Q3'25,1.0202941176470588,1.0202777777777776,1.0203448275862068,1.0203636363636364,0.0,1.0885365205652573,0.0,1.088499476613562,,1.0885710097616632,,1.088605715871254,0.0,0.0,0.0,0.0,,,,,,0.0,,0.0,0.0,0.0,,0.0,0.0,0.0,,1.088203125,,0.0,,0.0,,1.088203125,,0.0,,0.0,,0.0,,1.0889143688725489,,0.0,,0.0,,0.0,0.0,0.0,,0.0,0.0,1.0887798092209855,,0.0,,0.0,0.0,0.0,0.0,,0.0,0.0,0.0,,
2187,Q1_Aug'25###40749cvqgQc4p4JuGeS4uRunRRxiWUWlN2q9Fv6QVXPmc1bU=,40749cvqgQc4p4JuGeS4uRunRRxiWUWlN2q9Fv6QVXPmc1bU=,Q1,BIDV,25-35,Aug'25,Q3'25,Online,Female,Ho Chi Minh,MAFF,BIDV,,,,,,BIDV,,Vietinbank,Techcombank,ACB,Vietcombank,MBBank,VPBank,MSB,,10.0,NGÂN HÀNG UY TÍN CAO,MỞ THÊM CHI N NHÁNH,10,ĐA DẠNG TIỆN ÍCH,5,5,5,5,5,5, I do not use this bank product, I do not use this bank product,5, I do not use this bank product, I do not use this bank product, I do not use this bank product,,,,5,5,5,5,5,,,,10.0,10.0,10.0,10.0,10.0,10.0,,,,,BIDV,BIDV,BIDV,BIDV,BIDV,BIDV,BIDV,BIDV,,,,0.0,,,,,,0.0,,,,,,0.0,,,,,,0.0,,,,,,1.0,,,,,,1.0,,,,,,1.0,,,,,,1.0,,,,,,1.0,,,,,,1.0,,,,,,1.0,,,,,,1.0,,,Q3'25,0.0,0.0,0.0,1.0751923076923076,0.0,0.0,0.0,0.0,0.0,0.0,0.0,1.0095707179930795,0.0,0.0,0.0,0.0,,,,,0.0,0.0,,0.0,0.0,0.0,0.0,0.0,,0.0,0.0,0.0,,0.0,,0.0,0.0,0.0,,,,,,,,0.0,0.0,0.0,0.0,0.0,0.0,0.0,,0.0,0.0,0.0,,1.0095416505417958,,0.0,,0.0,0.0,0.0,0.0,0.0,0.0,0.0,0.0,,
2188,Q1_Aug'25###40750W1EfkY4W05Ua5jJ+sQ0s8ECzgWyE9z6Aslsz+5wKNV8=,40750W1EfkY4W05Ua5jJ+sQ0s8ECzgWyE9z6Aslsz+5wKNV8=,Q1,Vietcombank,25-35,Aug'25,Q3'25,Online,Female,Ho Chi Minh,MAFF,Vietcombank,BIDV,MBBank,VPBank,Techcombank,ACB,Vietcombank,ACB,Vietinbank,,,,,,,,9.0,"là ngân hàng có sự quản lý của nhà nước uy tín, nhiều dịch vụ cho khách hàng lựa chọn, nhân viên chuyên nghiệp",đưa ra thê các dịch vụ hấp dẫn hơn nữa,9,"Đây là ứng dụng dễ sử dụng, giao diện đẹp mắt",4,4,4,4,5,5,4,4,4,4,4,4,4.0,Credit card,Thẻ tín dụng không được miễn phí thường niên,5,4,5,5,5,4.0,Telesales,tôi ít liên lạc qua kênh này,10.0,10.0,10.0,10.0,10.0,10.0,,,,,Vietcombank,ACB,Vietcombank,ACB,Vietcombank,Vietcombank,Vietcombank,ACB,,,0.0,,,,,,0.0,,,,,,0.0,,,,,,0.0,,,,,,1.0,,,,,,0.0,,,,,,1.0,,,,,,0.0,,,,,,1.0,,,,,,1.0,,,,,,1.0,,,,,,0.0,,,,Q3'25,0.0,0.9090625,0.0,0.9090322580645162,0.0,0.0,0.0,0.7784998276654411,0.0,0.0,0.0,0.7786916593968096,0.0,0.0,0.0,0.0,,,,0.0,0.0,,0.0,0.0,,,0.0,0.0,0.0,0.0,0.0,0.0,0.0,0.0,0.0,0.7787586609162896,0.0,0.0,0.0,0.0,,0.0,,0.0,,0.0,0.0,0.0,0.0,0.0,0.0,0.0,,0.0,,0.0,0.0,0.7786094877219756,0.0,0.7794175091911764,0.0,0.0,0.0,0.0,0.0,0.0,,0.0,0.0,,
2189,Q10_Aug'25###40750W1EfkY4W05Ua5jJ+sQ0s8ECzgWyE9z6Aslsz+5wKNV8=,40750W1EfkY4W05Ua5jJ+sQ0s8ECzgWyE9z6Aslsz+5wKNV8=,Q10,ACB,25-35,Aug'25,Q3'25,Online,Female,Ho Chi Minh,MAFF,Vietcombank,BIDV,MBBank,VPBank,Techcombank,ACB,Vietcombank,ACB,Vietinbank,,,,,,,,9.0,"là ngân hàng uy tín, nhiều dịch vụ, được bạn bè tôi tin dùng",phát triển thêm nhiều dịch vụ,9,"ứng dụng giao diện dễ nhìn, dễ sử dụng",5,4,5,5,5,5,5,5,5,5,5,5,,,,5,5,5,5,5,,,,10.0,10.0,10.0,10.0,10.0,10.0,,,,,Vietcombank,ACB,Vietcombank,ACB,Vietcombank,Vietcombank,Vietcombank,ACB,,0.0,,,,,,0.0,,,,,,0.0,,,,,,0.0,,,,,,0.0,,,,,,1.0,,,,,,0.0,,,,,,1.0,,,,,,0.0,,,,,,0.0,,,,,,0.0,,,,,,1.0,,,,,Q3'25,0.0,1.0867857142857142,0.0,1.087,0.0,0.0,0.0,1.1402399067265794,0.0,0.0,0.0,1.140092545638945,0.0,0.0,0.0,0.0,,,,0.0,,0.0,,0.0,0.0,0.0,,0.0,0.0,0.0,0.0,0.0,,0.0,0.0,1.140487132352941,,0.0,,0.0,,0.0,,0.0,,0.0,0.0,0.0,,0.0,0.0,0.0,0.0,0.0,,0.0,,1.140069939108456,0.0,0.0,,0.0,0.0,0.0,0.0,,,0.0,0.0,,
2190,Q1_Aug'25###40751eYWFl8cL8ukt49rBTP+dAg==,40751eYWFl8cL8ukt49rBTP+dAg==,Q1,Techcombank,36-45,Aug'25,Q3'25,Offline,Female,Ha Noi,AFF,Techcombank,,,,,,Techcombank,,BIDV,,,,,,,,10.0,"giao diện thông minh
tổng đài giải đáp kịp thời
tốc độ xử lý nhanh",techcombank arwards nên mở rộng đối tượng,10,"tốc độ nhanh, giao diện dễ xem, thông minh",4,4,4,5,5,4, I do not use this bank product, I do not use this bank product,4,4, I do not use this bank product,3,3.0,Unsecured Loan/ Overdraft without Collateral,lãi suất cao hơn ngân hàng khối nhà nước,5,4,4,5,4,4.0,Call Center,về cơ bản là hài lòng nhưng có 1-2 lần chưa giải quyết hết về vấn đề nộp thuế của cá nhân,9.0,9.0,10.0,9.0,10.0,10.0,BIDV,BIDV,Techcombank,Missing lable,,,,,Techcombank,Techcombank,BIDV,Techcombank,0.0,,,,,,0.0,,,,,,1.0,,,,,,0.0,,,,,,0.0,,,,,,0.0,,,,,,0.0,,,,,,0.0,,,,,,1.0,,,,,,1.0,,,,,,0.0,,,,,,1.0,,,,,,Q3'25,0.8404,0.0,0.8402499999999999,0.8403076923076923,0.0,0.9006671262254901,0.0,0.0,0.0,0.9004885110294116,,0.9005503393665156,,0.0,0.0,0.0,,,,0.0,,0.0,,0.900220588235294,,0.0,,0.0,,0.0,,0.0,,0.0,,0.0,,0.0,0.0,0.0,,,,0.0,,0.9007846362229102,,0.0,,0.0,,0.0,,0.900220588235294,,0.0,,0.0,,0.0,,0.0,0.0,0.0,,,,0.0,0.0,,
2191,Q1_Aug'25###40752eB+Vf95aIMj3ufJWpEoEhsD76Qm1ESYLgPImQ1+2XBU=,40752eB+Vf95aIMj3ufJWpEoEhsD76Qm1ESYLgPImQ1+2XBU=,Q1,BIDV,36-45,Aug'25,Q3'25,Online,Female,Ho Chi Minh,MAFF,ACB,Vietcombank,BIDV,,,,BIDV,,_99,,,,,,,,10.0,"dịch vụ tốt, an toàn, uy tín",không cần cải thiện gì,10,"giao diện thân thiện, dễ sử dụng",5,5,5,5,5, I do not use this bank product, I do not use this bank product,5,5, I do not use this bank product,5, I do not use this bank product,,,,5,Not use in recent 1 month,5,Not use in recent 1 month,5,,,,10.0,10.0,10.0,10.0,10.0,10.0,,,,,BIDV,Vietcombank,ACB,BIDV,Vietcombank,BIDV,BIDV,BIDV,,,,0.0,,,,,,0.0,,,,,,0.0,,,,,,0.0,,,,,,1.0,,,,,,0.0,,,,,,0.0,,,,,,1.0,,,,,,0.0,,,,,,1.0,,,,,,1.0,,,,,,1.0,,,Q3'25,0.0,1.075357142857143,1.0752,1.0751923076923076,0.0,0.0,0.0,1.009468443627451,0.0,1.009518119747899,0.0,1.0095707179930795,0.0,0.0,0.0,0.0,,,,,0.0,0.0,,0.0,0.0,0.0,0.0,0.0,,0.0,0.0,0.0,,0.0,,0.0,0.0,1.0098161764705882,,,,,,,,0.0,0.0,0.0,0.0,1.0092945772058823,0.0,0.0,,0.0,0.0,0.0,,1.0095416505417958,,0.0,,0.0,0.0,0.0,0.0,0.0,0.0,0.0,0.0,,
2192,Q1_Aug'25###40753w63VzJc5ZlY7EE8uqI6M9Ys5hOJIzM5YVW6Jc6Xv9hE=,40753w63VzJc5ZlY7EE8uqI6M9Ys5hOJIzM5YVW6Jc6Xv9hE=,Q1,ACB,36-45,Aug'25,Q3'25,Online,Male,Ho Chi Minh,MAFF,ACB,Vietcombank,,,,,ACB,,Vietinbank,Techcombank,BIDV,MBBank,VPBank,,,,9.0,"Ngân hàng có danh tiếng tốt, dịch vụ tốt",tăng lãi suất linh hoạt,9,"ứng dụng dễ dùng, bảo mật an toàn cao",5,4,4,5,4,5,5,4,5,5,5,5,4.0,Banca,không có nhiều ưu đãi,5,4,5,4,5,4.0,Fanpage,"tang facebook cập nhật thông tin còn chậm, chưa kịp thời",9.0,8.0,9.0,8.0,9.0,8.0,,,,,ACB,Vietcombank,ACB,Vietcombank,ACB,Vietcombank,ACB,Vietcombank,,0.0,,,,,,0.0,,,,,,0.0,,,,,,0.0,,,,,,1.0,,,,,,0.0,,,,,,1.0,,,,,,0.0,,,,,,1.0,,,,,,0.0,,,,,,1.0,,,,,,0.0,,,,,Q3'25,0.0,0.0,1.0870967741935484,1.087,0.0,0.0,0.0,0.0,0.0,1.140092545638945,0.0,1.140092545638945,0.0,0.0,0.0,0.0,,,,0.0,,0.0,,0.0,0.0,0.0,,0.0,0.0,0.0,0.0,0.0,,0.0,0.0,0.0,,0.0,,0.0,,0.0,,0.0,,0.0,0.0,0.0,,1.140120369061086,0.0,0.0,0.0,0.0,,0.0,,1.140069939108456,0.0,0.0,,0.0,0.0,0.0,0.0,,,0.0,0.0,,
2193,Q1_Aug'25###40754aw4T7qhS2rriNQknl8IDLQ==,40754aw4T7qhS2rriNQknl8IDLQ==,Q1,ACB,25-35,Aug'25,Q3'25,Offline,Female,Ho Chi Minh,AFF,ACB,,,,,,ACB,,MSB,Vietinbank,Techcombank,Vietcombank,BIDV,MBBank,VPBank,,9.0,"Ngân hàng lâu có uy tín, ứng dụng mobibanking dễ sử dụng, không tốn phí thường niên khi sử dụng thẻ.",Không có,9,"App chuyển khoản nhanh và nhận được tiền liền, ít khi bị lỗi khi dùng",4,5,4,5,4,5,4, I do not use this bank product,5, I do not use this bank product, I do not use this bank product, I do not use this bank product,4.0,Credit card,Khi lỡ trả chậm 1 ngày do quên thì bị phí phạt là lãi phát sinh cao,5,Not use in recent 1 month,5,4,4,4.0,Fanpage,Ít có các chương trình khuyến mãi đăng lên trang Facebook,10.0,8.0,9.0,9.0,10.0,9.0,ACB,ACB,ACB,ACB,,,,,ACB,ACB,ACB,ACB,,1.0,,,,,,1.0,,,,,,1.0,,,,,,1.0,,,,,,0.0,,,,,,0.0,,,,,,0.0,,,,,,0.0,,,,,,1.0,,,,,,1.0,,,,,,1.0,,,,,,1.0,,,,,Q3'25,1.086875,0.0,0.0,1.087,1.0868421052631578,1.1399762834821427,0.0,0.0,0.0,0.0,0.0,1.140092545638945,0.0,1.1402627595155708,0.0,0.0,,,,0.0,,0.0,,1.139152113970588,0.0,0.0,,0.0,0.0,0.0,0.0,0.0,,0.0,0.0,0.0,,0.0,,0.0,,0.0,,0.0,,0.0,0.0,0.0,,0.0,0.0,0.0,0.0,0.0,,0.0,,1.140069939108456,0.0,0.0,,1.1398514093137253,0.0,0.0,0.0,,,0.0,0.0,,
2194,Q1_Aug'25###40755z/1J3l8bdpXYsSUzSK01Sw==,40755z/1J3l8bdpXYsSUzSK01Sw==,Q1,Vietcombank,36-45,Aug'25,Q3'25,Offline,Male,Ho Chi Minh,AFF,Vietcombank,,,,,,Vietcombank,,BIDV,MBBank,VPBank,MSB,Vietinbank,Techcombank,ACB,,9.0,"Nhân viên mở tài khoản tại quầy nhiệt tình hướng dẫn tận tâm cho khách hàng, ngân hàng lớn có uy tín",Không có,9,"ứng dụng dễ sử dụng, có nhiều dịch vụ tiện ích trên app như thanh toán các hoá đơn tiện ích, nạp thẻ di động tiện lợi",4,5,5,4,5,5,4, I do not use this bank product,4, I do not use this bank product, I do not use this bank product, I do not use this bank product,4.0,Credit card,"Không có nhiều ưu đãi như hoàn điểm thưởng, sài lâu mà không được nâng hạn mức",4,Not use in recent 1 month,4,Not use in recent 1 month,4,4.0,Branch,Có 1 số chi nhánh quầy giao dịch ít nên chờ hơi lâu,9.0,10.0,9.0,10.0,9.0,9.0,Vietcombank,Vietcombank,Vietcombank,Vietcombank,,,,,Vietcombank,Vietcombank,Vietcombank,Vietcombank,,,1.0,,,,,,1.0,,,,,,1.0,,,,,,1.0,,,,,,0.0,,,,,,0.0,,,,,,0.0,,,,,,0.0,,,,,,1.0,,,,,,1.0,,,,,,1.0,,,,,,1.0,,,,Q3'25,0.0,0.0,0.0,0.9090322580645162,0.0,0.0,0.0,0.0,0.0,0.0,0.0,0.7786916593968096,0.0,0.0,0.0,0.0,,,,0.0,0.0,,0.0,0.0,,,0.0,0.0,0.0,0.0,0.0,0.0,0.0,0.0,0.0,0.0,0.0,0.0,0.0,0.0,,0.0,,0.0,,0.0,0.0,0.0,0.0,0.0,0.0,0.7784658394607843,,0.0,,0.0,0.0,0.7786094877219756,0.0,0.0,0.0,0.0,0.0,0.0,0.0,0.0,,0.0,0.0,,
2195,Q1_Aug'25###40756YCY/BpI25uwdq7kCy4v2BvZD5u/YoNeb2a9DaIf1oEs=,40756YCY/BpI25uwdq7kCy4v2BvZD5u/YoNeb2a9DaIf1oEs=,Q1,Techcombank,25-35,Aug'25,Q3'25,Online,Male,Ho Chi Minh,MAFF,Vietcombank,Techcombank,,,,,Techcombank,,BIDV,MBBank,VPBank,MSB,Vietinbank,ACB,,,9.0,"Ngân hàng đang phát triển mạnh mẽ, có nhiều sản phẩm dịch vụ tốt",có thêm nhiều chi nhánh atm của ngân hàng,9,ứng dụng ngân hàng thiết kế hiện đại dễ sử dụng,5,4,4,3,5,4,5,4,5,4,4,5,4.0,Debit,thẻ ít nhận được ưu đãi khi mua sắm,4,5,4,5,3,3.0,ATM,khó tìm được atm gần nhà,9.0,8.0,9.0,8.0,9.0,9.0,,,,,Techcombank,Techcombank,Techcombank,Techcombank,Techcombank,Techcombank,Techcombank,Missing lable,0.0,,,,,,0.0,,,,,,0.0,,,,,,0.0,,,,,,1.0,,,,,,1.0,,,,,,1.0,,,,,,1.0,,,,,,1.0,,,,,,1.0,,,,,,1.0,,,,,,0.0,,,,,,Q3'25,0.0,0.8404444444444444,0.0,0.8403076923076923,0.0,0.0,0.0,0.9004641544117645,0.0,0.0,,0.9005503393665156,,0.0,0.0,0.0,,,,0.0,,0.0,,0.0,,0.0,,0.0,,0.0,,0.0,,0.0,,0.9006865409207159,,0.0,0.0,0.0,,,,0.0,,0.0,,0.0,,0.0,,0.0,,0.0,,0.0,,0.9006766270337921,,0.0,,0.0,0.0,0.0,,,,0.0,0.0,,
2196,Q1_Aug'25###40757e8gW4E+Rq1SG1MiNOnuaew==,40757e8gW4E+Rq1SG1MiNOnuaew==,Q1,MBBank,36-45,Aug'25,Q3'25,Offline,Male,Ho Chi Minh,AFF,MBBank,,,,,,MBBank,,VPBank,MSB,Vietinbank,Techcombank,ACB,Vietcombank,BIDV,,9.0,"Mở thẻ và chuyển khoản không tốn phí, và mở được tài khoản số đẹp theo ý thích",Không có,10,"Tài khoản số đẹp dễ nhớ,bảo mật cao có thể dùng vân tay mật khẩu đăng nhập vô ứng dụng",5,4,4,5,5,5,5, I do not use this bank product,4, I do not use this bank product, I do not use this bank product, I do not use this bank product,4.0,Terms deposit,Ít có quà tặng kèm hoặc ưu đãi  khi gửi nhiều tiền tiết kiệm,5,Not use in recent 1 month,4,Not use in recent 1 month,4,4.0,ATM,Trụ ATM có hơi nhiều giấy  xung quanh trụ thấy không sạch sẽ,9.0,9.0,10.0,9.0,10.0,9.0,MBBank,MBBank,MBBank,MBBank,,,,,MBBank,MBBank,MBBank,MBBank,,,,,1.0,,,,,,1.0,,,,,,1.0,,,,,,1.0,,,,,,0.0,,,,,,0.0,,,,,,0.0,,,,,,0.0,,,,,,1.0,,,,,,1.0,,,,,,1.0,,,,,,1.0,,Q3'25,0.0,1.0417241379310345,0.0,0.0,1.0417391304347827,0.0,0.0,1.0594298066448804,0.0,0.0,0.0,0.0,,1.0595289522058824,0.0,0.0,,,,0.0,,0.0,,0.0,,0.0,0.0,0.0,,0.0,0.0,0.0,,0.0,,0.0,0.0,0.0,,,0.0,1.0591943359375,,0.0,,0.0,,0.0,,0.0,0.0,0.0,,0.0,,0.0,,0.0,,0.0,,1.0599572610294117,,0.0,0.0,0.0,0.0,0.0,,,
2197,Q1_Aug'25###40758Q86Bm+XfMKqwtrm0vGId3Q==,40758Q86Bm+XfMKqwtrm0vGId3Q==,Q1,BIDV,46-55,Aug'25,Q3'25,Offline,Male,Ho Chi Minh,AFF,Vietcombank,BIDV,,,,,BIDV,,MSB,Vietinbank,Techcombank,ACB,MBBank,VPBank,,,9.0,"ngân hàng có nhiều sản phẩm tiền gởi nhiều kỳ hạn với nhiều lãi suất ưu đãi khác nhau, chi phí giao dịch hợp lý",Thêm nhiều các chi nhánh điểm giao dịch ngân hàng trong thành phố hơn nữa,9,"Giao diện sáng , tính năng nhiều tiện lợi dễ sử dụng",5,5,5,4,5,5,5,5,4, I do not use this bank product, I do not use this bank product, I do not use this bank product,4.0,Terms deposit,Lãi suất cũng bình thường như các ngân hàng khác không cao,4,Not use in recent 1 month,5,Not use in recent 1 month,5,4.0,Branch,Chi nhánh điểm giao dịch ngân hàng trong thành phố hơi ít điểm,8.0,9.0,10.0,9.0,9.0,10.0,BIDV,BIDV,BIDV,BIDV,,,,,BIDV,BIDV,BIDV,BIDV,,,,1.0,,,,,,1.0,,,,,,1.0,,,,,,1.0,,,,,,0.0,,,,,,0.0,,,,,,0.0,,,,,,0.0,,,,,,1.0,,,,,,1.0,,,,,,1.0,,,,,,1.0,,,Q3'25,0.0,1.075357142857143,0.0,0.0,1.075217391304348,0.0,0.0,1.009468443627451,0.0,0.0,0.0,0.0,0.0,1.0096556843891402,0.0,0.0,,,,,0.0,0.0,,0.0,0.0,0.0,0.0,0.0,,0.0,0.0,0.0,,0.0,,1.0096075367647055,0.0,0.0,,,,,,,,0.0,0.0,0.0,0.0,0.0,0.0,0.0,,0.0,0.0,0.0,,0.0,,0.0,,1.010233455882353,0.0,0.0,0.0,0.0,0.0,1.0092945772058823,0.0,,
2198,Q1_Aug'25###40759wDtGTh+bvN+qljO9H6Do4g==,40759wDtGTh+bvN+qljO9H6Do4g==,Q1,VPBank,36-45,Aug'25,Q3'25,Offline,Female,Ho Chi Minh,AFF,VPBank,,,,,,VPBank,,Vietinbank,Techcombank,ACB,Vietcombank,BIDV,MBBank,MSB,,9.0,"Ngân hàng nhiều người biết,  ứng dụng dùng không bị lỗi, ngân hàng bảo mật thông tin người dùng tốt",Không có,9,"Ứng dụng dùng mượt mà, không bị lỗi khi dùng, ứng dụng dễ sử dụng",4,5,5,4,5,5,5, I do not use this bank product,4, I do not use this bank product,5, I do not use this bank product,4.0,Terms deposit,Không có tất toán được từng phần nhỏ trong gói tiết kiệm khi không muốn rút hết tiền 1 lần,5,Not use in recent 1 month,4,Not use in recent 1 month,5,4.0,Call Center,Gọi lên tổng đài đều bận 1 vài lần,10.0,9.0,9.0,10.0,8.0,9.0,VPBank,VPBank,VPBank,VPBank,,,,,VPBank,VPBank,VPBank,VPBank,,,,,,1.0,,,,,,1.0,,,,,,1.0,,,,,,1.0,,,,,,0.0,,,,,,0.0,,,,,,0.0,,,,,,0.0,,,,,,1.0,,,,,,1.0,,,,,,1.0,,,,,,1.0,Q3'25,1.0202941176470588,1.0202777777777776,0.0,1.0203636363636364,0.0,1.0885365205652573,0.0,1.088499476613562,,0.0,,1.088605715871254,0.0,0.0,0.0,1.088203125,,,,,,0.0,,0.0,0.0,0.0,,0.0,0.0,0.0,,0.0,,0.0,,0.0,,1.088203125,,0.0,,0.0,,0.0,,0.0,,0.0,,0.0,,0.0,0.0,0.0,,0.0,0.0,1.0887798092209855,,0.0,,0.0,0.0,0.0,0.0,,0.0,0.0,0.0,,
2199,Q1_Aug'25###40760FqMnZkVfYyuC9NeqtJXWxw==,40760FqMnZkVfYyuC9NeqtJXWxw==,Q1,ACB,25-35,Aug'25,Q3'25,Offline,Male,Ha Noi,MAFF,ACB,VPBank,,,,,ACB,,Techcombank,Vietcombank,BIDV,MBBank,MSB,Vietinbank,,,9.0,"Ngân hàng uy tín, nhiều phòng giao dịch, số tài khoản ngắn dễ nhớ",Đặt thêm nhiều cây atm,10,Ứng dụng có giao diện đơn giản dễ sử dụng,5,4,5,4,5,5,4, I do not use this bank product, I do not use this bank product, I do not use this bank product, I do not use this bank product, I do not use this bank product,4.0,Credit card,Hạn mức thấp,Not use in recent 1 month,Not use in recent 1 month,Not use in recent 1 month,Not use in recent 1 month,5,,,,9.0,10.0,9.0,9.0,10.0,9.0,,,,,ACB,VPBank,ACB,ACB,ACB,ACB,ACB,ACB,,0.0,,,,,,0.0,,,,,,0.0,,,,,,0.0,,,,,,1.0,,,,,,0.0,,,,,,1.0,,,,,,1.0,,,,,,1.0,,,,,,1.0,,,,,,1.0,,,,,,1.0,,,,,Q3'25,1.086875,1.0867857142857142,0.0,1.087,0.0,1.1399762834821427,0.0,1.1402399067265794,0.0,0.0,0.0,1.140092545638945,0.0,0.0,0.0,0.0,,,,0.0,,0.0,,0.0,0.0,0.0,,0.0,0.0,1.1404341554330064,0.0,0.0,,0.0,0.0,0.0,,0.0,,0.0,,1.1381031709558822,,0.0,,0.0,0.0,0.0,,0.0,0.0,0.0,0.0,0.0,,0.0,,1.140069939108456,0.0,0.0,,0.0,0.0,0.0,0.0,,,0.0,0.0,,
2200,Q1_Aug'25###40761yUkWQVb899f7/+H4h5CKFA==,40761yUkWQVb899f7/+H4h5CKFA==,Q1,MBBank,46-55,Aug'25,Q3'25,Offline,Male,Ho Chi Minh,AFF,MBBank,,,,,,MBBank,,ACB,Vietcombank,BIDV,VPBank,MSB,Vietinbank,Techcombank,,9.0,"Phòng giao dịch hiện đại cơ sở vật chất trang bị khang trang, ngân hàng có app nhạy chuyển khoản nhanh không bị gián đoạn",Phí giao dịch rẻ hơn,9,Ứng dụng chạy nhanh nhạy chuyển khoản nhanh chóng không bị gián đoạn,5,5,4,5,5,5,5, I do not use this bank product,5, I do not use this bank product,4, I do not use this bank product,4.0,Secured Loan,Lãi suất vay cao,5,Not use in recent 1 month,4,Not use in recent 1 month,5,4.0,Call Center,Bắt máy lâu gọi nhiều lần mới được,8.0,9.0,10.0,9.0,9.0,9.0,MBBank,MBBank,MBBank,MBBank,,,,,MBBank,MBBank,MBBank,MBBank,,,,,1.0,,,,,,1.0,,,,,,1.0,,,,,,1.0,,,,,,0.0,,,,,,0.0,,,,,,0.0,,,,,,0.0,,,,,,1.0,,,,,,1.0,,,,,,1.0,,,,,,1.0,,Q3'25,1.041777777777778,0.0,0.0,0.0,0.0,1.0596181832107845,0.0,0.0,0.0,0.0,0.0,0.0,,0.0,0.0,1.0579227941176472,,,,0.0,,0.0,,0.0,,0.0,0.0,0.0,,1.059860381652661,0.0,0.0,,0.0,,0.0,0.0,0.0,,,0.0,0.0,,0.0,,0.0,,0.0,,0.0,0.0,0.0,,0.0,,0.0,,0.0,,0.0,,0.0,,0.0,0.0,0.0,0.0,0.0,,,
2201,Q1_Aug'25###4076239C8U/2+j8hrxSdCNf/kqw==,4076239C8U/2+j8hrxSdCNf/kqw==,Q1,BIDV,25-35,Aug'25,Q3'25,Offline,Female,Ho Chi Minh,MAFF,BIDV,,,,,,BIDV,,Vietcombank,MBBank,VPBank,MSB,Vietinbank,Techcombank,ACB,,10.0,"ngân hàng quen dùng công ty chuyển lương, bạn bè người thân cũng dùng nhiều nên tiện giao dịch ,sản phẩm đa dạng , ngân hàng uy tín cao",Không có,9,"Bảo mật tốt , nhiều tính năng tiện lợi cho người dùng",5,5,4,5,5,5, I do not use this bank product, I do not use this bank product,5, I do not use this bank product, I do not use this bank product, I do not use this bank product,,,,5,5,Not use in recent 1 month,Not use in recent 1 month,4,4.0,ATM,Thường đặt máy ở các đường lớn mới có nên đôi khi cần thì khó tìm,10.0,9.0,9.0,9.0,10.0,10.0,,,,,BIDV,BIDV,BIDV,BIDV,BIDV,BIDV,BIDV,BIDV,,,,0.0,,,,,,0.0,,,,,,0.0,,,,,,0.0,,,,,,1.0,,,,,,1.0,,,,,,1.0,,,,,,1.0,,,,,,1.0,,,,,,1.0,,,,,,1.0,,,,,,1.0,,,Q3'25,1.075161290322581,1.075357142857143,0.0,1.0751923076923076,0.0,1.009468443627451,0.0,1.009468443627451,0.0,0.0,0.0,1.0095707179930795,0.0,0.0,0.0,0.0,,,,,0.0,0.0,,0.0,0.0,0.0,0.0,0.0,,0.0,0.0,1.010859375,,0.0,,1.0096075367647055,0.0,0.0,,,,,,,,0.0,0.0,0.0,0.0,0.0,0.0,0.0,,0.0,0.0,0.0,,1.0095416505417958,,0.0,,0.0,0.0,0.0,0.0,0.0,0.0,0.0,0.0,,
2202,Q1_Aug'25###407634d871b50-5d82-11ec-bad8-230354c51af2,407634d871b50-5d82-11ec-bad8-230354c51af2,Q1,Vietcombank,46-55,Aug'25,Q3'25,Online,Female,Ho Chi Minh,MAFF,Vietcombank,,,,,,Vietcombank,,Vietinbank,BIDV,,,,,,,7.0,ứng dụng nên có nhiều tính năng hơn,,6,ứng dụng không có nhiều tính năng,3,3,2,4,3, I do not use this bank product,3, I do not use this bank product,1, I do not use this bank product, I do not use this bank product, I do not use this bank product,1.0,Terms deposit,mức lãi quá thấp so vơi các ngân hàng khác,3,3,3,Not use in recent 1 month,Not use in recent 1 month,3.0,Call Center,khách hàng phải đợi một thời gian và phải mất cước phí,8.0,5.0,6.0,5.0,7.0,8.0,,,,,Missing lable,Vietcombank,Other,Missing lable,Vietcombank,Other,Other,Missing lable,,,0.0,,,,,,0.0,,,,,,0.0,,,,,,0.0,,,,,,0.0,,,,,,1.0,,,,,,0.0,,,,,,0.0,,,,,,1.0,,,,,,0.0,,,,,,0.0,,,,,,0.0,,,,Q3'25,0.9091666666666666,0.0,0.0,0.0,0.0,0.0,1.785244984567901,0.0,0.0,0.0,0.0,0.0,0.0,0.0,0.0,0.0,,,,0.0,0.0,,1.787700617283951,0.0,,,0.0,0.0,0.0,0.0,0.0,0.0,0.0,0.0,0.0,0.0,0.0,0.0,0.0,0.0,,0.0,,0.0,,0.0,0.0,0.0,0.0,0.0,0.0,0.0,,0.0,,0.0,0.0,0.0,0.0,0.0,0.0,0.0,0.0,0.0,0.0,0.0,,0.0,0.0,,
2203,Q1_Aug'25###4076471744150-ac20-11ef-b7eb-570a4af3437c,4076471744150-ac20-11ef-b7eb-570a4af3437c,Q1,VPBank,25-35,Aug'25,Q3'25,Online,Female,Ha Noi,MAFF,MBBank,VPBank,ACB,Vietcombank,,,VPBank,,Vietinbank,Techcombank,BIDV,,,,,,10.0,Sản phẩm và dịch vụ của ngân hàng VPbank rất tốt,App VPbank nên cải thiện để dễ theo dõi biến động tài khoản hơn,10,Ứng dụng ngân hàng trên điện thoại di động của ngân hàng VPbank dùng khá là mượt,5,5,5,4,4,4,4,4,5,4,4,5,4.0,Credit card,"Tôi không đánh giá hoàn toàn hài lòng, vì vẫn có điểm trừ, ví dụ như là các khoản phí giao dịch chưa ổn",5,4,4,4,5,4.0,Call Center,"Tôi không đánh giá hoàn toàn hài lòng cho tổng đài chăm sóc khách hàng cá nhân của VPbank, vì không phải giải đáp thắc mắc nào cũng đáp ứng được mong muốn cần giải đáp",10.0,10.0,9.0,10.0,10.0,9.0,,,,,Techcombank,VPBank,ACB,Vietcombank,VPBank,MBBank,VPBank,Techcombank,,,,,,0.0,,,,,,0.0,,,,,,0.0,,,,,,0.0,,,,,,0.0,,,,,,1.0,,,,,,0.0,,,,,,0.0,,,,,,1.0,,,,,,0.0,,,,,,1.0,,,,,,0.0,Q3'25,0.0,1.0202777777777776,1.0203448275862068,0.0,0.0,0.0,0.0,1.088499476613562,,1.0885710097616632,,0.0,0.0,0.0,0.0,0.0,,,,,,0.0,,0.0,0.0,0.0,,0.0,0.0,0.0,,0.0,,0.0,,0.0,,0.0,,0.0,,0.0,,1.088203125,,0.0,,0.0,,1.088203125,,0.0,0.0,0.0,,0.0,0.0,0.0,,0.0,,0.0,0.0,0.0,0.0,,0.0,0.0,0.0,,
2204,Q1_Aug'25###40765Y6jMtw5DZ1+lHtAqa/2VGhXU6IlWJPwndo1zzQCvoyx/fuiJWy+kue5Ji04yJMS2,40765Y6jMtw5DZ1+lHtAqa/2VGhXU6IlWJPwndo1zzQCvoyx/fuiJWy+kue5Ji04yJMS2,Q1,MBBank,25-35,Aug'25,Q3'25,Online,Female,Ho Chi Minh,MAFF,MBBank,,,,,,MBBank,,Vietinbank,Techcombank,ACB,Vietcombank,BIDV,VPBank,MSB,,10.0,Ngân hàng uy tín,Không có,10,Ứng dụng di động dễ sử dụng,5,5,4,5,4,5,5, I do not use this bank product,5, I do not use this bank product, I do not use this bank product, I do not use this bank product,,,,5,Not use in recent 1 month,5,5,5,,,,10.0,9.0,9.0,10.0,9.0,10.0,,,,,MBBank,MBBank,MBBank,Vietcombank,MBBank,MBBank,MBBank,Techcombank,,,,,0.0,,,,,,0.0,,,,,,0.0,,,,,,0.0,,,,,,1.0,,,,,,1.0,,,,,,1.0,,,,,,0.0,,,,,,1.0,,,,,,1.0,,,,,,1.0,,,,,,0.0,,Q3'25,0.0,0.0,0.0,1.0416363636363637,0.0,0.0,0.0,0.0,0.0,0.0,0.0,1.0595873579545456,,0.0,0.0,0.0,,,,0.0,,0.0,,0.0,,0.0,0.0,0.0,,0.0,0.0,0.0,,0.0,,0.0,0.0,0.0,,,0.0,0.0,,0.0,,0.0,,0.0,,0.0,0.0,0.0,,0.0,,0.0,,1.0596595341642756,,0.0,,0.0,,0.0,0.0,0.0,0.0,0.0,,,
2205,Q1_Aug'25###40766c7r6ZuCOTBjJ/oHMQPRH6rO4cqXZmbTdviGUo5/iJDc=,40766c7r6ZuCOTBjJ/oHMQPRH6rO4cqXZmbTdviGUo5/iJDc=,Q1,Techcombank,25-35,Aug'25,Q3'25,Online,Female,Ho Chi Minh,MAFF,MBBank,Techcombank,Vietcombank,,,,Techcombank,,VPBank,MSB,Vietinbank,ACB,BIDV,,,,9.0,Ngân hàng hiện đại và minh bạch,cần cải thiện các dịch vụ khách hàng,9,ứng dụng ngân hàng có nhiều chức năng tốt,5,4,4,4,4,4,5,4,4,4,5,4,4.0,Bond/Funds,sản phẩm chưa tiện lợi,5,5,5,4,4,4.0,ATM,máy atm số lượng còn ít,8.0,9.0,9.0,9.0,9.0,9.0,,,,,Techcombank,Techcombank,MBBank,Vietcombank,Vietcombank,Techcombank,Techcombank,Techcombank,0.0,,,,,,0.0,,,,,,0.0,,,,,,0.0,,,,,,1.0,,,,,,1.0,,,,,,0.0,,,,,,0.0,,,,,,0.0,,,,,,1.0,,,,,,1.0,,,,,,1.0,,,,,,Q3'25,0.0,0.0,0.0,0.8403076923076923,0.0,0.0,0.0,0.0,0.0,0.0,,0.9005503393665156,,0.0,0.0,0.0,,,,0.0,,0.0,,0.0,,0.0,,0.0,,0.0,,0.0,,0.0,,0.0,,0.0,0.0,0.0,,,,0.0,,0.0,,0.0,,0.0,,0.0,,0.0,,0.0,,0.9006766270337921,,0.0,,0.0,0.0,0.0,,,,0.0,0.0,,
2206,Q1_Aug'25###40767MvryvkGkAFAo13GWdwaW4opXMI9sdItlBX+bsorvGss=,40767MvryvkGkAFAo13GWdwaW4opXMI9sdItlBX+bsorvGss=,Q1,Techcombank,46-55,Aug'25,Q3'25,Online,Male,Ha Noi,MAFF,Techcombank,Vietcombank,MBBank,VPBank,,,Techcombank,Vietcombank,Vietinbank,BIDV,,,,,,,10.0,Chu đáo và tin cậy,Nâng lãi suất cao hấp dẫn hơn,10,Hoạt động mượt mà và ổn định,5,4,4,4,5, I do not use this bank product,5,4,4,4,3,4,3.0,Secured Loan,Thủ tục còn phức tạp,4,Not use in recent 1 month,3,4,5,3.0,Call Center,Rất khó để gặp giao dịch viên,8.0,8.0,9.0,9.0,9.0,9.0,,,,,Techcombank,Vietcombank,Techcombank,VPBank,Vietcombank,Techcombank,Vietcombank,Techcombank,0.0,,,,,,0.0,,,,,,0.0,,,,,,0.0,,,,,,1.0,,,,,,0.0,,,,,,1.0,,,,,,0.0,,,,,,0.0,,,,,,1.0,,,,,,0.0,,,,,,1.0,,,,,,Q3'25,0.0,0.0,0.0,0.8403076923076923,0.0,0.0,0.0,0.0,0.0,0.0,,0.9005503393665156,,0.0,0.0,0.0,,,,0.0,,0.0,,0.0,,0.0,,0.0,,0.0,,0.0,,0.0,,0.0,,0.0,0.0,0.0,,,,0.0,,0.0,,0.0,,0.0,,0.0,,0.900220588235294,,0.0,,0.9006766270337921,,0.0,,0.0,0.0,0.0,,,,0.0,0.0,,
2207,Q10_Aug'25###40767MvryvkGkAFAo13GWdwaW4opXMI9sdItlBX+bsorvGss=,40767MvryvkGkAFAo13GWdwaW4opXMI9sdItlBX+bsorvGss=,Q10,Vietcombank,46-55,Aug'25,Q3'25,Online,Male,Ha Noi,MAFF,Techcombank,Vietcombank,MBBank,VPBank,,,Techcombank,Vietcombank,Vietinbank,BIDV,,,,,,,9.0,Lớn mạnh và chuyên nghiệp,Thêm nhiều điểm ATM,9,Tiện lợi và ổn định,4,4,3,5,5,I do not use this bank product,4,I do not use this bank product,5,4,4,4,4.0,Unsecured Loan/ Overdraft without Collateral,Thủ tục còn phức tạp,5,Not use in recent 1 month,4,4,3,3.0,ATM,Địa điểm đặt máy còn ít,9.0,9.0,8.0,9.0,9.0,9.0,,,,,Techcombank,Vietcombank,Techcombank,VPBank,Vietcombank,Techcombank,Vietcombank,Techcombank,,,0.0,,,,,,0.0,,,,,,0.0,,,,,,0.0,,,,,,0.0,,,,,,1.0,,,,,,0.0,,,,,,0.0,,,,,,1.0,,,,,,0.0,,,,,,1.0,,,,,,0.0,,,,Q3'25,0.0,0.0,0.9089655172413792,0.9090322580645162,0.0,0.0,0.0,0.0,0.0,0.7786017922794117,0.0,0.7786916593968096,0.0,0.0,0.0,0.0,,,,0.0,0.0,,0.0,0.0,,,0.0,0.0,0.0,0.0,0.0,0.0,0.0,0.0,0.0,0.0,0.0,0.0,0.0,0.0,,0.0,,0.0,,0.0,0.0,0.0,0.0,0.7788057215073529,0.0,0.0,,0.0,,0.0,0.0,0.7786094877219756,0.0,0.0,0.0,0.0,0.0,0.0,0.0,0.0,,0.0,0.0,,
2208,Q1_Aug'25###40768+YLRiaDV9tTri+k4tY+ZFFmvrPkG8sfwPcgeUB7YieU=,40768+YLRiaDV9tTri+k4tY+ZFFmvrPkG8sfwPcgeUB7YieU=,Q1,MBBank,25-35,Aug'25,Q3'25,Online,Male,Ho Chi Minh,MAFF,MBBank,VPBank,,,,,MBBank,,Vietinbank,ACB,,,,,,,10.0,"Giao diện bắt mắt, dễ sử dụng",Khắc phục lỗi giao dịch với các loại ví điện tử,10,"Dễ sử dụng, nhiều chức năng",4,4,4,5,5,3,4,5,5,4,3,3,3.0,Debit,Ít khi sử dụng,4,4,5,5,3,3.0,ATM,"Hay bị lỗi, không khắc phục triệt để",9.0,9.0,8.0,10.0,9.0,10.0,,,,,ACB,ACB,VPBank,Vietinbank,MBBank,ACB,Vietinbank,VPBank,,,,,0.0,,,,,,0.0,,,,,,0.0,,,,,,0.0,,,,,,0.0,,,,,,0.0,,,,,,0.0,,,,,,0.0,,,,,,1.0,,,,,,0.0,,,,,,0.0,,,,,,0.0,,Q3'25,1.041777777777778,0.0,0.0,0.0,0.0,1.0596181832107845,0.0,0.0,0.0,0.0,0.0,0.0,,0.0,0.0,0.0,,,,0.0,,0.0,,1.0597723094919789,,0.0,0.0,0.0,,0.0,0.0,0.0,,0.0,,0.0,0.0,0.0,,,0.0,0.0,,0.0,,0.0,,0.0,,0.0,0.0,0.0,,0.0,,0.0,,0.0,,0.0,,0.0,,0.0,0.0,0.0,0.0,0.0,,,
2209,Q1_Aug'25###40769lN0Z9g08rVodxUK9qkqix/BNxsJ5C5yLPlFRrMXUNqA=,40769lN0Z9g08rVodxUK9qkqix/BNxsJ5C5yLPlFRrMXUNqA=,Q1,Techcombank,25-35,Aug'25,Q3'25,Online,Female,Ho Chi Minh,MAFF,VPBank,Techcombank,BIDV,,,,Techcombank,,Vietcombank,MBBank,MSB,Vietinbank,ACB,,,,9.0,ngân hàng có các sản phẩm tài chính hấp dẫn,cải thiện thời gian xử lý giao dịch,8,ứng dụng cần bảo mật cao hơn,5,4,5,4,4,4,5,4,4,5,4,4,4.0,Unsecured Loan/ Overdraft without Collateral,thời gian giải ngân còn chậm,5,5,5,4,4,4.0,Fanpage,trao đổi thông tin trên fb khó khăn,9.0,9.0,8.0,8.0,9.0,8.0,,,,,VPBank,VPBank,Techcombank,Techcombank,Techcombank,Techcombank,Techcombank,Missing lable,0.0,,,,,,0.0,,,,,,0.0,,,,,,0.0,,,,,,0.0,,,,,,0.0,,,,,,1.0,,,,,,1.0,,,,,,1.0,,,,,,1.0,,,,,,1.0,,,,,,0.0,,,,,,Q3'25,0.0,0.8404444444444444,0.0,0.0,0.0,0.0,0.0,0.9004641544117645,0.0,0.0,,0.0,,0.0,0.0,0.0,,,,0.0,,0.0,,0.0,,0.0,,0.0,,0.0,,0.0,,0.0,,0.9006865409207159,,0.0,0.0,0.0,,,,0.0,,0.0,,0.0,,0.0,,0.0,,0.0,,0.0,,0.0,,0.0,,0.0,0.0,0.0,,,,0.0,0.0,,
2210,Q1_Aug'25###40770dC5mSulyi7Uiie/h0yf1zS48MwFio1u78Mm8quTgk8E=,40770dC5mSulyi7Uiie/h0yf1zS48MwFio1u78Mm8quTgk8E=,Q1,VPBank,25-35,Aug'25,Q3'25,Online,Female,Ha Noi,MAFF,VPBank,ACB,BIDV,MBBank,,,VPBank,,Vietinbank,Techcombank,Vietcombank,,,,,,10.0,ngân hàng uy tín,không cần cải thiện,10,dễ sử dụng,5,4,5,5,5, I do not use this bank product, I do not use this bank product,5,5, I do not use this bank product, I do not use this bank product, I do not use this bank product,,,,5,5,5,5,5,,,,10.0,9.0,10.0,9.0,10.0,10.0,,,,,Vietcombank,MBBank,Vietcombank,Techcombank,VPBank,ACB,Vietinbank,Techcombank,,,,,,0.0,,,,,,0.0,,,,,,0.0,,,,,,0.0,,,,,,0.0,,,,,,0.0,,,,,,0.0,,,,,,0.0,,,,,,1.0,,,,,,0.0,,,,,,0.0,,,,,,0.0,Q3'25,0.0,0.0,0.0,1.0203636363636364,0.0,0.0,0.0,0.0,,0.0,,1.088605715871254,0.0,0.0,0.0,0.0,,,,,,0.0,,0.0,0.0,0.0,,0.0,0.0,0.0,,0.0,,0.0,,0.0,,0.0,,0.0,,0.0,,0.0,,0.0,,0.0,,0.0,,0.0,0.0,0.0,,0.0,0.0,1.0887798092209855,,0.0,,0.0,0.0,0.0,0.0,,0.0,0.0,0.0,,
2211,Q1_Aug'25###40771ZdeW+dcJ1vZenjYVsgAgi8AxCA9WuhFQht7aeG+UWIw=,40771ZdeW+dcJ1vZenjYVsgAgi8AxCA9WuhFQht7aeG+UWIw=,Q1,ACB,36-45,Aug'25,Q3'25,Online,Male,Ha Noi,MAFF,ACB,Vietcombank,,,,,ACB,,Vietinbank,Techcombank,BIDV,MBBank,,,,,9.0,"Ngân hàng uy tín, có dịch vụ rất tốt",xây dưng thương hiệu uy tín và vững mạnh hơn,9,"ứng dụng dễ dùng, không bị lỗi",4,5,4,5,5,4,5,4,5,5,4,5,4.0,Debit,khi sử dụng còn tốn một số loại phí,5,5,5,4,4,4.0,Fanpage,thông tin chưa được cập nhật nhanh và hiệu quả,9.0,8.0,9.0,9.0,9.0,8.0,,,,,ACB,ACB,Vietcombank,Vietcombank,Vietcombank,ACB,Vietcombank,ACB,,0.0,,,,,,0.0,,,,,,0.0,,,,,,0.0,,,,,,1.0,,,,,,1.0,,,,,,0.0,,,,,,0.0,,,,,,0.0,,,,,,1.0,,,,,,0.0,,,,,,1.0,,,,,Q3'25,0.0,0.0,1.0870967741935484,1.087,0.0,0.0,0.0,0.0,0.0,1.140092545638945,0.0,1.140092545638945,0.0,0.0,0.0,0.0,,,,0.0,,0.0,,0.0,0.0,0.0,,0.0,0.0,0.0,0.0,0.0,,0.0,0.0,0.0,,0.0,,0.0,,0.0,,0.0,,0.0,0.0,0.0,,1.140120369061086,0.0,0.0,0.0,0.0,,0.0,,1.140069939108456,0.0,0.0,,0.0,0.0,0.0,0.0,,,0.0,0.0,,
2212,Q1_Aug'25###40772hJuazK9mbAuhHEHugg+Hkg==,40772hJuazK9mbAuhHEHugg+Hkg==,Q1,Techcombank,25-35,Aug'25,Q3'25,Offline,Male,Ho Chi Minh,MAFF,Techcombank,,,,,,Techcombank,,VPBank,MSB,Vietinbank,ACB,Vietcombank,BIDV,MBBank,,10.0,"Ngân hàng có app chuyển tiền hiện đại miễn phí .có nhiều văn phòng giao dịch .có nhân viên giỏi ,thân thiện .",Không có,10,"App chuyển tiền nhanh miễn phí ,không bị lag khi giao dịch",5,4,4,5,5,5, I do not use this bank product, I do not use this bank product,5, I do not use this bank product, I do not use this bank product, I do not use this bank product,,,,5,Not use in recent 1 month,Not use in recent 1 month,Not use in recent 1 month,5,,,,10.0,9.0,10.0,9.0,10.0,10.0,,,,,Techcombank,Techcombank,Techcombank,Techcombank,Techcombank,Techcombank,Techcombank,Techcombank,0.0,,,,,,0.0,,,,,,0.0,,,,,,0.0,,,,,,1.0,,,,,,1.0,,,,,,1.0,,,,,,1.0,,,,,,1.0,,,,,,1.0,,,,,,1.0,,,,,,1.0,,,,,,Q3'25,0.8404,0.0,0.0,0.8403076923076923,0.8402777777777778,0.9006671262254901,0.0,0.0,0.0,0.0,,0.9005503393665156,,0.900555491727941,0.0,0.0,,,,0.0,,0.0,,0.0,,0.9002205882352939,,0.0,,0.9007077205882351,,0.0,,0.0,,0.0,,0.0,0.0,0.0,,,,0.0,,0.0,,0.0,,0.0,,0.9009350490196076,,0.0,,0.0,,0.0,,0.9002205882352939,,0.9002205882352939,0.0,0.0,,,,0.0,0.0,,
2213,Q1_Aug'25###40773tMe2vuO5iLa7IQO5Glns2g==,40773tMe2vuO5iLa7IQO5Glns2g==,Q1,ACB,25-35,Aug'25,Q3'25,Offline,Female,Ho Chi Minh,MAFF,Techcombank,ACB,,,,,ACB,,Vietcombank,BIDV,MBBank,VPBank,MSB,Vietinbank,,,9.0,"Hỗ trợ hỏi online trên app hỏi và trả lời nhanh, có nhiều chi nhánh phòng giao dịch",Không có,9,"Tích điểm Đổi quà cho uống cafe, trà sữa trên ứng dụng dễ dàng, ứng dụng quét mã qr và thanh toán nhanh chóng",4,5,4,4,5,5, I do not use this bank product, I do not use this bank product,4, I do not use this bank product,4, I do not use this bank product,4.0,Terms deposit,Lãi suất dưới 3 tháng hơi thấp,5,Not use in recent 1 month,Not use in recent 1 month,Not use in recent 1 month,4,4.0,ATM,Một số lần đi máy báo lỗi không nhận thẻ,9.0,10.0,8.0,8.0,9.0,9.0,,,,,ACB,ACB,ACB,ACB,ACB,ACB,ACB,ACB,,0.0,,,,,,0.0,,,,,,0.0,,,,,,0.0,,,,,,1.0,,,,,,1.0,,,,,,1.0,,,,,,1.0,,,,,,1.0,,,,,,1.0,,,,,,1.0,,,,,,1.0,,,,,Q3'25,1.086875,0.0,0.0,1.087,0.0,1.1399762834821427,0.0,0.0,0.0,0.0,0.0,1.140092545638945,0.0,0.0,0.0,0.0,,,,0.0,,0.0,,0.0,0.0,0.0,,0.0,0.0,1.1404341554330064,0.0,0.0,,0.0,0.0,0.0,,0.0,,0.0,,0.0,,0.0,,0.0,0.0,0.0,,0.0,0.0,0.0,0.0,1.139152113970588,,0.0,,0.0,0.0,0.0,,0.0,0.0,0.0,0.0,,,0.0,0.0,,
2214,Q1_Aug'25###40774edzM4aUiSZhWpI6Mi053FPubFJVSLUtTgywlH8IhTNINtDNQf+fWFBlT0GZ/C6fF,40774edzM4aUiSZhWpI6Mi053FPubFJVSLUtTgywlH8IhTNINtDNQf+fWFBlT0GZ/C6fF,Q1,VPBank,25-35,Aug'25,Q3'25,Online,Female,Ha Noi,MAFF,VPBank,ACB,BIDV,,,,VPBank,ACB,MBBank,MSB,Techcombank,,,,,,10.0,Chất lượng dịch vụ tốt và chi nhánh đông,Cần có thêm nhiều chi nhánh hơn nữa để giao dịch nhanh hơn,10,Ứng dụng dễ sử dụng và điều hướng nhanh,5,5,5,4,5,4,5,4,5, I do not use this bank product, I do not use this bank product, I do not use this bank product,4.0,Debit,Thẻ ghi nợ có khi còn trục trặc không ổn định,4,5,5,5,5,4.0,Branch,Chi nhánh còn nhỏ không đủ cho khách hàng giao dịch,9.0,10.0,9.0,10.0,9.0,10.0,,,,,VPBank,VPBank,VPBank,VPBank,VPBank,VPBank,VPBank,ACB,,,,,,0.0,,,,,,0.0,,,,,,0.0,,,,,,0.0,,,,,,1.0,,,,,,1.0,,,,,,1.0,,,,,,1.0,,,,,,1.0,,,,,,1.0,,,,,,1.0,,,,,,0.0,Q3'25,1.0202941176470588,0.0,1.0203448275862068,0.0,0.0,1.0885365205652573,0.0,0.0,,1.0885710097616632,,0.0,0.0,0.0,0.0,0.0,,,,,,0.0,,0.0,0.0,0.0,,0.0,0.0,1.088203125,,0.0,,0.0,,0.0,,0.0,,0.0,,0.0,,0.0,,0.0,,0.0,,1.088203125,,0.0,0.0,0.0,,0.0,0.0,0.0,,0.0,,0.0,0.0,0.0,0.0,,0.0,0.0,0.0,,
2215,Q10_Aug'25###40774edzM4aUiSZhWpI6Mi053FPubFJVSLUtTgywlH8IhTNINtDNQf+fWFBlT0GZ/C6fF,40774edzM4aUiSZhWpI6Mi053FPubFJVSLUtTgywlH8IhTNINtDNQf+fWFBlT0GZ/C6fF,Q10,ACB,25-35,Aug'25,Q3'25,Online,Female,Ha Noi,MAFF,VPBank,ACB,BIDV,,,,VPBank,ACB,MBBank,MSB,Techcombank,,,,,,10.0,Dịch vụ khách hàng tốt và chi nhánh sạch sẽ,Cần có thêm nhiều chi nhánh thêm nữa để giao dịch thoải mái hơn,9,Dễ điều hướng và dễ dàng sử dụng,4,5,4,5,5,4,5,I do not use this bank product,3,4,5,I do not use this bank product,3.0,Terms deposit,Tiền gữi lãi suất không hấp dẫn so với các ngân hàng khác,5,4,5,4,4,4.0,Telesales,Giọng nói không nghe rõ lắm đến khách hàng,10.0,9.0,10.0,9.0,9.0,9.0,,,,,VPBank,VPBank,VPBank,VPBank,VPBank,VPBank,VPBank,ACB,,0.0,,,,,,0.0,,,,,,0.0,,,,,,0.0,,,,,,0.0,,,,,,0.0,,,,,,0.0,,,,,,0.0,,,,,,0.0,,,,,,0.0,,,,,,0.0,,,,,,1.0,,,,,Q3'25,1.086875,0.0,1.0870967741935484,0.0,0.0,1.1399762834821427,0.0,0.0,0.0,1.140092545638945,0.0,0.0,0.0,0.0,0.0,0.0,,,,0.0,,0.0,,0.0,0.0,0.0,,0.0,0.0,1.1404341554330064,0.0,0.0,,0.0,0.0,0.0,,0.0,,0.0,,0.0,,0.0,,0.0,0.0,0.0,,1.140120369061086,0.0,0.0,0.0,0.0,,0.0,,0.0,0.0,0.0,,0.0,0.0,0.0,0.0,,,0.0,0.0,,
2216,Q1_Aug'25###40775MUScOixNpw/ZFSvEaU5nrg==,40775MUScOixNpw/ZFSvEaU5nrg==,Q1,MBBank,36-45,Aug'25,Q3'25,Offline,Female,Ho Chi Minh,MAFF,MBBank,,,,,,MBBank,,VPBank,Vietinbank,Techcombank,ACB,Vietcombank,BIDV,,,9.0,"Ngân hàng của bộ quốc phòng cảm thấy uy tín an toàn khi dùng , số tài khoản dễ nhớ bảo mật cao .",Không có,9,Miễn phí loại dịch vụ như chuyển khoản dịch vụ phí hàng tháng,5,4,5,4,5,5,5, I do not use this bank product,4, I do not use this bank product, I do not use this bank product, I do not use this bank product,4.0,Terms deposit,Lãi suất hàng tháng thấy thấp hơn các ngân hàng khác,4,Not use in recent 1 month,Not use in recent 1 month,Not use in recent 1 month,5,4.0,Branch,Chi nhánh hơi ít mỗi lần cần giải quyết vấn đề phải chạy đi xa,10.0,9.0,10.0,9.0,10.0,9.0,,,,,MBBank,Techcombank,MBBank,Other,MBBank,MBBank,MBBank,MBBank,,,,,0.0,,,,,,0.0,,,,,,0.0,,,,,,0.0,,,,,,1.0,,,,,,0.0,,,,,,1.0,,,,,,0.0,,,,,,1.0,,,,,,1.0,,,,,,1.0,,,,,,1.0,,Q3'25,0.0,1.0417241379310345,0.0,1.0416363636363637,0.0,0.0,0.0,1.0594298066448804,0.0,0.0,0.0,1.0595873579545456,,0.0,0.0,0.0,,,,0.0,,0.0,,0.0,,0.0,0.0,0.0,,0.0,0.0,0.0,,0.0,,0.0,0.0,1.0591943359375,,,0.0,1.0591943359375,,0.0,,0.0,,0.0,,0.0,0.0,0.0,,0.0,,0.0,,1.0596595341642756,,0.0,,0.0,,0.0,0.0,0.0,0.0,0.0,,,
2217,Q1_Aug'25###40776uzgZHR3MBwuy4ayUC1IqgA==,40776uzgZHR3MBwuy4ayUC1IqgA==,Q1,Vietcombank,36-45,Aug'25,Q3'25,Offline,Female,Ho Chi Minh,MAFF,Vietcombank,,,,,,Vietcombank,,Vietinbank,Techcombank,ACB,BIDV,MBBank,VPBank,MSB,,9.0,Giao diện ứng dụng dễ dùng các chức năng đều hiện lên trang chủ đầu dễ tìm kiếm,Không có,9,"Ứng dụng load nhanh không chờ lâu , quét mã qr lập tức hiển thị tài khoản",4,5,4,4,5,5, I do not use this bank product, I do not use this bank product,4, I do not use this bank product, I do not use this bank product, I do not use this bank product,4.0,Terms deposit,"Chưa có nhiều gói kỳ hạn tiết kiệm, chưa có nhiều số tháng gửi tiết kiệm",4,Not use in recent 1 month,5,Not use in recent 1 month,5,4.0,Branch,Nhân viên tại quầy giao dịch hơi không nhiệt tình với khách,9.0,9.0,10.0,8.0,9.0,9.0,,,,,Vietcombank,Vietcombank,Vietcombank,Vietcombank,Vietcombank,Vietcombank,Vietcombank,Vietcombank,,,0.0,,,,,,0.0,,,,,,0.0,,,,,,0.0,,,,,,1.0,,,,,,1.0,,,,,,1.0,,,,,,1.0,,,,,,1.0,,,,,,1.0,,,,,,1.0,,,,,,1.0,,,,Q3'25,0.9091666666666666,0.0,0.0,0.0,0.0,0.7784998276654411,0.0,0.0,0.0,0.0,0.0,0.0,0.0,0.0,0.0,0.0,,,,0.0,0.0,,0.0,0.7779900045955882,,,0.0,0.0,0.0,0.0,0.0,0.0,0.0,0.0,0.0,0.0,0.0,0.0,0.0,0.0,,0.0,,0.0,,0.0,0.0,0.0,0.0,0.0,0.0,0.0,,0.0,,0.0,0.0,0.0,0.0,0.0,0.0,0.0,0.0,0.0,0.0,0.0,,0.0,0.0,,
2218,Q1_Aug'25###40777gjVWt/fmHaWLsAdWAlddUCzvRG/JDLm5nyJnHaJ+NtZXxCTB2UHjC7l3N2khclV2,40777gjVWt/fmHaWLsAdWAlddUCzvRG/JDLm5nyJnHaJ+NtZXxCTB2UHjC7l3N2khclV2,Q1,VPBank,25-35,Aug'25,Q3'25,Online,Female,Ha Noi,MAFF,VPBank,Vietcombank,MBBank,,,,VPBank,MBBank,BIDV,MSB,ACB,,,,,,10.0,Có dịch vụ khách hàng rất tốt và hướng dẫn tận tình,Cần có thêm nhiều chi nhánh hơn nữa để hỗ trợ khách hàng,10,Dễ sử dụng và điều hướng rất nhanh chóng,4,5,5,4,5,5,5,4,4,5,4, I do not use this bank product,4.0,Banca,Bảo hiểm có các điều kiện bình thường không có gì mới,4,5,5,5,5,4.0,Branch,Chi nhánh còn ít không đủ cho lượng khách du lịch,9.0,10.0,9.0,9.0,9.0,9.0,,,,,VPBank,VPBank,VPBank,VPBank,VPBank,VPBank,VPBank,VPBank,,,,,,0.0,,,,,,0.0,,,,,,0.0,,,,,,0.0,,,,,,1.0,,,,,,1.0,,,,,,1.0,,,,,,1.0,,,,,,1.0,,,,,,1.0,,,,,,1.0,,,,,,1.0,Q3'25,0.0,0.0,1.0203448275862068,1.0203636363636364,0.0,0.0,0.0,0.0,,1.0885710097616632,,1.088605715871254,0.0,0.0,0.0,0.0,,,,,,0.0,,0.0,0.0,0.0,,0.0,0.0,0.0,,0.0,,0.0,,0.0,,0.0,,0.0,,0.0,,0.0,,0.0,,0.0,,1.088203125,,1.0889143688725489,0.0,0.0,,0.0,0.0,0.0,,0.0,,0.0,0.0,0.0,0.0,,0.0,0.0,0.0,,
2219,Q10_Aug'25###40777gjVWt/fmHaWLsAdWAlddUCzvRG/JDLm5nyJnHaJ+NtZXxCTB2UHjC7l3N2khclV2,40777gjVWt/fmHaWLsAdWAlddUCzvRG/JDLm5nyJnHaJ+NtZXxCTB2UHjC7l3N2khclV2,Q10,MBBank,25-35,Aug'25,Q3'25,Online,Female,Ha Noi,MAFF,VPBank,Vietcombank,MBBank,,,,VPBank,MBBank,BIDV,MSB,ACB,,,,,,9.0,Nhân viên ngân hàng nhiệt tình,Cần có thêm nhiều chi nhánh để giao dịch hơn nữa,9,Sử dụng rất dễ dàng và điều hướng nhanh chóng,5,5,5,4,4,4,4,I do not use this bank product,3,I do not use this bank product,I do not use this bank product,I do not use this bank product,3.0,Terms deposit,Tiền gửi đơn giản không có gì hấp dẫn hơn những ngân hàng khác,5,5,4,5,4,4.0,ATM,Máy ATM còn ít không có nhiều cho người dân rút tiền,9.0,9.0,10.0,10.0,9.0,9.0,,,,,VPBank,VPBank,VPBank,VPBank,VPBank,VPBank,VPBank,VPBank,,,,,0.0,,,,,,0.0,,,,,,0.0,,,,,,0.0,,,,,,0.0,,,,,,0.0,,,,,,0.0,,,,,,0.0,,,,,,0.0,,,,,,0.0,,,,,,0.0,,,,,,0.0,,Q3'25,0.0,0.0,0.0,1.0416363636363637,0.0,0.0,0.0,0.0,0.0,0.0,0.0,1.0595873579545456,,0.0,0.0,0.0,,,,0.0,,0.0,,0.0,,0.0,0.0,0.0,,0.0,0.0,0.0,,0.0,,0.0,0.0,0.0,,,0.0,0.0,,0.0,,0.0,,0.0,,0.0,0.0,1.0596181832107845,,0.0,,0.0,,0.0,,0.0,,0.0,,0.0,0.0,0.0,0.0,0.0,,,
2220,Q1_Aug'25###40778YcYnWPdalAuUOjpfdKgyrA==,40778YcYnWPdalAuUOjpfdKgyrA==,Q1,Vietcombank,36-45,Aug'25,Q3'25,Offline,Female,Ha Noi,AFF,Vietcombank,,,,,,Vietcombank,,Techcombank,ACB,BIDV,MBBank,VPBank,Vietinbank,,,10.0,"Chi nhánh ngân hàng phân bố rộng khắp cả nước , là một ngân hàng nổi tiếng có uy tín",Cần lãi xuất gửi tiết kiệm cao hơn,10,Cách bố trí các tính năng của app dễ hiểu dễ tìm kiếm và sử dụng,4,5,4,5,5, I do not use this bank product,5, I do not use this bank product,4, I do not use this bank product, I do not use this bank product, I do not use this bank product,4.0,Terms deposit,Tôi thấy lãi suất ngân hàng hơi thấp,5,Not use in recent 1 month,Not use in recent 1 month,Not use in recent 1 month,Not use in recent 1 month,,,,10.0,9.0,9.0,9.0,10.0,9.0,Vietcombank,Vietinbank,BIDV,Vietcombank,,,,,Vietcombank,Vietcombank,Techcombank,Vietcombank,,,1.0,,,,,,0.0,,,,,,0.0,,,,,,1.0,,,,,,0.0,,,,,,0.0,,,,,,0.0,,,,,,0.0,,,,,,1.0,,,,,,1.0,,,,,,0.0,,,,,,1.0,,,,Q3'25,0.9091666666666666,0.0,0.0,0.9090322580645162,0.0,0.7784998276654411,0.0,0.0,0.0,0.0,0.0,0.7786916593968096,0.0,0.0,0.0,0.0,,,,0.0,0.0,,0.0,0.0,,,0.0,0.0,0.0,0.7788465073529411,0.0,0.0,0.0,0.0,0.0,0.0,0.0,0.0,0.0,0.0,,0.0,,0.0,,0.0,0.0,0.0,0.0,0.0,0.0,0.0,,0.0,,0.0,0.0,0.7786094877219756,0.0,0.0,0.0,0.0,0.0,0.0,0.0,0.0,,0.0,0.0,,
2221,Q1_Aug'25###40779ats65t4zPvXEhTq/ICFWuw==,40779ats65t4zPvXEhTq/ICFWuw==,Q1,MBBank,36-45,Aug'25,Q3'25,Offline,Male,Ha Noi,AFF,MBBank,,,,,,MBBank,,ACB,Vietcombank,BIDV,VPBank,MSB,Vietinbank,Techcombank,,9.0,"Nhân viên tại các chi nhánh của ngân hàng đèu rất chuyên nghiệp và có chuyên môn tốt , phòng giao dịch sạch sẽ thoáng mát",Không có,9,"Ứng dụng có tính bảo mật cao , an toàn cho khách hàng khi giao dịch",5,5,4,4,4,4,4, I do not use this bank product,5, I do not use this bank product, I do not use this bank product, I do not use this bank product,4.0,Credit card,Hạn mức thẻ cao cho khách hàng thoải mái chi tiêu,Not use in recent 1 month,Not use in recent 1 month,Not use in recent 1 month,Not use in recent 1 month,5,,,,9.0,10.0,9.0,9.0,10.0,10.0,MBBank,Vietinbank,MBBank,Vietcombank,,,,,MBBank,Techcombank,MBBank,MBBank,,,,,1.0,,,,,,0.0,,,,,,1.0,,,,,,0.0,,,,,,0.0,,,,,,0.0,,,,,,0.0,,,,,,0.0,,,,,,1.0,,,,,,0.0,,,,,,1.0,,,,,,1.0,,Q3'25,1.041777777777778,0.0,0.0,1.0416363636363637,0.0,1.0596181832107845,0.0,0.0,0.0,0.0,0.0,1.0595873579545456,,0.0,0.0,0.0,,,,0.0,,0.0,,0.0,,0.0,0.0,0.0,,1.059860381652661,0.0,0.0,,0.0,,0.0,0.0,0.0,,,0.0,0.0,,0.0,,0.0,,0.0,,0.0,0.0,0.0,,0.0,,0.0,,0.0,,1.060465877757353,,0.0,,0.0,0.0,0.0,0.0,0.0,,,
2222,Q1_Aug'25###40780KHUAQNAfGBl4deuBDwQfiw==,40780KHUAQNAfGBl4deuBDwQfiw==,Q1,VPBank,25-35,Aug'25,Q3'25,Offline,Male,Ha Noi,MAFF,VPBank,,,,,,VPBank,,Vietcombank,BIDV,MBBank,MSB,Vietinbank,Techcombank,ACB,,10.0,"VP bank có tên tuổi đáng tin cậy, có nhiều dịch vụ đa dạng phù hợp với nhiều người",không cần,9,"mục quản lý thẻ tài khoản chi tiết,gửi tiết kiệm online tiện lợi",5,5,4,5,5, I do not use this bank product,5, I do not use this bank product, I do not use this bank product, I do not use this bank product, I do not use this bank product, I do not use this bank product,,,,5,Not use in recent 1 month,Not use in recent 1 month,Not use in recent 1 month,Not use in recent 1 month,,,,10.0,9.0,9.0,10.0,9.0,10.0,,,,,VPBank,VPBank,VPBank,VPBank,VPBank,VPBank,VPBank,VPBank,,,,,,0.0,,,,,,0.0,,,,,,0.0,,,,,,0.0,,,,,,1.0,,,,,,1.0,,,,,,1.0,,,,,,1.0,,,,,,1.0,,,,,,1.0,,,,,,1.0,,,,,,1.0,Q3'25,0.0,1.0202777777777776,0.0,1.0203636363636364,0.0,0.0,0.0,1.088499476613562,,0.0,,1.088605715871254,0.0,0.0,0.0,0.0,,,,,,0.0,,0.0,0.0,0.0,,0.0,0.0,0.0,,0.0,,0.0,,1.0887958282271244,,0.0,,0.0,,0.0,,0.0,,0.0,,0.0,,0.0,,0.0,0.0,0.0,,0.0,0.0,1.0887798092209855,,0.0,,0.0,0.0,0.0,0.0,,0.0,0.0,0.0,,
2223,Q1_Aug'25###40781IXMcE0bOJM7XcnfzHiYKcw==,40781IXMcE0bOJM7XcnfzHiYKcw==,Q1,ACB,36-45,Aug'25,Q3'25,Offline,Female,Ha Noi,MAFF,ACB,,,,,,ACB,,BIDV,MBBank,VPBank,Vietinbank,Techcombank,Vietcombank,,,9.0,"ACB cung cấp nhiều loại tài khoản , thẻ , khoản vay , tiết kiệm với lãi suất và chính sách cạnh tranh phù hợp với nhiều nhu cầu của khách hàng",Không có,10,"Có thể sử dụng mọi giao dịch như chuyển tiền ,thanh toán hóa đơn , gửi tiết kiệm online hoặc nạp thẻ điện thoại mà không cần đến ngân hàng",4,5,4,5,4,4, I do not use this bank product, I do not use this bank product, I do not use this bank product, I do not use this bank product,5, I do not use this bank product,4.0,Debit,Thẻ ghi nợ của ACB chưa có nhiều ưu đãi mua sắm hay khuyến mãi cho người dùng thẻ,Not use in recent 1 month,Not use in recent 1 month,Not use in recent 1 month,Not use in recent 1 month,5,,,,9.0,9.0,9.0,8.0,9.0,9.0,,,,,ACB,ACB,BIDV,Techcombank,MBBank,ACB,Vietinbank,ACB,,0.0,,,,,,0.0,,,,,,0.0,,,,,,0.0,,,,,,1.0,,,,,,1.0,,,,,,0.0,,,,,,0.0,,,,,,0.0,,,,,,1.0,,,,,,0.0,,,,,,1.0,,,,,Q3'25,0.0,1.0867857142857142,0.0,0.0,1.0868421052631578,0.0,0.0,1.1402399067265794,0.0,0.0,0.0,0.0,0.0,1.1402627595155708,0.0,0.0,,,,0.0,,0.0,,0.0,0.0,0.0,,0.0,0.0,0.0,0.0,0.0,,1.1398514093137253,0.0,1.140487132352941,,0.0,,0.0,,0.0,,0.0,,0.0,0.0,0.0,,0.0,0.0,0.0,0.0,0.0,,0.0,,0.0,0.0,0.0,,0.0,0.0,1.1407255284926467,0.0,,,0.0,0.0,,
2224,Q1_Aug'25###40782snSl4+ehdcuwrujKQh7ilA==,40782snSl4+ehdcuwrujKQh7ilA==,Q1,MBBank,25-35,Aug'25,Q3'25,Offline,Female,Ho Chi Minh,MAFF,MBBank,,,,,,MBBank,,VPBank,MSB,Vietinbank,Techcombank,ACB,Vietcombank,BIDV,,10.0,"Hệ thống giao dịch nhiều trên khắp tỉnh thành, thẻ ATM của Mbbank đa dạng có nhiều loại và nhiều người sử dụng",không cần cải thiện gì,9,"Ứng dụng nhiều tính năng xài tiện lợi và giao diện đẹp mắt , bảo mật thông tin tốt",5,5,4,5,5,5,5, I do not use this bank product,4, I do not use this bank product,5, I do not use this bank product,4.0,Terms deposit,Nếu rút tiền trước kỳ hạn thì lãi suất bị thấp hơn rất nhiều,5,Not use in recent 1 month,4,Not use in recent 1 month,5,4.0,Call Center,Kết nối hơi khó lúc giờ cao điểm,10.0,9.0,9.0,9.0,10.0,10.0,,,,,MBBank,MBBank,MBBank,MBBank,MBBank,MBBank,MBBank,MBBank,,,,,0.0,,,,,,0.0,,,,,,0.0,,,,,,0.0,,,,,,1.0,,,,,,1.0,,,,,,1.0,,,,,,1.0,,,,,,1.0,,,,,,1.0,,,,,,1.0,,,,,,1.0,,Q3'25,1.041777777777778,1.0417241379310345,0.0,0.0,0.0,1.0596181832107845,0.0,1.0594298066448804,0.0,0.0,0.0,0.0,,0.0,0.0,0.0,,,,0.0,,0.0,,0.0,,0.0,0.0,0.0,,1.059860381652661,0.0,0.0,,0.0,,1.0599572610294117,0.0,0.0,,,0.0,0.0,,0.0,,0.0,,0.0,,0.0,0.0,0.0,,0.0,,0.0,,0.0,,0.0,,0.0,,0.0,0.0,0.0,0.0,0.0,,,
2225,Q1_Aug'25###407833pCCg5+O0kbR3bAWlaMAqg==,407833pCCg5+O0kbR3bAWlaMAqg==,Q1,Vietcombank,36-45,Aug'25,Q3'25,Offline,Male,Ho Chi Minh,AFF,BIDV,Vietcombank,,,,,Vietcombank,,VPBank,MSB,Vietinbank,Techcombank,ACB,MBBank,,,9.0,"Thương hiệu có uy tín lâu đời nhiều sản phẩm uy tín, thẻ liên kết với nhiều đối tác mua sắm đáp ứng được nhu cầu khách hàng",không có điểm nào,9,"Quét mã QR nhanh tiện lợi ít bị lỗi, thanh toán hóa đơn điện nước nhanh",5,5,5,4,5,5,5, I do not use this bank product,5, I do not use this bank product,4, I do not use this bank product,4.0,Secured Loan,Yêu cầu thủ tục nhiều mất nhiều thời gian của tôi,5,Not use in recent 1 month,Not use in recent 1 month,4,5,4.0,Fanpage,Ít cập nhật thông tin thấy không lôi cuốn khi theo dõi,9.0,9.0,10.0,9.0,10.0,10.0,Vietcombank,Vietcombank,Vietcombank,Vietcombank,,,,,Vietcombank,Vietcombank,Vietcombank,Vietcombank,,,1.0,,,,,,1.0,,,,,,1.0,,,,,,1.0,,,,,,0.0,,,,,,0.0,,,,,,0.0,,,,,,0.0,,,,,,1.0,,,,,,1.0,,,,,,1.0,,,,,,1.0,,,,Q3'25,0.0,0.9090625,0.0,0.9090322580645162,0.0,0.0,0.0,0.7784998276654411,0.0,0.0,0.0,0.7786916593968096,0.0,0.0,0.0,0.0,,,,0.0,0.0,,0.0,0.0,,,0.0,0.0,0.0,0.0,0.0,0.0,0.0,0.0,0.0,0.7787586609162896,0.0,0.0,0.0,0.7794175091911765,,0.0,,0.0,,0.0,0.0,0.0,0.0,0.0,0.0,0.0,,0.0,,0.0,0.0,0.7786094877219756,0.0,0.0,0.0,0.0,0.0,0.0,0.0,0.0,,0.0,0.0,,
2226,Q1_Aug'25###40784CVJ52po5x1GbDLnMKVHp1Q==,40784CVJ52po5x1GbDLnMKVHp1Q==,Q1,Techcombank,25-35,Aug'25,Q3'25,Offline,Male,Ha Noi,AFF,Techcombank,,,,,,Techcombank,,MSB,Vietinbank,ACB,Vietcombank,BIDV,MBBank,VPBank,,9.0,"Ngân hàng thông minh, dễ dàng thanh toán, phù hợp với mọi nhu cầu sử dụng của tôi","Ít khuyến mãi, mã giảm giá khi thanh toán",9,"Nhanh chóng, thao tác linh hoạt",4,4,4,4,4,5,3, I do not use this bank product,4, I do not use this bank product, I do not use this bank product, I do not use this bank product,3.0,Credit card,Ít khuyến mãi cho chủ thẻ mặc dù mức chi tiêu rất tốt,4,Not use in recent 1 month,Not use in recent 1 month,Not use in recent 1 month,5,4.0,Branch,tôi chỉ thấy hài lòng cho các chi nhánh ngân hàng thôi chứ không có góp ý thêm điểm nào,9.0,9.0,9.0,9.0,10.0,9.0,MBBank,Techcombank,ACB,Vietcombank,,,,,Techcombank,Missing lable,Techcombank,Techcombank,0.0,,,,,,1.0,,,,,,0.0,,,,,,0.0,,,,,,0.0,,,,,,0.0,,,,,,0.0,,,,,,0.0,,,,,,1.0,,,,,,0.0,,,,,,1.0,,,,,,1.0,,,,,,Q3'25,0.8404,0.0,0.0,0.8403076923076923,0.0,0.9006671262254901,0.0,0.0,0.0,0.0,,0.9005503393665156,,0.0,0.0,0.0,,,,0.0,,0.0,,0.0,,0.0,,0.0,,0.0,,0.900220588235294,,0.0,,0.0,,0.0,0.0,0.0,,,,0.0,,0.0,,0.0,,0.0,,0.0,,0.0,,0.0,,0.9006766270337921,,0.0,,0.0,0.0,0.0,,,,0.0,0.0,,
2227,Q1_Aug'25###40785Uv8zmgqA91DC++epBQxDLA==,40785Uv8zmgqA91DC++epBQxDLA==,Q1,Techcombank,36-45,Aug'25,Q3'25,Offline,Female,Ho Chi Minh,AFF,Techcombank,,,,,,Techcombank,,ACB,Vietcombank,BIDV,MBBank,VPBank,MSB,Vietinbank,,9.0,"Miễn phí giao dịch, ngân hàng phổ biến chi nhánh nhiều, tính năng hiện đại trên app nhiều",không có gì,9,"Ưng dụng tích hợp nhiều tính năng hiện đại, giao dịch thanh toán nhanh",5,4,5,5,5,5,5, I do not use this bank product,4,5, I do not use this bank product, I do not use this bank product,4.0,Terms deposit,Tất toán online hay bị lỗi,4,5,Not use in recent 1 month,Not use in recent 1 month,5,4.0,Branch,Một số nhân viên quầy làm việc chậm để tôi chờ lâu,10.0,9.0,10.0,9.0,9.0,10.0,Techcombank,Techcombank,Techcombank,Techcombank,,,,,Techcombank,Techcombank,Techcombank,Techcombank,1.0,,,,,,1.0,,,,,,1.0,,,,,,1.0,,,,,,0.0,,,,,,0.0,,,,,,0.0,,,,,,0.0,,,,,,1.0,,,,,,1.0,,,,,,1.0,,,,,,1.0,,,,,,Q3'25,0.8404,0.0,0.0,0.0,0.8402777777777778,0.9006671262254901,0.0,0.0,0.0,0.0,,0.0,,0.900555491727941,0.0,0.0,,,,0.0,,0.9002205882352939,,0.0,,0.0,,0.0,,0.9007077205882351,,0.0,,0.0,,0.0,,0.0,0.0,0.0,,,,0.0,,0.0,,0.0,,0.0,,0.0,,0.0,,0.0,,0.0,,0.0,,0.9002205882352939,0.0,0.0,,,,0.0,0.0,,
2228,Q1_Aug'25###40786ppmj3nTP+z2HDr+Hdt7xqg==,40786ppmj3nTP+z2HDr+Hdt7xqg==,Q1,BIDV,36-45,Aug'25,Q3'25,Offline,Female,Ho Chi Minh,AFF,BIDV,,,,,,BIDV,,Vietcombank,MBBank,VPBank,MSB,Vietinbank,Techcombank,ACB,,8.0,lãi suất vay thấp hơn cạnh tranh hơn với ngân hàng khác để thu hút nhu cầu người vay vốn,,9,"App chạy nhanh , màn hình khi giao dịch không bị đơ , bảo mật cao giao dich an toàn",5,5,3,4,5,5,4, I do not use this bank product,5, I do not use this bank product,3, I do not use this bank product,3.0,Secured Loan,Lãi suất cao không cạnh tranh,5,Not use in recent 1 month,Not use in recent 1 month,5,4,4.0,ATM,Giao dịch bị đơ máy chạy chậm,8.0,7.0,9.0,9.0,8.0,8.0,BIDV,BIDV,BIDV,BIDV,,,,,BIDV,Other,BIDV,BIDV,,,,1.0,,,,,,1.0,,,,,,1.0,,,,,,1.0,,,,,,0.0,,,,,,0.0,,,,,,0.0,,,,,,0.0,,,,,,1.0,,,,,,0.0,,,,,,1.0,,,,,,1.0,,,Q3'25,0.0,0.0,0.0,0.0,1.075217391304348,0.0,0.0,0.0,0.0,0.0,0.0,0.0,0.0,0.0,1.5162808641975307,0.0,,,,,0.0,0.0,,0.0,0.0,0.0,0.0,0.0,,0.0,0.0,0.0,,0.0,,0.0,0.0,0.0,,,,,,,,0.0,0.0,0.0,0.0,0.0,0.0,0.0,,0.0,0.0,0.0,,0.0,,0.0,,0.0,0.0,0.0,0.0,0.0,1.5233333333333332,0.0,0.0,,
2229,Q1_Aug'25###40787ak+koJ8yduhmgs+8jr8ejWHFLVpSG0LrvCj2pgFo5ZQ=,40787ak+koJ8yduhmgs+8jr8ejWHFLVpSG0LrvCj2pgFo5ZQ=,Q1,Vietcombank,25-35,Aug'25,Q3'25,Online,Male,Ho Chi Minh,MAFF,ACB,Vietcombank,MBBank,Techcombank,,,Vietcombank,MBBank,Vietinbank,BIDV,,,,,,,10.0,Vì là một ngân hàng uy tín lâu năm,Thêm nhiều chi nhánh hơn,9,Một ứng dụng ít lỗi xảy ra và sử dụng rất mượt,5,4,5,5,5,5,5,4,5,5,5,4,4.0,Banca,Có vài bải hiểm tôi không muốn lâm,5,4,5,5,5,4.0,Telesales,Điện thoại cho tôi quá nhiều,9.0,9.0,9.0,9.0,8.0,8.0,,,,,Vietcombank,Vietcombank,Vietcombank,MBBank,Vietcombank,Vietcombank,Vietcombank,MBBank,,,0.0,,,,,,0.0,,,,,,0.0,,,,,,0.0,,,,,,1.0,,,,,,1.0,,,,,,1.0,,,,,,0.0,,,,,,1.0,,,,,,1.0,,,,,,1.0,,,,,,0.0,,,,Q3'25,0.0,0.0,0.0,0.9090322580645162,0.0,0.0,0.0,0.0,0.0,0.0,0.0,0.7786916593968096,0.0,0.0,0.0,0.0,,,,0.0,0.0,,0.0,0.0,,,0.0,0.0,0.0,0.0,0.0,0.0,0.0,0.0,0.0,0.0,0.0,0.0,0.0,0.0,,0.0,,0.0,,0.0,0.0,0.0,0.0,0.0,0.0,0.0,,0.0,,0.0,0.0,0.7786094877219756,0.0,0.0,0.0,0.0,0.0,0.0,0.0,0.0,,0.0,0.0,,
2230,Q10_Aug'25###40787ak+koJ8yduhmgs+8jr8ejWHFLVpSG0LrvCj2pgFo5ZQ=,40787ak+koJ8yduhmgs+8jr8ejWHFLVpSG0LrvCj2pgFo5ZQ=,Q10,MBBank,25-35,Aug'25,Q3'25,Online,Male,Ho Chi Minh,MAFF,ACB,Vietcombank,MBBank,Techcombank,,,Vietcombank,MBBank,Vietinbank,BIDV,,,,,,,9.0,Vì là ngân hàng của quân đội rất uy tín,Thêm nhiều chi nhánh hơn và atm,10,Vì sử dụng rất ổn định,5,5,5,5,5,5,5,4,5,5,5,5,4.0,Banca,Có vài bảo hiểm tôi không sử dụng,5,5,5,5,4,4.0,ATM,Ít máy atm,9.0,9.0,10.0,9.0,9.0,9.0,,,,,Vietcombank,Vietcombank,Vietcombank,MBBank,Vietcombank,Vietcombank,Vietcombank,MBBank,,,,,0.0,,,,,,0.0,,,,,,0.0,,,,,,0.0,,,,,,0.0,,,,,,0.0,,,,,,0.0,,,,,,1.0,,,,,,0.0,,,,,,0.0,,,,,,0.0,,,,,,1.0,,Q3'25,0.0,0.0,0.0,1.0416363636363637,0.0,0.0,0.0,0.0,0.0,0.0,0.0,1.0595873579545456,,0.0,0.0,0.0,,,,0.0,,0.0,,0.0,,0.0,0.0,0.0,,0.0,0.0,0.0,,0.0,,0.0,0.0,0.0,,,0.0,0.0,,0.0,,0.0,,0.0,,0.0,0.0,0.0,,0.0,,0.0,,1.0596595341642756,,0.0,,0.0,,0.0,0.0,0.0,0.0,0.0,,,
2231,Q1_Aug'25###40788p823obiO/8Opi/iN8+rztivawxIOAphmX6Pz3sqFPXA=,40788p823obiO/8Opi/iN8+rztivawxIOAphmX6Pz3sqFPXA=,Q1,Vietcombank,46-55,Aug'25,Q3'25,Online,Male,Ho Chi Minh,MAFF,Vietcombank,,,,,,Vietcombank,,MSB,Vietinbank,Techcombank,ACB,BIDV,MBBank,VPBank,,7.0,"Văn phòng giao dịch thường quá đông đúc, phải chờ lâu",,7,cần thông tin rõ ràng về các khoản thuế còn chưa được thanh toán (Vietinbank làm tốt điều này),3,3,3,3,3, I do not use this bank product, I do not use this bank product,3,3, I do not use this bank product, I do not use this bank product, I do not use this bank product,3.0,Terms deposit,Lãi suất VCB chưa bao giờ hấp dẫn,2,Not use in recent 1 month,Not use in recent 1 month,Not use in recent 1 month,3,2.0,Branch,"Quá đông đúc, chờ lâu.",6.0,5.0,9.0,5.0,8.0,8.0,,,,,Vietcombank,Techcombank,ACB,Techcombank,Vietcombank,ACB,VPBank,Techcombank,,,0.0,,,,,,0.0,,,,,,0.0,,,,,,0.0,,,,,,1.0,,,,,,0.0,,,,,,0.0,,,,,,0.0,,,,,,1.0,,,,,,0.0,,,,,,0.0,,,,,,0.0,,,,Q3'25,0.0,0.0,0.9089655172413792,0.0,0.0,0.0,0.0,0.0,0.0,0.0,1.785244984567901,0.0,0.0,0.0,0.0,0.0,,,,0.0,0.0,,0.0,0.0,,,0.0,0.0,0.0,0.0,0.0,0.0,0.0,0.0,0.0,0.0,0.0,0.0,0.0,0.0,,0.0,,0.0,,0.0,1.7844264403292185,0.0,0.0,0.0,0.0,0.0,,0.0,,0.0,0.0,0.0,0.0,0.0,0.0,0.0,0.0,0.0,0.0,0.0,,0.0,0.0,,
2232,Q1_Aug'25###407892UL91SxSTKkyOcufEUqeypFk9JZQ+kHj+iLlCSl0IRE=,407892UL91SxSTKkyOcufEUqeypFk9JZQ+kHj+iLlCSl0IRE=,Q1,BIDV,25-35,Aug'25,Q3'25,Online,Female,Ha Noi,MAFF,BIDV,,,,,,BIDV,,VPBank,MSB,Vietinbank,Techcombank,ACB,Vietcombank,MBBank,,9.0,"ngân hàng lâu đời, uy tín, luôn cập nhật ứng dụng mới nhất, dễ sử dụng, tuy nhiên lãi suất chưa hấp dẫn lắm",app mượt mà ổn định hơn nữa,10,"liên tục đổi mới, cập nhật, dễ sử dụng, nhiều liên kết tiện ích",4,4,3,5,4,4,4,3,2,3, I do not use this bank product, I do not use this bank product,2.0,Terms deposit,lãi suất không hấp dẫn,4,Not use in recent 1 month,Not use in recent 1 month,Not use in recent 1 month,4,4.0,Branch,thủ tục giải quyết nhanh nhưng chờ lâu do đông,9.0,8.0,10.0,9.0,9.0,10.0,,,,,VPBank,ACB,BIDV,MSB,BIDV,BIDV,BIDV,BIDV,,,,0.0,,,,,,0.0,,,,,,0.0,,,,,,0.0,,,,,,0.0,,,,,,0.0,,,,,,1.0,,,,,,0.0,,,,,,1.0,,,,,,1.0,,,,,,1.0,,,,,,1.0,,,Q3'25,1.075161290322581,0.0,0.0,1.0751923076923076,1.075217391304348,1.009468443627451,0.0,0.0,0.0,0.0,0.0,1.0095707179930795,0.0,0.0,1.5162808641975307,0.0,,,,,0.0,0.0,,1.0092945772058823,0.0,1.010233455882353,0.0,0.0,,0.0,0.0,0.0,,0.0,,0.0,0.0,0.0,,,,,,,,0.0,0.0,0.0,0.0,0.0,0.0,0.0,,0.0,0.0,0.0,,1.0095416505417958,,0.0,,0.0,0.0,0.0,0.0,1.518631687242798,0.0,0.0,0.0,,
2233,Q1_Aug'25###40790vjkgfd9aUk+0+T4k900Vy/Cjkv1v2puckIJAqZI2icM=,40790vjkgfd9aUk+0+T4k900Vy/Cjkv1v2puckIJAqZI2icM=,Q1,Techcombank,36-45,Aug'25,Q3'25,Online,Male,Ha Noi,MAFF,MBBank,VPBank,Techcombank,Vietcombank,,,Techcombank,,Vietinbank,BIDV,,,,,,,10.0,Nhanh chóng và tiện lợi,Nâng lãi suất hấp dẫn hơn nữa,10,Hoạt động mượt mà và ổn định,4,5,3,4,5, I do not use this bank product,5,4,4,4,4, I do not use this bank product,4.0,Bond/Funds,Còn hạn chế khi sở hữu,4,Not use in recent 1 month,3,5,5,3.0,Call Center,Rất khó gặp được nhân viên,9.0,9.0,9.0,9.0,9.0,9.0,,,,,Techcombank,Techcombank,Vietcombank,Techcombank,Techcombank,Techcombank,Vietcombank,Techcombank,0.0,,,,,,0.0,,,,,,0.0,,,,,,0.0,,,,,,1.0,,,,,,1.0,,,,,,0.0,,,,,,1.0,,,,,,1.0,,,,,,1.0,,,,,,0.0,,,,,,1.0,,,,,,Q3'25,0.8404,0.0,0.8402499999999999,0.0,0.0,0.9006671262254901,0.0,0.0,0.0,0.9004885110294116,,0.0,,0.0,0.0,0.0,,,,0.0,,0.0,,0.0,,0.0,,0.0,,0.0,,0.900220588235294,,0.0,,0.0,,0.0,0.0,0.0,,,,0.0,,0.9007846362229102,,0.0,,0.0,,0.0,,0.0,,0.0,,0.0,,0.0,,0.0,0.0,0.0,,,,0.0,0.0,,
2234,Q1_Aug'25###40791odY8Q9C2O/gV+RlAUq1nvfbKFXV2XphIJ8QxLQl0KIY=,40791odY8Q9C2O/gV+RlAUq1nvfbKFXV2XphIJ8QxLQl0KIY=,Q1,ACB,36-45,Aug'25,Q3'25,Online,Male,Ho Chi Minh,MAFF,BIDV,ACB,,,,,ACB,,Techcombank,Vietcombank,Vietinbank,,,,,,10.0,tôi thấy ACB là ngân hàng có dịch vụ tốt và bảo mật cao cho người dùng,cần thêm những nơi rút tiền hơn,9,"ứng dụng ngân hàng trên điện thoại rất dễ sử dụng, giao diện thích hợp với người dùng",4,5,4,4,5, I do not use this bank product,5,4,4,4, I do not use this bank product, I do not use this bank product,4.0,Terms deposit,lãi suất mức tiền tiết kiệm thay đổi nhiều,5,Not use in recent 1 month,Not use in recent 1 month,4,4,4.0,ATM,đôi khi máy ATM bị lỗi kỹ thuật,10.0,9.0,10.0,9.0,9.0,9.0,,,,,ACB,ACB,ACB,ACB,ACB,Missing lable,ACB,ACB,,0.0,,,,,,0.0,,,,,,0.0,,,,,,0.0,,,,,,1.0,,,,,,1.0,,,,,,1.0,,,,,,1.0,,,,,,1.0,,,,,,0.0,,,,,,1.0,,,,,,1.0,,,,,Q3'25,0.0,1.0867857142857142,1.0870967741935484,0.0,0.0,0.0,0.0,1.1402399067265794,0.0,1.140092545638945,0.0,0.0,0.0,0.0,0.0,0.0,,,,0.0,,0.0,,0.0,0.0,0.0,,0.0,0.0,0.0,0.0,0.0,,0.0,0.0,0.0,,1.140487132352941,,0.0,,0.0,,0.0,,0.0,0.0,0.0,,1.140120369061086,0.0,0.0,0.0,0.0,,0.0,,0.0,0.0,0.0,,0.0,0.0,0.0,0.0,,,0.0,0.0,,
2235,Q1_Aug'25###40792FZTvCTdp6Vzfv1enujy8TA==,40792FZTvCTdp6Vzfv1enujy8TA==,Q1,Vietcombank,36-45,Aug'25,Q3'25,Offline,Male,Ho Chi Minh,AFF,Vietcombank,,,,,,Vietcombank,,MSB,Vietinbank,Techcombank,ACB,BIDV,MBBank,VPBank,,9.0,"Ngân hàng lâu năm nhiều người biết đến sử dụng nhiều, chi nhánh phủ rộng toàn quốc dễ giao dịch",Không có,10,Bảo mật an toàn cao nhiều ưu đãi khuyến mãi cho khách hàng giao diện dễ sử dụng,5,5,5,4,4,5,5, I do not use this bank product,5, I do not use this bank product,5, I do not use this bank product,,,,Not use in recent 1 month,Not use in recent 1 month,Not use in recent 1 month,5,5,,,,9.0,10.0,10.0,9.0,9.0,10.0,Vietcombank,Vietinbank,Vietinbank,Vietcombank,,,,,Vietcombank,Vietcombank,Vietcombank,Vietinbank,,,1.0,,,,,,0.0,,,,,,0.0,,,,,,1.0,,,,,,0.0,,,,,,0.0,,,,,,0.0,,,,,,0.0,,,,,,1.0,,,,,,1.0,,,,,,1.0,,,,,,0.0,,,,Q3'25,0.9091666666666666,0.0,0.0,0.9090322580645162,0.0,0.7784998276654411,0.0,0.0,0.0,0.0,0.0,0.7786916593968096,0.0,0.0,0.0,0.0,,,,0.0,0.0,,0.0,0.0,,,0.0,0.0,0.0,0.7788465073529411,0.0,0.0,0.0,0.0,0.0,0.0,0.0,0.0,0.0,0.0,,0.0,,0.0,,0.0,0.0,0.0,0.0,0.0,0.0,0.0,,0.0,,0.0,0.0,0.7786094877219756,0.0,0.0,0.0,0.0,0.0,0.0,0.0,0.0,,0.0,0.0,,
2236,Q1_Aug'25###4079395vnn8gFB5dQZPM7R5Qq5Q==,4079395vnn8gFB5dQZPM7R5Qq5Q==,Q1,ACB,46-55,Aug'25,Q3'25,Offline,Female,Ho Chi Minh,AFF,Techcombank,ACB,Vietcombank,,,,ACB,,Vietinbank,BIDV,MBBank,VPBank,MSB,,,,9.0,"Vào giao dịch được đón tiếp chu đáo , chi nhánh gần nhà dễ đến dễ giao dịch khi cần, cung cấp nhiều sản phẩm dịch vụ",không có,9,"Ít khi bị vấn đề lỗi, liên kết ví điện tử thanh toán nhanh tiện lợi",5,5,5,4,5,5,4, I do not use this bank product,5, I do not use this bank product, I do not use this bank product, I do not use this bank product,4.0,Credit card,Tính lãi suất cao khi quên thanh toán,5,Not use in recent 1 month,Not use in recent 1 month,Not use in recent 1 month,5,,,,9.0,9.0,10.0,9.0,10.0,9.0,ACB,ACB,ACB,ACB,,,,,ACB,ACB,ACB,ACB,,1.0,,,,,,1.0,,,,,,1.0,,,,,,1.0,,,,,,0.0,,,,,,0.0,,,,,,0.0,,,,,,0.0,,,,,,1.0,,,,,,1.0,,,,,,1.0,,,,,,1.0,,,,,Q3'25,1.086875,1.0867857142857142,0.0,1.087,0.0,1.1399762834821427,0.0,1.1402399067265794,0.0,0.0,0.0,1.140092545638945,0.0,0.0,0.0,0.0,,,,0.0,,0.0,,0.0,0.0,0.0,,0.0,0.0,1.1404341554330064,0.0,0.0,,0.0,0.0,1.140487132352941,,0.0,,0.0,,0.0,,0.0,,0.0,0.0,0.0,,0.0,0.0,1.1399912683823528,0.0,0.0,,0.0,,0.0,0.0,0.0,,0.0,0.0,0.0,0.0,,,0.0,0.0,,
2237,Q1_Aug'25###40794GmpS0vCX706kR7pJqDUpyw==,40794GmpS0vCX706kR7pJqDUpyw==,Q1,MBBank,36-45,Aug'25,Q3'25,Offline,Male,Ho Chi Minh,AFF,MBBank,BIDV,,,,,MBBank,,Techcombank,ACB,Vietcombank,VPBank,MSB,Vietinbank,,,8.0,Chăm sóc khách hàng tốt hơn bằng các chương trình khuyến mãi ưu đãi lãi suất nhiều hơn,,9,"Giao diện đơn giản dễ thực hiện giao dịch ,dễ tìm kiếm các dịch vụ có sẵn trên app",4,5,3,4,5,5,4, I do not use this bank product,4, I do not use this bank product, I do not use this bank product, I do not use this bank product,4.0,Terms deposit,"Mở sổ tiết kiệm ít khi có chương trình quà tặng , không nhiều khuyến mãi",4,Not use in recent 1 month,Not use in recent 1 month,Not use in recent 1 month,5,4.0,Branch,Đợi chờ đến lượt giao dịch quầy khá lâu,8.0,8.0,8.0,8.0,9.0,9.0,MBBank,MBBank,MBBank,MBBank,,,,,MBBank,MBBank,MBBank,MBBank,,,,,1.0,,,,,,1.0,,,,,,1.0,,,,,,1.0,,,,,,0.0,,,,,,0.0,,,,,,0.0,,,,,,0.0,,,,,,1.0,,,,,,1.0,,,,,,1.0,,,,,,1.0,,Q3'25,0.0,0.0,0.0,0.0,1.0417391304347827,0.0,0.0,0.0,0.0,0.0,0.0,0.0,,0.0,0.9218402777777778,0.0,,,,0.0,,0.0,,0.0,,0.0,0.0,0.0,,0.0,0.0,0.0,,0.0,,0.0,0.0,0.0,,,0.0,0.0,,0.0,,0.0,,0.0,,0.0,0.0,0.0,,0.0,,0.0,,0.0,,0.0,,0.0,,0.0,0.0,0.9196296296296296,0.0,0.0,,,
2238,Q1_Aug'25###40795EJA4hnvEjhdtdSUc2aLfcg==,40795EJA4hnvEjhdtdSUc2aLfcg==,Q1,Vietcombank,25-35,Aug'25,Q3'25,Offline,Male,Ho Chi Minh,MAFF,Vietcombank,,,,,,Vietcombank,,ACB,BIDV,MBBank,VPBank,MSB,Vietinbank,Techcombank,,8.0,"Nhân viên làm việc linh động hơn, xửa lý vấn đề nhanh hơn",,9,"Chuyển tiền nhanh,
Nhiều tiện ích,
Thanh toán an toàn",5,3,4,5,4,4, I do not use this bank product, I do not use this bank product,4, I do not use this bank product, I do not use this bank product, I do not use this bank product,4.0,Terms deposit,không thấy ưu đãi gì khi gửi nhiều,4,Not use in recent 1 month,4,Not use in recent 1 month,5,4.0,Branch,Giải quyết chậm để chờ lâu mất thời gian,8.0,7.0,9.0,8.0,8.0,7.0,,,,,Vietcombank,Vietcombank,Vietcombank,Vietcombank,Vietcombank,Vietcombank,Vietcombank,Missing lable,,,0.0,,,,,,0.0,,,,,,0.0,,,,,,0.0,,,,,,1.0,,,,,,1.0,,,,,,1.0,,,,,,1.0,,,,,,1.0,,,,,,1.0,,,,,,1.0,,,,,,0.0,,,,Q3'25,0.0,0.0,0.9089655172413792,0.9090322580645162,0.0,0.0,0.0,0.0,0.0,0.0,1.785244984567901,0.0,1.7877006172839505,0.0,0.0,0.0,,,,0.0,0.0,,0.0,0.0,,,0.0,0.0,0.0,0.0,0.0,0.0,0.0,0.0,0.0,0.0,0.0,0.0,0.0,0.0,,0.0,,0.0,,0.0,1.7844264403292185,0.0,0.0,0.0,0.0,0.0,,0.0,,0.0,0.0,0.0,0.0,0.0,1.787700617283951,0.0,0.0,0.0,0.0,0.0,,0.0,0.0,,
2239,Q1_Aug'25###407966kPnvhsWv30jwhX29E3BPg==,407966kPnvhsWv30jwhX29E3BPg==,Q1,BIDV,36-45,Aug'25,Q3'25,Offline,Male,Ho Chi Minh,MAFF,BIDV,,,,,,BIDV,,Vietcombank,MBBank,VPBank,MSB,Vietinbank,Techcombank,ACB,,9.0,"ngân hàng có cổ phần nhà nước nên thấy đáng tin cậy, khi tới giao dịch không bị nhân viên mời chào làm thẻ tín dụng không bị phiền",Không cần,9,"Có nhiều tiện ích trong app như thanh toán hóa đơn ,mua vé máy bay.
Giao diện chữ tiếng việt rõ ràng dễ sử dụng",4,5,4,5,5,5, I do not use this bank product,4,5, I do not use this bank product, I do not use this bank product, I do not use this bank product,4.0,Banca,Phí đóng mỗi năm cao mà quyền lợi thu về ít thấy chưa xứng đáng,5,4,Not use in recent 1 month,Not use in recent 1 month,5,4.0,Telesales,Mỗi lần gọi điện thu phí cước điện thoại cao,8.0,8.0,9.0,10.0,10.0,9.0,,,,,BIDV,BIDV,BIDV,BIDV,BIDV,BIDV,BIDV,BIDV,,,,0.0,,,,,,0.0,,,,,,0.0,,,,,,0.0,,,,,,1.0,,,,,,1.0,,,,,,1.0,,,,,,1.0,,,,,,1.0,,,,,,1.0,,,,,,1.0,,,,,,1.0,,,Q3'25,0.0,0.0,0.0,1.0751923076923076,0.0,0.0,0.0,0.0,0.0,0.0,0.0,1.0095707179930795,0.0,0.0,0.0,0.0,,,,,0.0,0.0,,0.0,0.0,0.0,0.0,0.0,,0.0,0.0,0.0,,0.0,,0.0,0.0,0.0,,,,,,,,0.0,0.0,0.0,0.0,0.0,0.0,0.0,,0.0,0.0,1.010859375,,1.0095416505417958,,0.0,,0.0,0.0,0.0,0.0,0.0,0.0,0.0,0.0,,
2240,Q1_Aug'25###40797xdnPF3K1nNvlYqSGm0pZ4A==,40797xdnPF3K1nNvlYqSGm0pZ4A==,Q1,BIDV,36-45,Aug'25,Q3'25,Offline,Male,Ho Chi Minh,MAFF,BIDV,,,,,,BIDV,,MBBank,VPBank,MSB,Vietinbank,Techcombank,ACB,Vietcombank,,9.0,"Có nhân viên mở tài khoản thẻ nhanh, thủ tục đơn giản, có các ưu đãi tích điểm đổi quà sau khi mở",Cần giảm phí dịch vụ sms khi đăng ký thông báo số dư qua sms,9,"Có giao diện màu xanh nhìn nổi bật thấy sang trọng, app bảo mật cao không lo sợ bị lộ thông tin ra ngoài",5,5,4,5,5,5,4, I do not use this bank product,5, I do not use this bank product, I do not use this bank product, I do not use this bank product,4.0,Credit card,lãi phát sinh khi đóng bị trễ quá ngày thanh toán cao,5,Not use in recent 1 month,Not use in recent 1 month,Not use in recent 1 month,4,4.0,ATM,Ít trụ giao dịch không thuận tiện,8.0,9.0,10.0,9.0,10.0,9.0,,,,,BIDV,BIDV,BIDV,BIDV,BIDV,BIDV,BIDV,BIDV,,,,0.0,,,,,,0.0,,,,,,0.0,,,,,,0.0,,,,,,1.0,,,,,,1.0,,,,,,1.0,,,,,,1.0,,,,,,1.0,,,,,,1.0,,,,,,1.0,,,,,,1.0,,,Q3'25,0.0,0.0,1.0752,0.0,1.075217391304348,0.0,0.0,0.0,0.0,1.009518119747899,0.0,0.0,0.0,1.0096556843891402,0.0,0.0,,,,,0.0,0.0,,0.0,0.0,0.0,0.0,0.0,,0.0,0.0,0.0,,0.0,,0.0,0.0,0.0,,,,,,,,1.0092945772058823,0.0,1.0092945772058823,0.0,0.0,0.0,0.0,,0.0,0.0,0.0,,0.0,,0.0,,0.0,0.0,0.0,0.0,0.0,0.0,1.0092945772058823,0.0,,
2241,Q1_Aug'25###40798WkBtKyv2Mx+GpYTiexsyzQ==,40798WkBtKyv2Mx+GpYTiexsyzQ==,Q1,Vietcombank,25-35,Aug'25,Q3'25,Offline,Female,Ho Chi Minh,MAFF,Vietcombank,,,,,,Vietcombank,,MBBank,VPBank,MSB,Vietinbank,Techcombank,ACB,BIDV,,9.0,"Ngân hàng lâu đời , chất lượng dịch vụ tốt  ,các sản phẩm luôn đáp ứng tốt nhu cầu khách hàng",Khi gọi lên tổng đài cần linh động giải quyết hơn đừng bắt ra trực tiếp ngân hàng,9,"Ít khi bị bảo trì , chạy mượt.
Ứng dụng vietcombank có thể chuyển khoản số tiền nhỏ khi cần thanh toán ít.",5,5,4,5,4,4, I do not use this bank product, I do not use this bank product,5, I do not use this bank product, I do not use this bank product, I do not use this bank product,4.0,Debit,Quẹt thẻ thanh toán đôi lúc bị lỗi.,5,Not use in recent 1 month,Not use in recent 1 month,Not use in recent 1 month,4,4.0,ATM,Có chỗ máy nhìn cũ chưa hiện đại,8.0,8.0,9.0,9.0,9.0,10.0,,,,,Vietcombank,Vietcombank,Vietcombank,Vietcombank,Vietcombank,Vietcombank,Vietcombank,Vietcombank,,,0.0,,,,,,0.0,,,,,,0.0,,,,,,0.0,,,,,,1.0,,,,,,1.0,,,,,,1.0,,,,,,1.0,,,,,,1.0,,,,,,1.0,,,,,,1.0,,,,,,1.0,,,,Q3'25,0.0,0.9090625,0.9089655172413792,0.9090322580645162,0.0,0.0,0.0,0.7784998276654411,0.0,0.7786017922794117,0.0,0.7786916593968096,0.0,0.0,0.0,0.0,,,,0.0,0.0,,0.0,0.0,,,0.0,0.0,0.0,0.0,0.0,0.0,0.0,0.0,0.0,0.0,0.0,0.0,0.0,0.0,,0.0,,0.7794175091911765,,0.0,0.0,0.0,0.0,0.7788057215073529,0.0,0.0,,0.0,,0.0,0.0,0.7786094877219756,0.0,0.0,0.0,0.0,0.0,0.0,0.0,0.0,,0.0,0.0,,
2242,Q1_Aug'25###40799vEtrj1APLLVRUQuXu8LPSQ==,40799vEtrj1APLLVRUQuXu8LPSQ==,Q1,VPBank,36-45,Aug'25,Q3'25,Offline,Male,Ho Chi Minh,AFF,VPBank,,,,,,VPBank,,MSB,Vietinbank,Techcombank,ACB,Vietcombank,BIDV,MBBank,,9.0,"Lãi suất các sản phẩm.hợp lý , ngân hàng lâu đời có tiếng , nhiều cây atm hay đặt tại các siêu thị thuận tiện rút tiền",Thấy không cần,10,"Nhạy bấm không bị đơ hay lag , giao dịch chuyển khoản nhanh người nhận được liền",5,5,5,4,5,4,5, I do not use this bank product, I do not use this bank product, I do not use this bank product,5,5,4.0,Debit,Thẻ ghi nợ không có chức năng xài trước trả sau chỉ xài theo số tiền có sẵn,4,Not use in recent 1 month,5,Not use in recent 1 month,5,4.0,Branch,Chi nhánh ít booth giao dịch chờ lâu,9.0,10.0,10.0,9.0,9.0,10.0,VPBank,VPBank,VPBank,VPBank,,,,,VPBank,VPBank,VPBank,VPBank,,,,,,1.0,,,,,,1.0,,,,,,1.0,,,,,,1.0,,,,,,0.0,,,,,,0.0,,,,,,0.0,,,,,,0.0,,,,,,1.0,,,,,,1.0,,,,,,1.0,,,,,,1.0,Q3'25,1.0202941176470588,0.0,0.0,1.0203636363636364,1.0202857142857142,1.0885365205652573,0.0,0.0,,0.0,,1.088605715871254,0.0,1.0885472752609109,0.0,0.0,,,,,,0.0,,0.0,0.0,0.0,,1.088203125,0.0,0.0,,0.0,,0.0,,0.0,,0.0,,0.0,,0.0,,0.0,,0.0,,0.0,,0.0,,0.0,0.0,0.0,,0.0,0.0,1.0887798092209855,,0.0,,0.0,0.0,1.0889143688725489,0.0,,0.0,0.0,0.0,,
2243,Q1_Aug'25###40800RrysIvDjZWDcxkf5vEECmQ==,40800RrysIvDjZWDcxkf5vEECmQ==,Q1,Techcombank,36-45,Aug'25,Q3'25,Offline,Female,Ho Chi Minh,MAFF,Techcombank,ACB,,,,,Techcombank,,MSB,Vietinbank,Vietcombank,BIDV,MBBank,VPBank,,,10.0,"App có tính năng sinh lời tự động , ngân hàng nhiều người dùng tiện giao dịch ,chuyển khoản ko tốn phí, hạn mức chuyển cao",Không có,10,"App có tính năng sinh lời tự động , chuyển tiền trên app hạn mức cao trong ngày",4,5,5,5,5,5, I do not use this bank product, I do not use this bank product,4, I do not use this bank product,5, I do not use this bank product,4.0,Terms deposit,"Tiền gửi tiêt kiệm lãi suất ko cao , ko có chương trình khuyến mãi",5,Not use in recent 1 month,Not use in recent 1 month,Not use in recent 1 month,4,4.0,ATM,Nhiều chức năng không có hướng dẫn rõ ràng khó thao tác,9.0,9.0,10.0,10.0,10.0,9.0,,,,,Techcombank,Techcombank,Techcombank,Techcombank,Techcombank,Techcombank,Techcombank,Techcombank,0.0,,,,,,0.0,,,,,,0.0,,,,,,0.0,,,,,,1.0,,,,,,1.0,,,,,,1.0,,,,,,1.0,,,,,,1.0,,,,,,1.0,,,,,,1.0,,,,,,1.0,,,,,,Q3'25,0.0,0.8404444444444444,0.0,0.8403076923076923,0.8402777777777778,0.0,0.0,0.9004641544117645,0.0,0.0,,0.9005503393665156,,0.900555491727941,0.0,0.0,,,,0.0,,0.0,,0.0,,0.0,,0.0,,0.0,,0.0,,0.900220588235294,,0.0,,0.0,0.0,0.0,,,,0.0,,0.0,,0.0,,0.0,,0.0,,0.0,,0.0,,0.9006766270337921,,0.0,,0.9002205882352939,0.0,0.0,,,,0.0,0.0,,
2244,Q1_Aug'25###40801SPiegEC/77cxFFAaa5Vm6g==,40801SPiegEC/77cxFFAaa5Vm6g==,Q1,ACB,22-24,Aug'25,Q3'25,Offline,Female,Ho Chi Minh,MAFF,ACB,,,,,,ACB,,Vietinbank,Techcombank,Vietcombank,BIDV,MBBank,VPBank,,,10.0,"Phòng giao dịch rộng rãi sang trọng, không gian ngồi chờ mát mẻ, app hoạt động nhanh, không lỗi, bảo mật cao",Chưa thấy điểm nào cần cải thiện,10,"App chạy nhanh, load nhanh, nhạy, chưa thấy bị lỗi khi giao dịch",4,5,5,4,5,5,4, I do not use this bank product, I do not use this bank product, I do not use this bank product, I do not use this bank product, I do not use this bank product,4.0,Credit card,Không có điểm không hài lòng tại ít dùng nên cũng không thấy có gì nổi bật,5,Not use in recent 1 month,4,Not use in recent 1 month,5,4.0,Call Center,"Phải đợi lâu mới gặp được tổng đài viên, quy trình gặp tổng đài phức tạp, phí gọi cao 1 ngàn/ phút",8.0,10.0,9.0,10.0,10.0,10.0,,,,,Missing lable,ACB,ACB,ACB,ACB,ACB,ACB,ACB,,0.0,,,,,,0.0,,,,,,0.0,,,,,,0.0,,,,,,0.0,,,,,,1.0,,,,,,1.0,,,,,,1.0,,,,,,1.0,,,,,,1.0,,,,,,1.0,,,,,,1.0,,,,,Q3'25,1.086875,0.0,0.0,0.0,0.0,1.1399762834821427,0.0,0.0,0.0,0.0,0.0,0.0,0.0,0.0,0.0,1.1398514093137253,,,,0.0,,1.1381031709558822,,0.0,0.0,0.0,,0.0,0.0,1.1404341554330064,0.0,0.0,,0.0,0.0,0.0,,0.0,,0.0,,0.0,,0.0,,0.0,0.0,0.0,,0.0,0.0,0.0,0.0,0.0,,0.0,,0.0,0.0,0.0,,0.0,0.0,0.0,0.0,,,0.0,0.0,,
2245,Q1_Aug'25###40802QWuQ7EhVaQB0Eujv8oEcLg==,40802QWuQ7EhVaQB0Eujv8oEcLg==,Q1,Techcombank,36-45,Aug'25,Q3'25,Offline,Male,Ho Chi Minh,MAFF,Techcombank,,,,,,Techcombank,,ACB,Vietcombank,BIDV,MBBank,VPBank,MSB,Vietinbank,,9.0,"Ngân hàng uy tín, lâu năm, nhiều người dùng, yên tâm khi sử dụng",Không có,9,"Ứng dụng dễ sử dụng, dễ hiểu, dễ thao tác, bảo trì trong thời gian mình đi ngủ nên không bảo giờ bị gián đoạn khi sử dụng nếu ngân hàng có bảo trì",5,5,4,5,5,4,4,4,5, I do not use this bank product,5,5,4.0,Credit card,Quên không thành toán đúng hạn phí phạt hơi cao,5,Not use in recent 1 month,Not use in recent 1 month,Not use in recent 1 month,5,,,,9.0,9.0,10.0,10.0,10.0,10.0,,,,,Techcombank,Techcombank,Techcombank,Techcombank,Techcombank,Missing lable,Techcombank,Techcombank,0.0,,,,,,0.0,,,,,,0.0,,,,,,0.0,,,,,,1.0,,,,,,1.0,,,,,,1.0,,,,,,1.0,,,,,,1.0,,,,,,0.0,,,,,,1.0,,,,,,1.0,,,,,,Q3'25,0.0,0.0,0.0,0.8403076923076923,0.0,0.0,0.0,0.0,0.0,0.0,,0.9005503393665156,,0.0,0.0,0.0,,,,0.0,,0.0,,0.0,,0.0,,0.0,,0.0,,0.0,,0.0,,0.0,,0.0,0.0,0.0,,,,0.0,,0.0,,0.0,,0.0,,0.0,,0.0,,0.0,,0.9006766270337921,,0.0,,0.0,0.0,0.0,,,,0.0,0.0,,
2246,Q1_Aug'25###408031HDsh3Gp71/ptp2Acp/FHA==,408031HDsh3Gp71/ptp2Acp/FHA==,Q1,VPBank,36-45,Aug'25,Q3'25,Offline,Female,Ha Noi,AFF,VPBank,,,,,,VPBank,,ACB,Vietcombank,BIDV,MBBank,MSB,Vietinbank,Techcombank,,9.0,"Có sự an toàn về bảo mật thông tin cao,minh bạch về các loại phí và lãi suất",Không cần,10,"Ứng dụng chạy mượt ít bị lỗi khi thực hiện giao dịch,giao diện dễ sử dụng",5,4,5,4,5,5,5, I do not use this bank product,5, I do not use this bank product, I do not use this bank product, I do not use this bank product,,,,5,Not use in recent 1 month,Not use in recent 1 month,Not use in recent 1 month,Not use in recent 1 month,,,,9.0,10.0,9.0,9.0,10.0,10.0,VPBank,VPBank,VPBank,VPBank,,,,,VPBank,VPBank,VPBank,VPBank,,,,,,1.0,,,,,,1.0,,,,,,1.0,,,,,,1.0,,,,,,0.0,,,,,,0.0,,,,,,0.0,,,,,,0.0,,,,,,1.0,,,,,,1.0,,,,,,1.0,,,,,,1.0,Q3'25,0.0,1.0202777777777776,1.0203448275862068,0.0,0.0,0.0,0.0,1.088499476613562,,1.0885710097616632,,0.0,0.0,0.0,0.0,0.0,,,,,,0.0,,0.0,0.0,0.0,,0.0,0.0,0.0,,0.0,,0.0,,0.0,,1.088203125,,0.0,,0.0,,0.0,,0.0,,0.0,,1.088203125,,0.0,0.0,0.0,,0.0,0.0,0.0,,0.0,,0.0,0.0,0.0,0.0,,0.0,0.0,0.0,,
2247,Q1_Aug'25###40804y6+lhtc4i40EnxUT9K51qQ==,40804y6+lhtc4i40EnxUT9K51qQ==,Q1,Vietcombank,36-45,Aug'25,Q3'25,Offline,Male,Ho Chi Minh,AFF,Vietcombank,,,,,,Vietcombank,,BIDV,MBBank,VPBank,MSB,Vietinbank,Techcombank,ACB,,10.0,"Ngân hàng có vốn đầu tư mạnh ở việt nam,đa dạng sản phẩm như vay,chứng chỉ quỹ,trái phiếu có lãi suất ưu đãi hợp lý",không có,9,"ứng dụng mạnh,mượt,ít khi bị lag hay lỗi,giao dịch nhanh chóng",4,4,5,4,5,4,5, I do not use this bank product,5, I do not use this bank product, I do not use this bank product, I do not use this bank product,4.0,Debit,vì thẻ này chưa lên dc visa không sử dụng được ở nước ngoài,4,Not use in recent 1 month,Not use in recent 1 month,5,Not use in recent 1 month,4.0,Branch,"Do chi nhánh hơi xa,hơi bất tiện chút khi đi ra phòng giao dịch",10.0,9.0,10.0,9.0,10.0,9.0,Vietcombank,Vietcombank,Vietcombank,Vietcombank,,,,,Vietcombank,Vietcombank,Vietcombank,Vietcombank,,,1.0,,,,,,1.0,,,,,,1.0,,,,,,1.0,,,,,,0.0,,,,,,0.0,,,,,,0.0,,,,,,0.0,,,,,,1.0,,,,,,1.0,,,,,,1.0,,,,,,1.0,,,,Q3'25,0.0,0.9090625,0.0,0.9090322580645162,0.9091304347826088,0.0,0.0,0.7784998276654411,0.0,0.0,0.0,0.7786916593968096,0.0,0.7787037568933823,0.0,0.0,,,,0.0,0.0,,0.0,0.0,,,0.0,0.0,0.0,0.0,0.0,0.0,0.0,0.0,0.0,0.7787586609162896,0.0,0.0,0.0,0.0,,0.0,,0.0,,0.0,0.0,0.0,0.0,0.0,0.0,0.0,,0.0,,0.0,0.0,0.7786094877219756,0.0,0.0,0.0,0.0,0.0,0.7794175091911764,0.0,0.0,,0.0,0.0,,
2248,Q1_Aug'25###40805ik2drDm2r1r1GBTR+FEZ/A==,40805ik2drDm2r1r1GBTR+FEZ/A==,Q1,ACB,36-45,Aug'25,Q3'25,Offline,Female,Ho Chi Minh,AFF,ACB,,,,,,ACB,,BIDV,MBBank,VPBank,MSB,Vietinbank,Techcombank,Vietcombank,,9.0,"Ngân hàng hiện đại,có thương hiệu lâu đời ở thị trường việt nam,được bạn bè người thân tin dùng vì sản phẩm ưu đãi cao như tiết kiệm,thẻ tín dụng....",không có,10,"ứng dụng hiện đại,có nhiều sản phẩm dịch vụ thanh toán trực tiếp trên app để khách hàng đỡ tốn công ra ngoài",4,5,5,4,5,5,4, I do not use this bank product, I do not use this bank product, I do not use this bank product,4, I do not use this bank product,4.0,Secured Loan,"vì phải thẩm định lâu,kéo dài thời gian giải ngân",5,4,Not use in recent 1 month,5,Not use in recent 1 month,4.0,Telesales,giao dịch viên  qua kênh bán hàng giải thích nhiều cái hơi khó hiểu,9.0,10.0,9.0,10.0,9.0,10.0,ACB,ACB,ACB,ACB,,,,,ACB,ACB,ACB,ACB,,1.0,,,,,,1.0,,,,,,1.0,,,,,,1.0,,,,,,0.0,,,,,,0.0,,,,,,0.0,,,,,,0.0,,,,,,1.0,,,,,,1.0,,,,,,1.0,,,,,,1.0,,,,,Q3'25,0.0,0.0,0.0,1.087,1.0868421052631578,0.0,0.0,0.0,0.0,0.0,0.0,1.140092545638945,0.0,1.1402627595155708,0.0,0.0,,,,0.0,,0.0,,0.0,0.0,0.0,,0.0,0.0,0.0,0.0,0.0,,0.0,0.0,0.0,,0.0,,0.0,,0.0,,0.0,,0.0,0.0,0.0,,0.0,0.0,0.0,0.0,0.0,,0.0,,1.140069939108456,0.0,0.0,,0.0,0.0,0.0,0.0,,,1.139152113970588,0.0,,
2249,Q1_Aug'25###40806L3Me2Mz++GvKTzTEyGGW9g==,40806L3Me2Mz++GvKTzTEyGGW9g==,Q1,MBBank,25-35,Aug'25,Q3'25,Offline,Male,Ho Chi Minh,MAFF,Vietcombank,MBBank,,,,,MBBank,,VPBank,MSB,Vietinbank,Techcombank,ACB,BIDV,,,10.0,"Vì Ngân hàng trực thuộc quân đội nhà nước nên uy tín hàng đầu,nhiều hình thức như tiết kiệm,vay có lãi suất hợp lí với khách hàng ở từng phân khúc",không cần,9,"Ứng dụng sử dụng giao dịch nhanh,chuyển và báo nhận tiền nhanh chóng,tích hợp nhiều dịch vụ để khách hàng trải nghiệm",5,4,5,4,4, I do not use this bank product,4, I do not use this bank product, I do not use this bank product,5, I do not use this bank product,5,4.0,Credit card,Hạn mức tín dụng không được cao lắm,5,Not use in recent 1 month,Not use in recent 1 month,5,Not use in recent 1 month,,,,9.0,10.0,9.0,9.0,9.0,10.0,,,,,MBBank,MBBank,MBBank,MBBank,MBBank,MBBank,MBBank,MBBank,,,,,0.0,,,,,,0.0,,,,,,0.0,,,,,,0.0,,,,,,1.0,,,,,,1.0,,,,,,1.0,,,,,,1.0,,,,,,1.0,,,,,,1.0,,,,,,1.0,,,,,,1.0,,Q3'25,0.0,1.0417241379310345,0.0,1.0416363636363637,1.0417391304347827,0.0,0.0,1.0594298066448804,0.0,0.0,0.0,1.0595873579545456,,1.0595289522058824,0.0,0.0,,,,0.0,,0.0,,0.0,,0.0,0.0,0.0,,0.0,0.0,0.0,,0.0,,1.0599572610294117,0.0,0.0,,,0.0,0.0,,0.0,,0.0,,0.0,,0.0,0.0,0.0,,0.0,,0.0,,1.0596595341642756,,0.0,,0.0,,1.0599572610294117,1.0579227941176472,0.0,0.0,0.0,,,
2250,Q1_Aug'25###4080745hov1xGhlT6Vw09sYp/Lg==,4080745hov1xGhlT6Vw09sYp/Lg==,Q1,ACB,25-35,Aug'25,Q3'25,Offline,Female,Ho Chi Minh,MAFF,ACB,,,,,,ACB,,MSB,Vietinbank,Techcombank,Vietcombank,BIDV,MBBank,VPBank,,9.0,"Đa dạng các sản phẩm dịch vụ mới . Lãi vay thấp ,ngân hàng có tiềm lực tài chính vững mạnh",Thêm nhiều chi nhánh hơn nữa để thuận tiện khi đi giao dịch .,9,"Ứng dụng bảo mật thông tin cá nhân tốt , các tính năng sắp xếp dễ tìm kiếm",5,5,5,4,4,4, I do not use this bank product, I do not use this bank product,5, I do not use this bank product, I do not use this bank product,5,4.0,Debit,Rút tiền tại các trụ atm của ngân hàng khác còn tốn phí cao .,4,Not use in recent 1 month,Not use in recent 1 month,Not use in recent 1 month,4,4.0,Branch,Chi nhánh ở xa nhà nên đi hơi lâu mới tới .,9.0,10.0,9.0,10.0,9.0,9.0,,,,,ACB,ACB,ACB,ACB,ACB,ACB,ACB,ACB,,0.0,,,,,,0.0,,,,,,0.0,,,,,,0.0,,,,,,1.0,,,,,,1.0,,,,,,1.0,,,,,,1.0,,,,,,1.0,,,,,,1.0,,,,,,1.0,,,,,,1.0,,,,,Q3'25,0.0,1.0867857142857142,0.0,1.087,1.0868421052631578,0.0,0.0,1.1402399067265794,0.0,0.0,0.0,1.140092545638945,0.0,1.1402627595155708,0.0,0.0,,,,0.0,,0.0,,0.0,0.0,0.0,,0.0,0.0,0.0,0.0,0.0,,0.0,0.0,1.140487132352941,,0.0,,0.0,,0.0,,0.0,,0.0,0.0,0.0,,0.0,0.0,0.0,0.0,0.0,,0.0,,1.140069939108456,0.0,0.0,,0.0,0.0,0.0,1.1398514093137253,,,0.0,0.0,,
2251,Q1_Aug'25###408089PmstOxaHGTJLsbKqPH0Bw==,408089PmstOxaHGTJLsbKqPH0Bw==,Q1,Techcombank,36-45,Aug'25,Q3'25,Offline,Female,Ho Chi Minh,AFF,Techcombank,,,,,,Techcombank,,Vietinbank,ACB,Vietcombank,BIDV,MBBank,VPBank,MSB,,10.0,"Có sinh lời tự động hiện đại ,hạn mức chuyển tiền cao ,nhân viên ngân hàng vui vẻ ,kiến thức chuyên môn cao .",Không cần cải thiện,10,Chuyển tiền 24/24  .đang nhập chuyển tiền nhanh .,5,5,4,5,5,5,5, I do not use this bank product,5, I do not use this bank product,4, I do not use this bank product,4.0,Secured Loan,Khi cần vay vốn gấp còn phải chờ thủ tục lâu .,5,Not use in recent 1 month,5,Not use in recent 1 month,5,,,,9.0,9.0,10.0,9.0,10.0,10.0,Techcombank,Techcombank,Techcombank,Techcombank,,,,,Techcombank,Techcombank,Techcombank,Techcombank,1.0,,,,,,1.0,,,,,,1.0,,,,,,1.0,,,,,,0.0,,,,,,0.0,,,,,,0.0,,,,,,0.0,,,,,,1.0,,,,,,1.0,,,,,,1.0,,,,,,1.0,,,,,,Q3'25,0.0,0.8404444444444444,0.0,0.8403076923076923,0.0,0.0,0.0,0.9004641544117645,0.0,0.0,,0.9005503393665156,,0.0,0.0,0.0,,,,0.0,,0.0,,0.0,,0.0,,0.0,,0.0,,0.0,,0.900220588235294,,0.0,,0.0,0.0,0.0,,,,0.0,,0.0,,0.0,,0.0,,0.9009350490196076,,0.0,,0.0,,0.0,,0.9002205882352939,,0.0,0.0,0.0,,,,0.0,0.0,,
2252,Q1_Aug'25###40809WRePPjeBlQiqihK2LCXNWA==,40809WRePPjeBlQiqihK2LCXNWA==,Q1,BIDV,36-45,Aug'25,Q3'25,Offline,Male,Ho Chi Minh,AFF,BIDV,,,,,,BIDV,,Techcombank,ACB,Vietcombank,MBBank,VPBank,MSB,Vietinbank,,10.0,"Chi nhánh rộng lớn ngân hàng lớn mạnh uy tín đáng tin cậy ,công nghệ hiện đại giao dịch nhanh chóng",Không có,9,Xử lý các giao dịch nhanh luôn cập nhập các thông tin khách để khách hàng dễ tiếp cận,5,4,4,5,5,5,5, I do not use this bank product,5, I do not use this bank product, I do not use this bank product, I do not use this bank product,,,,Not use in recent 1 month,Not use in recent 1 month,Not use in recent 1 month,Not use in recent 1 month,5,,,,9.0,10.0,9.0,9.0,9.0,10.0,BIDV,Techcombank,ACB,BIDV,,,,,BIDV,BIDV,BIDV,BIDV,,,,1.0,,,,,,0.0,,,,,,0.0,,,,,,1.0,,,,,,0.0,,,,,,0.0,,,,,,0.0,,,,,,0.0,,,,,,1.0,,,,,,1.0,,,,,,1.0,,,,,,1.0,,,Q3'25,1.075161290322581,0.0,0.0,1.0751923076923076,0.0,1.009468443627451,0.0,0.0,0.0,0.0,0.0,1.0095707179930795,0.0,0.0,0.0,1.0092945772058823,,,,,0.0,0.0,,0.0,0.0,1.010233455882353,0.0,0.0,,1.0092945772058823,0.0,0.0,,0.0,,0.0,0.0,0.0,,,,,,,,0.0,0.0,0.0,0.0,0.0,0.0,0.0,,0.0,0.0,0.0,,1.0095416505417958,,0.0,,0.0,0.0,0.0,0.0,0.0,0.0,0.0,0.0,,
2253,Q1_Aug'25###40810Z+5erDj4stzyHawgFKqpqQ==,40810Z+5erDj4stzyHawgFKqpqQ==,Q1,VPBank,25-35,Aug'25,Q3'25,Offline,Male,Ho Chi Minh,MAFF,VPBank,,,,,,VPBank,,ACB,Vietcombank,BIDV,MBBank,MSB,Vietinbank,Techcombank,,9.0,"Lãi suất tiết kiệm ưu đãi,nhiều văn phòng chi nhánh tiện lợi cho khách hàng,giao dịch viên thân thiện am hiểu sâu chuyên ngành tư vấn cho khách hàng 1 cách rõ ràng",không có,9,"Giao diện thân thiện,có nhiều dịch vụ được app cập nhật vào để khách hàng trải nghiệm tốt hơn như mua sắm,đặt vé ..",5,4,5,5,4, I do not use this bank product,5, I do not use this bank product,5, I do not use this bank product, I do not use this bank product, I do not use this bank product,,,,5,Not use in recent 1 month,4,4,Not use in recent 1 month,4.0,Fanpage,cập nhật tin tức hơi chậm so với app ngân hàng,10.0,9.0,10.0,9.0,10.0,9.0,,,,,VPBank,VPBank,VPBank,VPBank,VPBank,VPBank,VPBank,VPBank,,,,,,0.0,,,,,,0.0,,,,,,0.0,,,,,,0.0,,,,,,1.0,,,,,,1.0,,,,,,1.0,,,,,,1.0,,,,,,1.0,,,,,,1.0,,,,,,1.0,,,,,,1.0,Q3'25,1.0202941176470588,0.0,0.0,1.0203636363636364,1.0202857142857142,1.0885365205652573,0.0,0.0,,0.0,,1.088605715871254,0.0,1.0885472752609109,0.0,0.0,,,,,,0.0,,0.0,0.0,0.0,,0.0,0.0,1.088203125,,0.0,,0.0,,0.0,,0.0,,0.0,,0.0,,0.0,,0.0,,0.0,,0.0,,0.0,0.0,0.0,,1.088203125,0.0,0.0,,1.088203125,,0.0,0.0,1.0889143688725489,0.0,,0.0,0.0,0.0,,
2254,Q1_Aug'25###40811UbAUIBzURrmCnrb47SX6QQ==,40811UbAUIBzURrmCnrb47SX6QQ==,Q1,ACB,36-45,Aug'25,Q3'25,Offline,Male,Ho Chi Minh,AFF,ACB,,,,,,ACB,,Vietcombank,BIDV,MBBank,VPBank,MSB,Vietinbank,Techcombank,,10.0,"Chi nhánh giao dịch rộng ,máy lạnh mát ,nhiều quầy giao dịch .uy tín ngân hàng cao nhiều người tin dùng .",Không,9,"Tốn ít dung lượng khi xài , thanh toán chi tiêu ,chuyển khoản qua ứng dụng tiện ích .",5,4,5,4,5,5,4, I do not use this bank product,5, I do not use this bank product,5, I do not use this bank product,4.0,Credit card,Lãi suất thẻ tín dụng cao .,5,Not use in recent 1 month,Not use in recent 1 month,5,Not use in recent 1 month,,,,10.0,9.0,10.0,9.0,8.0,9.0,ACB,ACB,ACB,ACB,,,,,ACB,ACB,ACB,ACB,,1.0,,,,,,1.0,,,,,,1.0,,,,,,1.0,,,,,,0.0,,,,,,0.0,,,,,,0.0,,,,,,0.0,,,,,,1.0,,,,,,1.0,,,,,,1.0,,,,,,1.0,,,,,Q3'25,1.086875,0.0,0.0,1.087,0.0,1.1399762834821427,0.0,0.0,0.0,0.0,0.0,1.140092545638945,0.0,0.0,0.0,0.0,,,,0.0,,0.0,,0.0,0.0,0.0,,0.0,0.0,1.1404341554330064,0.0,0.0,,0.0,0.0,0.0,,0.0,,0.0,,0.0,,0.0,,0.0,0.0,0.0,,0.0,0.0,0.0,0.0,0.0,,0.0,,1.140069939108456,0.0,0.0,,0.0,0.0,0.0,0.0,,,0.0,0.0,,
2255,Q1_Aug'25###40812A9DuUXY7XYzWOilUNtwrOg==,40812A9DuUXY7XYzWOilUNtwrOg==,Q1,Techcombank,36-45,Aug'25,Q3'25,Offline,Male,Ho Chi Minh,AFF,Techcombank,,,,,,Techcombank,,BIDV,MBBank,VPBank,MSB,Vietinbank,ACB,Vietcombank,,10.0,"Có đa dạng dịch vụ,sản phẩm ưu đãi với lãi suất cho khách hàng rất tốt,nhiều chi nhánh khắp cả nước,được nhiều người đánh giá là ngân hàng có danh tiếng tốt",không cần,9,"Dễ tải ở các hệ điều hành,dễ sử dụng,có cập nhật thẳng các tin tức cũng như các mức lãi và các sản phẩm trên app để khách hàng dễ theo dõi",5,4,5,4,5, I do not use this bank product, I do not use this bank product,4,5, I do not use this bank product, I do not use this bank product, I do not use this bank product,4.0,Banca,có 1 số quyền lợi phải mua với mức giá cao mới có được,5,Not use in recent 1 month,4,5,Not use in recent 1 month,4.0,Call Center,"có nhiều trường hợp gọi tổng đài thấy nhân viên lâu bắt máy,chờ đợi hơi lâu",9.0,10.0,9.0,10.0,9.0,10.0,Techcombank,Techcombank,Techcombank,Techcombank,,,,,Techcombank,Techcombank,Techcombank,Techcombank,1.0,,,,,,1.0,,,,,,1.0,,,,,,1.0,,,,,,0.0,,,,,,0.0,,,,,,0.0,,,,,,0.0,,,,,,1.0,,,,,,1.0,,,,,,1.0,,,,,,1.0,,,,,,Q3'25,0.8404,0.8404444444444444,0.0,0.8403076923076923,0.8402777777777778,0.9006671262254901,0.0,0.9004641544117645,0.0,0.0,,0.9005503393665156,,0.900555491727941,0.0,0.0,,,,0.0,,0.0,,0.0,,0.0,,0.0,,0.9007077205882351,,0.0,,0.0,,0.9006865409207159,,0.0,0.0,0.0,,,,0.0,,0.0,,0.0,,0.0,,0.0,,0.0,,0.0,,0.9006766270337921,,0.0,,0.0,0.0,0.9002205882352939,,,,0.0,0.0,,
2256,Q1_Aug'25###40813zi9BzxXpW+EydQPjr9l5sg==,40813zi9BzxXpW+EydQPjr9l5sg==,Q1,VPBank,25-35,Aug'25,Q3'25,Offline,Male,Ho Chi Minh,MAFF,VPBank,,,,,,VPBank,,MBBank,Vietinbank,Techcombank,ACB,Vietcombank,BIDV,,,9.0,Miễn phí khi mở thẻ. Rút tiền tại cây ATM không tính phí. Chuyển khoản qua app ngân hàng nhận nhanh 24/7,Cần mở thêm nhiều trụ ATM để thuận tiện cho việc rút tiền mặt,9,"Nhận và chuyển tiền nhanh không bị gián đoạn. Bố cục dễ nhìn, dễ thao tác sử dụng",4,5,5,4,5,5, I do not use this bank product, I do not use this bank product, I do not use this bank product, I do not use this bank product, I do not use this bank product, I do not use this bank product,,,,Not use in recent 1 month,Not use in recent 1 month,Not use in recent 1 month,Not use in recent 1 month,5,,,,9.0,9.0,10.0,9.0,9.0,10.0,,,,,VPBank,VPBank,VPBank,VPBank,VPBank,VPBank,VPBank,VPBank,,,,,,0.0,,,,,,0.0,,,,,,0.0,,,,,,0.0,,,,,,1.0,,,,,,1.0,,,,,,1.0,,,,,,1.0,,,,,,1.0,,,,,,1.0,,,,,,1.0,,,,,,1.0,Q3'25,1.0202941176470588,0.0,0.0,0.0,1.0202857142857142,1.0885365205652573,0.0,0.0,,0.0,,0.0,0.0,1.0885472752609109,0.0,1.088203125,,,,,,0.0,,0.0,0.0,0.0,,0.0,0.0,0.0,,0.0,,0.0,,0.0,,0.0,,0.0,,0.0,,0.0,,0.0,,0.0,,0.0,,0.0,0.0,0.0,,0.0,0.0,0.0,,0.0,,1.088203125,0.0,0.0,0.0,,0.0,0.0,0.0,,
2257,Q1_Aug'25###408142PSC3N6hGmaxGDuXGc87RA==,408142PSC3N6hGmaxGDuXGc87RA==,Q1,MBBank,25-35,Aug'25,Q3'25,Offline,Female,Ho Chi Minh,MAFF,MBBank,,,,,,MBBank,,VPBank,Vietinbank,Techcombank,ACB,Vietcombank,BIDV,,,10.0,"Là ngân hàng của bộ quốc phòng việt nam nên tạo sự tin tưởng với người dân hơn
Không sợ bị lừa đảo",Không có gì để cải thiện,10,"Nhiều tính năng tiện lợi như là 
Có thể mở tài khoản mới online trên app 
Gửi tiết kiệm online 
Và vay online",5,4,4,5,5,5,5, I do not use this bank product, I do not use this bank product, I do not use this bank product, I do not use this bank product, I do not use this bank product,,,,5,Not use in recent 1 month,Not use in recent 1 month,Not use in recent 1 month,Not use in recent 1 month,,,,10.0,9.0,10.0,9.0,10.0,9.0,,,,,MBBank,MBBank,MBBank,MBBank,MBBank,MBBank,MBBank,MBBank,,,,,0.0,,,,,,0.0,,,,,,0.0,,,,,,0.0,,,,,,1.0,,,,,,1.0,,,,,,1.0,,,,,,1.0,,,,,,1.0,,,,,,1.0,,,,,,1.0,,,,,,1.0,,Q3'25,0.0,0.0,0.0,1.0416363636363637,0.0,0.0,0.0,0.0,0.0,0.0,0.0,1.0595873579545456,,0.0,0.0,0.0,,,,0.0,,0.0,,0.0,,0.0,0.0,0.0,,0.0,0.0,0.0,,0.0,,0.0,0.0,0.0,,,0.0,0.0,,0.0,,0.0,,0.0,,0.0,0.0,0.0,,0.0,,0.0,,1.0596595341642756,,0.0,,0.0,,0.0,0.0,0.0,0.0,0.0,,,
2258,Q1_Aug'25###40815Kll1FXK61YqcqoAj9Vvsxg==,40815Kll1FXK61YqcqoAj9Vvsxg==,Q1,MBBank,36-45,Aug'25,Q3'25,Offline,Female,Ho Chi Minh,MAFF,MBBank,,,,,,MBBank,,MSB,Vietinbank,Techcombank,ACB,Vietcombank,BIDV,VPBank,,10.0,"Ngân hàng lớn, có nhiều chi nhánh phòng giao dịch, thuận tiện khi cần đến",Không có,9,"Ứng dụng chuyển tiền nhanh, không tốn tiền phí chuyển, ít lỗi giao dịch",4,5,4,5,4,5,5, I do not use this bank product,5, I do not use this bank product, I do not use this bank product, I do not use this bank product,,,,5,Not use in recent 1 month,Not use in recent 1 month,Not use in recent 1 month,5,,,,9.0,10.0,10.0,9.0,10.0,10.0,,,,,MBBank,MBBank,MBBank,MBBank,MBBank,MBBank,MBBank,MBBank,,,,,0.0,,,,,,0.0,,,,,,0.0,,,,,,0.0,,,,,,1.0,,,,,,1.0,,,,,,1.0,,,,,,1.0,,,,,,1.0,,,,,,1.0,,,,,,1.0,,,,,,1.0,,Q3'25,1.041777777777778,0.0,0.0,1.0416363636363637,0.0,1.0596181832107845,0.0,0.0,0.0,0.0,0.0,1.0595873579545456,,0.0,0.0,0.0,,,,0.0,,0.0,,0.0,,0.0,0.0,0.0,,1.059860381652661,0.0,0.0,,0.0,,0.0,0.0,0.0,,,0.0,0.0,,0.0,,0.0,,0.0,,0.0,0.0,0.0,,0.0,,0.0,,1.0596595341642756,,0.0,,0.0,,0.0,0.0,0.0,0.0,0.0,,,
2259,Q1_Aug'25###40816T2OEV5YX/OqqVhzk0l04Eg==,40816T2OEV5YX/OqqVhzk0l04Eg==,Q1,Vietcombank,25-35,Aug'25,Q3'25,Offline,Female,Ha Noi,MAFF,Vietcombank,,,,,,Vietcombank,,Vietinbank,Techcombank,ACB,BIDV,MBBank,VPBank,MSB,,9.0,"là một trong những ngân hàng lớn có uy tín  tại Việt Nam , nhân viên phòng giao dịch đón tiếp nhiệt tình cởi mở tươi cười với khách hàng , gửi tiết kiệm với lãi suất cao",Giải quyết các thủ tục giấy tờ cần nhanh gọn hơn nữa để khách hàng không phải chờ lâu,10,"Cài đặt dễ dàng, giao dịch thuận tiện mọi lúc mọi nơi không cần phải mang theo tiền mặt , chuyển tiền nhanh chóng không bị lỗi app",4,5,4,4,5,5,5, I do not use this bank product,5, I do not use this bank product, I do not use this bank product, I do not use this bank product,,,,5,Not use in recent 1 month,Not use in recent 1 month,Not use in recent 1 month,5,,,,9.0,9.0,10.0,9.0,10.0,9.0,,,,,Vietcombank,Vietcombank,Vietcombank,Vietcombank,Vietcombank,Vietcombank,Vietcombank,Vietcombank,,,0.0,,,,,,0.0,,,,,,0.0,,,,,,0.0,,,,,,1.0,,,,,,1.0,,,,,,1.0,,,,,,1.0,,,,,,1.0,,,,,,1.0,,,,,,1.0,,,,,,1.0,,,,Q3'25,0.0,0.0,0.0,0.9090322580645162,0.9091304347826088,0.0,0.0,0.0,0.0,0.0,0.0,0.7786916593968096,0.0,0.7787037568933823,0.0,0.0,,,,0.0,0.0,,0.0,0.0,,,0.0,0.0,0.0,0.0,0.0,0.0,0.0,0.0,0.0,0.0,0.0,0.0,0.0,0.0,,0.0,,0.0,,0.0,0.0,0.0,0.0,0.0,0.0,0.7784658394607843,,0.0,,0.0,0.0,0.7786094877219756,0.0,0.0,0.0,0.0,0.0,0.7794175091911764,0.0,0.0,,0.0,0.0,,
2260,Q1_Aug'25###40817SJtB3UbF7S2yxWjYxsVZxA==,40817SJtB3UbF7S2yxWjYxsVZxA==,Q1,BIDV,36-45,Aug'25,Q3'25,Offline,Male,Ha Noi,AFF,BIDV,,,,,,BIDV,,Techcombank,ACB,Vietcombank,MBBank,VPBank,MSB,Vietinbank,,10.0,"giải quyết thủ tục vay vốn nhanh, xử lý giấy tờ nhanh gọn không phải chờ lâu, giải ngân khoản vay nhanh . có nhiều gói gửi tiết kiệm với nhiều mức lãi suất khác nhau phù hợp với nhiều đối tượng khác nhau",không có,10,"thanh toán được hóa đơn điện nước ngay trên điện thoại, chuyển khoản nhanh và lưu lại giao dịch giúp người dùng kiểm tra được số tiền vào và tiền ra của tài khoản",5,5,4,4,5,5,5, I do not use this bank product,5, I do not use this bank product,5, I do not use this bank product,,,,4,Not use in recent 1 month,Not use in recent 1 month,Not use in recent 1 month,5,4.0,Branch,chỗ để xe ô tô  hơi nhỏ không có nhiều không gian hơi bất tiện khi dừng đỗ để vào giao dịch,10.0,10.0,10.0,10.0,9.0,9.0,BIDV,BIDV,BIDV,BIDV,,,,,BIDV,BIDV,BIDV,BIDV,,,,1.0,,,,,,1.0,,,,,,1.0,,,,,,1.0,,,,,,0.0,,,,,,0.0,,,,,,0.0,,,,,,0.0,,,,,,1.0,,,,,,1.0,,,,,,1.0,,,,,,1.0,,,Q3'25,0.0,1.075357142857143,1.0752,0.0,0.0,0.0,0.0,1.009468443627451,0.0,1.009518119747899,0.0,0.0,0.0,0.0,0.0,0.0,,,,,0.0,0.0,,0.0,0.0,0.0,0.0,0.0,,0.0,0.0,0.0,,0.0,,1.0096075367647055,0.0,0.0,,,,,,,,0.0,0.0,1.0092945772058823,0.0,0.0,0.0,0.0,,0.0,0.0,0.0,,0.0,,0.0,,0.0,0.0,0.0,0.0,0.0,0.0,0.0,0.0,,
2261,Q1_Aug'25###40818xesWYMAQPdRqjVaXi+lxWQ==,40818xesWYMAQPdRqjVaXi+lxWQ==,Q1,ACB,36-45,Aug'25,Q3'25,Offline,Female,Ha Noi,AFF,ACB,,,,,,ACB,,Vietcombank,BIDV,MBBank,VPBank,MSB,Vietinbank,Techcombank,,9.0,"Liên kết nhiều dịch vụ lãi suất hợp lý, cung cấp nhiều giải pháp tài chính nhu cầu hợp lý cho mọi người",Không cần,9,"Thực hiện giao dịch nhanh chóng,theo dõi dòng tiền ra vào đầy đủ,",5,5,4,5,5, I do not use this bank product,5, I do not use this bank product,5, I do not use this bank product, I do not use this bank product, I do not use this bank product,,,,Not use in recent 1 month,Not use in recent 1 month,5,Not use in recent 1 month,Not use in recent 1 month,,,,10.0,9.0,9.0,10.0,10.0,9.0,ACB,ACB,ACB,ACB,,,,,ACB,ACB,ACB,ACB,,1.0,,,,,,1.0,,,,,,1.0,,,,,,1.0,,,,,,0.0,,,,,,0.0,,,,,,0.0,,,,,,0.0,,,,,,1.0,,,,,,1.0,,,,,,1.0,,,,,,1.0,,,,,Q3'25,0.0,1.0867857142857142,0.0,0.0,1.0868421052631578,0.0,0.0,1.1402399067265794,0.0,0.0,0.0,0.0,0.0,1.1402627595155708,0.0,0.0,,,,0.0,,0.0,,0.0,0.0,0.0,,0.0,0.0,0.0,0.0,0.0,,0.0,0.0,1.140487132352941,,0.0,,1.1433478860294115,,0.0,,0.0,,0.0,0.0,0.0,,0.0,0.0,0.0,0.0,0.0,,0.0,,0.0,0.0,0.0,,0.0,0.0,1.1407255284926467,0.0,,,0.0,0.0,,
2262,Q1_Aug'25###4081908sIEc1WEC33tyUlzFFWpg==,4081908sIEc1WEC33tyUlzFFWpg==,Q1,MBBank,46-55,Aug'25,Q3'25,Offline,Male,Ho Chi Minh,AFF,MBBank,,,,,,MBBank,,Vietcombank,BIDV,VPBank,MSB,Vietinbank,Techcombank,ACB,,10.0,"Có thương hiệu quân đội hậu thuẫn,được người dân tin tưởng,nhiều ưu đãi về lãi suất như vay,tiết kiệm cao phù hợp cho mọi tầng lớp",không,9,"Ứng dụng xài ít bị lag khi giao dịch chuyển tiền,thanh toán các dịch vụ tiện lợi trực tiếp qua app như hóa đơn điện nước,đặt vé tàu xe",5,4,4,5,4, I do not use this bank product,4, I do not use this bank product,5,5, I do not use this bank product, I do not use this bank product,4.0,Credit card,Hạn mức tín dụng duyệt không được nhiều so với 1 số ngân hàng,5,Not use in recent 1 month,4,5,Not use in recent 1 month,4.0,Call Center,hay gọi vào các giờ không rảnh nên thấy hơi phiền,9.0,10.0,9.0,9.0,9.0,10.0,MBBank,MBBank,MBBank,MBBank,,,,,MBBank,MBBank,MBBank,MBBank,,,,,1.0,,,,,,1.0,,,,,,1.0,,,,,,1.0,,,,,,0.0,,,,,,0.0,,,,,,0.0,,,,,,0.0,,,,,,1.0,,,,,,1.0,,,,,,1.0,,,,,,1.0,,Q3'25,0.0,0.0,0.0,1.0416363636363637,1.0417391304347827,0.0,0.0,0.0,0.0,0.0,0.0,1.0595873579545456,,1.0595289522058824,0.0,0.0,,,,0.0,,0.0,,0.0,,0.0,0.0,0.0,,0.0,0.0,0.0,,0.0,,0.0,0.0,0.0,,,0.0,0.0,,0.0,,0.0,,0.0,,0.0,0.0,0.0,,0.0,,0.0,,1.0596595341642756,,0.0,,0.0,,1.0599572610294117,1.0579227941176472,0.0,0.0,0.0,,,
2263,Q1_Aug'25###40820WPZi9M2iY4u6J8FLecY0/A==,40820WPZi9M2iY4u6J8FLecY0/A==,Q1,Techcombank,36-45,Aug'25,Q3'25,Offline,Male,Ho Chi Minh,AFF,Techcombank,,,,,,Techcombank,,BIDV,MBBank,VPBank,MSB,Vietinbank,ACB,Vietcombank,,10.0,"Hệ thống rộng lớn dịch vụ chăm sóc khách hàng chu đáo, bảo mật thông tin cao",Không có,9,"Tài khoản số đẹp miễn phí nhanh dễ dàng 
Rút tiền không cần thẻ đơn giản",4,5,4,5,5,5,5, I do not use this bank product,5, I do not use this bank product,4, I do not use this bank product,4.0,Secured Loan,"Thủ tục phức tạp, quy trình rườm rà, đóng nhiều loại phí ( phí định giá tài sản đảm bảo,....)",4,5,5,Not use in recent 1 month,5,4.0,Branch,Chi nhánh ít nhân viên tư vấn phải ngồi chờ đợi lâu mới tới giao dịch,10.0,9.0,10.0,10.0,9.0,10.0,Techcombank,Techcombank,Techcombank,Techcombank,,,,,Techcombank,Techcombank,Techcombank,Techcombank,1.0,,,,,,1.0,,,,,,1.0,,,,,,1.0,,,,,,0.0,,,,,,0.0,,,,,,0.0,,,,,,0.0,,,,,,1.0,,,,,,1.0,,,,,,1.0,,,,,,1.0,,,,,,Q3'25,0.8404,0.8404444444444444,0.0,0.8403076923076923,0.0,0.9006671262254901,0.0,0.9004641544117645,0.0,0.0,,0.9005503393665156,,0.0,0.0,0.0,,,,0.0,,0.0,,0.0,,0.0,,0.0,,0.9007077205882351,,0.0,,0.0,,0.0,,0.9002205882352939,0.0,0.0,,,,0.0,,0.0,,0.0,,0.0,,0.0,,0.900220588235294,,0.0,,0.0,,0.0,,0.0,0.0,0.0,,,,0.0,0.0,,
2264,Q1_Aug'25###40821Kmkq/n+7TyOGv3QcQM38Xw==,40821Kmkq/n+7TyOGv3QcQM38Xw==,Q1,VPBank,46-55,Aug'25,Q3'25,Offline,Male,Ho Chi Minh,AFF,VPBank,,,,,,VPBank,,MBBank,MSB,Vietinbank,Techcombank,ACB,Vietcombank,BIDV,,9.0,"Có lãi suất tiết kiệm rất ưu đãi dành cho khách hàng thân quen sử dụng lâu năm,đội ngũ chăm sóc khách hàng cũng như giao dịch viên rất năng động,nhiệt tình,lễ phép và kinh nghiệm tư vấn cao",không cần,10,"Ứng dụng dễ sử dụng và có kết hợp các dịch vụ thanh toán để khách hàng sử dụng tiện lợi hơn,giao dịch nhanh chóng kể cả nhận và chuyển tiền",4,5,4,5,5,4,5, I do not use this bank product,5, I do not use this bank product, I do not use this bank product, I do not use this bank product,4.0,Debit,chi phí rút tiền mất phí hơi cao,4,Not use in recent 1 month,Not use in recent 1 month,5,5,4.0,Branch,chi nhánh phòng giao dịch hơi nhỏ với cách hơi xa nhà chưa tiện lợi lắm,8.0,9.0,9.0,10.0,8.0,9.0,VPBank,VPBank,VPBank,VPBank,,,,,VPBank,VPBank,VPBank,VPBank,,,,,,1.0,,,,,,1.0,,,,,,1.0,,,,,,1.0,,,,,,0.0,,,,,,0.0,,,,,,0.0,,,,,,0.0,,,,,,1.0,,,,,,1.0,,,,,,1.0,,,,,,1.0,Q3'25,0.0,0.0,0.0,1.0203636363636364,1.0202857142857142,0.0,0.0,0.0,,0.0,,1.088605715871254,0.0,1.0885472752609109,0.0,0.0,,,,,,0.0,,0.0,0.0,0.0,,0.0,0.0,0.0,,0.0,,0.0,,0.0,,0.0,,0.0,,0.0,,0.0,,0.0,,0.0,,0.0,,1.0889143688725489,0.0,1.088203125,,1.088203125,0.0,0.0,,0.0,,0.0,0.0,1.0889143688725489,0.0,,0.0,0.0,0.0,,
2265,Q1_Aug'25###40822tXLQUCcTB2c9IsL4VVBlXw==,40822tXLQUCcTB2c9IsL4VVBlXw==,Q1,MBBank,36-45,Aug'25,Q3'25,Offline,Male,Ha Noi,AFF,MBBank,ACB,,,,,MBBank,,VPBank,MSB,Vietinbank,Techcombank,Vietcombank,BIDV,,,10.0,"không phải xếp hàng chờ lâu, chi nhánh phòng giao dịch sạch sẽ gọn gàng",không có,10,"được miễn phí khi  chuyển khoản ,giao diện thân thiện dễ sử dụng , bảo mật tài khoản cao",5,5,5,5,5,5,5, I do not use this bank product,5, I do not use this bank product,5, I do not use this bank product,,,,5,Not use in recent 1 month,Not use in recent 1 month,Not use in recent 1 month,5,,,,10.0,10.0,9.0,10.0,10.0,10.0,MBBank,MBBank,MBBank,MBBank,,,,,MBBank,MBBank,MBBank,MBBank,,,,,1.0,,,,,,1.0,,,,,,1.0,,,,,,1.0,,,,,,0.0,,,,,,0.0,,,,,,0.0,,,,,,0.0,,,,,,1.0,,,,,,1.0,,,,,,1.0,,,,,,1.0,,Q3'25,1.041777777777778,0.0,1.0417857142857143,0.0,0.0,1.0596181832107845,0.0,0.0,0.0,1.059550367647059,0.0,0.0,,0.0,0.0,0.0,,,,0.0,,0.0,,0.0,,0.0,0.0,0.0,,1.059860381652661,0.0,0.0,,0.0,,0.0,0.0,0.0,,,0.0,0.0,,0.0,,1.0601833129084968,,0.0,,0.0,0.0,0.0,,0.0,,0.0,,0.0,,0.0,,0.0,,0.0,0.0,0.0,0.0,0.0,,,
2266,Q1_Aug'25###40823Q4YDBJSFF/91p/K9dVvhkA==,40823Q4YDBJSFF/91p/K9dVvhkA==,Q1,VPBank,36-45,Aug'25,Q3'25,Offline,Female,Ho Chi Minh,MAFF,VPBank,,,,,,VPBank,,MSB,Vietinbank,Techcombank,ACB,Vietcombank,BIDV,MBBank,,10.0,"Ngân hàng mà bạn bè tôi dùng nhiều, là ngân hàng uy tín.",Không có,9,"Màu xanh lá nổi bật nhìn đẹp mắt. Có thể mở sổ tiết kiệm trên ứng dụng. 
Có thể tất toán số trên là ứng dụng đơn giản",4,5,4,5,5,5,5, I do not use this bank product,5, I do not use this bank product, I do not use this bank product, I do not use this bank product,,,,5,Not use in recent 1 month,4,Not use in recent 1 month,5,4.0,Call Center,"Gọi lên nghẽn mạng, phải chờ đợi.",10.0,9.0,9.0,10.0,10.0,9.0,,,,,VPBank,VPBank,VPBank,VPBank,VPBank,VPBank,VPBank,VPBank,,,,,,0.0,,,,,,0.0,,,,,,0.0,,,,,,0.0,,,,,,1.0,,,,,,1.0,,,,,,1.0,,,,,,1.0,,,,,,1.0,,,,,,1.0,,,,,,1.0,,,,,,1.0,Q3'25,0.0,0.0,0.0,1.0203636363636364,0.0,0.0,0.0,0.0,,0.0,,1.088605715871254,0.0,0.0,0.0,0.0,,,,,,0.0,,0.0,0.0,0.0,,0.0,0.0,0.0,,0.0,,0.0,,0.0,,0.0,,0.0,,0.0,,0.0,,0.0,,0.0,,0.0,,0.0,0.0,0.0,,0.0,0.0,1.0887798092209855,,0.0,,0.0,0.0,0.0,0.0,,0.0,0.0,0.0,,
2267,Q1_Aug'25###40824G/n9JpLYGcd/2W/ZfbsGFA==,40824G/n9JpLYGcd/2W/ZfbsGFA==,Q1,MBBank,36-45,Aug'25,Q3'25,Offline,Female,Ho Chi Minh,AFF,MBBank,,,,,,MBBank,,Vietinbank,Techcombank,ACB,Vietcombank,BIDV,VPBank,MSB,,10.0,Giao diện thân thiện dễ sử dụng tích hợp các tính năng đa dạng vay vốn tiết kiệm đầu tư bảo hiểm,Không có,9,"miễn phí hoàn toàn các giao dịch  và các loại phí , nhiều ưu đãi voucher khi thanh toán mua sắm trên app",5,4,5,4,5,5,5,4, I do not use this bank product, I do not use this bank product, I do not use this bank product, I do not use this bank product,4.0,Banca,Giải quyết giấy tờ hồ sơ  cho khách hàng chậm chờ đợi lâu,5,Not use in recent 1 month,Not use in recent 1 month,Not use in recent 1 month,5,,,,9.0,10.0,10.0,9.0,10.0,9.0,MBBank,Other,MBBank,Other,,,,,MBBank,MBBank,Other,MBBank,,,,,1.0,,,,,,0.0,,,,,,1.0,,,,,,0.0,,,,,,0.0,,,,,,0.0,,,,,,0.0,,,,,,0.0,,,,,,1.0,,,,,,1.0,,,,,,0.0,,,,,,1.0,,Q3'25,1.041777777777778,0.0,0.0,0.0,0.0,1.0596181832107845,0.0,0.0,0.0,0.0,0.0,0.0,,0.0,0.0,0.0,,,,0.0,,1.0579227941176472,,1.0597723094919789,,0.0,0.0,0.0,,0.0,0.0,0.0,,0.0,,0.0,0.0,0.0,,,0.0,0.0,,0.0,,0.0,,0.0,,0.0,0.0,0.0,,0.0,,0.0,,0.0,,0.0,,0.0,,0.0,0.0,0.0,0.0,0.0,,,
2268,Q1_Aug'25###40825wEbqqZhEj23lBgSuY8XeJw==,40825wEbqqZhEj23lBgSuY8XeJw==,Q1,BIDV,36-45,Aug'25,Q3'25,Offline,Female,Ha Noi,AFF,BIDV,VPBank,,,,,BIDV,,Techcombank,ACB,Vietcombank,MBBank,MSB,Vietinbank,,,9.0,Thẻ tín dụng visa có thể đươc  Thanh toán tại hầu hết các website mua hàng trực tuyến rất tiện dụng cho khách hàng,Không có,9,"Được miễn phí hoàn toàn các giao dich phí chuyển tiền ,phí quản lý tai khoản và có thể đóng các loại phí điên nước ,học phí dễ dàng nhanh chóng",5,5,4,5,4, I do not use this bank product,4,4,5, I do not use this bank product, I do not use this bank product, I do not use this bank product,4.0,Banca,sản phẩm bảo hiểm nhân thọ có điều khoản và quyền lợi hơi phúc tạp nen hơi khó khăn cho khách hàng trong việc hiểu rõ sản phẩm,4,Not use in recent 1 month,4,Not use in recent 1 month,5,4.0,Call Center,Tôi thấy các bạn nhân viên trưc tổng đài rất nhiêt tình giải thích các thắc mắc của khách hàng vơi thái độ nhẹ nhàng dễ chịu,9.0,10.0,9.0,10.0,9.0,9.0,BIDV,BIDV,BIDV,BIDV,,,,,BIDV,BIDV,BIDV,BIDV,,,,1.0,,,,,,1.0,,,,,,1.0,,,,,,1.0,,,,,,0.0,,,,,,0.0,,,,,,0.0,,,,,,0.0,,,,,,1.0,,,,,,1.0,,,,,,1.0,,,,,,1.0,,,Q3'25,1.075161290322581,0.0,0.0,0.0,0.0,1.009468443627451,0.0,0.0,0.0,0.0,0.0,0.0,0.0,0.0,0.0,0.0,,,,,0.0,0.0,,0.0,0.0,0.0,0.0,0.0,,0.0,0.0,1.010859375,,0.0,,0.0,0.0,0.0,,,,,,,,0.0,0.0,0.0,0.0,0.0,0.0,0.0,,0.0,0.0,0.0,,0.0,,0.0,,0.0,0.0,0.0,0.0,0.0,0.0,0.0,0.0,,
2269,Q1_Aug'25###40826OT4IBQNR9LJxBF8wXqr2rw==,40826OT4IBQNR9LJxBF8wXqr2rw==,Q1,VPBank,25-35,Aug'25,Q3'25,Offline,Female,Ha Noi,AFF,VPBank,,,,,,VPBank,,ACB,Vietcombank,BIDV,Vietinbank,Techcombank,,,,9.0,"Ngân hàng uy tín, tôi tin tưởng, nhân viên chuyên nghiệp, ứng dụng ngân hàng dùng mượt.",Nếu thứ 7 phòng giao dịch làm cả chiều thì tốt hơn,9,"Ứng dụng ngân hàng trên điện thoại dùng rất tiện dụng: chuyển tiền, quét mã, thanh toán hoá đơn...",4,5,4,4,4,5, I do not use this bank product, I do not use this bank product,4, I do not use this bank product, I do not use this bank product, I do not use this bank product,4.0,Terms deposit,"Với mức lãi suất hiện tại tôi đánh giá ở mức độ hài lòng, tất nhiên nếu cao hơn sẽ hoàn toàn hài lòng",4,Not use in recent 1 month,Not use in recent 1 month,Not use in recent 1 month,5,4.0,Branch,"Chiều thứ 7 bên phòng giao dịch sẽ không làm việc, nếu làm cả ngày thứ 7 sẽ hoàn toàn hài lòng",8.0,9.0,9.0,9.0,8.0,9.0,VPBank,VPBank,Techcombank,VPBank,,,,,VPBank,VPBank,VPBank,VPBank,,,,,,1.0,,,,,,1.0,,,,,,0.0,,,,,,1.0,,,,,,0.0,,,,,,0.0,,,,,,0.0,,,,,,0.0,,,,,,1.0,,,,,,1.0,,,,,,1.0,,,,,,1.0,Q3'25,1.0202941176470588,0.0,0.0,1.0203636363636364,0.0,1.0885365205652573,0.0,0.0,,0.0,,1.088605715871254,0.0,0.0,0.0,1.088203125,,,,,,0.0,,0.0,0.0,0.0,,0.0,0.0,0.0,,0.0,,0.0,,0.0,,0.0,,0.0,,0.0,,0.0,,0.0,,0.0,,0.0,,0.0,0.0,0.0,,0.0,0.0,1.0887798092209855,,1.088203125,,0.0,0.0,0.0,0.0,,0.0,0.0,0.0,,
2270,Q1_Aug'25###40827ZLjXigASEtWLYIsLSw2k5g==,40827ZLjXigASEtWLYIsLSw2k5g==,Q1,Techcombank,25-35,Aug'25,Q3'25,Offline,Female,Ha Noi,MAFF,Techcombank,,,,,,Techcombank,,Vietcombank,BIDV,MBBank,VPBank,Vietinbank,ACB,,,9.0,"Ngân hàng nổi tiếng , đã dùng từ lâu nên uy tín và muốn giới thiệu cho bạn bè",Không cần,10,"Ứng dụng mượt , giao diện dễ sử dụng và dễ nhìn",4,5,4,5,4,5,4, I do not use this bank product, I do not use this bank product, I do not use this bank product, I do not use this bank product, I do not use this bank product,4.0,Credit card,Tôi muốn thẻ tín dụng của tôi có hạn mức cao hơn  nữa,Not use in recent 1 month,Not use in recent 1 month,Not use in recent 1 month,Not use in recent 1 month,Not use in recent 1 month,,,,8.0,9.0,10.0,9.0,10.0,10.0,,,,,Techcombank,Techcombank,Missing lable,Techcombank,Techcombank,Missing lable,Techcombank,Techcombank,0.0,,,,,,0.0,,,,,,0.0,,,,,,0.0,,,,,,1.0,,,,,,1.0,,,,,,0.0,,,,,,1.0,,,,,,1.0,,,,,,0.0,,,,,,1.0,,,,,,1.0,,,,,,Q3'25,0.0,0.0,0.0,0.8403076923076923,0.0,0.0,0.0,0.0,0.0,0.0,,0.9005503393665156,,0.0,0.0,0.0,,,,0.0,,0.0,,0.0,,0.0,,0.0,,0.0,,0.0,,0.0,,0.0,,0.0,0.0,0.0,,,,0.0,,0.0,,0.0,,0.0,,0.0,,0.0,,0.0,,0.9006766270337921,,0.0,,0.0,0.0,0.0,,,,0.0,0.0,,
2271,Q1_Aug'25###408289O/6QBkqg+3TX7js5wsXSw==,408289O/6QBkqg+3TX7js5wsXSw==,Q1,VPBank,36-45,Aug'25,Q3'25,Offline,Female,Ha Noi,MAFF,VPBank,Vietcombank,,,,,VPBank,,BIDV,MBBank,MSB,Vietinbank,Techcombank,ACB,,,10.0,"Khách hàng của vp bank mở thẻ tin dụng online nhanh tiêt kiêm thời gian phai ra ngân hàng,chọn số tài khoản đẹp không mất phí",Không có,9,Nếu có tiền trong tài khoản sẽ tự động sinh lời cho khách hàng vơi mức lãi suất hấp dẫn,5,5,5,4,5, I do not use this bank product,5, I do not use this bank product,5, I do not use this bank product, I do not use this bank product, I do not use this bank product,,,,4,Not use in recent 1 month,5,Not use in recent 1 month,5,4.0,Branch,Cần có thêm nhiêu chi nhánh hơn ở các quận để khách hàng có thể nhanh chóng giao dịch khi cần,10.0,10.0,9.0,9.0,10.0,9.0,,,,,VPBank,VPBank,VPBank,VPBank,VPBank,VPBank,VPBank,VPBank,,,,,,0.0,,,,,,0.0,,,,,,0.0,,,,,,0.0,,,,,,1.0,,,,,,1.0,,,,,,1.0,,,,,,1.0,,,,,,1.0,,,,,,1.0,,,,,,1.0,,,,,,1.0,Q3'25,1.0202941176470588,1.0202777777777776,0.0,0.0,1.0202857142857142,1.0885365205652573,0.0,1.088499476613562,,0.0,,0.0,0.0,1.0885472752609109,0.0,1.088203125,,,,,,1.088203125,,0.0,0.0,0.0,,0.0,0.0,0.0,,0.0,,0.0,,0.0,,0.0,,0.0,,1.088203125,,0.0,,0.0,,0.0,,0.0,,0.0,0.0,0.0,,0.0,0.0,0.0,,0.0,,1.088203125,0.0,0.0,0.0,,0.0,0.0,0.0,,
2272,Q1_Aug'25###408292TO0JYNw4/P7bpFlNogm8w==,408292TO0JYNw4/P7bpFlNogm8w==,Q1,BIDV,25-35,Aug'25,Q3'25,Offline,Female,Ha Noi,AFF,BIDV,,,,,,BIDV,,MBBank,VPBank,MSB,Vietinbank,Techcombank,ACB,Vietcombank,,10.0,"Chuyển khoản nhanh , bảo mật thông tin khách hàng tốt , không gọi điện mời chào làm phiền khách hàng",Không,10,"Chuyển khoản nhanh, không mất phí chuyển khoản",4,5,5,4,5,5, I do not use this bank product, I do not use this bank product,5, I do not use this bank product, I do not use this bank product, I do not use this bank product,,,,5,Not use in recent 1 month,Not use in recent 1 month,Not use in recent 1 month,Not use in recent 1 month,,,,9.0,10.0,9.0,10.0,10.0,9.0,BIDV,Vietcombank,BIDV,BIDV,,,,,BIDV,BIDV,BIDV,BIDV,,,,1.0,,,,,,0.0,,,,,,1.0,,,,,,1.0,,,,,,0.0,,,,,,0.0,,,,,,0.0,,,,,,0.0,,,,,,1.0,,,,,,1.0,,,,,,1.0,,,,,,1.0,,,Q3'25,0.0,1.075357142857143,1.0752,1.0751923076923076,0.0,0.0,0.0,1.009468443627451,0.0,1.009518119747899,0.0,1.0095707179930795,0.0,0.0,0.0,0.0,,,,,0.0,0.0,,0.0,0.0,0.0,0.0,0.0,,0.0,0.0,0.0,,0.0,,0.0,0.0,1.0098161764705882,,,,,,,,1.0092945772058823,0.0,0.0,0.0,0.0,0.0,0.0,,0.0,0.0,1.010859375,,0.0,,0.0,,0.0,0.0,0.0,0.0,0.0,0.0,0.0,0.0,,
2273,Q1_Aug'25###40830dRk+odFYTfhgr1GtjGR2bQ==,40830dRk+odFYTfhgr1GtjGR2bQ==,Q1,Techcombank,46-55,Aug'25,Q3'25,Offline,Male,Ha Noi,AFF,Techcombank,Vietcombank,,,,,Techcombank,,VPBank,MSB,Vietinbank,ACB,BIDV,MBBank,,,10.0,"Ngân hàng có ứng dụng mobile trên điện thoại hiện đại, giao diện đẹp, dễ lựa chọn sản phẩm
Sản phẩm ngân hàng đa dạng, có tài khoản sinh lời tự động rất thuận tiện và dễ sử dụng, lãi suất sinh lời cao",Không có,10,"Ứng dụng mobile trên điện thoại có giao diện đẹp mắt, dễ lựa chọn sản phẩm khi sử dụng
Có sản phẩm sinh lời tự động trong app rất thuận tiện",5,5,5,4,5,5,5, I do not use this bank product,5, I do not use this bank product, I do not use this bank product, I do not use this bank product,,,,5,Not use in recent 1 month,Not use in recent 1 month,Not use in recent 1 month,Not use in recent 1 month,,,,9.0,9.0,10.0,8.0,8.0,10.0,Techcombank,Vietcombank,Techcombank,Techcombank,,,,,Techcombank,Techcombank,Techcombank,BIDV,1.0,,,,,,0.0,,,,,,1.0,,,,,,1.0,,,,,,0.0,,,,,,0.0,,,,,,0.0,,,,,,0.0,,,,,,1.0,,,,,,1.0,,,,,,1.0,,,,,,0.0,,,,,,Q3'25,0.8404,0.8404444444444444,0.0,0.0,0.8402777777777778,0.9006671262254901,0.0,0.9004641544117645,0.0,0.0,,0.0,,0.900555491727941,0.0,0.0,,,,0.0,,0.0,,0.900220588235294,,0.9002205882352939,,0.0,,0.0,,0.0,,0.900220588235294,,0.9006865409207159,,0.0,0.0,0.0,,,,0.0,,0.0,,0.0,,0.0,,0.0,,0.0,,0.0,,0.0,,0.0,,0.0,0.0,0.9002205882352939,,,,0.0,0.0,,
2274,Q1_Aug'25###40831sv3va+YHXitUni0DUfs6lA==,40831sv3va+YHXitUni0DUfs6lA==,Q1,Vietcombank,36-45,Aug'25,Q3'25,Offline,Female,Ha Noi,AFF,Vietcombank,,,,,,Vietcombank,,MSB,Vietinbank,Techcombank,ACB,BIDV,MBBank,VPBank,,10.0,"Lâu đời, uy tín, nhiều công ty doanh nghiệp lớn sử dụng",Không có,10,"Ít bị lỗi, giao diện dễ sử dụng",5,4,4,5,5,5,5, I do not use this bank product,5, I do not use this bank product, I do not use this bank product, I do not use this bank product,,,,Not use in recent 1 month,Not use in recent 1 month,Not use in recent 1 month,Not use in recent 1 month,5,,,,9.0,9.0,10.0,10.0,9.0,10.0,Vietcombank,Vietcombank,Vietcombank,Vietinbank,,,,,Vietinbank,Vietcombank,Vietcombank,Vietcombank,,,1.0,,,,,,1.0,,,,,,1.0,,,,,,0.0,,,,,,0.0,,,,,,0.0,,,,,,0.0,,,,,,0.0,,,,,,0.0,,,,,,1.0,,,,,,1.0,,,,,,1.0,,,,Q3'25,0.0,0.0,0.0,0.9090322580645162,0.0,0.0,0.0,0.0,0.0,0.0,0.0,0.7786916593968096,0.0,0.0,0.0,0.0,,,,0.0,0.0,,0.0,0.0,,,0.0,0.0,0.0,0.0,0.0,0.0,0.0,0.0,0.0,0.0,0.0,0.0,0.0,0.0,,0.0,,0.0,,0.0,0.0,0.0,0.0,0.0,0.0,0.0,,0.0,,0.0,0.0,0.7786094877219756,0.0,0.0,0.0,0.0,0.0,0.0,0.0,0.0,,0.0,0.0,,
2275,Q1_Aug'25###40832mz72l2QuZqJuDx/bHDGOTw==,40832mz72l2QuZqJuDx/bHDGOTw==,Q1,VPBank,25-35,Aug'25,Q3'25,Offline,Female,Ha Noi,AFF,VPBank,Techcombank,,,,,VPBank,,Vietinbank,ACB,Vietcombank,BIDV,MBBank,MSB,,,10.0,"VPBank cung cấp nhiều loại thẻ tín dụng với các hạn mức thẻ khác nhau cùng nhiều loại ưu đãi cho khách hàng
Nhân viên chăm sóc khách hàng ưu tiên chuyên nghiệp lịch sự trả lời nhanh chóng các câu hỏi của khách hàng",Không có,9,"Ứng dụng ngân hàng của VPBank kết nối nhanh chóng, bảo mật thông tin khách hàng",5,5,4,5,5,5,5, I do not use this bank product,5, I do not use this bank product, I do not use this bank product, I do not use this bank product,,,,Not use in recent 1 month,Not use in recent 1 month,Not use in recent 1 month,Not use in recent 1 month,5,,,,9.0,9.0,10.0,9.0,10.0,9.0,Vietcombank,Techcombank,VPBank,VPBank,,,,,VPBank,VPBank,VPBank,VPBank,,,,,,0.0,,,,,,0.0,,,,,,1.0,,,,,,1.0,,,,,,0.0,,,,,,0.0,,,,,,0.0,,,,,,0.0,,,,,,1.0,,,,,,1.0,,,,,,1.0,,,,,,1.0,Q3'25,0.0,1.0202777777777776,1.0203448275862068,1.0203636363636364,1.0202857142857142,0.0,0.0,1.088499476613562,,1.0885710097616632,,1.088605715871254,0.0,1.0885472752609109,0.0,0.0,,,,,,0.0,,0.0,0.0,0.0,,0.0,0.0,0.0,,0.0,,0.0,,1.0887958282271244,,0.0,,0.0,,0.0,,0.0,,1.0889143688725489,,0.0,,0.0,,1.0889143688725489,0.0,1.088203125,,0.0,0.0,0.0,,0.0,,0.0,0.0,0.0,0.0,,0.0,1.088203125,0.0,,
2276,Q1_Aug'25###40833/KIHezrjmzmSvYUPY2x5Vw==,40833/KIHezrjmzmSvYUPY2x5Vw==,Q1,MBBank,25-35,Aug'25,Q3'25,Offline,Female,Ha Noi,AFF,MBBank,,,,,,MBBank,,Techcombank,ACB,Vietcombank,BIDV,VPBank,MSB,Vietinbank,,10.0,"Ngân hàng đi đầu về lĩnh vực công nghệ số mang đến tiện lợi cho khách hàng đỡ mất thời gian và công sức khi giao dịch.
MB bank đưa ra nhiều gói gửi tiết kiệm với lãi suất ưu đãi cho khách hàng",Không có,10,"Ứng dụng ngân hàng trên di động có giao diện dễ nhìn, tính năng chuyển khoản ngân hàng nhanh chóng",5,5,5,5,4,5, I do not use this bank product,5,5, I do not use this bank product, I do not use this bank product, I do not use this bank product,,,,4,Not use in recent 1 month,Not use in recent 1 month,Not use in recent 1 month,5,4.0,Branch,Hơi ít chi nhánh để giao dịch trong thành phố,10.0,9.0,9.0,9.0,9.0,9.0,MBBank,Techcombank,MBBank,Vietcombank,,,,,Vietcombank,MBBank,MBBank,Vietcombank,,,,,1.0,,,,,,0.0,,,,,,1.0,,,,,,0.0,,,,,,0.0,,,,,,0.0,,,,,,0.0,,,,,,0.0,,,,,,0.0,,,,,,1.0,,,,,,1.0,,,,,,0.0,,Q3'25,1.041777777777778,1.0417241379310345,0.0,0.0,1.0417391304347827,1.0596181832107845,0.0,1.0594298066448804,0.0,0.0,0.0,0.0,,1.0595289522058824,0.0,0.0,,,,0.0,,0.0,,0.0,,1.0599572610294117,0.0,0.0,,0.0,0.0,1.0593759847689077,,0.0,,1.0599572610294117,0.0,0.0,,,0.0,0.0,,0.0,,0.0,,0.0,,0.0,0.0,0.0,,0.0,,0.0,,0.0,,0.0,,0.0,,1.0599572610294117,0.0,0.0,0.0,0.0,,,
2277,Q1_Aug'25###40834bOTTYb8Gb171zEUKNHVbLw==,40834bOTTYb8Gb171zEUKNHVbLw==,Q1,Techcombank,36-45,Aug'25,Q3'25,Offline,Male,Ha Noi,MAFF,Techcombank,,,,,,Techcombank,,ACB,Vietcombank,BIDV,MBBank,VPBank,MSB,Vietinbank,,9.0,"Đây là ngân hàng uy tín, được sự tin tưởng cao của khách hàng
Cây ATM dễ sử dụng, thao tác nhanh, rút tiền không bị lỗi",Không có,10,"Ứng dụng ngân hàng mượt mà, đăng nhập nhanh",5,4,5,5,4,5, I do not use this bank product, I do not use this bank product,5, I do not use this bank product, I do not use this bank product, I do not use this bank product,,,,Not use in recent 1 month,Not use in recent 1 month,Not use in recent 1 month,Not use in recent 1 month,5,,,,10.0,9.0,10.0,9.0,10.0,9.0,,,,,Techcombank,VPBank,Techcombank,Vietcombank,Techcombank,Techcombank,MBBank,Techcombank,0.0,,,,,,0.0,,,,,,0.0,,,,,,0.0,,,,,,1.0,,,,,,0.0,,,,,,1.0,,,,,,0.0,,,,,,1.0,,,,,,1.0,,,,,,0.0,,,,,,1.0,,,,,,Q3'25,0.8404,0.0,0.0,0.8403076923076923,0.0,0.9006671262254901,0.0,0.0,0.0,0.0,,0.9005503393665156,,0.0,0.0,0.0,,,,0.0,,0.0,,0.0,,0.0,,0.900220588235294,,0.0,,0.0,,0.0,,0.0,,0.0,0.0,0.0,,,,0.0,,0.0,,0.0,,0.0,,0.0,,0.0,,0.0,,0.9006766270337921,,0.0,,0.0,0.0,0.0,,,,0.0,0.0,,
2278,Q1_Aug'25###40835rf6vJIbL6riICODeVlJQiw==,40835rf6vJIbL6riICODeVlJQiw==,Q1,VPBank,36-45,Aug'25,Q3'25,Offline,Female,Ha Noi,AFF,VPBank,,,,,,VPBank,,Vietcombank,BIDV,MBBank,MSB,Vietinbank,Techcombank,ACB,,10.0,"đa dạng dịch vụ , uy tín , nổi tiếng trong lĩnh vực ngân hàng . Giao dịch nhanh , minh bạch",Không cần,10,"App chạy ổn định , ít bị bảo trì , chuyển tiền nhanh không mất phí",4,5,4,5,5,5,4, I do not use this bank product,5, I do not use this bank product, I do not use this bank product,5,4.0,Credit card,"Chi tiêu hoàn lại tiền hơi lâu , mat khoảng 2 tháng sau khi nhận đc sao kê",4,Not use in recent 1 month,5,Not use in recent 1 month,Not use in recent 1 month,4.0,Branch,Chi nhánh ở xa chỗ làm tôi,10.0,10.0,9.0,10.0,10.0,9.0,VPBank,VPBank,VPBank,VPBank,,,,,VPBank,Missing lable,VPBank,VPBank,,,,,,1.0,,,,,,1.0,,,,,,1.0,,,,,,1.0,,,,,,0.0,,,,,,0.0,,,,,,0.0,,,,,,0.0,,,,,,1.0,,,,,,0.0,,,,,,1.0,,,,,,1.0,Q3'25,0.0,1.0202777777777776,1.0203448275862068,1.0203636363636364,0.0,0.0,0.0,1.088499476613562,,1.0885710097616632,,1.088605715871254,0.0,0.0,0.0,0.0,,,,,,0.0,,0.0,0.0,0.0,,0.0,0.0,0.0,,0.0,,0.0,,1.0887958282271244,,0.0,,0.0,,0.0,,0.0,,1.0889143688725489,,0.0,,1.088203125,,0.0,0.0,0.0,,0.0,0.0,1.0887798092209855,,0.0,,0.0,0.0,0.0,0.0,,0.0,0.0,0.0,,
2279,Q1_Aug'25###40836Ved6lZMlRvFqyB/NWuvQNQ==,40836Ved6lZMlRvFqyB/NWuvQNQ==,Q1,ACB,36-45,Aug'25,Q3'25,Offline,Female,Ho Chi Minh,AFF,ACB,,,,,,ACB,,BIDV,MBBank,VPBank,MSB,Vietinbank,Techcombank,Vietcombank,,10.0,"Ngân hàng uy tín, có từ lâu, nhiều người biết, nhân viên nhiệt tình, lịch sự, vì là khách hàng vip bên ACB nên về được chăm sóc tốt, nhiều chương trình hấp dẫn dành riêng cho vip",Không cần,10,"Tiện lợi khi sử dụng, giáo diện nhìn rõ ràng dễ hiểu dễ thao tác, an toàn, chuyển khoản nhanh",5,5,5,4,5,5,5, I do not use this bank product,4, I do not use this bank product, I do not use this bank product,5,4.0,Terms deposit,Lãi suất 1 năm không cao bằng 1 số ngân hàng khác,5,Not use in recent 1 month,4,4,5,4.0,Fanpage,Vì thấy trang facebook của acb nó cũng không cần thiết lắm với nhu cầu của tôi nên cũng ít quan tâm thôi,10.0,10.0,10.0,9.0,10.0,10.0,ACB,ACB,ACB,ACB,,,,,ACB,ACB,ACB,ACB,,1.0,,,,,,1.0,,,,,,1.0,,,,,,1.0,,,,,,0.0,,,,,,0.0,,,,,,0.0,,,,,,0.0,,,,,,1.0,,,,,,1.0,,,,,,1.0,,,,,,1.0,,,,,Q3'25,0.0,1.0867857142857142,0.0,1.087,0.0,0.0,0.0,1.1402399067265794,0.0,0.0,0.0,1.140092545638945,0.0,0.0,0.0,0.0,,,,0.0,,0.0,,0.0,0.0,0.0,,0.0,0.0,0.0,0.0,0.0,,1.1398514093137253,0.0,0.0,,0.0,,0.0,,0.0,,0.0,,0.0,0.0,0.0,,0.0,0.0,1.1399912683823528,0.0,1.139152113970588,,0.0,,1.140069939108456,0.0,0.0,,0.0,0.0,0.0,0.0,,,0.0,0.0,,
2280,Q1_Aug'25###408375GlX4bBH5KDCZKLZjJPhpQ==,408375GlX4bBH5KDCZKLZjJPhpQ==,Q1,Vietcombank,25-35,Aug'25,Q3'25,Offline,Male,Ha Noi,AFF,Vietcombank,,,,,,Vietcombank,,MBBank,VPBank,MSB,Vietinbank,Techcombank,ACB,BIDV,,8.0,mở rộng chi nhánh và ATM để khách hàng dễ dàng giao dịch,,8,"nâng cao tính bảo mật, tích hợp xác thực hai yếu tố, sinh trắc học....",5,4,4,4,4,4, I do not use this bank product, I do not use this bank product, I do not use this bank product, I do not use this bank product,5, I do not use this bank product,4.0,Debit,nếu có thể triển khai nhiều cây ATM có thể nộp tiền vào tài khoản thì thẻ ghi nợ sẽ phát huy công dụng hơn,4,Not use in recent 1 month,Not use in recent 1 month,Not use in recent 1 month,4,4.0,Branch,Đôi khi phải chờ lâu do ngân hàng đông khách,9.0,8.0,9.0,8.0,8.0,9.0,MBBank,Vietcombank,Vietcombank,Techcombank,,,,,Vietcombank,Vietcombank,Vietcombank,Vietcombank,,,0.0,,,,,,1.0,,,,,,1.0,,,,,,0.0,,,,,,0.0,,,,,,0.0,,,,,,0.0,,,,,,0.0,,,,,,1.0,,,,,,1.0,,,,,,1.0,,,,,,1.0,,,,Q3'25,0.9091666666666666,0.0,0.0,0.0,0.0,0.0,1.785244984567901,0.0,0.0,0.0,0.0,0.0,0.0,0.0,0.0,0.0,,,,0.0,0.0,,0.0,0.0,,,0.0,0.0,1.787700617283951,0.0,1.787700617283951,0.0,0.0,0.0,0.0,0.0,0.0,0.0,0.0,0.0,,0.0,,0.0,,0.0,0.0,0.0,0.0,0.0,0.0,0.0,,0.0,,0.0,0.0,0.0,0.0,0.0,0.0,0.0,0.0,0.0,0.0,0.0,,0.0,0.0,,
2281,Q1_Aug'25###40838Y26TpjCRdJixWTdYtzYhmA==,40838Y26TpjCRdJixWTdYtzYhmA==,Q1,MBBank,25-35,Aug'25,Q3'25,Offline,Male,Ha Noi,AFF,MBBank,,,,,,MBBank,,VPBank,Vietinbank,Techcombank,Vietcombank,BIDV,,,,10.0,"Đây là ngân hàng của quân đội, đảm bảo an toàn, uy tín","Ngân hàng đang làm rất tốt, tôi chưa nghĩ ra cần cải thiện gì",10,"ứng dụng ngân hàng hiện đại, lấy số chừo ngay trên ứng dụng điện thoại, giao dịch nhanh, ít bị tắc nghẽn giao dịch",4,5,4,5,5,5, I do not use this bank product,5,5, I do not use this bank product, I do not use this bank product, I do not use this bank product,,,,Not use in recent 1 month,Not use in recent 1 month,5,Not use in recent 1 month,5,,,,9.0,9.0,10.0,9.0,9.0,9.0,MBBank,MBBank,MBBank,Techcombank,,,,,MBBank,MBBank,MBBank,MBBank,,,,,1.0,,,,,,1.0,,,,,,1.0,,,,,,0.0,,,,,,0.0,,,,,,0.0,,,,,,0.0,,,,,,0.0,,,,,,1.0,,,,,,1.0,,,,,,1.0,,,,,,1.0,,Q3'25,0.0,0.0,0.0,1.0416363636363637,0.0,0.0,0.0,0.0,0.0,0.0,0.0,1.0595873579545456,,0.0,0.0,0.0,,,,0.0,,0.0,,0.0,,0.0,0.0,0.0,,0.0,0.0,0.0,,0.0,,0.0,0.0,0.0,,,0.0,0.0,,0.0,,0.0,,0.0,,0.0,0.0,0.0,,0.0,,0.0,,1.0596595341642756,,0.0,,0.0,,0.0,0.0,0.0,0.0,0.0,,,
2282,Q1_Aug'25###40839viAebFozxJVlFlBpmIyi8Q==,40839viAebFozxJVlFlBpmIyi8Q==,Q1,Vietcombank,25-35,Aug'25,Q3'25,Offline,Female,Ha Noi,MAFF,Vietcombank,,,,,,Vietcombank,,MSB,Vietinbank,Techcombank,ACB,BIDV,MBBank,VPBank,,9.0,"ngân hàng có đội ngũ nhân viên chuyên nghiệp, cơ sở vật chất tốt",tối ưu để xử lý giao dịch của khách hàng nhanh nhất,9,"Ứng dụng dễ cài đặt, dễ sử dụng, giao dịch tiện lợi.",4,4,4,4,4,5, I do not use this bank product, I do not use this bank product, I do not use this bank product, I do not use this bank product, I do not use this bank product, I do not use this bank product,,,,Not use in recent 1 month,Not use in recent 1 month,Not use in recent 1 month,Not use in recent 1 month,5,,,,8.0,8.0,9.0,9.0,9.0,9.0,,,,,Vietcombank,MBBank,Vietcombank,Vietcombank,Vietcombank,Vietcombank,Vietcombank,Vietcombank,,,0.0,,,,,,0.0,,,,,,0.0,,,,,,0.0,,,,,,1.0,,,,,,0.0,,,,,,1.0,,,,,,1.0,,,,,,1.0,,,,,,1.0,,,,,,1.0,,,,,,1.0,,,,Q3'25,0.9091666666666666,0.0,0.0,0.9090322580645162,0.0,0.7784998276654411,0.0,0.0,0.0,0.0,0.0,0.7786916593968096,0.0,0.0,0.0,0.0,,,,0.0,0.0,,0.0,0.0,,,0.0,0.0,0.0,0.7788465073529411,0.0,0.0,0.0,0.0,0.0,0.0,0.0,0.0,0.0,0.0,,0.0,,0.0,,0.0,0.0,0.0,0.0,0.0,0.0,0.0,,0.0,,0.0,0.0,0.0,0.0,0.7794175091911764,0.0,0.0,0.0,0.0,0.0,0.0,,0.0,0.0,,
2283,Q1_Aug'25###408405df/0ue0SD05KrR1j6GUwA==,408405df/0ue0SD05KrR1j6GUwA==,Q1,MBBank,36-45,Aug'25,Q3'25,Offline,Female,Ha Noi,MAFF,MBBank,Techcombank,,,,,MBBank,,Vietinbank,ACB,Vietcombank,BIDV,VPBank,MSB,,,9.0,Phục vụ khách hàng nhiệt tình chu đáo tận tâm và chuyên nghiệp,Không cần,10,"Ít có lỗi khi thực hiện các giao dịch , app chạy mượt",4,4,5,4,5,5, I do not use this bank product, I do not use this bank product, I do not use this bank product, I do not use this bank product,4, I do not use this bank product,4.0,Secured Loan,"Thời gian chờ làm hồ sơ dài , không được nhân viên ngân hàng đến giám định tài sản ngay",Not use in recent 1 month,Not use in recent 1 month,Not use in recent 1 month,Not use in recent 1 month,5,,,,9.0,8.0,9.0,9.0,10.0,10.0,,,,,MBBank,Techcombank,MBBank,Vietinbank,BIDV,MBBank,MBBank,BIDV,,,,,0.0,,,,,,0.0,,,,,,0.0,,,,,,0.0,,,,,,1.0,,,,,,0.0,,,,,,1.0,,,,,,0.0,,,,,,0.0,,,,,,1.0,,,,,,1.0,,,,,,0.0,,Q3'25,0.0,0.0,0.0,1.0416363636363637,0.0,0.0,0.0,0.0,0.0,0.0,0.0,1.0595873579545456,,0.0,0.0,0.0,,,,0.0,,0.0,,0.0,,0.0,0.0,0.0,,0.0,0.0,0.0,,0.0,,0.0,0.0,0.0,,,0.0,0.0,,0.0,,0.0,,0.0,,0.0,0.0,1.0596181832107845,,1.060465877757353,,0.0,,0.0,,0.0,,0.0,,0.0,0.0,0.0,0.0,0.0,,,
2284,Q1_Aug'25###40841+si7ZdvC3Vho0En7XB9H3Q==,40841+si7ZdvC3Vho0En7XB9H3Q==,Q1,BIDV,36-45,Aug'25,Q3'25,Offline,Female,Ha Noi,AFF,BIDV,,,,,,BIDV,,Techcombank,ACB,Vietcombank,MBBank,VPBank,MSB,Vietinbank,,10.0,"BIDV minh bạch hiển thị đầy đủ , rõ ràng các loại phí lãi suất ưu đãi",Không có,9,"Có giao diện thân thiện với người dùng , dễ sử dụng",4,5,4,5,4, I do not use this bank product,5, I do not use this bank product,5, I do not use this bank product, I do not use this bank product, I do not use this bank product,,,,5,Not use in recent 1 month,Not use in recent 1 month,Not use in recent 1 month,Not use in recent 1 month,,,,9.0,10.0,9.0,10.0,10.0,9.0,BIDV,MBBank,BIDV,Vietinbank,,,,,BIDV,BIDV,Techcombank,BIDV,,,,1.0,,,,,,0.0,,,,,,1.0,,,,,,0.0,,,,,,0.0,,,,,,0.0,,,,,,0.0,,,,,,0.0,,,,,,1.0,,,,,,1.0,,,,,,0.0,,,,,,1.0,,,Q3'25,0.0,0.0,1.0752,0.0,0.0,0.0,0.0,0.0,0.0,1.009518119747899,0.0,0.0,0.0,0.0,0.0,0.0,,,,,0.0,0.0,,0.0,0.0,0.0,0.0,0.0,,0.0,0.0,0.0,,0.0,,0.0,0.0,0.0,,,,,,,,0.0,0.0,0.0,0.0,1.0092945772058823,0.0,0.0,,0.0,0.0,0.0,,0.0,,0.0,,0.0,0.0,0.0,0.0,0.0,0.0,0.0,0.0,,
2285,Q1_Aug'25###408423OW3i+41Pwmc8xW6a7I3JQ==,408423OW3i+41Pwmc8xW6a7I3JQ==,Q1,BIDV,36-45,Aug'25,Q3'25,Offline,Female,Ha Noi,MAFF,BIDV,MBBank,,,,,BIDV,,ACB,Vietcombank,VPBank,MSB,Vietinbank,Techcombank,,,9.0,"Ngân hàng phổ biển, uy tín nhiều người dùng mang luoi và chi nhánh rộng,",Không có,10,"Ứng dụng ngân hàng trên dien thoại di động nhanh và dễ sử dụng, giao diện dễ nhìn dễ thao tác",5,4,5,4,4,5, I do not use this bank product, I do not use this bank product, I do not use this bank product,4, I do not use this bank product, I do not use this bank product,4.0,Bond/Funds,Lai suất còn thấp,Not use in recent 1 month,Not use in recent 1 month,Not use in recent 1 month,Not use in recent 1 month,5,,,,10.0,10.0,10.0,9.0,9.0,9.0,,,,,BIDV,BIDV,BIDV,BIDV,BIDV,BIDV,BIDV,BIDV,,,,0.0,,,,,,0.0,,,,,,0.0,,,,,,0.0,,,,,,1.0,,,,,,1.0,,,,,,1.0,,,,,,1.0,,,,,,1.0,,,,,,1.0,,,,,,1.0,,,,,,1.0,,,Q3'25,1.075161290322581,0.0,0.0,1.0751923076923076,0.0,1.009468443627451,0.0,0.0,0.0,0.0,0.0,1.0095707179930795,0.0,0.0,0.0,0.0,,,,,0.0,0.0,,0.0,0.0,0.0,0.0,0.0,,1.0092945772058823,0.0,0.0,,0.0,,0.0,0.0,0.0,,,,,,,,0.0,0.0,0.0,0.0,0.0,0.0,0.0,,0.0,0.0,0.0,,1.0095416505417958,,0.0,,0.0,0.0,0.0,0.0,0.0,0.0,0.0,0.0,,
2286,Q1_Aug'25###40843tI7+CHfKnCOH9NTQ+8zDFw==,40843tI7+CHfKnCOH9NTQ+8zDFw==,Q1,ACB,36-45,Aug'25,Q3'25,Offline,Female,Ha Noi,AFF,ACB,,,,,,ACB,,Vietcombank,BIDV,MBBank,VPBank,MSB,Vietinbank,Techcombank,,10.0,"Chi nhánh sạch sẽ , tiện đường đi làm , chuyển khoản nhanh , ít thao tác , bảo mật cao",Không cần,10,"Chuyển khoản nhanh , không mất phí chuyển khoản , app không bị đơ",5,5,4,4,5,5, I do not use this bank product, I do not use this bank product,5, I do not use this bank product, I do not use this bank product, I do not use this bank product,,,,4,Not use in recent 1 month,5,Not use in recent 1 month,4,4.0,ATM,Máy có những lúc bảo trì nên tôi không rút được tiền,10.0,9.0,10.0,9.0,10.0,9.0,ACB,ACB,ACB,ACB,,,,,ACB,ACB,Missing lable,ACB,,1.0,,,,,,1.0,,,,,,1.0,,,,,,1.0,,,,,,0.0,,,,,,0.0,,,,,,0.0,,,,,,0.0,,,,,,1.0,,,,,,1.0,,,,,,0.0,,,,,,1.0,,,,,Q3'25,1.086875,1.0867857142857142,1.0870967741935484,0.0,0.0,1.1399762834821427,0.0,1.1402399067265794,0.0,1.140092545638945,0.0,0.0,0.0,0.0,0.0,0.0,,,,0.0,,0.0,,0.0,0.0,0.0,,0.0,0.0,1.1404341554330064,0.0,0.0,,0.0,0.0,0.0,,1.140487132352941,,0.0,,0.0,,0.0,,1.1398514093137253,0.0,0.0,,0.0,0.0,0.0,0.0,0.0,,0.0,,0.0,0.0,0.0,,0.0,0.0,0.0,0.0,,,0.0,0.0,,
2287,Q1_Aug'25###40844tw8Ea03eA3MBIAWq0tYJzQ==,40844tw8Ea03eA3MBIAWq0tYJzQ==,Q1,ACB,25-35,Aug'25,Q3'25,Offline,Male,Ha Noi,AFF,ACB,Vietcombank,,,,,ACB,,BIDV,MBBank,VPBank,MSB,Vietinbank,Techcombank,,,9.0,"Nhân viên ngân hàng acb giao dịch nhanh, phòng giao dịch rộng rãi, không phải chờ đợi khi đến giao dịch,",Cải thiện thì muốn có quà tặng khi đến giao dịch,10,"Giao diện của app acb thấy dễ nhìn, dễ sử dụng , được tích điểm và đổi quà tặng khi giao dịch càng nhiều , app không bị lỗi chuyển tiền nhanh",5,5,5,5,4,5,4, I do not use this bank product,5, I do not use this bank product, I do not use this bank product, I do not use this bank product,4.0,Credit card,Phí thường niên tôi thấy hơi cao,5,Not use in recent 1 month,Not use in recent 1 month,Not use in recent 1 month,4,4.0,ATM,Máy atm của acb tôi mong muốn là có thêm nhiều cây atm ở các tuyến đường hơn,10.0,9.0,10.0,10.0,10.0,10.0,ACB,ACB,ACB,Vietcombank,,,,,ACB,ACB,ACB,ACB,,1.0,,,,,,1.0,,,,,,1.0,,,,,,0.0,,,,,,0.0,,,,,,0.0,,,,,,0.0,,,,,,0.0,,,,,,1.0,,,,,,1.0,,,,,,1.0,,,,,,1.0,,,,,Q3'25,1.086875,0.0,1.0870967741935484,0.0,0.0,1.1399762834821427,0.0,0.0,0.0,1.140092545638945,0.0,0.0,0.0,0.0,0.0,0.0,,,,0.0,,0.0,,0.0,0.0,0.0,,0.0,0.0,1.1404341554330064,0.0,0.0,,0.0,0.0,0.0,,0.0,,0.0,,0.0,,0.0,,1.1398514093137253,0.0,0.0,,0.0,0.0,0.0,0.0,0.0,,0.0,,0.0,0.0,0.0,,0.0,0.0,0.0,0.0,,,0.0,0.0,,
2288,Q1_Aug'25###40845AWm3xcvpzfFg0c+PJelzPQ==,40845AWm3xcvpzfFg0c+PJelzPQ==,Q1,BIDV,36-45,Aug'25,Q3'25,Offline,Female,Ha Noi,MAFF,Vietcombank,BIDV,,,,,BIDV,,MBBank,VPBank,MSB,Vietinbank,Techcombank,ACB,,,10.0,"BIDV Là một trong những ngân hàng lớn tại Việt Nam, với nhiều sản phẩm và dịch vụ như tiền gửi, vốn vay, thẻ phù hợp với nhiều đối tượng người dùng khác nhau.",Không có,10,"Việc tra cứu hoá đơn, chuyển tiền và thanh toán hoá đơn thao tác đơn giản, nhanh và ít khi bị lỗi khi đang làm giao dịch",5,4,5,4,5,5,4, I do not use this bank product,4, I do not use this bank product, I do not use this bank product, I do not use this bank product,4.0,Terms deposit,Lãi xuất tiết kiệm còn thấp hơn so với nhiều ngân hàng,5,Not use in recent 1 month,Not use in recent 1 month,Not use in recent 1 month,4,4.0,ATM,"Điểm rút tiền thuận lợi, cây ATM mới và được vệ sinh sạch sẽ",9.0,9.0,10.0,10.0,10.0,10.0,,,,,BIDV,BIDV,BIDV,BIDV,BIDV,BIDV,BIDV,BIDV,,,,0.0,,,,,,0.0,,,,,,0.0,,,,,,0.0,,,,,,1.0,,,,,,1.0,,,,,,1.0,,,,,,1.0,,,,,,1.0,,,,,,1.0,,,,,,1.0,,,,,,1.0,,,Q3'25,0.0,1.075357142857143,0.0,1.0751923076923076,0.0,0.0,0.0,1.009468443627451,0.0,0.0,0.0,1.0095707179930795,0.0,0.0,0.0,0.0,,,,,0.0,0.0,,0.0,0.0,0.0,0.0,0.0,,0.0,0.0,0.0,,0.0,,1.0096075367647055,0.0,0.0,,,,,,,,0.0,0.0,0.0,0.0,0.0,0.0,0.0,,0.0,0.0,0.0,,1.0095416505417958,,0.0,,0.0,0.0,0.0,0.0,0.0,0.0,0.0,0.0,,
2289,Q1_Aug'25###4084628G5PHxg92LR4jUtSKOTtg==,4084628G5PHxg92LR4jUtSKOTtg==,Q1,Techcombank,36-45,Aug'25,Q3'25,Offline,Female,Ha Noi,AFF,Techcombank,,,,,,Techcombank,,VPBank,MSB,Vietinbank,ACB,Vietcombank,BIDV,MBBank,,9.0,Ngân hàng có nhiều chị nhánh và chị nhánh giao dịch rất tiện nghi trang thiết bị đầy đủ tôi cảm thấy rất thoải mái khi đến giao dịch,Không,10,App dễ sử dụng khi thực hiện giao dịch tôi không bị lỗi không giao dịch chuydenr tiền được,4,5,4,5,5,5,4,4,5, I do not use this bank product, I do not use this bank product, I do not use this bank product,4.0,Banca,Tôi muốn nhân viên phòng giao dịch không tư vấn bán bảo hiểm để khách hàng tự nguyện khi có nhu caauf,4,Not use in recent 1 month,Not use in recent 1 month,Not use in recent 1 month,5,4.0,Branch,Có đôi lúc đến tôi phải đợi đến lượt khá lâu đó chỉ nhabh lúc đó hơi đông khách,9.0,10.0,9.0,9.0,10.0,9.0,Techcombank,ACB,Techcombank,MSB,,,,,Techcombank,ACB,Techcombank,Techcombank,1.0,,,,,,0.0,,,,,,1.0,,,,,,0.0,,,,,,0.0,,,,,,0.0,,,,,,0.0,,,,,,0.0,,,,,,1.0,,,,,,0.0,,,,,,1.0,,,,,,1.0,,,,,,Q3'25,0.8404,0.0,0.0,0.0,0.0,0.9006671262254901,0.0,0.0,0.0,0.0,,0.0,,0.0,0.0,0.0,,,,0.0,,0.0,,0.0,,0.0,,0.0,,0.9007077205882351,,0.0,,0.0,,0.0,,0.0,0.0,0.0,,,,0.0,,0.0,,0.0,,0.0,,0.0,,0.0,,0.0,,0.0,,0.0,,0.0,0.0,0.0,,,,0.0,0.0,,
2290,Q1_Aug'25###40847Di1DzqvqunD1SPFuxqhKQg==,40847Di1DzqvqunD1SPFuxqhKQg==,Q1,Techcombank,36-45,Aug'25,Q3'25,Offline,Female,Ha Noi,AFF,MBBank,Techcombank,,,,,Techcombank,,Vietinbank,ACB,Vietcombank,BIDV,VPBank,,,,9.0,Tiền trong tài khoản tự đong sinh lời mỗi ngày mà không cần chuyển sanh tiết kiệm vẫn có lãi,Không có,9,Ngân hàng được bảo mật an toàn tuyệt đối tài khoản bằng vân tay và face ID mang lại sự tin tưởng cho khách hàng khi sử dụng,5,5,4,5,5,4,5,5,5, I do not use this bank product, I do not use this bank product, I do not use this bank product,4.0,Debit,Khi rút tiên ở các cây atm  nươc ngoài phải trả phí khá cao 4% giá trị giao dịch nên điều chỉnh lại giá cho hợp lý,5,Not use in recent 1 month,Not use in recent 1 month,Not use in recent 1 month,5,,,,9.0,10.0,9.0,10.0,9.0,10.0,Techcombank,Techcombank,Techcombank,Techcombank,,,,,Techcombank,Techcombank,Techcombank,Techcombank,1.0,,,,,,1.0,,,,,,1.0,,,,,,1.0,,,,,,0.0,,,,,,0.0,,,,,,0.0,,,,,,0.0,,,,,,1.0,,,,,,1.0,,,,,,1.0,,,,,,1.0,,,,,,Q3'25,0.0,0.8404444444444444,0.0,0.0,0.0,0.0,0.0,0.9004641544117645,0.0,0.0,,0.0,,0.0,0.0,0.0,,,,0.0,,0.0,,0.0,,0.0,,0.0,,0.0,,0.0,,0.900220588235294,,0.0,,0.0,0.0,0.0,,,,0.0,,0.0,,0.0,,0.0,,0.0,,0.0,,0.0,,0.0,,0.0,,0.0,0.0,0.0,,,,0.0,0.0,,
2291,Q1_Aug'25###40848TVqK/v1GpoBQrE6NlxW2sQ==,40848TVqK/v1GpoBQrE6NlxW2sQ==,Q1,ACB,36-45,Aug'25,Q3'25,Offline,Female,Ha Noi,AFF,ACB,,,,,,ACB,,Vietinbank,Techcombank,Vietcombank,BIDV,MBBank,VPBank,MSB,,10.0,Nhân viên phòng giao dịch thân thiện nhiệt tình giải đáp thắc mắc của tôi khi tôi đến giao dịch,Không,9,Ứng dụng có tính bảo mật dễ dàng tự mình thao tác theo chỉ dẫn cài đặt sẵn nên khi dùng rất nhanhbkhoong mất thời gian,4,4,5,4,5,5,5,5,4, I do not use this bank product, I do not use this bank product, I do not use this bank product,4.0,Terms deposit,Khi so sánh lãi suất với ngân hàng khác là lãi suất đôi khi thấp hơn 1 chút nhưng không đáng kể,5,Not use in recent 1 month,Not use in recent 1 month,Not use in recent 1 month,5,,,,9.0,10.0,9.0,10.0,9.0,10.0,ACB,Techcombank,Vietcombank,Techcombank,,,,,ACB,ACB,BIDV,ACB,,1.0,,,,,,0.0,,,,,,0.0,,,,,,0.0,,,,,,0.0,,,,,,0.0,,,,,,0.0,,,,,,0.0,,,,,,1.0,,,,,,1.0,,,,,,0.0,,,,,,1.0,,,,,Q3'25,0.0,0.0,0.0,1.087,0.0,0.0,0.0,0.0,0.0,0.0,0.0,1.140092545638945,0.0,0.0,0.0,0.0,,,,0.0,,0.0,,0.0,0.0,0.0,,0.0,0.0,0.0,0.0,0.0,,0.0,0.0,0.0,,0.0,,0.0,,0.0,,0.0,,0.0,0.0,0.0,,0.0,0.0,1.1399912683823528,0.0,1.139152113970588,,0.0,,0.0,0.0,0.0,,0.0,0.0,0.0,0.0,,,0.0,0.0,,
2292,Q1_Aug'25###40849zg0Zys6mCviDklXRsfLZHw==,40849zg0Zys6mCviDklXRsfLZHw==,Q1,VPBank,36-45,Aug'25,Q3'25,Offline,Male,Ho Chi Minh,AFF,BIDV,VPBank,,,,,VPBank,,Techcombank,ACB,Vietcombank,MBBank,MSB,Vietinbank,,,9.0,"hay có ưu đãi lãi suất ,cây atm mới luôn sạch sẽ và nổi bật dễ tìm thấy trên đường, nhân viên xử lý vấn đề nhanh chóng",Thủ tục quy trình nhanh gọn hơn rốp rẻng hơn,9,"Công nghệ số hiện đại, chuyển tiền giao dịch nhanh miễn phí, ít xảy ra lỗi",5,4,5,4,5,5,4, I do not use this bank product,5, I do not use this bank product,5, I do not use this bank product,4.0,Credit card,quy trình thủ tục nhiều bước tốn nhiều thời gian để hoàn tất hồ sơ,4,Not use in recent 1 month,5,Not use in recent 1 month,5,4.0,Branch,"Không có chi nhánh giao dịch nhiều , chi nhánh xa nhà không thuận tiện đường đi",9.0,9.0,10.0,8.0,8.0,9.0,VPBank,VPBank,VPBank,BIDV,,,,,VPBank,VPBank,VPBank,VPBank,,,,,,1.0,,,,,,1.0,,,,,,1.0,,,,,,0.0,,,,,,0.0,,,,,,0.0,,,,,,0.0,,,,,,0.0,,,,,,1.0,,,,,,1.0,,,,,,1.0,,,,,,1.0,Q3'25,1.0202941176470588,0.0,1.0203448275862068,0.0,1.0202857142857142,1.0885365205652573,0.0,0.0,,1.0885710097616632,,0.0,0.0,1.0885472752609109,0.0,0.0,,,,,,0.0,,0.0,0.0,0.0,,1.088203125,0.0,0.0,,0.0,,0.0,,0.0,,0.0,,0.0,,0.0,,0.0,,1.0889143688725489,,0.0,,0.0,,0.0,0.0,0.0,,0.0,0.0,0.0,,0.0,,0.0,0.0,1.0889143688725489,0.0,,0.0,0.0,0.0,,
2293,Q1_Aug'25###40850GmPIoNdSmTjues6iSTssuQ==,40850GmPIoNdSmTjues6iSTssuQ==,Q1,BIDV,25-35,Aug'25,Q3'25,Offline,Female,Ha Noi,MAFF,BIDV,,,,,,BIDV,,ACB,Vietcombank,MBBank,VPBank,MSB,Vietinbank,Techcombank,,9.0,"Ngân hàng lớn tại việt nam, độ uy tín cao, tin tưởng",Không có,9,"Giao diện đẹp, sắp xếp thông minh, dễ nhìn",4,4,4,4,5,5,5, I do not use this bank product, I do not use this bank product, I do not use this bank product, I do not use this bank product, I do not use this bank product,,,,Not use in recent 1 month,Not use in recent 1 month,Not use in recent 1 month,4,Not use in recent 1 month,4.0,Fanpage,Xuất hiện hơi nhiều trên trang cá nhân của tôi,9.0,10.0,9.0,9.0,9.0,10.0,,,,,BIDV,BIDV,BIDV,BIDV,BIDV,BIDV,BIDV,BIDV,,,,0.0,,,,,,0.0,,,,,,0.0,,,,,,0.0,,,,,,1.0,,,,,,1.0,,,,,,1.0,,,,,,1.0,,,,,,1.0,,,,,,1.0,,,,,,1.0,,,,,,1.0,,,Q3'25,0.0,0.0,0.0,1.0751923076923076,0.0,0.0,0.0,0.0,0.0,0.0,0.0,1.0095707179930795,0.0,0.0,0.0,0.0,,,,,0.0,0.0,,0.0,0.0,0.0,0.0,0.0,,0.0,0.0,0.0,,0.0,,0.0,0.0,0.0,,,,,,,,0.0,0.0,0.0,0.0,0.0,0.0,0.0,,0.0,0.0,0.0,,1.0095416505417958,,0.0,,0.0,0.0,0.0,0.0,0.0,0.0,0.0,0.0,,
2294,Q1_Aug'25###40851431yRkP6S/2dyAt1ThWTdw==,40851431yRkP6S/2dyAt1ThWTdw==,Q1,Techcombank,36-45,Aug'25,Q3'25,Offline,Female,Ha Noi,AFF,Techcombank,,,,,,Techcombank,,Vietcombank,BIDV,MBBank,VPBank,MSB,Vietinbank,ACB,,10.0,"Ngân hàng lớn, nhiều chi nhánh, nhiều người tin dùng, ứng dụng thân thiện dễ sử dụng",Không có,9,Ứng dụng thân thiện dễ sử dụng và ít khi bị lỗi vào giờ cao điểm,5,4,5,5,5,5,4, I do not use this bank product,5, I do not use this bank product, I do not use this bank product, I do not use this bank product,4.0,Credit card,Ít ưu đãi và hạn mức thấp,5,Not use in recent 1 month,Not use in recent 1 month,Not use in recent 1 month,5,,,,9.0,10.0,10.0,10.0,9.0,9.0,Techcombank,Techcombank,Techcombank,Techcombank,,,,,Techcombank,Techcombank,Techcombank,Techcombank,1.0,,,,,,1.0,,,,,,1.0,,,,,,1.0,,,,,,0.0,,,,,,0.0,,,,,,0.0,,,,,,0.0,,,,,,1.0,,,,,,1.0,,,,,,1.0,,,,,,1.0,,,,,,Q3'25,0.8404,0.0,0.0,0.8403076923076923,0.0,0.9006671262254901,0.0,0.0,0.0,0.0,,0.9005503393665156,,0.0,0.0,0.0,,,,0.0,,0.0,,0.900220588235294,,0.0,,0.0,,0.9007077205882351,,0.0,,0.0,,0.0,,0.0,0.0,0.0,,,,0.0,,0.0,,0.0,,0.0,,0.0,,0.0,,0.0,,0.9006766270337921,,0.0,,0.0,0.0,0.0,,,,0.0,0.0,,
2295,Q1_Aug'25###40852mJnLV8OqO5aJ4hx0tRTLFA==,40852mJnLV8OqO5aJ4hx0tRTLFA==,Q1,MBBank,25-35,Aug'25,Q3'25,Offline,Female,Ha Noi,MAFF,MBBank,,,,,,MBBank,,BIDV,VPBank,MSB,Vietinbank,Techcombank,ACB,Vietcombank,,10.0,Ngân hàng nổi tiếng trên thị trường rất nhiều người biết,Không,9,Ứng dụng điện thoại dễ tải ai cũng sử dụng được,5,4,5,4,5,5,5, I do not use this bank product,5, I do not use this bank product, I do not use this bank product, I do not use this bank product,,,,4,5,Not use in recent 1 month,Not use in recent 1 month,5,4.0,Branch,Chỗ đỗ xe hơi chật,10.0,9.0,10.0,9.0,10.0,9.0,,,,,MBBank,BIDV,MBBank,MBBank,MSB,MBBank,BIDV,VPBank,,,,,0.0,,,,,,0.0,,,,,,0.0,,,,,,0.0,,,,,,1.0,,,,,,0.0,,,,,,1.0,,,,,,1.0,,,,,,0.0,,,,,,1.0,,,,,,0.0,,,,,,0.0,,Q3'25,0.0,0.0,0.0,1.0416363636363637,0.0,0.0,0.0,0.0,0.0,0.0,0.0,1.0595873579545456,,0.0,0.0,0.0,,,,0.0,,0.0,,0.0,,0.0,0.0,0.0,,0.0,0.0,0.0,,0.0,,0.0,0.0,0.0,,,0.0,0.0,,0.0,,0.0,,0.0,,0.0,0.0,0.0,,0.0,,0.0,,1.0596595341642756,,0.0,,0.0,,0.0,0.0,0.0,0.0,0.0,,,
2296,Q1_Aug'25###40853qhqZqzJjxMfUAbbgyLujoA==,40853qhqZqzJjxMfUAbbgyLujoA==,Q1,BIDV,36-45,Aug'25,Q3'25,Offline,Female,Ha Noi,AFF,BIDV,,,,,,BIDV,,MBBank,VPBank,MSB,Vietinbank,Techcombank,ACB,Vietcombank,,9.0,Nhan viên tiếp đón thân thiện lịch sự,Không,10,Giao dịch chuyển khoản lúc nào cũng thực hiện được app dễ nhận diện,5,5,4,5,4,5,5, I do not use this bank product,5, I do not use this bank product, I do not use this bank product, I do not use this bank product,,,,5,Not use in recent 1 month,Not use in recent 1 month,Not use in recent 1 month,5,,,,9.0,9.0,10.0,9.0,9.0,10.0,BIDV,BIDV,MSB,MBBank,,,,,BIDV,ACB,Vietcombank,BIDV,,,,1.0,,,,,,1.0,,,,,,0.0,,,,,,0.0,,,,,,0.0,,,,,,0.0,,,,,,0.0,,,,,,0.0,,,,,,1.0,,,,,,0.0,,,,,,0.0,,,,,,1.0,,,Q3'25,0.0,0.0,0.0,1.0751923076923076,0.0,0.0,0.0,0.0,0.0,0.0,0.0,1.0095707179930795,0.0,0.0,0.0,0.0,,,,,0.0,0.0,,0.0,0.0,0.0,0.0,0.0,,0.0,0.0,0.0,,0.0,,0.0,0.0,0.0,,,,,,,,0.0,0.0,0.0,0.0,0.0,0.0,1.0092945772058823,,0.0,0.0,0.0,,0.0,,0.0,,0.0,0.0,0.0,0.0,0.0,0.0,0.0,0.0,,
2297,Q1_Aug'25###40854wZmdeWkf3eqZ+x0l6xFajw==,40854wZmdeWkf3eqZ+x0l6xFajw==,Q1,ACB,36-45,Aug'25,Q3'25,Offline,Male,Ho Chi Minh,AFF,ACB,Vietcombank,,,,,ACB,,VPBank,MSB,Vietinbank,Techcombank,BIDV,MBBank,,,8.0,Phí in sao kê cần cải thiện lại giảm xuống hoặc miễn phí cho khách hàng lâu năm,,8,"Ít bị lỗi hơn để không bị gián đoạn khi cần giao dịch gấp , màn hình có giao diện rõ các hướng dẫn hơn để người dùng tiện làm theo chỉ dẫn",4,5,3,5,4,4,5, I do not use this bank product,4, I do not use this bank product, I do not use this bank product, I do not use this bank product,4.0,Terms deposit,Ưu đãi quà tặng khi mở sổ tiết kiệm bị giới hạn theo kỳ hạn gửi: gửi kỳ hạn dài mới được hưởng ưu đãi,4,Not use in recent 1 month,Not use in recent 1 month,Not use in recent 1 month,5,4.0,Branch,Chi nhánh nhỏ không có nhiều tiện nghi,8.0,8.0,9.0,8.0,8.0,9.0,ACB,Vietcombank,ACB,ACB,,,,,ACB,ACB,Vietcombank,ACB,,1.0,,,,,,0.0,,,,,,1.0,,,,,,1.0,,,,,,0.0,,,,,,0.0,,,,,,0.0,,,,,,0.0,,,,,,1.0,,,,,,1.0,,,,,,0.0,,,,,,1.0,,,,,Q3'25,0.0,0.0,0.0,0.0,1.0868421052631578,0.0,0.0,0.0,0.0,0.0,0.0,0.0,0.0,0.0,0.7283564814814814,0.0,,,,0.0,,0.0,,0.0,0.0,0.0,,0.0,0.0,0.0,0.0,0.0,,0.0,0.0,0.0,,0.0,,0.0,,0.0,,0.0,,0.0,0.0,0.0,,0.0,0.0,0.0,0.0,0.0,,0.0,,0.0,0.0,0.0,,0.0,0.7317129629629628,0.0,0.0,,,0.0,0.0,,
2298,Q1_Aug'25###40855HNjAP7PqT73mJHO2pbV5aA==,40855HNjAP7PqT73mJHO2pbV5aA==,Q1,VPBank,36-45,Aug'25,Q3'25,Offline,Female,Ho Chi Minh,AFF,VPBank,,,,,,VPBank,,Vietinbank,Techcombank,ACB,Vietcombank,BIDV,MBBank,,,9.0,"Thương hiệu uy tín hiện đại cung cấp nhiều dịch vụ  cho khách hàng và doanh nghiệp , nhân viên chuyên nghiệp hỗ trợ nhiệt tình",Không có,9,Mở thẻ gửi tiền tiết kiệm đặt vé  trên ứng dụng tiện lợi miễn phí các giao dịch bảo mật thông tin khách hàng cao,5,4,4,5,5,5,5, I do not use this bank product,5, I do not use this bank product, I do not use this bank product, I do not use this bank product,,,,Not use in recent 1 month,Not use in recent 1 month,4,Not use in recent 1 month,5,4.0,Call Center,Phải gọi nhiều  lần mới gặp được nhân viên hỗ trợ tư vấn,10.0,9.0,10.0,9.0,10.0,10.0,VPBank,VPBank,Other,VPBank,,,,,VPBank,VPBank,Other,VPBank,,,,,,1.0,,,,,,1.0,,,,,,0.0,,,,,,1.0,,,,,,0.0,,,,,,0.0,,,,,,0.0,,,,,,0.0,,,,,,1.0,,,,,,1.0,,,,,,0.0,,,,,,1.0,Q3'25,0.0,1.0202777777777776,0.0,1.0203636363636364,0.0,0.0,0.0,1.088499476613562,,0.0,,1.088605715871254,0.0,0.0,0.0,0.0,,,,,,0.0,,0.0,0.0,0.0,,0.0,0.0,0.0,,0.0,,0.0,,1.0887958282271244,,0.0,,0.0,,0.0,,0.0,,0.0,,0.0,,0.0,,1.0889143688725489,0.0,0.0,,0.0,0.0,1.0887798092209855,,1.088203125,,0.0,0.0,0.0,0.0,,0.0,0.0,0.0,,
2299,Q1_Aug'25###40856mDwDxvteZO+gWphF/0sc0g==,40856mDwDxvteZO+gWphF/0sc0g==,Q1,MBBank,36-45,Aug'25,Q3'25,Offline,Female,Ha Noi,AFF,MBBank,,,,,,MBBank,,Vietinbank,Techcombank,ACB,Vietcombank,BIDV,VPBank,MSB,,10.0,Một ngân hàng lớn của quân đội với nhiều phòng và chi nhánh giao dịch rộng khắp,Không có,10,"Ứng dụng chuyển tiền của ngân hàng trên điện thoại có giao diện dễ hiểu, dễ thao tác khi chuyển tiền. Giao dịch chuyển tiền nhanh và rất ít khi bị lỗi giao dịch",4,5,4,5,5,5,4, I do not use this bank product,4, I do not use this bank product, I do not use this bank product, I do not use this bank product,4.0,Terms deposit,Lãi xuất tiền gửi chưa cao mới chỉ 3.2% là thấp hơn so với một vài ngân hàng như TP bank là 3.5%,5,Not use in recent 1 month,Not use in recent 1 month,Not use in recent 1 month,5,,,,9.0,9.0,10.0,9.0,10.0,10.0,MBBank,MBBank,MBBank,MBBank,,,,,MBBank,MBBank,MBBank,MBBank,,,,,1.0,,,,,,1.0,,,,,,1.0,,,,,,1.0,,,,,,0.0,,,,,,0.0,,,,,,0.0,,,,,,0.0,,,,,,1.0,,,,,,1.0,,,,,,1.0,,,,,,1.0,,Q3'25,1.041777777777778,0.0,0.0,1.0416363636363637,0.0,1.0596181832107845,0.0,0.0,0.0,0.0,0.0,1.0595873579545456,,0.0,0.0,0.0,,,,0.0,,0.0,,0.0,,0.0,0.0,0.0,,1.059860381652661,0.0,0.0,,0.0,,0.0,0.0,0.0,,,0.0,0.0,,0.0,,0.0,,0.0,,0.0,0.0,0.0,,0.0,,0.0,,1.0596595341642756,,0.0,,0.0,,0.0,0.0,0.0,0.0,0.0,,,
2300,Q1_Aug'25###4085725dSx1fMiob3y198NyXs0Q==,4085725dSx1fMiob3y198NyXs0Q==,Q1,ACB,36-45,Aug'25,Q3'25,Offline,Female,Ha Noi,MAFF,ACB,,,,,,ACB,,Techcombank,Vietcombank,BIDV,MBBank,VPBank,Vietinbank,,,9.0,"Giao dịch nhanh , ít bị lỗi , ít gọi điện thoại làm phiền , nhiều chi nhánh","Không cần , tôi thấy như vậy là đủ",9,"Ứng dụng ít bị lỗi, chuyển khoản nhanh không phải mất nhiều thời gian thao tác, đóng được nhiều phí như tiền điện , nước luôn trên app",4,5,5,5,4,5, I do not use this bank product, I do not use this bank product, I do not use this bank product, I do not use this bank product, I do not use this bank product, I do not use this bank product,,,,5,Not use in recent 1 month,Not use in recent 1 month,Not use in recent 1 month,Not use in recent 1 month,,,,9.0,9.0,10.0,9.0,10.0,10.0,,,,,ACB,ACB,ACB,ACB,ACB,ACB,ACB,ACB,,0.0,,,,,,0.0,,,,,,0.0,,,,,,0.0,,,,,,1.0,,,,,,1.0,,,,,,1.0,,,,,,1.0,,,,,,1.0,,,,,,1.0,,,,,,1.0,,,,,,1.0,,,,,Q3'25,1.086875,0.0,1.0870967741935484,1.087,0.0,1.1399762834821427,0.0,0.0,0.0,1.140092545638945,0.0,1.140092545638945,0.0,0.0,0.0,1.1398514093137253,,,,0.0,,0.0,,0.0,0.0,0.0,,0.0,0.0,1.1404341554330064,0.0,0.0,,0.0,0.0,0.0,,0.0,,0.0,,0.0,,0.0,,1.1398514093137253,0.0,0.0,,0.0,0.0,0.0,0.0,0.0,,1.1398514093137253,,0.0,0.0,0.0,,0.0,0.0,0.0,0.0,,,0.0,0.0,,
2301,Q1_Aug'25###40858dlBSeKlLGTcoU8iRo/sPqQ==,40858dlBSeKlLGTcoU8iRo/sPqQ==,Q1,Vietcombank,36-45,Aug'25,Q3'25,Offline,Male,Ha Noi,AFF,Vietcombank,,,,,,Vietcombank,,ACB,BIDV,MBBank,VPBank,MSB,Vietinbank,Techcombank,,10.0,"có nhiều chi nhánh phòng giao dịch rộng khắp mọi nơi thuận tiện cho việc giao dịch , Bảo mật tài khoản khách hàng cao có uy tín",không có,10,"chuyển tiền nhanh chóng an toàn , thanh toán  mọi lúc mọi nơi rất thuận tiện , xem được lịch sử giao dịch chuyển tiền",4,5,4,5,5,5,5, I do not use this bank product,5, I do not use this bank product,5, I do not use this bank product,,,,5,Not use in recent 1 month,Not use in recent 1 month,Not use in recent 1 month,5,,,,10.0,10.0,10.0,10.0,9.0,9.0,Vietcombank,Vietcombank,Vietcombank,Vietcombank,,,,,Vietcombank,Vietcombank,Vietcombank,Vietcombank,,,1.0,,,,,,1.0,,,,,,1.0,,,,,,1.0,,,,,,0.0,,,,,,0.0,,,,,,0.0,,,,,,0.0,,,,,,1.0,,,,,,1.0,,,,,,1.0,,,,,,1.0,,,,Q3'25,0.9091666666666666,0.9090625,0.0,0.9090322580645162,0.0,0.7784998276654411,0.0,0.7784998276654411,0.0,0.0,0.0,0.7786916593968096,0.0,0.0,0.0,0.0,,,,0.0,0.0,,0.0,0.0,,,0.0,0.0,0.0,0.7788465073529411,0.0,0.0,0.0,0.0,0.0,0.0,0.0,0.7785610064338234,0.0,0.0,,0.0,,0.0,,0.0,0.0,0.0,0.0,0.0,0.0,0.0,,0.0,,0.0,0.0,0.7786094877219756,0.0,0.0,0.0,0.0,0.0,0.0,0.0,0.0,,0.0,0.0,,
2302,Q1_Aug'25###40859Ehw/IDY0sDHizIXM4P4W3g==,40859Ehw/IDY0sDHizIXM4P4W3g==,Q1,MBBank,36-45,Aug'25,Q3'25,Offline,Male,Ha Noi,MAFF,MBBank,,,,,,MBBank,,Vietcombank,BIDV,VPBank,MSB,Vietinbank,Techcombank,ACB,,10.0,"nhân viên giao dịch hướng dẫn nhẹ nhàng tươi cười nói chuyện với khách hàng , giấy tờ thủ tục nhanh gọn không phải chờ lâu",không có,10,"sử dụng mã OTP , xác thực khuôn mặt , vân tay đảm bảo an toàn cho các giao dịch . Chuyển khoản và thanh toán hóa đơn hoàn toàn miễn phí trên ứng dụng",5,5,5,4,4,5,5, I do not use this bank product,5, I do not use this bank product, I do not use this bank product, I do not use this bank product,,,,5,Not use in recent 1 month,Not use in recent 1 month,Not use in recent 1 month,5,,,,9.0,10.0,10.0,10.0,9.0,10.0,,,,,MBBank,MBBank,MBBank,MBBank,MBBank,MBBank,MBBank,MBBank,,,,,0.0,,,,,,0.0,,,,,,0.0,,,,,,0.0,,,,,,1.0,,,,,,1.0,,,,,,1.0,,,,,,1.0,,,,,,1.0,,,,,,1.0,,,,,,1.0,,,,,,1.0,,Q3'25,0.0,0.0,1.0417857142857143,1.0416363636363637,0.0,0.0,0.0,0.0,0.0,1.059550367647059,0.0,1.0595873579545456,,0.0,0.0,0.0,,,,0.0,,0.0,,0.0,,0.0,0.0,0.0,,0.0,0.0,0.0,,0.0,,0.0,0.0,0.0,,,0.0,0.0,,0.0,,0.0,,1.0593759847689077,,0.0,0.0,1.0596181832107845,,0.0,,0.0,,0.0,,0.0,,0.0,,0.0,0.0,0.0,0.0,0.0,,,
2303,Q1_Aug'25###40860EflKjZVPvZR+/8MiPw9DiA==,40860EflKjZVPvZR+/8MiPw9DiA==,Q1,Vietcombank,36-45,Aug'25,Q3'25,Offline,Male,Ha Noi,AFF,Vietcombank,,,,,,Vietcombank,,BIDV,MBBank,VPBank,MSB,Vietinbank,Techcombank,ACB,,10.0,"có nhiều gói vay hấp dẫn với lãi suất thấp, vị trí phòng giao dịch và chi nhánh ở vị trí thuận lợi gần chỗ tôi ở và làm việc   dễ dàng đến giao dịch",không có,10,"chuyển tiền nhanh 24/7, gửi tiết kiệm online ,thanh toán hóa đơn mua sắm ngay trên điện thoại",5,5,5,5,5,5,5, I do not use this bank product,5, I do not use this bank product,5, I do not use this bank product,,,,5,Not use in recent 1 month,Not use in recent 1 month,Not use in recent 1 month,5,,,,9.0,9.0,10.0,10.0,10.0,10.0,Vietcombank,Vietcombank,Vietcombank,Vietcombank,,,,,Vietcombank,Vietcombank,Vietcombank,Vietcombank,,,1.0,,,,,,1.0,,,,,,1.0,,,,,,1.0,,,,,,0.0,,,,,,0.0,,,,,,0.0,,,,,,0.0,,,,,,1.0,,,,,,1.0,,,,,,1.0,,,,,,1.0,,,,Q3'25,0.9091666666666666,0.9090625,0.0,0.0,0.9091304347826088,0.7784998276654411,0.0,0.7784998276654411,0.0,0.0,0.0,0.0,0.0,0.7787037568933823,0.0,0.0,,,,0.0,0.0,,0.0,0.0,,,0.0,0.0,0.0,0.7788465073529411,0.0,0.0,0.0,0.0,0.0,0.7787586609162896,0.0,0.0,0.0,0.0,,0.0,,0.0,,0.0,0.0,0.0,0.0,0.0,0.0,0.0,,0.0,,0.0,0.0,0.0,0.0,0.0,0.0,0.0,0.0,0.0,0.7794175091911765,0.0,,0.0,0.0,,
2304,Q1_Aug'25###408619ANOR8PF+Es0i8N8dGekhT16C4v/SG5YIkx20BIoPnE=,408619ANOR8PF+Es0i8N8dGekhT16C4v/SG5YIkx20BIoPnE=,Q1,ACB,36-45,Aug'25,Q3'25,Online,Male,Ho Chi Minh,MAFF,Techcombank,ACB,,,,,ACB,,Vietcombank,,,,,,,,9.0,"Nhân viên dịch vụ thân thiện, nhiệt tình, bảo mật thông tin tốt",Thời gian tiếp nhận và xử lý giao dịch trực tiếp cần nhanh chóng hơn,9,"Ứng dụng trực quan, bảo mật tốt, ít lỗi",4,4,4,4,4,4,4, I do not use this bank product,4, I do not use this bank product, I do not use this bank product, I do not use this bank product,4.0,Credit card,Không có nhiều chương trình khuyến mãi hấp dẫn,4,Not use in recent 1 month,Not use in recent 1 month,4,4,4.0,ATM,Nhiều lúc bị lỗi không rút được tiền,9.0,8.0,9.0,9.0,9.0,9.0,,,,,ACB,ACB,ACB,ACB,ACB,ACB,ACB,Techcombank,,0.0,,,,,,0.0,,,,,,0.0,,,,,,0.0,,,,,,1.0,,,,,,1.0,,,,,,1.0,,,,,,1.0,,,,,,1.0,,,,,,1.0,,,,,,1.0,,,,,,0.0,,,,,Q3'25,0.0,1.0867857142857142,0.0,1.087,0.0,0.0,0.0,1.1402399067265794,0.0,0.0,0.0,1.140092545638945,0.0,0.0,0.0,0.0,,,,0.0,,0.0,,0.0,0.0,0.0,,0.0,0.0,0.0,0.0,0.0,,0.0,0.0,0.0,,1.140487132352941,,0.0,,0.0,,0.0,,0.0,0.0,0.0,,0.0,0.0,1.1399912683823528,0.0,0.0,,0.0,,0.0,0.0,0.0,,0.0,0.0,0.0,0.0,,,0.0,0.0,,
2305,Q1_Aug'25###40862t0wadn0BWcNjiyoA8wkvYQDjGCYJh4Tx0n2zzNs0DBA=,40862t0wadn0BWcNjiyoA8wkvYQDjGCYJh4Tx0n2zzNs0DBA=,Q1,Techcombank,25-35,Aug'25,Q3'25,Online,Female,Ha Noi,MAFF,Techcombank,Vietcombank,,,,,Techcombank,,Vietinbank,ACB,BIDV,MBBank,VPBank,MSB,,,8.0,Nhieu uu dai cho khach hang,,8,Đảm bảo hệ thống k bị lỗi khi sử dụng,4,4,4,4,4,3,3,3,2,4,4,3,2.0,Terms deposit,Thấp,3,3,3,3,3,3.0,Telesales,Làm dịch vụ nhiều,8.0,8.0,8.0,7.0,7.0,7.0,,,,,Vietcombank,Techcombank,Techcombank,Techcombank,Techcombank,Techcombank,Techcombank,Techcombank,0.0,,,,,,0.0,,,,,,0.0,,,,,,0.0,,,,,,0.0,,,,,,1.0,,,,,,1.0,,,,,,1.0,,,,,,1.0,,,,,,1.0,,,,,,1.0,,,,,,1.0,,,,,,Q3'25,0.0,0.0,0.0,0.0,0.8402777777777778,0.0,0.0,0.0,0.0,0.0,,0.0,,0.0,0.4355555555555555,0.0,,,,0.0,,0.0,,0.0,,0.0,,0.0,,0.0,,0.0,,0.0,,0.0,,0.0,0.0,0.0,,,,0.0,,0.0,,0.0,,0.0,,0.0,,0.0,,0.0,,0.0,,0.0,,0.0,0.0,0.0,,,,0.0,0.4355555555555555,,
2306,Q1_Aug'25###40863YUIy2k5oWCxWDtf2R4na8Q==,40863YUIy2k5oWCxWDtf2R4na8Q==,Q1,VPBank,36-45,Aug'25,Q3'25,Offline,Female,Ha Noi,AFF,MBBank,VPBank,,,,,VPBank,,MSB,Vietinbank,Techcombank,ACB,Vietcombank,BIDV,,,9.0,"lãi suất gửi tiết kiệm cao có lợi cho người gửi , được lựa chọn mở tài khoản ngân hàng số đẹp theo sở thích",giải quyết thủ tục giấy tờ cho vay tiền  nhanh hơn nữa để không phải chờ lâu và cần giải ngân khoản vay nhanh hơn nữa,10,"giao diện app rõ ràng dễ nhìn , bảo mật tài khoản bằng vân tay rất an toàn , giao dịch các dịch vụ tài chính như chuyển khoản , thanh toán hóa đơn , gửi tiết kiệm ngay trên điện thoại di động rất nhanh gọn không phải mất thời gian ra quầy giao dịch",5,5,4,5,5,5,5,5,5, I do not use this bank product,5, I do not use this bank product,,,,5,Not use in recent 1 month,Not use in recent 1 month,Not use in recent 1 month,5,,,,10.0,10.0,9.0,9.0,9.0,10.0,VPBank,VPBank,VPBank,VPBank,,,,,VPBank,VPBank,VPBank,VPBank,,,,,,1.0,,,,,,1.0,,,,,,1.0,,,,,,1.0,,,,,,0.0,,,,,,0.0,,,,,,0.0,,,,,,0.0,,,,,,1.0,,,,,,1.0,,,,,,1.0,,,,,,1.0,Q3'25,0.0,1.0202777777777776,0.0,0.0,1.0202857142857142,0.0,0.0,1.088499476613562,,0.0,,0.0,0.0,1.0885472752609109,0.0,0.0,,,,,,0.0,,0.0,0.0,0.0,,0.0,0.0,0.0,,0.0,,0.0,,0.0,,0.0,,0.0,,1.088203125,,0.0,,0.0,,0.0,,0.0,,0.0,0.0,0.0,,0.0,0.0,0.0,,0.0,,0.0,0.0,1.0889143688725489,0.0,,0.0,0.0,0.0,,
2307,Q1_Aug'25###40864rxIuq/r4tmQ2cUgItfX30sSNs3sQK0RTJ2iooHYK9Wo=,40864rxIuq/r4tmQ2cUgItfX30sSNs3sQK0RTJ2iooHYK9Wo=,Q1,MBBank,25-35,Aug'25,Q3'25,Online,Male,Ha Noi,MAFF,MBBank,,,,,,MBBank,,ACB,Vietcombank,BIDV,VPBank,Vietinbank,Techcombank,,,10.0,Tôi đang sử dụng các dịch vụ của ngân hàng MB và rất hài lòng về ngân hàng này,Ngân hàng có thể nâng cao lãi suất gửi tiết kiệm để tạo cho khách hàng thêm nhiều tiền gửi hơn,10,Tôi hiện đang sử dụng ứng dụng của ngân hàng trên  điện thoại và thấy rất hài lòng,4,4,4,5,5, I do not use this bank product, I do not use this bank product, I do not use this bank product,4, I do not use this bank product,4, I do not use this bank product,4.0,Terms deposit,Vì tôi thấy mức lãi suất tiết kiệm cũng như các ngân hàng khác chứ không cao trội hơn các ngân hàng khác,4,Not use in recent 1 month,Not use in recent 1 month,Not use in recent 1 month,5,4.0,Branch,Tôi ít khi sử dụng dịch vụ ở các chi nhánh và phòng giao dịch,7.0,9.0,10.0,10.0,9.0,10.0,,,,,MBBank,MBBank,ACB,MBBank,MBBank,MBBank,MBBank,Missing lable,,,,,0.0,,,,,,0.0,,,,,,0.0,,,,,,0.0,,,,,,1.0,,,,,,1.0,,,,,,0.0,,,,,,1.0,,,,,,1.0,,,,,,1.0,,,,,,1.0,,,,,,0.0,,Q3'25,0.0,0.0,1.0417857142857143,0.0,0.0,0.0,0.0,0.0,0.0,1.059550367647059,0.0,0.0,,0.0,0.0,0.0,,,,0.0,,0.0,,0.0,,0.0,0.0,0.0,,0.0,0.0,0.0,,0.0,,0.0,0.0,0.0,,,0.0,0.0,,0.0,,0.0,,0.0,,1.0597723094919789,0.0,0.0,,0.0,,0.0,,0.0,,0.0,,0.0,,0.0,0.0,0.0,0.0,0.0,,,
2308,Q1_Aug'25###40865H2Th3aL8/qSh8rNmseqjjVYrolsZ8Zq11zvjdlEwjDQ=,40865H2Th3aL8/qSh8rNmseqjjVYrolsZ8Zq11zvjdlEwjDQ=,Q1,BIDV,25-35,Aug'25,Q3'25,Online,Female,Ho Chi Minh,MAFF,Vietcombank,BIDV,MBBank,,,,BIDV,,Vietinbank,ACB,,,,,,,10.0,"Dịch vụ chăm sóc, tiếp nhận khách hàng rất nhanh và đầy đủ.",Thời gian chờ nên cải thiện hơn ở các quầy giao dịch.,9,"Ứng dụng rõ ràng, màu sắc tươi mới, dễ hiểu",3,3,5,5,4,4,5,3,3,3,2,2,2.0,Secured Loan,Quá trình giải ngân còn phức tạp. Quy trình chưa gọn gàng và nhanh chóng.,5,3,5,4,5,3.0,Telesales,Chia sẻ nội dung chưa rõ ràng,9.0,8.0,10.0,5.0,9.0,10.0,,,,,MBBank,ACB,Vietcombank,BIDV,BIDV,MBBank,BIDV,Vietcombank,,,,0.0,,,,,,0.0,,,,,,0.0,,,,,,0.0,,,,,,0.0,,,,,,0.0,,,,,,0.0,,,,,,1.0,,,,,,1.0,,,,,,0.0,,,,,,1.0,,,,,,0.0,,,Q3'25,0.0,0.0,1.0752,1.0751923076923076,0.0,0.0,0.0,0.0,0.0,1.009518119747899,0.0,1.0095707179930795,0.0,0.0,0.0,0.0,,,,,0.0,0.0,,0.0,0.0,0.0,0.0,0.0,,0.0,0.0,0.0,,0.0,,0.0,0.0,0.0,,,,,,,,1.0092945772058823,0.0,0.0,0.0,0.0,0.0,0.0,,1.0092945772058823,0.0,0.0,,0.0,,0.0,,0.0,0.0,0.0,0.0,0.0,0.0,0.0,0.0,,
2309,Q1_Aug'25###40866f1CcXfqhUwuOgdAGoVv3J10TzcMjA68TkP6LuProA0M=,40866f1CcXfqhUwuOgdAGoVv3J10TzcMjA68TkP6LuProA0M=,Q1,BIDV,36-45,Aug'25,Q3'25,Online,Female,Ha Noi,MAFF,BIDV,Techcombank,ACB,,,,BIDV,Techcombank,MBBank,VPBank,MSB,Vietinbank,Vietcombank,,,,8.0,Chưa có nhiều địa điểm,,9,"ngân hàng có đội ngũ nhân viên thân thiện, chuyên nghiệp cao",5,4,4,4,4,4,5,4,3,3,4,5,3.0,Terms deposit,Tiền gửi tiết kiệm có lãi suất thấp hơn nhiều ngân hàng thương mại khác,Not use in recent 1 month,Not use in recent 1 month,4,Not use in recent 1 month,Not use in recent 1 month,4.0,Call Center,Không có gì là hoàn hảo cả,10.0,9.0,8.0,8.0,9.0,9.0,,,,,VPBank,ACB,MSB,MSB,MSB,MBBank,Vietcombank,Vietinbank,,,,0.0,,,,,,0.0,,,,,,0.0,,,,,,0.0,,,,,,0.0,,,,,,0.0,,,,,,0.0,,,,,,0.0,,,,,,0.0,,,,,,0.0,,,,,,0.0,,,,,,0.0,,,Q3'25,1.075161290322581,0.0,0.0,0.0,0.0,0.0,1.5162808641975307,0.0,0.0,0.0,0.0,0.0,0.0,0.0,0.0,0.0,,,,,0.0,0.0,,0.0,0.0,0.0,0.0,0.0,,0.0,1.5233333333333332,0.0,,0.0,,0.0,0.0,0.0,,,,,,,,0.0,0.0,0.0,0.0,0.0,0.0,0.0,,0.0,0.0,0.0,,0.0,,0.0,,0.0,0.0,0.0,0.0,0.0,0.0,0.0,0.0,,
2310,Q10_Aug'25###40866f1CcXfqhUwuOgdAGoVv3J10TzcMjA68TkP6LuProA0M=,40866f1CcXfqhUwuOgdAGoVv3J10TzcMjA68TkP6LuProA0M=,Q10,Techcombank,36-45,Aug'25,Q3'25,Online,Female,Ha Noi,MAFF,BIDV,Techcombank,ACB,,,,BIDV,Techcombank,MBBank,VPBank,MSB,Vietinbank,Vietcombank,,,,7.0,ngân hàng trẻ và có nhiều slogan ấn tượng,,7,đôi khi đăng nhập hơi chậm,5,4,4,4,4,4,4,4,3,4,4,5,3.0,Terms deposit,Tiền gửi lãi suất không cao như bắc á hay eximbank,4,Not use in recent 1 month,Not use in recent 1 month,Not use in recent 1 month,4,4.0,Branch,Không có nhiều địa điểm quanh khu vực tôi làm việc,8.0,8.0,8.0,8.0,9.0,9.0,,,,,VPBank,ACB,MSB,MSB,MSB,MBBank,Vietcombank,Vietinbank,0.0,,,,,,0.0,,,,,,0.0,,,,,,0.0,,,,,,0.0,,,,,,0.0,,,,,,0.0,,,,,,0.0,,,,,,0.0,,,,,,0.0,,,,,,0.0,,,,,,0.0,,,,,,Q3'25,0.0,0.0,0.0,0.8403076923076923,0.0,0.0,0.0,0.0,0.0,0.0,,0.9005503393665156,,0.0,0.0,0.0,,,,0.0,,0.0,,0.0,,0.0,,0.0,,0.0,,0.0,,0.0,,0.0,,0.0,0.0,0.0,,,,0.0,,0.0,,0.0,,0.0,,0.0,,0.0,,0.0,,0.9006766270337921,,0.0,,0.0,0.0,0.0,,,,0.0,0.0,,
2311,Q1_Aug'25###40867D25IyQsW2aGymmy4X1aVuw==,40867D25IyQsW2aGymmy4X1aVuw==,Q1,Vietcombank,25-35,Aug'25,Q3'25,Offline,Male,Ho Chi Minh,AFF,Vietcombank,,,,,,Vietcombank,,MBBank,VPBank,MSB,Vietinbank,Techcombank,ACB,BIDV,,8.0,Đội ngũ nhân viên cần phải chuyên nghiệp có chuyên môn cao hơn tư vấn am hiểu sâu về sản phẩm để tư vấn cho khách hàng hơn,,8,Áp dụng thêm nhiều công nghệ vào app hơn để khách hàng có thể giải quyết trực tiếp trên app để không cần phải ra ngân hàng,5,4,5,5,4,5,4, I do not use this bank product,5, I do not use this bank product,5,4,4.0,Credit card,Chỗ quản lý sao kê trên app không rõ ràng khó hiểu: lãi suất phí không hiển thị rõ khó hiểu,4,Not use in recent 1 month,Not use in recent 1 month,Not use in recent 1 month,5,4.0,Branch,"nhân viên ở quầy tư vấn lâu, giải quyết vấn đề hơi chậm",8.0,8.0,8.0,8.0,9.0,9.0,Vietcombank,Vietcombank,Vietcombank,Vietcombank,,,,,Vietcombank,Vietcombank,Vietcombank,Vietcombank,,,1.0,,,,,,1.0,,,,,,1.0,,,,,,1.0,,,,,,0.0,,,,,,0.0,,,,,,0.0,,,,,,0.0,,,,,,1.0,,,,,,1.0,,,,,,1.0,,,,,,1.0,,,,Q3'25,0.0,0.0,0.0,0.9090322580645162,0.0,0.0,0.0,0.0,0.0,0.0,0.0,0.0,1.7877006172839505,0.0,0.0,0.0,,,,0.0,0.0,,0.0,0.0,,,0.0,0.0,0.0,0.0,0.0,0.0,0.0,0.0,0.0,0.0,0.0,0.0,0.0,0.0,,0.0,,0.0,,0.0,0.0,0.0,0.0,0.0,0.0,0.0,,0.0,,0.0,1.787700617283951,0.0,0.0,0.0,1.787700617283951,0.0,0.0,0.0,0.0,0.0,,0.0,0.0,,
2312,Q1_Aug'25###40868xgCIT3Esg9yIb9rY36Tv4Uxqo9zBze3sdBxyyM8IANo=,40868xgCIT3Esg9yIb9rY36Tv4Uxqo9zBze3sdBxyyM8IANo=,Q1,VPBank,25-35,Aug'25,Q3'25,Online,Female,Ho Chi Minh,MAFF,Vietcombank,VPBank,,,,,Vietcombank,VPBank,Vietinbank,Techcombank,ACB,BIDV,MBBank,MSB,,,9.0,Ngân hàng hiện đại nhiều ưu đãi,ngân hàng miễn phí mọi dịch vụ,10,ứng dụng ngân hàng di động thiết kế trẻ trung,5,5,4,5,5,4,5,4,4,4,5,5,4.0,Terms deposit,tiền gửi tiết kiệm lãi suất khá tốt,5,5,4,5,4,4.0,ATM,atm kiểu cũ không hiện đại nhất,8.0,9.0,10.0,10.0,9.0,9.0,,,,,VPBank,Vietcombank,Vietcombank,VPBank,VPBank,Vietcombank,Vietcombank,Vietcombank,,,,,,0.0,,,,,,0.0,,,,,,0.0,,,,,,0.0,,,,,,1.0,,,,,,0.0,,,,,,0.0,,,,,,1.0,,,,,,1.0,,,,,,0.0,,,,,,0.0,,,,,,0.0,Q3'25,0.0,0.0,0.0,1.0203636363636364,1.0202857142857142,0.0,0.0,0.0,,0.0,,1.088605715871254,0.0,1.0885472752609109,0.0,0.0,,,,,,0.0,,0.0,0.0,0.0,,0.0,0.0,0.0,,0.0,,0.0,,0.0,,0.0,,0.0,,0.0,,0.0,,0.0,,0.0,,0.0,,0.0,0.0,0.0,,0.0,0.0,1.0887798092209855,,0.0,,0.0,0.0,0.0,0.0,,0.0,1.088203125,0.0,,
2313,Q10_Aug'25###40868xgCIT3Esg9yIb9rY36Tv4Uxqo9zBze3sdBxyyM8IANo=,40868xgCIT3Esg9yIb9rY36Tv4Uxqo9zBze3sdBxyyM8IANo=,Q10,Vietcombank,25-35,Aug'25,Q3'25,Online,Female,Ho Chi Minh,MAFF,Vietcombank,VPBank,,,,,Vietcombank,VPBank,Vietinbank,Techcombank,ACB,BIDV,MBBank,MSB,,,9.0,ngân hàng lớn mạnh uy tín nhất,tăng lãi suất tiền gửi,9,ứng dụng bảo mật cao đáng tin cậy,5,4,5,4,4,4,4,4,3,5,4,5,3.0,Terms deposit,lãi suất tiết kiệm ngân hàng rất thấp,5,4,5,4,4,4.0,Fanpage,thông tin trên facebook hay chậm trễ,10.0,9.0,9.0,10.0,9.0,10.0,,,,,VPBank,Vietcombank,Vietcombank,VPBank,VPBank,Vietcombank,Vietcombank,Vietcombank,,,0.0,,,,,,0.0,,,,,,0.0,,,,,,0.0,,,,,,0.0,,,,,,1.0,,,,,,1.0,,,,,,0.0,,,,,,0.0,,,,,,1.0,,,,,,1.0,,,,,,1.0,,,,Q3'25,0.0,0.0,0.0,0.9090322580645162,0.0,0.0,0.0,0.0,0.0,0.0,0.0,0.7786916593968096,0.0,0.0,0.0,0.0,,,,0.0,0.0,,0.0,0.0,,,0.0,0.0,0.0,0.0,0.0,0.0,0.0,0.0,0.0,0.0,0.0,0.0,0.0,0.0,,0.0,,0.0,,0.0,0.0,0.0,0.0,0.0,0.0,0.0,,0.0,,0.0,0.0,0.7786094877219756,0.0,0.0,0.0,0.0,0.0,0.0,0.0,0.0,,0.0,0.0,,
2314,Q1_Aug'25###408694d324bd0-5d82-11ec-bb39-0d2c1e153129,408694d324bd0-5d82-11ec-bb39-0d2c1e153129,Q1,BIDV,25-35,Aug'25,Q3'25,Online,Female,Ho Chi Minh,MAFF,BIDV,Techcombank,Vietcombank,,,,BIDV,Vietcombank,Vietinbank,ACB,MBBank,VPBank,,,,,10.0,"Ngân hàng uy tín, giao dịch nhanh, nhiều khuyến mãi.",Không có gì cần cải thiện.,10,"App dễ dùng, nhiều tiện ích.",5,5,4,5,5,5,4,5,5,4, I do not use this bank product, I do not use this bank product,4.0,Credit card,Chưa có sản phẩm phù hợp với tôi.,5,4,5,5,5,4.0,Telesales,Nhiều sản phẩm chưa hoàn toàn phù hợp.,10.0,10.0,10.0,10.0,10.0,10.0,,,,,BIDV,BIDV,BIDV,BIDV,BIDV,BIDV,BIDV,BIDV,,,,0.0,,,,,,0.0,,,,,,0.0,,,,,,0.0,,,,,,1.0,,,,,,1.0,,,,,,1.0,,,,,,1.0,,,,,,1.0,,,,,,1.0,,,,,,1.0,,,,,,1.0,,,Q3'25,0.0,0.0,1.0752,1.0751923076923076,1.075217391304348,0.0,0.0,0.0,0.0,1.009518119747899,0.0,1.0095707179930795,0.0,1.0096556843891402,0.0,0.0,,,,,0.0,0.0,,0.0,0.0,0.0,0.0,0.0,,0.0,0.0,0.0,,0.0,,0.0,0.0,0.0,,,,,,,,1.0092945772058823,0.0,0.0,0.0,0.0,0.0,0.0,,0.0,0.0,0.0,,1.0095416505417958,,0.0,,0.0,0.0,0.0,0.0,0.0,0.0,1.0092945772058823,0.0,,
2315,Q10_Aug'25###408694d324bd0-5d82-11ec-bb39-0d2c1e153129,408694d324bd0-5d82-11ec-bb39-0d2c1e153129,Q10,Vietcombank,25-35,Aug'25,Q3'25,Online,Female,Ho Chi Minh,MAFF,BIDV,Techcombank,Vietcombank,,,,BIDV,Vietcombank,Vietinbank,ACB,MBBank,VPBank,,,,,10.0,"Nhiều ưu đãi, mạng lưới rộng, ngân hàng uy tín và mạnh.",Giao dịch nhanh hơn chút nữa.,10,"App mượt, nhiều tiện ích, dễ dùng.",5,4,4,5,5,5,I do not use this bank product,5,5,4,I do not use this bank product,I do not use this bank product,4.0,Bond/Funds,Chưa phù hợp lắm.,4,4,5,5,5,4.0,Telesales,"Quảng cáo hơi nhiều, chưa nhiều sản phẩm phù hợp.",10.0,10.0,10.0,10.0,10.0,10.0,,,,,BIDV,BIDV,BIDV,BIDV,BIDV,BIDV,BIDV,BIDV,,,0.0,,,,,,0.0,,,,,,0.0,,,,,,0.0,,,,,,0.0,,,,,,0.0,,,,,,0.0,,,,,,0.0,,,,,,0.0,,,,,,0.0,,,,,,0.0,,,,,,0.0,,,,Q3'25,0.9091666666666666,0.0,0.0,0.9090322580645162,0.9091304347826088,0.7784998276654411,0.0,0.0,0.0,0.0,0.0,0.7786916593968096,0.0,0.7787037568933823,0.0,0.0,,,,0.0,0.0,,0.0,0.0,,,0.0,0.0,0.0,0.7788465073529411,0.0,0.0,0.0,0.0,0.0,0.0,0.0,0.0,0.0,0.0,,0.0,,0.0,,0.0,0.0,0.0,0.0,0.0,0.0,0.0,,0.0,,0.0,0.0,0.7786094877219756,0.0,0.0,0.0,0.0,0.0,0.0,0.0,0.0,,0.7794175091911764,0.0,,
2316,Q1_Aug'25###40870jPjbjqRwknzhJ6fFu+9IyA==,40870jPjbjqRwknzhJ6fFu+9IyA==,Q1,Techcombank,25-35,Aug'25,Q3'25,Offline,Male,Ho Chi Minh,AFF,Techcombank,,,,,,Techcombank,,BIDV,MBBank,VPBank,Vietinbank,ACB,Vietcombank,,,9.0,"Nhân viên giao dịch làm việc nhanh không phải chồi đợi lâu ,lãi suất gửi tiết kiệm cao ,hệ thống an ninh của ngân hàng đảm bảo an toàn .",Thêm nhiều trụ atm hơn nữa để thuận tiện hơn khi đu rút tiền .,9,Ít khi bị lỗi khi chuyển tiền .mức độ bảo mật an toàn cao khi thao tác trên ứng dụng .,4,5,5,4,5,5,4, I do not use this bank product,5, I do not use this bank product, I do not use this bank product,4,4.0,Credit card,Thủ tục mở thẻ lâu,5,Not use in recent 1 month,Not use in recent 1 month,Not use in recent 1 month,4,4.0,ATM,Chưa ở vị trí thuận tiện với lại chưa có máy lạnh hơi nóng .,9.0,9.0,10.0,9.0,9.0,8.0,Techcombank,Techcombank,Techcombank,Techcombank,,,,,Techcombank,Techcombank,Techcombank,Techcombank,1.0,,,,,,1.0,,,,,,1.0,,,,,,1.0,,,,,,0.0,,,,,,0.0,,,,,,0.0,,,,,,0.0,,,,,,1.0,,,,,,1.0,,,,,,1.0,,,,,,1.0,,,,,,Q3'25,0.0,0.8404444444444444,0.8402499999999999,0.0,0.8402777777777778,0.0,0.0,0.9004641544117645,0.0,0.9004885110294116,,0.0,,0.900555491727941,0.0,0.0,,,,0.0,,0.0,,0.0,,0.0,,0.0,,0.0,,0.0,,0.0,,0.0,,0.9002205882352939,0.0,0.0,,,,0.0,,0.9007846362229102,,0.0,,0.0,,0.0,,0.0,,0.0,,0.0,,0.0,,0.0,0.0,0.9002205882352939,,,,0.0,0.0,,
2317,Q1_Aug'25###40871HCBsoHUuCEiLkpiANoHkFg==,40871HCBsoHUuCEiLkpiANoHkFg==,Q1,MBBank,25-35,Aug'25,Q3'25,Offline,Female,Ho Chi Minh,AFF,MBBank,,,,,,MBBank,,VPBank,MSB,Vietinbank,Techcombank,ACB,Vietcombank,BIDV,,10.0,"Ngân hàng được nhiều doanh nghiệp lớn đầu tư nên nguồn tài lực rất dồi dào , có nhiều chi nhánh trải dài trên khắp cả nước .",Không cần cải thiện,10,"Ứng dụng luôn được nâng cấp và cập nhật nên chạy rất mượt , có các tính năng nổi bật như gửi tiết kiệm online .",4,5,4,5,5,5,5, I do not use this bank product,5, I do not use this bank product, I do not use this bank product, I do not use this bank product,,,,5,Not use in recent 1 month,Not use in recent 1 month,Not use in recent 1 month,Not use in recent 1 month,,,,10.0,10.0,10.0,9.0,9.0,10.0,MBBank,MBBank,MBBank,MBBank,,,,,MBBank,MBBank,MBBank,MBBank,,,,,1.0,,,,,,1.0,,,,,,1.0,,,,,,1.0,,,,,,0.0,,,,,,0.0,,,,,,0.0,,,,,,0.0,,,,,,1.0,,,,,,1.0,,,,,,1.0,,,,,,1.0,,Q3'25,1.041777777777778,0.0,0.0,1.0416363636363637,0.0,1.0596181832107845,0.0,0.0,0.0,0.0,0.0,1.0595873579545456,,0.0,0.0,0.0,,,,0.0,,0.0,,0.0,,0.0,0.0,0.0,,1.059860381652661,0.0,0.0,,0.0,,0.0,0.0,0.0,,,0.0,0.0,,0.0,,0.0,,0.0,,0.0,0.0,0.0,,0.0,,0.0,,1.0596595341642756,,0.0,,0.0,,0.0,0.0,0.0,0.0,0.0,,,
2318,Q1_Aug'25###40872TVanLzSLpl1VYQ5up+c2pw==,40872TVanLzSLpl1VYQ5up+c2pw==,Q1,Vietcombank,46-55,Aug'25,Q3'25,Offline,Female,Ho Chi Minh,AFF,Vietcombank,,,,,,Vietcombank,,VPBank,MSB,Vietinbank,Techcombank,ACB,BIDV,MBBank,,8.0,"Trang thiết bị phòng giao dịch không được hiện đại ,nhân viên xử lý giao dịch lâu .",,9,Màu sắc nổi bật dễ tìm kiếm . Bố cục sắp xếp dễ hiểu .,5,3,4,4,3,4, I do not use this bank product,4,5, I do not use this bank product,4, I do not use this bank product,4.0,Secured Loan,Chưa đa dạng gói vay để lựa chọn,3,Not use in recent 1 month,Not use in recent 1 month,Not use in recent 1 month,4,3.0,Branch,Nhân viên giao dịch làm việc lâu,9.0,8.0,10.0,9.0,8.0,9.0,Vietcombank,Vietcombank,Vietcombank,Missing lable,,,,,Vietcombank,Vietcombank,Vietcombank,Vietcombank,,,1.0,,,,,,1.0,,,,,,1.0,,,,,,0.0,,,,,,0.0,,,,,,0.0,,,,,,0.0,,,,,,0.0,,,,,,1.0,,,,,,1.0,,,,,,1.0,,,,,,1.0,,,,Q3'25,0.9091666666666666,0.0,0.9089655172413792,0.0,0.0,0.0,1.785244984567901,0.0,0.0,0.0,1.785244984567901,0.0,0.0,0.0,0.0,0.0,,,,0.0,0.0,,0.0,0.0,,,0.0,0.0,0.0,0.0,1.787700617283951,0.0,0.0,0.0,0.0,0.0,0.0,0.0,0.0,0.0,,0.0,,0.0,,0.0,1.7844264403292185,0.0,0.0,0.0,0.0,0.0,,0.0,,0.0,0.0,0.0,0.0,0.0,0.0,0.0,0.0,0.0,0.0,0.0,,0.0,0.0,,
2319,Q1_Aug'25###40873QBFuQ0VvSyG9tmGNuGnTiuqdrsq0lwM0ombhSGS5+rM=,40873QBFuQ0VvSyG9tmGNuGnTiuqdrsq0lwM0ombhSGS5+rM=,Q1,Vietcombank,36-45,Aug'25,Q3'25,Online,Male,Ha Noi,MAFF,Vietcombank,,,,,,Vietcombank,,VPBank,Vietinbank,Techcombank,,,,,,10.0,Ngân hàng uy tín,App hay bị lag,10,Úng dụng mượt mà dễ sử dụng,4,4,5,4,5,4,5,4,5,4,4,5,4.0,Debit,Vì đôi khi bị lỗi,5,5,5,5,5,,,,10.0,10.0,10.0,10.0,9.0,10.0,,,,,Vietcombank,Techcombank,Vietcombank,Vietinbank,Vietcombank,Techcombank,Vietcombank,Vietcombank,,,0.0,,,,,,0.0,,,,,,0.0,,,,,,0.0,,,,,,1.0,,,,,,0.0,,,,,,1.0,,,,,,0.0,,,,,,1.0,,,,,,0.0,,,,,,1.0,,,,,,1.0,,,,Q3'25,0.0,0.0,0.0,0.9090322580645162,0.0,0.0,0.0,0.0,0.0,0.0,0.0,0.7786916593968096,0.0,0.0,0.0,0.0,,,,0.0,0.0,,0.0,0.0,,,0.0,0.0,0.0,0.0,0.0,0.0,0.0,0.0,0.0,0.0,0.0,0.0,0.0,0.0,,0.0,,0.0,,0.0,0.0,0.0,0.0,0.0,0.0,0.0,,0.0,,0.0,0.0,0.7786094877219756,0.0,0.0,0.0,0.0,0.0,0.0,0.0,0.0,,0.0,0.0,,
2320,Q1_Aug'25###40874ElbqjfTpPzm/3QCKXCaU2ujGTK7/swDADpBsVgWB8sY=,40874ElbqjfTpPzm/3QCKXCaU2ujGTK7/swDADpBsVgWB8sY=,Q1,BIDV,36-45,Aug'25,Q3'25,Online,Male,Ho Chi Minh,MAFF,Techcombank,Vietcombank,BIDV,,,,Vietcombank,BIDV,MSB,Vietinbank,ACB,MBBank,VPBank,,,,10.0,"Giao dịch nhanh chóng, app giao diện thân thiện","Tối ưu hóa ứng dụng ngân hàng, còn lag trong 1 vài trường hợp",10,Ứng dụng tốt giao diện dễ nhìn,5,4,4,5,4,5,5,4,4,5,4,4,4.0,Terms deposit,Lãi suất tiền gửi hơi thấp.,5,5,5,5,5,,,,9.0,10.0,10.0,10.0,10.0,10.0,,,,,MBBank,VPBank,MBBank,Techcombank,BIDV,BIDV,BIDV,BIDV,,,,0.0,,,,,,0.0,,,,,,0.0,,,,,,0.0,,,,,,0.0,,,,,,0.0,,,,,,0.0,,,,,,0.0,,,,,,1.0,,,,,,1.0,,,,,,1.0,,,,,,1.0,,,Q3'25,1.075161290322581,0.0,1.0752,0.0,0.0,1.009468443627451,0.0,0.0,0.0,1.009518119747899,0.0,0.0,0.0,0.0,0.0,0.0,,,,,0.0,0.0,,1.0092945772058823,0.0,0.0,0.0,0.0,,0.0,0.0,0.0,,0.0,,0.0,0.0,0.0,,,,,,,,1.0092945772058823,0.0,0.0,0.0,0.0,0.0,0.0,,0.0,0.0,0.0,,0.0,,0.0,,0.0,0.0,0.0,0.0,0.0,0.0,0.0,0.0,,
2321,Q10_Aug'25###40874ElbqjfTpPzm/3QCKXCaU2ujGTK7/swDADpBsVgWB8sY=,40874ElbqjfTpPzm/3QCKXCaU2ujGTK7/swDADpBsVgWB8sY=,Q10,Vietcombank,36-45,Aug'25,Q3'25,Online,Male,Ho Chi Minh,MAFF,Techcombank,Vietcombank,BIDV,,,,Vietcombank,BIDV,MSB,Vietinbank,ACB,MBBank,VPBank,,,,10.0,"Nhân viên thân thiện, tôn trọng khách hàng dù là tầng lớp nào.",Ứng dụng ngân hàng điện tử,9,"Ứng dụng tốt, tuy nhiên giao diện chưa bắt mắt.",5,5,5,4,5,5,5,5,5,4,4,5,4.0,Secured Loan,"Lãi suất thấp, khoản vay giá trị cao/giá trị tài sản",5,5,5,5,5,,,,9.0,9.0,10.0,10.0,10.0,10.0,,,,,MBBank,VPBank,MBBank,Techcombank,BIDV,BIDV,BIDV,BIDV,,,0.0,,,,,,0.0,,,,,,0.0,,,,,,0.0,,,,,,0.0,,,,,,0.0,,,,,,0.0,,,,,,0.0,,,,,,0.0,,,,,,0.0,,,,,,0.0,,,,,,0.0,,,,Q3'25,0.0,0.0,0.0,0.9090322580645162,0.0,0.0,0.0,0.0,0.0,0.0,0.0,0.7786916593968096,0.0,0.0,0.0,0.0,,,,0.0,0.0,,0.0,0.0,,,0.0,0.0,0.0,0.0,0.0,0.0,0.0,0.0,0.0,0.0,0.0,0.0,0.0,0.0,,0.0,,0.0,,0.0,0.0,0.0,0.0,0.0,0.0,0.7784658394607843,,0.0,,0.0,0.0,0.0,0.0,0.0,0.0,0.0,0.0,0.0,0.0,0.0,,0.0,0.0,,
2322,Q1_Aug'25###408756dMJKqq3LW5zjBD9FTYRWncgMvE4iC226p4sAPEx7vg=,408756dMJKqq3LW5zjBD9FTYRWncgMvE4iC226p4sAPEx7vg=,Q1,BIDV,36-45,Aug'25,Q3'25,Online,Female,Ho Chi Minh,MAFF,BIDV,,,,,,BIDV,,Vietinbank,ACB,,,,,,,9.0,"ngân hàng dịch vụ tốt, giao diện dễ sử dụng",hạn chế thay đổi pass trên app smartking,8,hạn chế thay đổi pass,4,4,4,4,4,4,4,3,4,3,4,3,3.0,Banca,do không phải là sản phẩm chính của ngân hàng nên sẽ có một số hạn chế,4,3,4,3,4,3.0,Telesales,do không thiết thực,8.0,8.0,9.0,8.0,8.0,9.0,,,,,Vietinbank,Vietinbank,BIDV,Vietinbank,Vietinbank,Vietinbank,Vietinbank,BIDV,,,,0.0,,,,,,0.0,,,,,,0.0,,,,,,0.0,,,,,,0.0,,,,,,0.0,,,,,,1.0,,,,,,0.0,,,,,,0.0,,,,,,0.0,,,,,,0.0,,,,,,1.0,,,Q3'25,1.075161290322581,0.0,1.0752,0.0,0.0,1.009468443627451,0.0,0.0,0.0,1.009518119747899,0.0,0.0,0.0,0.0,0.0,0.0,,,,,0.0,0.0,,1.0092945772058823,0.0,0.0,0.0,0.0,,0.0,0.0,0.0,,0.0,,0.0,0.0,0.0,,,,,,,,0.0,0.0,0.0,0.0,1.0092945772058823,0.0,0.0,,0.0,0.0,0.0,,0.0,,0.0,,0.0,0.0,0.0,0.0,0.0,0.0,0.0,0.0,,
2323,Q1_Aug'25###40876K9KijTX9Uc27rtlmAy2gxQ==,40876K9KijTX9Uc27rtlmAy2gxQ==,Q1,Techcombank,25-35,Aug'25,Q3'25,Offline,Female,Ho Chi Minh,MAFF,Techcombank,,,,,,Techcombank,,ACB,Vietcombank,BIDV,MBBank,VPBank,MSB,Vietinbank,,9.0,"Nhân viên nhiệt tình 
Ngân hàng uy tín bảo mật thông tin tốt an toàn",Không có,10,"Thao tác nhanh, chuyển khoản nhanh tức thì, đăng nhập bằng vân tay",4,5,4,5,5,5,4, I do not use this bank product,5, I do not use this bank product,5, I do not use this bank product,4.0,Credit card,Phí thường niên hơi cao,5,4,5,Not use in recent 1 month,5,4.0,Telesales,Có nhân viên nói hơi nhanh nên khó nghe,9.0,8.0,9.0,10.0,9.0,10.0,,,,,Techcombank,Techcombank,Techcombank,Techcombank,Techcombank,Techcombank,Techcombank,Techcombank,0.0,,,,,,0.0,,,,,,0.0,,,,,,0.0,,,,,,1.0,,,,,,1.0,,,,,,1.0,,,,,,1.0,,,,,,1.0,,,,,,1.0,,,,,,1.0,,,,,,1.0,,,,,,Q3'25,0.0,0.8404444444444444,0.0,0.8403076923076923,0.0,0.0,0.0,0.9004641544117645,0.0,0.0,,0.9005503393665156,,0.0,0.0,0.0,,,,0.0,,0.0,,0.0,,0.0,,0.0,,0.0,,0.0,,0.0,,0.0,,0.9002205882352939,0.0,0.0,,,,0.0,,0.0,,0.0,,0.0,,0.9009350490196076,,0.0,,0.0,,0.9006766270337921,,0.0,,0.0,0.0,0.0,,,,0.0,0.0,,
2324,Q1_Aug'25###40877GG5QDNDWxu//6HF/bXke0g==,40877GG5QDNDWxu//6HF/bXke0g==,Q1,Vietcombank,25-35,Aug'25,Q3'25,Offline,Female,Ho Chi Minh,MAFF,Vietcombank,Techcombank,,,,,Vietcombank,,ACB,BIDV,MBBank,VPBank,MSB,Vietinbank,,,9.0,Vietcombank lúc nào cũng ưu tiên  bảo mật thông tin khách hàng,Không cần,9,"Ứng dụng đăng nhập nhanh 
Thao tác chuyển tiền nhanh",4,5,4,5,5,5,4, I do not use this bank product, I do not use this bank product, I do not use this bank product, I do not use this bank product, I do not use this bank product,4.0,Credit card,Lãi suất thẻ tín dụng cao quá,Not use in recent 1 month,Not use in recent 1 month,Not use in recent 1 month,Not use in recent 1 month,5,,,,9.0,9.0,10.0,10.0,9.0,10.0,,,,,Vietcombank,Vietcombank,Vietcombank,Vietcombank,Vietcombank,Vietcombank,Vietcombank,Vietcombank,,,0.0,,,,,,0.0,,,,,,0.0,,,,,,0.0,,,,,,1.0,,,,,,1.0,,,,,,1.0,,,,,,1.0,,,,,,1.0,,,,,,1.0,,,,,,1.0,,,,,,1.0,,,,Q3'25,0.0,0.9090625,0.0,0.0,0.0,0.0,0.0,0.7784998276654411,0.0,0.0,0.0,0.0,0.0,0.0,0.0,0.0,,,,0.0,0.0,,0.0,0.0,,,0.0,0.0,0.0,0.0,0.0,0.0,0.0,0.0,0.0,0.0,0.0,0.7785610064338234,0.0,0.0,,0.0,,0.0,,0.0,0.0,0.0,0.0,0.0,0.0,0.0,,0.0,,0.0,0.0,0.0,0.0,0.0,0.0,0.0,0.0,0.0,0.0,0.0,,0.0,0.0,,
2325,Q1_Aug'25###40878mBsWa2lK6FNihO6PrVz9kA==,40878mBsWa2lK6FNihO6PrVz9kA==,Q1,BIDV,25-35,Aug'25,Q3'25,Offline,Male,Ho Chi Minh,MAFF,BIDV,ACB,,,,,BIDV,,Vietcombank,MBBank,VPBank,MSB,Vietinbank,Techcombank,,,10.0,Ngân hàng có các quy trình bảo mật cao,Không có,10,App bidv có dung lượng nhẹ,5,4,5,4,5,5,5, I do not use this bank product, I do not use this bank product, I do not use this bank product, I do not use this bank product, I do not use this bank product,,,,5,Not use in recent 1 month,Not use in recent 1 month,Not use in recent 1 month,5,,,,9.0,9.0,10.0,9.0,10.0,10.0,,,,,BIDV,BIDV,BIDV,BIDV,BIDV,BIDV,BIDV,BIDV,,,,0.0,,,,,,0.0,,,,,,0.0,,,,,,0.0,,,,,,1.0,,,,,,1.0,,,,,,1.0,,,,,,1.0,,,,,,1.0,,,,,,1.0,,,,,,1.0,,,,,,1.0,,,Q3'25,0.0,1.075357142857143,0.0,0.0,0.0,0.0,0.0,1.009468443627451,0.0,0.0,0.0,0.0,0.0,0.0,0.0,0.0,,,,,0.0,0.0,,0.0,0.0,0.0,0.0,0.0,,0.0,0.0,0.0,,0.0,,0.0,0.0,1.0098161764705882,,,,,,,,0.0,0.0,0.0,0.0,0.0,0.0,0.0,,0.0,0.0,0.0,,0.0,,0.0,,0.0,0.0,0.0,0.0,0.0,0.0,0.0,0.0,,
2326,Q1_Aug'25###40879QR5ti0PJFgao2dSwPXXEpQ==,40879QR5ti0PJFgao2dSwPXXEpQ==,Q1,Vietcombank,36-45,Aug'25,Q3'25,Offline,Female,Ho Chi Minh,AFF,Vietcombank,,,,,,Vietcombank,,BIDV,MBBank,VPBank,MSB,Vietinbank,Techcombank,ACB,,9.0,"Gửi tiết kiệm với lãi suất cao
Ngân hàng uy tín có danh tiếng được nhiều người tin dùng",Nhân viên chi nhánh nên xử lý giao dịch nhanh hơn để đỡ mất nhiều thời gian chờ đợi,9,Ứng dụng tích hợp với nhiều ví điện tử giúp việc thanh toán tiện lợi,5,4,5,5,4,5, I do not use this bank product,4,5, I do not use this bank product, I do not use this bank product, I do not use this bank product,4.0,Banca,Nhận bồi thường từ bảo hiểm đòi hỏi hơi nhiều giấy tờ,4,Not use in recent 1 month,Not use in recent 1 month,5,5,4.0,Branch,Nhân viên chi nhánh xử lý giao dịch hơi lâu,9.0,9.0,9.0,9.0,10.0,10.0,Vietcombank,Vietcombank,Vietcombank,Vietcombank,,,,,Vietcombank,Vietcombank,Vietcombank,Vietcombank,,,1.0,,,,,,1.0,,,,,,1.0,,,,,,1.0,,,,,,0.0,,,,,,0.0,,,,,,0.0,,,,,,0.0,,,,,,1.0,,,,,,1.0,,,,,,1.0,,,,,,1.0,,,,Q3'25,0.0,0.0,0.0,0.9090322580645162,0.9091304347826088,0.0,0.0,0.0,0.0,0.0,0.0,0.7786916593968096,0.0,0.7787037568933823,0.0,0.0,,,,0.0,0.0,,0.0,0.0,,,0.0,0.0,0.0,0.0,0.0,0.0,0.0,0.0,0.0,0.0,0.0,0.0,0.0,0.0,,0.0,,0.0,,0.0,0.0,0.0,0.0,0.0,0.0,0.0,,0.0,,0.0,0.0,0.7786094877219756,0.0,0.0,0.0,0.0,0.0,0.7794175091911764,0.0,0.0,,0.0,0.0,,
2327,Q1_Aug'25###40880WXuIwkNaQA9C4Djr19k00Q==,40880WXuIwkNaQA9C4Djr19k00Q==,Q1,Vietcombank,46-55,Aug'25,Q3'25,Offline,Female,Ho Chi Minh,AFF,Vietcombank,BIDV,,,,,Vietcombank,,MBBank,VPBank,MSB,Vietinbank,Techcombank,ACB,,,10.0,Là một ngân hàng lâu đời nhiều lớp xác thực. Liên kết với nhiều ngân hàng khác thuận tiện rút tiền,Không có,9,Màu sắc đặc trưng dễ biết đây là ngân hàng Vietcombank chuyển nhanh 24/7,4,5,4,5,5,4,5, I do not use this bank product,5, I do not use this bank product,5, I do not use this bank product,4.0,Debit,Rút tiền khác hệ thống: phí giao dịch cao,5,5,5,Not use in recent 1 month,4,4.0,ATM,Nhiều máy ATM đặt hơi khuất khó thấy để vào rút tiền,9.0,8.0,9.0,9.0,9.0,10.0,Vietcombank,Vietcombank,Vietcombank,Vietcombank,,,,,Vietcombank,Vietcombank,Vietcombank,Vietcombank,,,1.0,,,,,,1.0,,,,,,1.0,,,,,,1.0,,,,,,0.0,,,,,,0.0,,,,,,0.0,,,,,,0.0,,,,,,1.0,,,,,,1.0,,,,,,1.0,,,,,,1.0,,,,Q3'25,0.0,0.9090625,0.0,0.9090322580645162,0.0,0.0,0.0,0.7784998276654411,0.0,0.0,0.0,0.7786916593968096,0.0,0.0,0.0,0.0,,,,0.0,0.0,,0.0,0.0,,,0.0,0.0,0.0,0.0,0.0,0.0,0.0,0.0,0.0,0.0,0.0,0.0,0.0,0.7794175091911765,,0.0,,0.0,,0.0,0.0,0.0,0.0,0.0,0.0,0.0,,0.0,,0.0,0.0,0.7786094877219756,0.0,0.0,0.0,0.0,0.0,0.0,0.0,0.0,,0.0,0.0,,
2328,Q1_Aug'25###40881Wam926JOsIbVSs2Y+5dwMg==,40881Wam926JOsIbVSs2Y+5dwMg==,Q1,ACB,46-55,Aug'25,Q3'25,Offline,Female,Ho Chi Minh,MAFF,ACB,,,,,,ACB,,MSB,Vietinbank,Techcombank,Vietcombank,BIDV,MBBank,VPBank,,10.0,"Nhân viên tư vấn kỹ, thái độ phục vụ thân thiện giao diện ứng dụng dễ sử dụng bảo mật sinh trắc học hiệu quả",Không có,9,"Bố cục rõ ràng, đăng nhập nhanh
Thanh toán QR nhanh",4,5,4,5,5,5,5, I do not use this bank product,4, I do not use this bank product, I do not use this bank product,5,4.0,Terms deposit,Rút tiền trước thời hạn chưa linh hoạt,4,5,5,Not use in recent 1 month,5,4.0,Branch,Nhân viên giao dịch tập trung xử lý việc của ngân hàng nên để khách hàng chờ đợi lâu,9.0,8.0,10.0,8.0,9.0,9.0,,,,,ACB,ACB,ACB,ACB,ACB,ACB,ACB,ACB,,0.0,,,,,,0.0,,,,,,0.0,,,,,,0.0,,,,,,1.0,,,,,,1.0,,,,,,1.0,,,,,,1.0,,,,,,1.0,,,,,,1.0,,,,,,1.0,,,,,,1.0,,,,,Q3'25,1.086875,0.0,0.0,1.087,0.0,1.1399762834821427,0.0,0.0,0.0,0.0,0.0,1.140092545638945,0.0,0.0,0.0,0.0,,,,0.0,,0.0,,1.139152113970588,0.0,1.139152113970588,,0.0,0.0,0.0,0.0,0.0,,0.0,0.0,0.0,,0.0,,0.0,,0.0,,0.0,,0.0,0.0,0.0,,0.0,0.0,1.1399912683823528,0.0,0.0,,1.1398514093137253,,0.0,0.0,0.0,,0.0,0.0,0.0,0.0,,,0.0,0.0,,
2329,Q1_Aug'25###40882WyRouB/lEwBGLK8fT0QVqGNSzIBBLN0If78RUNePaMGkcEu8OU4UrmbwY1yDX15D,40882WyRouB/lEwBGLK8fT0QVqGNSzIBBLN0If78RUNePaMGkcEu8OU4UrmbwY1yDX15D,Q1,Techcombank,25-35,Aug'25,Q3'25,Online,Female,Ha Noi,MAFF,BIDV,VPBank,Techcombank,,,,VPBank,Techcombank,Vietinbank,ACB,Vietcombank,MBBank,,,,,8.0,"Cải thiện lại vấn đề lỗi app vào những khung giờ cao điểm, thêm chương trình hoàn tiền cho thẻ ghi nợ",,9,"Ứng dụng dễ sử dụng, giao diện tối giản dễ nhìn tích hợp nhiều tính năng nên rất tiện lợi",4,4,4,4,4,4,4, I do not use this bank product,4, I do not use this bank product, I do not use this bank product, I do not use this bank product,4.0,Credit card,"Vì không có nhiều chương trình hấp dẫn cho lắm, trên nhiều app khác không có khuyến mãi dành cho thẻ techcombank",5,Not use in recent 1 month,Not use in recent 1 month,4,Not use in recent 1 month,4.0,Fanpage,Các thông tin được đăng tải với tần suất nhiều,9.0,10.0,9.0,10.0,10.0,9.0,,,,,Techcombank,Techcombank,Techcombank,Techcombank,Techcombank,Techcombank,Techcombank,Techcombank,0.0,,,,,,0.0,,,,,,0.0,,,,,,0.0,,,,,,1.0,,,,,,1.0,,,,,,1.0,,,,,,1.0,,,,,,1.0,,,,,,1.0,,,,,,1.0,,,,,,1.0,,,,,,Q3'25,0.8404,0.0,0.0,0.0,0.8402777777777778,0.0,0.4355555555555555,0.0,0.0,0.0,,0.0,,0.0,0.4355555555555555,0.0,,,,0.4355555555555555,,0.0,,0.0,,0.0,,0.0,,0.0,,0.0,,0.0,,0.0,,0.0,0.0,0.0,,,,0.0,,0.0,,0.0,,0.0,,0.0,,0.0,,0.0,,0.0,,0.0,,0.0,0.0,0.0,,,,0.0,0.4355555555555555,,
2330,Q10_Aug'25###40882WyRouB/lEwBGLK8fT0QVqGNSzIBBLN0If78RUNePaMGkcEu8OU4UrmbwY1yDX15D,40882WyRouB/lEwBGLK8fT0QVqGNSzIBBLN0If78RUNePaMGkcEu8OU4UrmbwY1yDX15D,Q10,VPBank,25-35,Aug'25,Q3'25,Online,Female,Ha Noi,MAFF,BIDV,VPBank,Techcombank,,,,VPBank,Techcombank,Vietinbank,ACB,Vietcombank,MBBank,,,,,8.0,"Miễn phí thẻ hàng tháng và cung cấp nhieu chương trình thưởng, hoàn tiền hấp dẫn hơn",,7,"Truy cập ứng dụng rất bất tiện, phải nhập mật khẩu chứ không dùng face như ngân hàng khác, rất nhiều lúc bị tạm ngưng hoạt động để bảo trì mà không báo trước, thông báo liên tục trên ứng dụng khiến tôi cảm thấy rất khó chịu",4,4,3,4,4,4,5,I do not use this bank product,I do not use this bank product,I do not use this bank product,I do not use this bank product,I do not use this bank product,4.0,Debit/CASA,"Thẻ mất phí hàng tháng, ít chương trình thưởng hay hoàn tiền khi thanh toán với ứng dụng khác",Not use in recent 1 month,Not use in recent 1 month,Not use in recent 1 month,Not use in recent 1 month,Not use in recent 1 month,,,,8.0,8.0,8.0,8.0,8.0,7.0,,,,,Techcombank,Techcombank,Techcombank,Techcombank,Techcombank,Techcombank,Techcombank,Techcombank,,,,,,0.0,,,,,,0.0,,,,,,0.0,,,,,,0.0,,,,,,0.0,,,,,,0.0,,,,,,0.0,,,,,,0.0,,,,,,0.0,,,,,,0.0,,,,,,0.0,,,,,,0.0,Q3'25,0.0,0.0,0.0,0.0,1.0202857142857142,0.0,0.0,0.0,,0.0,,0.0,0.0,1.0885472752609109,0.5619444444444442,0.0,,,,,,0.0,,0.0,0.0,0.0,,0.0,0.0,0.0,,0.0,,0.0,,0.0,,0.0,,0.0,,0.0,,0.0,,0.0,,0.0,,0.0,,0.0,0.0,0.0,,0.0,0.0,0.0,,0.0,,1.088203125,0.0,0.0,0.0,,0.0,0.0,0.5619444444444444,,
2331,Q1_Aug'25###40883AeffX0XhXYJeMlok6ycCrA==,40883AeffX0XhXYJeMlok6ycCrA==,Q1,Techcombank,25-35,Aug'25,Q3'25,Offline,Female,Ha Noi,AFF,Techcombank,,,,,,Techcombank,,ACB,Vietcombank,BIDV,MBBank,VPBank,MSB,Vietinbank,,10.0,"Các phòng giao dịch nằm ở vị trí đường to, thuận tiện đi lại. Sản phẩm đa dạng, nhân viên thân thiện và hỗ trợ nhiệt tình",hiện tại tôi rất hài lòng với dịch vụ và sản phẩm của techcombank nên không thấy có điểm gì cần cải thiện,10,"các hạng mục của app techcombank trên điện thoại di động được trình bày rõ ràng, dễ nhìn và dễ sử dụng",5,5,5,5,5,5,5, I do not use this bank product,4, I do not use this bank product, I do not use this bank product, I do not use this bank product,4.0,Terms deposit,lãi suất tiền gửi của tech còn thấp,5,Not use in recent 1 month,5,Not use in recent 1 month,5,,,,10.0,10.0,10.0,10.0,10.0,10.0,Techcombank,Techcombank,Techcombank,Techcombank,,,,,Techcombank,Techcombank,Techcombank,Techcombank,1.0,,,,,,1.0,,,,,,1.0,,,,,,1.0,,,,,,0.0,,,,,,0.0,,,,,,0.0,,,,,,0.0,,,,,,1.0,,,,,,1.0,,,,,,1.0,,,,,,1.0,,,,,,Q3'25,0.8404,0.8404444444444444,0.0,0.8403076923076923,0.0,0.9006671262254901,0.0,0.9004641544117645,0.0,0.0,,0.9005503393665156,,0.0,0.0,0.0,,,,0.0,,0.0,,0.0,,0.0,,0.0,,0.9007077205882351,,0.0,,0.0,,0.9006865409207159,,0.0,0.0,0.0,,,,0.0,,0.0,,0.0,,0.0,,0.9009350490196076,,0.0,,0.0,,0.0,,0.0,,0.0,0.0,0.0,,,,0.0,0.0,,
2332,Q1_Aug'25###4088415cb92c0-3d20-11f0-b406-c5226de06808,4088415cb92c0-3d20-11f0-b406-c5226de06808,Q1,Techcombank,25-35,Aug'25,Q3'25,Online,Female,Ha Noi,MAFF,Techcombank,ACB,MBBank,,,,Techcombank,,Vietinbank,,,,,,,,9.0,Lãi suất cao,Giảm lãi suất vay thấu chi,9,Ứng dụng rất mượt,5,4,4,5,4,3,4,4,5,4,4,4,3.0,Debit,Chưa có sự đột phá hơn so với các thẻ khác,5,4,4,5,4,4.0,Call Center,Tư vấn tận tình,8.0,8.0,9.0,8.0,8.0,8.0,,,,,Techcombank,Techcombank,Techcombank,Techcombank,Techcombank,Techcombank,Techcombank,Techcombank,0.0,,,,,,0.0,,,,,,0.0,,,,,,0.0,,,,,,1.0,,,,,,1.0,,,,,,1.0,,,,,,1.0,,,,,,1.0,,,,,,1.0,,,,,,1.0,,,,,,1.0,,,,,,Q3'25,0.0,0.0,0.0,0.0,0.8402777777777778,0.0,0.0,0.0,0.0,0.0,,0.0,,0.900555491727941,0.0,0.0,,,,0.0,,0.0,,0.0,,0.0,,0.0,,0.0,,0.0,,0.0,,0.0,,0.0,0.0,0.0,,,,0.0,,0.0,,0.0,,0.0,,0.0,,0.0,,0.0,,0.0,,0.0,,0.0,0.0,0.9002205882352939,,,,0.0,0.0,,
2333,Q1_Aug'25###40885CzxfeEpRgnOZPZ9N4LTPRxEi4TR5MUhgZ6ija4mpuaM=,40885CzxfeEpRgnOZPZ9N4LTPRxEi4TR5MUhgZ6ija4mpuaM=,Q1,ACB,36-45,Aug'25,Q3'25,Online,Female,Ho Chi Minh,MAFF,ACB,,,,,,ACB,,Vietcombank,BIDV,MBBank,VPBank,Vietinbank,Techcombank,,,10.0,Vì ACB là ngân hàng có dịch vụ chuyên nghiệp và tốt,ACB nên có nhiêud khuyến mãi cho khách hàng thân thiết hơn,10,"ứng dụng có nhiều tính năng hữu ích, dễ dùng, thiết kế đẹp mắt",5,5,5,5,5,5,5, I do not use this bank product, I do not use this bank product, I do not use this bank product, I do not use this bank product, I do not use this bank product,,,,5,Not use in recent 1 month,Not use in recent 1 month,5,5,,,,10.0,10.0,10.0,10.0,10.0,10.0,,,,,ACB,ACB,ACB,ACB,ACB,ACB,ACB,ACB,,0.0,,,,,,0.0,,,,,,0.0,,,,,,0.0,,,,,,1.0,,,,,,1.0,,,,,,1.0,,,,,,1.0,,,,,,1.0,,,,,,1.0,,,,,,1.0,,,,,,1.0,,,,,Q3'25,0.0,0.0,1.0870967741935484,0.0,0.0,0.0,0.0,0.0,0.0,1.140092545638945,0.0,0.0,0.0,0.0,0.0,0.0,,,,0.0,,0.0,,0.0,0.0,0.0,,0.0,0.0,0.0,0.0,0.0,,0.0,0.0,0.0,,0.0,,0.0,,0.0,,0.0,,0.0,0.0,0.0,,1.140120369061086,0.0,0.0,0.0,0.0,,0.0,,0.0,0.0,0.0,,0.0,0.0,0.0,0.0,,,0.0,0.0,,
2334,Q1_Aug'25###40886wrfgvUaqx5dJ7Vc543qGJLZuFARr6PtPZPoAW6T6Xos=,40886wrfgvUaqx5dJ7Vc543qGJLZuFARr6PtPZPoAW6T6Xos=,Q1,MBBank,22-24,Aug'25,Q3'25,Online,Male,Ho Chi Minh,MAFF,MBBank,,,,,,MBBank,,Vietcombank,,,,,,,,9.0,"Mình chưa thấy có bất kỳ vấn đề nào xảy ra trong 3 năm kể từ khi dùng ngân hàng MB Bank, mình thích cách hoạt động app thông minh và tiện lợi. Gần đây, mình cũng rất hài lòng về cách xử lý truyền thông của MB Bank, đưa ra thông báo đính chính thông tin nhanh làm an lòng khách hàng.",Những trụ ATM thường bảo trì thì đây là phần mình không cho điểm hoàn toàn cho ngân hàng MB Bank,10,Rất nhanh và tiện lợi,5,5,5,4,5,5,5,3,3,3,3,3,3.0,Secured Loan,Mình vẫn chưa có nhu cầu sử dụng,5,4,5,4,4,4.0,Fanpage,Mình chưa có vấn đề gì để tìm kiếm hay liên hệ với trang Facebook của ngân hàng MB Bank,10.0,10.0,10.0,9.0,10.0,10.0,,,,,Missing lable,Missing lable,Missing lable,Missing lable,Missing lable,Missing lable,MBBank,Missing lable,,,,,0.0,,,,,,0.0,,,,,,0.0,,,,,,0.0,,,,,,0.0,,,,,,0.0,,,,,,0.0,,,,,,0.0,,,,,,0.0,,,,,,0.0,,,,,,1.0,,,,,,0.0,,Q3'25,1.041777777777778,0.0,0.0,1.0416363636363637,0.0,1.0596181832107845,0.0,0.0,0.0,0.0,0.0,1.0595873579545456,,0.0,0.0,0.0,,,,0.0,,0.0,,0.0,,1.0599572610294117,0.0,0.0,,0.0,0.0,0.0,,0.0,,0.0,0.0,0.0,,,0.0,0.0,,0.0,,0.0,,0.0,,0.0,0.0,0.0,,0.0,,0.0,,1.0596595341642756,,0.0,,0.0,,0.0,0.0,0.0,0.0,0.0,,,
2335,Q1_Aug'25###408870mhVaWf76c6LrpiZHTKOrw==,408870mhVaWf76c6LrpiZHTKOrw==,Q1,BIDV,36-45,Aug'25,Q3'25,Offline,Female,Ha Noi,AFF,BIDV,,,,,,BIDV,,Techcombank,ACB,Vietcombank,MBBank,VPBank,MSB,Vietinbank,,10.0,"Nhiều bạn bè , đối tác dùng, nhiều chi nhánh ngân hàng thuận tiện",Không có,9,"Không bị lỗi,",5,4,5,4,4,5,5, I do not use this bank product,5, I do not use this bank product, I do not use this bank product, I do not use this bank product,,,,5,Not use in recent 1 month,Not use in recent 1 month,Not use in recent 1 month,Not use in recent 1 month,,,,9.0,10.0,10.0,10.0,9.0,9.0,BIDV,BIDV,BIDV,BIDV,,,,,BIDV,BIDV,BIDV,BIDV,,,,1.0,,,,,,1.0,,,,,,1.0,,,,,,1.0,,,,,,0.0,,,,,,0.0,,,,,,0.0,,,,,,0.0,,,,,,1.0,,,,,,1.0,,,,,,1.0,,,,,,1.0,,,Q3'25,1.075161290322581,0.0,0.0,1.0751923076923076,0.0,1.009468443627451,0.0,0.0,0.0,0.0,0.0,1.0095707179930795,0.0,0.0,0.0,0.0,,,,,0.0,0.0,,0.0,0.0,0.0,0.0,0.0,,1.0092945772058823,0.0,0.0,,0.0,,0.0,0.0,0.0,,,,,,,,0.0,0.0,0.0,0.0,0.0,0.0,0.0,,0.0,0.0,0.0,,1.0095416505417958,,0.0,,0.0,0.0,0.0,0.0,0.0,0.0,0.0,0.0,,
2336,Q1_Aug'25###40888tOyCbwwFuibXtwSW33m1RQ==,40888tOyCbwwFuibXtwSW33m1RQ==,Q1,MBBank,36-45,Aug'25,Q3'25,Offline,Male,Ho Chi Minh,AFF,Vietcombank,MBBank,,,,,MBBank,,BIDV,VPBank,MSB,Vietinbank,Techcombank,ACB,,,9.0,"Chuyển khoản miễn phí độ tin cậy và an toàn cao, mở tài khoản rất nhanh, ngân hàng có chi nhánh rộng uy tín",Không,10,Chọn được số tài khoản theo số điện thoại ứng dụng có hỗ trợ tiếng việt và cả tiếng anh dễ dàng sử dụng,5,4,4,5,4,5,5, I do not use this bank product,5, I do not use this bank product,4, I do not use this bank product,4.0,Secured Loan,Tất toán khoản vay phải chờ ngân hàng xử lý lâu phức tạp,5,5,4,Not use in recent 1 month,5,4.0,Call Center,Gọi điện chờ lâu mới gặp được nhân viên tổng đài,9.0,8.0,9.0,10.0,9.0,10.0,MBBank,MBBank,MBBank,MBBank,,,,,MBBank,MBBank,MBBank,MBBank,,,,,1.0,,,,,,1.0,,,,,,1.0,,,,,,1.0,,,,,,0.0,,,,,,0.0,,,,,,0.0,,,,,,0.0,,,,,,1.0,,,,,,1.0,,,,,,1.0,,,,,,1.0,,Q3'25,1.041777777777778,1.0417241379310345,1.0417857142857143,1.0416363636363637,1.0417391304347827,1.0596181832107845,0.0,1.0594298066448804,0.0,1.059550367647059,0.0,1.0595873579545456,,1.0595289522058824,0.0,0.0,,,,0.0,,0.0,,0.0,,0.0,0.0,0.0,,1.059860381652661,0.0,0.0,,0.0,,0.0,0.0,1.0591943359375,,,0.0,0.0,,0.0,,0.0,,1.0593759847689077,,0.0,0.0,0.0,,0.0,,0.0,,1.0596595341642756,,0.0,,1.0599572610294117,,0.0,0.0,0.0,0.0,0.0,,,
2337,Q1_Aug'25###40889bI2ymUTsRjrxfm9jntoiEw==,40889bI2ymUTsRjrxfm9jntoiEw==,Q1,ACB,46-55,Aug'25,Q3'25,Offline,Male,Ho Chi Minh,AFF,ACB,,,,,,ACB,,BIDV,MBBank,VPBank,MSB,Vietinbank,Techcombank,Vietcombank,,9.0,"Gửi tiết kiệm online nhanh gọn dễ dàng 
Lãi suất các gói vay linh hoạt",Không,10,Ứng dụng thao tác mượt ít gặp lỗi khi chuyển tiền bảo mật rất cao giúp giao dịch an toàn,5,4,5,5,4,5,5, I do not use this bank product,4, I do not use this bank product,5, I do not use this bank product,4.0,Terms deposit,Khi cần tiền rút trước hạn lãi suất rất thấp,5,5,5,Not use in recent 1 month,4,4.0,ATM,"Có nhiều chỗ ATM không có máy lạnh, máy cũ khó bấm thao tác trên màng hình",8.0,8.0,9.0,9.0,10.0,9.0,ACB,ACB,ACB,ACB,,,,,ACB,ACB,ACB,ACB,,1.0,,,,,,1.0,,,,,,1.0,,,,,,1.0,,,,,,0.0,,,,,,0.0,,,,,,0.0,,,,,,0.0,,,,,,1.0,,,,,,1.0,,,,,,1.0,,,,,,1.0,,,,,Q3'25,0.0,0.0,1.0870967741935484,0.0,1.0868421052631578,0.0,0.0,0.0,0.0,1.140092545638945,0.0,0.0,0.0,1.1402627595155708,0.0,0.0,,,,0.0,,0.0,,0.0,0.0,0.0,,0.0,0.0,0.0,0.0,0.0,,0.0,0.0,0.0,,0.0,,0.0,,0.0,,0.0,,0.0,0.0,1.1381031709558822,,0.0,0.0,0.0,0.0,0.0,,0.0,,0.0,0.0,0.0,,0.0,0.0,0.0,1.1398514093137253,,,0.0,0.0,,
2338,Q1_Aug'25###4089002t6M981lhQtZiVHKZW71Q==,4089002t6M981lhQtZiVHKZW71Q==,Q1,Techcombank,25-35,Aug'25,Q3'25,Offline,Male,Ho Chi Minh,AFF,Techcombank,,,,,,Techcombank,,MBBank,VPBank,MSB,Vietinbank,ACB,Vietcombank,BIDV,,10.0,"Nhân viên thân thiện, giải quyết vấn đề tốt, không phải chờ lâu, hỗ trợ giao dịch nhanh, uy tín, lâu năm, người người tin tưởng sử dụng",Không có,9,"Ứng dụng mượt, giao diện dễ dùng, giao dịch nhanh và an toàn",5,5,4,4,5,5,5, I do not use this bank product,4, I do not use this bank product, I do not use this bank product, I do not use this bank product,4.0,Terms deposit,"Lãi suất gửi tiết kiệm chưa cao lắm, lãi suất cũng không có gì đặt biệt",5,Not use in recent 1 month,4,Not use in recent 1 month,4,4.0,Call Center,"Lúc gọi check thông tin kỹ quá, mất thời gian, nhiều khi đang gặp mak đợi bên ngân hàng làm thủ tục xong mới được hỏi nên nóng ruột",9.0,10.0,10.0,10.0,9.0,10.0,Techcombank,Techcombank,Missing lable,Techcombank,,,,,Techcombank,Missing lable,Techcombank,Techcombank,1.0,,,,,,1.0,,,,,,0.0,,,,,,1.0,,,,,,0.0,,,,,,0.0,,,,,,0.0,,,,,,0.0,,,,,,1.0,,,,,,0.0,,,,,,1.0,,,,,,1.0,,,,,,Q3'25,0.0,0.0,0.8402499999999999,0.8403076923076923,0.0,0.0,0.0,0.0,0.0,0.9004885110294116,,0.9005503393665156,,0.0,0.0,0.0,,,,0.0,,0.0,,0.0,,0.0,,0.0,,0.0,,0.0,,0.0,,0.0,,0.0,0.0,0.0,,,,0.0,,0.9007846362229102,,0.0,,0.0,,0.9009350490196076,,0.900220588235294,,0.0,,0.9006766270337921,,0.0,,0.0,0.0,0.0,,,,0.0,0.0,,
2339,Q1_Aug'25###40891sxyuPEB4XwR93bZfmmF6uA==,40891sxyuPEB4XwR93bZfmmF6uA==,Q1,Techcombank,36-45,Aug'25,Q3'25,Offline,Male,Ho Chi Minh,AFF,ACB,Techcombank,,,,,Techcombank,,VPBank,MSB,Vietinbank,Vietcombank,BIDV,MBBank,,,10.0,"App f@st mobile thao tác đơn giản , chuyển tiền nhanh",Không có,10,"App màu đỏ bắt mắt , nhận tin nhắn biến động số dư nhanh",4,4,5,5,5,5,5, I do not use this bank product,5, I do not use this bank product, I do not use this bank product, I do not use this bank product,,,,Not use in recent 1 month,Not use in recent 1 month,Not use in recent 1 month,5,5,,,,10.0,10.0,10.0,9.0,9.0,10.0,Techcombank,Techcombank,Techcombank,Techcombank,,,,,Techcombank,Techcombank,Techcombank,Techcombank,1.0,,,,,,1.0,,,,,,1.0,,,,,,1.0,,,,,,0.0,,,,,,0.0,,,,,,0.0,,,,,,0.0,,,,,,1.0,,,,,,1.0,,,,,,1.0,,,,,,1.0,,,,,,Q3'25,0.8404,0.0,0.0,0.0,0.0,0.9006671262254901,0.0,0.0,0.0,0.0,,0.0,,0.0,0.0,0.900220588235294,,,,0.0,,0.0,,0.900220588235294,,0.0,,0.0,,0.0,,0.0,,0.0,,0.0,,0.0,0.0,0.0,,,,0.0,,0.0,,0.0,,0.0,,0.0,,0.0,,0.0,,0.0,,0.0,,0.0,0.0,0.0,,,,0.0,0.0,,
2340,Q1_Aug'25###40892zVjSQKQbDQR1bjbNeiAjLA==,40892zVjSQKQbDQR1bjbNeiAjLA==,Q1,BIDV,36-45,Aug'25,Q3'25,Offline,Male,Ho Chi Minh,AFF,BIDV,ACB,,,,,BIDV,,MSB,Vietinbank,Techcombank,Vietcombank,MBBank,VPBank,,,9.0,"Nhân viên tại chi nhánh tiếp đón nồng nhiệt , luôn vui vẻ , nhân viên có kiến thức nhiều",Không có,9,Ứng dụng bidv có thao tác kiểm tra biến động số dư nhanh,4,5,5,4,5,5,5, I do not use this bank product, I do not use this bank product, I do not use this bank product, I do not use this bank product, I do not use this bank product,,,,5,Not use in recent 1 month,Not use in recent 1 month,Not use in recent 1 month,5,,,,9.0,9.0,9.0,10.0,9.0,10.0,BIDV,BIDV,BIDV,BIDV,,,,,BIDV,BIDV,BIDV,BIDV,,,,1.0,,,,,,1.0,,,,,,1.0,,,,,,1.0,,,,,,0.0,,,,,,0.0,,,,,,0.0,,,,,,0.0,,,,,,1.0,,,,,,1.0,,,,,,1.0,,,,,,1.0,,,Q3'25,0.0,0.0,0.0,1.0751923076923076,0.0,0.0,0.0,0.0,0.0,0.0,0.0,1.0095707179930795,0.0,0.0,0.0,0.0,,,,,0.0,0.0,,0.0,0.0,0.0,0.0,0.0,,0.0,0.0,0.0,,0.0,,0.0,0.0,0.0,,,,,,,,0.0,0.0,0.0,0.0,0.0,0.0,1.0092945772058823,,0.0,0.0,0.0,,0.0,,1.0097213402406418,,0.0,0.0,0.0,0.0,0.0,0.0,0.0,0.0,,
2341,Q1_Aug'25###408933flNt47cfK5ZnLQQfutgDw==,408933flNt47cfK5ZnLQQfutgDw==,Q1,MBBank,36-45,Aug'25,Q3'25,Offline,Male,Ho Chi Minh,AFF,MBBank,VPBank,,,,,MBBank,,Vietcombank,BIDV,MSB,Vietinbank,Techcombank,ACB,,,9.0,Thủ tục tạo tài khoản rất đơn giản,Không có,9,Ứng dụng có thể chuyển tiền nhanh và thanh toán hóa đơn cũng nhanh,4,5,4,5,5,5,5, I do not use this bank product, I do not use this bank product, I do not use this bank product, I do not use this bank product, I do not use this bank product,,,,5,Not use in recent 1 month,Not use in recent 1 month,4,5,4.0,Fanpage,Trang facebook update các thông tin ưu đãi ít,10.0,9.0,9.0,10.0,10.0,9.0,MBBank,MBBank,MBBank,MBBank,,,,,MBBank,MBBank,MBBank,MBBank,,,,,1.0,,,,,,1.0,,,,,,1.0,,,,,,1.0,,,,,,0.0,,,,,,0.0,,,,,,0.0,,,,,,0.0,,,,,,1.0,,,,,,1.0,,,,,,1.0,,,,,,1.0,,Q3'25,0.0,0.0,1.0417857142857143,0.0,0.0,0.0,0.0,0.0,0.0,1.059550367647059,0.0,0.0,,0.0,0.0,0.0,,,,0.0,,0.0,,0.0,,0.0,0.0,0.0,,0.0,0.0,0.0,,0.0,,0.0,0.0,0.0,,,0.0,0.0,,0.0,,0.0,,1.0593759847689077,,0.0,0.0,0.0,,0.0,,0.0,,0.0,,0.0,,0.0,,0.0,0.0,0.0,0.0,0.0,,,
2342,Q1_Aug'25###40894LYLtdp6Lp/zuUw3De219RQ==,40894LYLtdp6Lp/zuUw3De219RQ==,Q1,Vietcombank,36-45,Aug'25,Q3'25,Offline,Male,Ho Chi Minh,AFF,Vietcombank,Techcombank,,,,,Vietcombank,,BIDV,MBBank,VPBank,MSB,Vietinbank,ACB,,,10.0,Đội ngũ nhân viên trực tổng đài giải quyết thắc mắc nhanh,Không có,10,Ứng dụng của vietcombank có thể thanh toán hầu hết dịch vụ ăn uống giải trí,5,4,5,5,4,5,5, I do not use this bank product, I do not use this bank product, I do not use this bank product, I do not use this bank product, I do not use this bank product,,,,Not use in recent 1 month,5,5,Not use in recent 1 month,5,,,,9.0,9.0,10.0,9.0,10.0,10.0,Vietcombank,Vietcombank,Vietcombank,Vietcombank,,,,,Vietcombank,Vietcombank,Vietcombank,Vietcombank,,,1.0,,,,,,1.0,,,,,,1.0,,,,,,1.0,,,,,,0.0,,,,,,0.0,,,,,,0.0,,,,,,0.0,,,,,,1.0,,,,,,1.0,,,,,,1.0,,,,,,1.0,,,,Q3'25,0.0,0.0,0.9089655172413792,0.0,0.0,0.0,0.0,0.0,0.0,0.7786017922794117,0.0,0.0,0.0,0.0,0.0,0.0,,,,0.0,0.0,,0.0,0.0,,,0.0,0.0,0.0,0.0,0.0,0.0,0.0,0.0,0.0,0.0,0.0,0.0,0.0,0.0,,0.0,,0.0,,0.7784658394607843,0.0,0.0,0.0,0.0,0.0,0.0,,0.0,,0.0,0.0,0.0,0.0,0.0,0.0,0.0,0.0,0.0,0.0,0.0,,0.0,0.0,,
2343,Q1_Aug'25###408955FIdWmyZ2Ybvg4QQcPlNJw==,408955FIdWmyZ2Ybvg4QQcPlNJw==,Q1,ACB,46-55,Aug'25,Q3'25,Offline,Female,Ho Chi Minh,AFF,Techcombank,ACB,,,,,ACB,,MBBank,VPBank,MSB,Vietinbank,Vietcombank,BIDV,,,10.0,Khi tôi chuyển tiền thị không hề mất phí,Không cần,10,App mobile acb có thiết kế trang chủ đơn giản,5,4,5,5,4,5,5, I do not use this bank product,4, I do not use this bank product, I do not use this bank product, I do not use this bank product,4.0,Terms deposit,Lãi suất theo quý hơi thấp so với ngân hàng khác,5,Not use in recent 1 month,Not use in recent 1 month,5,5,,,,10.0,10.0,10.0,9.0,10.0,9.0,ACB,ACB,ACB,ACB,,,,,ACB,ACB,ACB,ACB,,1.0,,,,,,1.0,,,,,,1.0,,,,,,1.0,,,,,,0.0,,,,,,0.0,,,,,,0.0,,,,,,0.0,,,,,,1.0,,,,,,1.0,,,,,,1.0,,,,,,1.0,,,,,Q3'25,0.0,0.0,0.0,0.0,1.0868421052631578,0.0,0.0,0.0,0.0,0.0,0.0,0.0,0.0,1.1402627595155708,0.0,0.0,,,,0.0,,0.0,,0.0,0.0,0.0,,0.0,0.0,0.0,0.0,0.0,,0.0,0.0,0.0,,0.0,,0.0,,0.0,,0.0,,0.0,0.0,0.0,,0.0,0.0,0.0,0.0,0.0,,0.0,,0.0,0.0,0.0,,1.1398514093137253,0.0,0.0,0.0,,,0.0,0.0,,
2344,Q1_Aug'25###40896lcbPiPV64DwC4op/C6mz2Q==,40896lcbPiPV64DwC4op/C6mz2Q==,Q1,VPBank,36-45,Aug'25,Q3'25,Offline,Male,Ho Chi Minh,AFF,VPBank,ACB,,,,,VPBank,,MSB,Vietinbank,Techcombank,Vietcombank,BIDV,MBBank,,,10.0,Thẻ tín dụng có lãi suất thấp,Không có,9,Ứng dụng ngân hàng của vpbank dễ thực hiện thanh toán các hóa đơn sinh hoạt,5,4,4,4,5,5,5, I do not use this bank product,5, I do not use this bank product, I do not use this bank product, I do not use this bank product,,,,5,Not use in recent 1 month,Not use in recent 1 month,Not use in recent 1 month,5,,,,9.0,10.0,10.0,9.0,10.0,9.0,VPBank,VPBank,VPBank,VPBank,,,,,VPBank,VPBank,VPBank,VPBank,,,,,,1.0,,,,,,1.0,,,,,,1.0,,,,,,1.0,,,,,,0.0,,,,,,0.0,,,,,,0.0,,,,,,0.0,,,,,,1.0,,,,,,1.0,,,,,,1.0,,,,,,1.0,Q3'25,0.0,0.0,0.0,0.0,1.0202857142857142,0.0,0.0,0.0,,0.0,,0.0,0.0,1.0885472752609109,0.0,0.0,,,,,,0.0,,0.0,0.0,0.0,,0.0,0.0,0.0,,0.0,,0.0,,0.0,,0.0,,0.0,,0.0,,0.0,,0.0,,0.0,,0.0,,0.0,0.0,0.0,,0.0,0.0,0.0,,0.0,,0.0,0.0,1.0889143688725489,0.0,,0.0,0.0,0.0,,
2345,Q1_Aug'25###408973pVo8E+eJp3BdwhL8EX1O4K08Czq8h0kiPH+6ogYF6I=,408973pVo8E+eJp3BdwhL8EX1O4K08Czq8h0kiPH+6ogYF6I=,Q1,Techcombank,25-35,Aug'25,Q3'25,Online,Female,Ho Chi Minh,MAFF,Techcombank,ACB,Vietcombank,,,,Techcombank,,Vietinbank,BIDV,MBBank,VPBank,MSB,,,,10.0,"Có nhiều chi nhánh ở VN. Ngân hàng lớn, uy tín",App di động cần load nhanh hơn,9,"Giao diện nhìn ok, nhìn sang, dễ dùng",4,4,3,5,4,4,3, I do not use this bank product,3, I do not use this bank product, I do not use this bank product, I do not use this bank product,3.0,Terms deposit,"Thấy bình thường, không quá khác biệt so với các ngân hàng mình từng dùng",4,Not use in recent 1 month,Not use in recent 1 month,3,4,3.0,Fanpage,Chưa cung cấp thông tin mình cần. Nội dung chưa hấp dẫn,7.0,7.0,9.0,7.0,8.0,9.0,,,,,Techcombank,Techcombank,VPBank,Techcombank,Techcombank,Missing lable,Techcombank,VPBank,0.0,,,,,,0.0,,,,,,0.0,,,,,,0.0,,,,,,1.0,,,,,,1.0,,,,,,0.0,,,,,,1.0,,,,,,1.0,,,,,,0.0,,,,,,1.0,,,,,,0.0,,,,,,Q3'25,0.8404,0.0,0.0,0.8403076923076923,0.0,0.9006671262254901,0.0,0.0,0.0,0.0,,0.9005503393665156,,0.0,0.0,0.0,,,,0.0,,0.0,,0.0,,0.0,,0.0,,0.9007077205882351,,0.0,,0.0,,0.0,,0.0,0.0,0.0,,,,0.0,,0.0,,0.0,,0.0,,0.0,,0.0,,0.0,,0.9006766270337921,,0.0,,0.0,0.0,0.0,,,,0.0,0.0,,
2346,Q1_Aug'25###40898ZRiQj8EnFS0xCrdfEkj1Ew==,40898ZRiQj8EnFS0xCrdfEkj1Ew==,Q1,MBBank,36-45,Aug'25,Q3'25,Offline,Male,Ha Noi,AFF,BIDV,MBBank,,,,,MBBank,,ACB,Vietcombank,Techcombank,,,,,,9.0,"Ngân hàng uy tín ,lâu đời ,có nhiều tiện ích trên ứng dụng khi dùng",Không có,9,"Liên kết giữa ngân hàng và các dịch vụ thanh toán tiền điện ,nước mua sắm nhanh thuận tiên",4,5,4,5,4,4,4, I do not use this bank product, I do not use this bank product, I do not use this bank product, I do not use this bank product, I do not use this bank product,4.0,Debit,"Thanh toán được nhiều thương hiệu lớn , được hưởng thời gian thanh toán 30 ngày",4,5,Not use in recent 1 month,Not use in recent 1 month,5,4.0,Branch,Có nhiều chi nhanh và các chi nhanh đều nằm ở các phố lớn thuận tiện qua,10.0,10.0,9.0,9.0,10.0,9.0,MBBank,MBBank,MBBank,MBBank,,,,,MBBank,MBBank,MBBank,MBBank,,,,,1.0,,,,,,1.0,,,,,,1.0,,,,,,1.0,,,,,,0.0,,,,,,0.0,,,,,,0.0,,,,,,0.0,,,,,,1.0,,,,,,1.0,,,,,,1.0,,,,,,1.0,,Q3'25,1.041777777777778,0.0,0.0,1.0416363636363637,0.0,1.0596181832107845,0.0,0.0,0.0,0.0,0.0,1.0595873579545456,,0.0,0.0,0.0,,,,0.0,,1.0579227941176472,,0.0,,0.0,0.0,0.0,,0.0,0.0,0.0,,0.0,,0.0,0.0,0.0,,,0.0,0.0,,0.0,,0.0,,0.0,,0.0,0.0,0.0,,0.0,,0.0,,1.0596595341642756,,0.0,,0.0,,0.0,0.0,0.0,0.0,0.0,,,
2347,Q1_Aug'25###4089982SdziQ8NqwJdruW6bChkw==,4089982SdziQ8NqwJdruW6bChkw==,Q1,Vietcombank,36-45,Aug'25,Q3'25,Offline,Female,Ha Noi,AFF,Vietcombank,,,,,,Vietcombank,,BIDV,MBBank,VPBank,MSB,Vietinbank,Techcombank,ACB,,10.0,"thứ nhất, vietcombank là ngân hàng có độ tin cậy cao, uy tín. Thứ 2, vietcombank có nhiều sản phẩm hay. Thứ 3, vietcomank có nhiều phòng giao dịch thuận tiện. Nhân viên vietcombank được đào tạo bài bản, dịch vụ chăm sóc khách hàng tốt.","Vào những giờ cao điểm, lượng người đến vcb giao dịch khá nhiều nên thời gian chờ tới lượt hơi lâu hơn so với bình thường. Có thể vcb cần tăng thêm số quầy và nhân viên giao dịch thì sẽ tốt hơn.",10,"Giao diện ứng dụng đẹp, dễ nhìn và dễ sử dụng.
Thực hiện giao dịch nhanh chóng và an toàn",5,5,5,5,5,5, I do not use this bank product, I do not use this bank product,5, I do not use this bank product, I do not use this bank product, I do not use this bank product,,,,5,Not use in recent 1 month,5,Not use in recent 1 month,Not use in recent 1 month,,,,10.0,10.0,10.0,10.0,10.0,10.0,Vietcombank,Vietcombank,Vietcombank,Vietcombank,,,,,Vietcombank,Vietcombank,Vietcombank,Vietcombank,,,1.0,,,,,,1.0,,,,,,1.0,,,,,,1.0,,,,,,0.0,,,,,,0.0,,,,,,0.0,,,,,,0.0,,,,,,1.0,,,,,,1.0,,,,,,1.0,,,,,,1.0,,,,Q3'25,0.9091666666666666,0.9090625,0.0,0.9090322580645162,0.0,0.7784998276654411,0.0,0.7784998276654411,0.0,0.0,0.0,0.7786916593968096,0.0,0.0,0.0,0.0,,,,0.0,0.0,,0.0,0.0,,,0.0,0.0,0.0,0.7788465073529411,0.0,0.0,0.0,0.0,0.0,0.7787586609162896,0.0,0.0,0.0,0.0,,0.0,,0.0,,0.0,0.0,0.0,0.0,0.0,0.0,0.0,,0.7794175091911765,,0.0,0.0,0.7786094877219756,0.0,0.7794175091911764,0.0,0.0,0.0,0.0,0.0,0.0,,0.0,0.0,,
2348,Q1_Aug'25###409009HQVb6F+VZCcwqLkMRP0lw==,409009HQVb6F+VZCcwqLkMRP0lw==,Q1,ACB,36-45,Aug'25,Q3'25,Offline,Female,Ha Noi,MAFF,ACB,,,,,,ACB,,BIDV,MBBank,Vietinbank,Techcombank,Vietcombank,,,,10.0,"Ngân hàng uy tín và có sản phẩm đa dạng.
Được miễn phí nhiều loại phí",Cần mở rộng thêm nhiều phòng giao dịch,10,"giao diện đơn giản, dễ nhìn và dễ sử dụng, dành cho mọi lứa tuổi",5,5,5,5,5,5,5, I do not use this bank product, I do not use this bank product, I do not use this bank product, I do not use this bank product, I do not use this bank product,,,,5,Not use in recent 1 month,5,Not use in recent 1 month,5,,,,10.0,10.0,10.0,10.0,10.0,10.0,,,,,ACB,ACB,ACB,ACB,ACB,ACB,ACB,ACB,,0.0,,,,,,0.0,,,,,,0.0,,,,,,0.0,,,,,,1.0,,,,,,1.0,,,,,,1.0,,,,,,1.0,,,,,,1.0,,,,,,1.0,,,,,,1.0,,,,,,1.0,,,,,Q3'25,0.0,1.0867857142857142,0.0,1.087,1.0868421052631578,0.0,0.0,1.1402399067265794,0.0,0.0,0.0,1.140092545638945,0.0,1.1402627595155708,0.0,0.0,,,,0.0,,0.0,,0.0,0.0,0.0,,0.0,0.0,0.0,0.0,0.0,,0.0,0.0,1.140487132352941,,0.0,,0.0,,0.0,,0.0,,0.0,0.0,0.0,,0.0,0.0,0.0,0.0,0.0,,0.0,,1.140069939108456,0.0,0.0,,1.1398514093137253,0.0,0.0,0.0,,,0.0,0.0,,
2349,Q1_Aug'25###40901oiSHPgpHbIVxzYlkNqfoDg==,40901oiSHPgpHbIVxzYlkNqfoDg==,Q1,BIDV,36-45,Aug'25,Q3'25,Offline,Female,Ha Noi,AFF,Techcombank,BIDV,,,,,BIDV,,MBBank,Vietinbank,Vietcombank,,,,,,10.0,Ngân hàng có tính bảo mật cao,Không có,10,Các ưng dụng liên kết với các của hàng và dịch vụ ăn uông mua sắm nhanh và tiện lợi,4,5,4,4,5,5,4, I do not use this bank product, I do not use this bank product, I do not use this bank product, I do not use this bank product, I do not use this bank product,4.0,Credit card,Lãi xuất vẫn hơi cao khi trả,4,Not use in recent 1 month,Not use in recent 1 month,Not use in recent 1 month,5,4.0,Branch,Chi nhánh năm ngay tại các tòa nhà và phố lớn dễ tìm thấy,9.0,10.0,10.0,9.0,10.0,9.0,BIDV,BIDV,BIDV,BIDV,,,,,BIDV,BIDV,BIDV,BIDV,,,,1.0,,,,,,1.0,,,,,,1.0,,,,,,1.0,,,,,,0.0,,,,,,0.0,,,,,,0.0,,,,,,0.0,,,,,,1.0,,,,,,1.0,,,,,,1.0,,,,,,1.0,,,Q3'25,0.0,1.075357142857143,0.0,0.0,0.0,0.0,0.0,1.009468443627451,0.0,0.0,0.0,0.0,0.0,0.0,0.0,0.0,,,,,0.0,0.0,,0.0,0.0,0.0,0.0,0.0,,0.0,0.0,0.0,,0.0,,0.0,0.0,1.0098161764705882,,,,,,,,0.0,0.0,0.0,0.0,0.0,0.0,0.0,,0.0,0.0,0.0,,0.0,,0.0,,0.0,0.0,0.0,0.0,0.0,0.0,0.0,0.0,,
2350,Q1_Aug'25###40902rZKvEOFUR73AvR4DBI/deA==,40902rZKvEOFUR73AvR4DBI/deA==,Q1,Techcombank,25-35,Aug'25,Q3'25,Offline,Female,Ho Chi Minh,AFF,Techcombank,MBBank,,,,,Techcombank,,VPBank,MSB,Vietinbank,ACB,Vietcombank,BIDV,,,10.0,"Tự động sinh lời khi có tiền trong tài khoản, nhân viên lịch sự, thao tác nhanh và chuyên nghiệp.
Chế độ bảo mật cao",Không có,9,"Ứng dụng có bảo mật cao giúp an toàn thông tin cá nhân cho khách hàng, dễ tải dễ dùng",5,5,4,5,5,5,5, I do not use this bank product,5, I do not use this bank product, I do not use this bank product, I do not use this bank product,,,,5,Not use in recent 1 month,5,Not use in recent 1 month,5,,,,9.0,10.0,10.0,9.0,9.0,10.0,Techcombank,Techcombank,Techcombank,Techcombank,,,,,Techcombank,Techcombank,Techcombank,Techcombank,1.0,,,,,,1.0,,,,,,1.0,,,,,,1.0,,,,,,0.0,,,,,,0.0,,,,,,0.0,,,,,,0.0,,,,,,1.0,,,,,,1.0,,,,,,1.0,,,,,,1.0,,,,,,Q3'25,0.0,0.8404444444444444,0.8402499999999999,0.8403076923076923,0.0,0.0,0.0,0.9004641544117645,0.0,0.9004885110294116,,0.9005503393665156,,0.0,0.0,0.0,,,,0.0,,0.0,,0.0,,0.0,,0.0,,0.0,,0.0,,0.900220588235294,,0.0,,0.9002205882352939,0.0,0.0,,,,0.0,,0.9007846362229102,,0.0,,0.0,,0.9009350490196076,,0.0,,0.0,,0.0,,0.9002205882352939,,0.0,0.0,0.0,,,,0.0,0.0,,
2351,Q1_Aug'25###40903Y+ijuMPdPi8rPegTY8/tuw==,40903Y+ijuMPdPi8rPegTY8/tuw==,Q1,BIDV,36-45,Aug'25,Q3'25,Offline,Female,Ho Chi Minh,AFF,BIDV,MBBank,,,,,BIDV,,Vietinbank,Techcombank,ACB,Vietcombank,VPBank,,,,9.0,"Nó tồn tại lâu  năm rồi  nên uy tín, tâm tâm sử dụng dịch vụ",Chưa thấy đIrene cần cải  thiện,9,"Nhiều tiện ích, dễ thanh toán, bảo mật cao",4,5,5,4,5,5,4, I do not use this bank product,5, I do not use this bank product, I do not use this bank product,4,4.0,Credit card,Bị tốn phí thường niên không  có phí thường niên thì sẽ cho hoàn toàn hài lòng,5,Not use in recent 1 month,Not use in recent 1 month,Not use in recent 1 month,5,,,,9.0,10.0,10.0,10.0,10.0,10.0,BIDV,BIDV,BIDV,BIDV,,,,,BIDV,Missing lable,BIDV,BIDV,,,,1.0,,,,,,1.0,,,,,,1.0,,,,,,1.0,,,,,,0.0,,,,,,0.0,,,,,,0.0,,,,,,0.0,,,,,,1.0,,,,,,0.0,,,,,,1.0,,,,,,1.0,,,Q3'25,0.0,1.075357142857143,0.0,1.0751923076923076,0.0,0.0,0.0,1.009468443627451,0.0,0.0,0.0,1.0095707179930795,0.0,0.0,0.0,0.0,,,,,0.0,0.0,,0.0,0.0,0.0,0.0,0.0,,0.0,0.0,0.0,,0.0,,0.0,0.0,1.0098161764705882,,,,,,,,0.0,0.0,0.0,0.0,0.0,0.0,0.0,,0.0,0.0,0.0,,1.0095416505417958,,0.0,,0.0,0.0,0.0,0.0,0.0,0.0,0.0,0.0,,
2352,Q1_Aug'25###409041ZuANm4Us5t7TZxWZg7gwA==,409041ZuANm4Us5t7TZxWZg7gwA==,Q1,BIDV,36-45,Aug'25,Q3'25,Offline,Male,Ho Chi Minh,AFF,Vietcombank,BIDV,,,,,BIDV,,Vietinbank,Techcombank,ACB,MBBank,VPBank,MSB,,,10.0,"Ngân hàng có chi nhánh phòng giao dịch lớn, sạch sẽ. Ngân hàng uy tín",Không có,9,Ứng dụng có nhiều chức năng có thể giúp tôi giao dịch online mà không cần ra phòng giao dịch ngồi chờ,5,4,5,5,4,5,5, I do not use this bank product,5, I do not use this bank product, I do not use this bank product, I do not use this bank product,,,,5,Not use in recent 1 month,Not use in recent 1 month,Not use in recent 1 month,5,,,,10.0,10.0,9.0,9.0,10.0,9.0,BIDV,BIDV,BIDV,BIDV,,,,,BIDV,BIDV,BIDV,BIDV,,,,1.0,,,,,,1.0,,,,,,1.0,,,,,,1.0,,,,,,0.0,,,,,,0.0,,,,,,0.0,,,,,,0.0,,,,,,1.0,,,,,,1.0,,,,,,1.0,,,,,,1.0,,,Q3'25,1.075161290322581,0.0,0.0,1.0751923076923076,0.0,1.009468443627451,0.0,0.0,0.0,0.0,0.0,1.0095707179930795,0.0,0.0,0.0,0.0,,,,,0.0,0.0,,0.0,0.0,0.0,0.0,0.0,,1.0092945772058823,0.0,0.0,,0.0,,0.0,0.0,0.0,,,,,,,,0.0,0.0,0.0,0.0,0.0,0.0,0.0,,0.0,0.0,0.0,,1.0095416505417958,,0.0,,0.0,0.0,0.0,0.0,0.0,0.0,0.0,0.0,,
2353,Q1_Aug'25###40905+kxngt010iNOQXmrhXHaHw==,40905+kxngt010iNOQXmrhXHaHw==,Q1,VPBank,25-35,Aug'25,Q3'25,Offline,Male,Ho Chi Minh,AFF,VPBank,,,,,,VPBank,,Techcombank,ACB,Vietcombank,BIDV,MBBank,MSB,Vietinbank,,10.0,"Dịch vụ tốt, nhân viên chuyên nghiệp, nhiệt tình hỗ trợ khách hàng nhanh, thủ tục vay đơn giản, duyệt hồ sơ nhanh",Chưa nghĩa ra,10,"Tính bảo mật cao, chỉ đăng nhập được trên 1 thiết bị, lãi suất gửi  tiết kiệm online cao",4,5,5,5,5,4,5, I do not use this bank product,5, I do not use this bank product, I do not use this bank product,5,4.0,Debit,Thiết kế thẻ bình thường không ấn tượng,4,Not use in recent 1 month,4,Not use in recent 1 month,5,4.0,Branch,Nhiều khi trời mưa chỗ để xe hơi bất tiện không có chỗ che xe để không bị ướt. 1 số phòng giao dịch hơi nhỏ,9.0,10.0,10.0,10.0,10.0,10.0,VPBank,VPBank,VPBank,VPBank,,,,,VPBank,VPBank,VPBank,Missing lable,,,,,,1.0,,,,,,1.0,,,,,,1.0,,,,,,1.0,,,,,,0.0,,,,,,0.0,,,,,,0.0,,,,,,0.0,,,,,,1.0,,,,,,1.0,,,,,,1.0,,,,,,0.0,Q3'25,0.0,0.0,1.0203448275862068,1.0203636363636364,0.0,0.0,0.0,0.0,,1.0885710097616632,,1.088605715871254,0.0,0.0,0.0,0.0,,,,,,0.0,,0.0,0.0,0.0,,0.0,0.0,0.0,,0.0,,0.0,,0.0,,0.0,,0.0,,0.0,,0.0,,0.0,,1.088203125,,1.088203125,,1.0889143688725489,0.0,0.0,,0.0,0.0,0.0,,1.088203125,,0.0,0.0,0.0,0.0,,0.0,0.0,0.0,,
2354,Q1_Aug'25###40906ebdU784gz+IPI53zecrO/A==,40906ebdU784gz+IPI53zecrO/A==,Q1,Techcombank,36-45,Aug'25,Q3'25,Offline,Female,Ho Chi Minh,AFF,Techcombank,,,,,,Techcombank,,ACB,Vietcombank,BIDV,MBBank,VPBank,Vietinbank,,,10.0,Là 1 trong những ngân hàng lớn mạnh nhất nước ta. Có các dịch vụ online tiện ích mà không cần ra phòng giao dịch giúp chị đỡ mất thời gian.,Không có,10,Có thể đổi tên tài khoản theo ý muốn để lưu lại vào app. Giao diện có nhiều hình nền để chị tự đổi theo ý thích. Chuyển khoản nhanh trong 10 giây.,5,4,5,5,5,5,5, I do not use this bank product,5, I do not use this bank product, I do not use this bank product, I do not use this bank product,,,,Not use in recent 1 month,Not use in recent 1 month,5,Not use in recent 1 month,Not use in recent 1 month,,,,10.0,10.0,10.0,10.0,10.0,9.0,Techcombank,Techcombank,Techcombank,Techcombank,,,,,Techcombank,Techcombank,Techcombank,Techcombank,1.0,,,,,,1.0,,,,,,1.0,,,,,,1.0,,,,,,0.0,,,,,,0.0,,,,,,0.0,,,,,,0.0,,,,,,1.0,,,,,,1.0,,,,,,1.0,,,,,,1.0,,,,,,Q3'25,0.8404,0.0,0.0,0.8403076923076923,0.0,0.9006671262254901,0.0,0.0,0.0,0.0,,0.9005503393665156,,0.0,0.0,0.0,,,,0.0,,0.9002205882352939,,0.0,,0.0,,0.0,,0.0,,0.0,,0.0,,0.0,,0.0,0.0,0.0,,,,0.0,,0.0,,0.0,,0.0,,0.0,,0.0,,0.0,,0.9006766270337921,,0.0,,0.0,0.0,0.0,,,,0.0,0.0,,
2355,Q1_Aug'25###40907KTOVZf56rgale+seqg369Q==,40907KTOVZf56rgale+seqg369Q==,Q1,Vietcombank,46-55,Aug'25,Q3'25,Offline,Female,Ho Chi Minh,AFF,Vietcombank,,,,,,Vietcombank,,MSB,Vietinbank,Techcombank,ACB,BIDV,MBBank,VPBank,,9.0,"Vietcombank là ngân hàng lâu đời, nhân viên nghiệp vụ chuyên nghiệp, đồng phục đẹp mắt, nhân viên linh động, xử lý giao dịch nhanh",Không có,10,"Thanh toán các loại hóa đơn nhanh và tiện, khóa bảo mật an toàn, chuyển tiền nhanh",5,5,4,5,4,5,5, I do not use this bank product,5, I do not use this bank product,5, I do not use this bank product,,,,5,Not use in recent 1 month,5,Not use in recent 1 month,5,,,,9.0,9.0,10.0,9.0,10.0,10.0,Vietcombank,Vietcombank,Vietcombank,Vietcombank,,,,,Vietcombank,Vietcombank,Vietcombank,Vietcombank,,,1.0,,,,,,1.0,,,,,,1.0,,,,,,1.0,,,,,,0.0,,,,,,0.0,,,,,,0.0,,,,,,0.0,,,,,,1.0,,,,,,1.0,,,,,,1.0,,,,,,1.0,,,,Q3'25,0.0,0.0,0.9089655172413792,0.9090322580645162,0.0,0.0,0.0,0.0,0.0,0.7786017922794117,0.0,0.7786916593968096,0.0,0.0,0.0,0.0,,,,0.0,0.0,,0.0,0.0,,,0.0,0.0,0.0,0.0,0.0,0.0,0.0,0.0,0.0,0.0,0.0,0.0,0.0,0.0,,0.0,,0.0,,0.7784658394607843,0.0,0.0,0.0,0.0,0.0,0.0,,0.0,,0.0,0.0,0.7786094877219756,0.0,0.7794175091911764,0.0,0.0,0.0,0.0,0.0,0.0,,0.0,0.0,,
2356,Q1_Aug'25###40908xPN7qxlTlDNI94fVBJWCVA==,40908xPN7qxlTlDNI94fVBJWCVA==,Q1,BIDV,36-45,Aug'25,Q3'25,Offline,Male,Ho Chi Minh,AFF,BIDV,MBBank,,,,,BIDV,,Vietinbank,Techcombank,ACB,Vietcombank,VPBank,MSB,,,10.0,có nhân viên giàu kinh nghiệm làm giao dịch nhanh .nằm trong top ngân hàng hàng đầu việt nam .đa dạng sản phẩm dịch vụ .,không cần cải thiện thêm .,10,"ứng dụng hiện đại ,dễ sử dụng ,hoạt động mượt .",4,5,5,4,5,5,5, I do not use this bank product,5, I do not use this bank product,5, I do not use this bank product,,,,5,Not use in recent 1 month,Not use in recent 1 month,Not use in recent 1 month,5,,,,9.0,10.0,10.0,10.0,9.0,10.0,BIDV,BIDV,BIDV,BIDV,,,,,BIDV,BIDV,BIDV,BIDV,,,,1.0,,,,,,1.0,,,,,,1.0,,,,,,1.0,,,,,,0.0,,,,,,0.0,,,,,,0.0,,,,,,0.0,,,,,,1.0,,,,,,1.0,,,,,,1.0,,,,,,1.0,,,Q3'25,0.0,1.075357142857143,1.0752,1.0751923076923076,0.0,0.0,0.0,1.009468443627451,0.0,1.009518119747899,0.0,1.0095707179930795,0.0,0.0,0.0,0.0,,,,,0.0,0.0,,0.0,0.0,0.0,0.0,0.0,,0.0,0.0,0.0,,0.0,,1.0096075367647055,0.0,0.0,,,,,,,,1.0092945772058823,0.0,0.0,0.0,0.0,0.0,0.0,,0.0,0.0,0.0,,1.0095416505417958,,1.0097213402406418,,0.0,0.0,0.0,0.0,0.0,0.0,0.0,0.0,,
2357,Q1_Aug'25###40909cSbg79Iu6PyL9KyIi5QWrw==,40909cSbg79Iu6PyL9KyIi5QWrw==,Q1,VPBank,46-55,Aug'25,Q3'25,Offline,Female,Ho Chi Minh,AFF,MBBank,VPBank,,,,,VPBank,,Techcombank,ACB,Vietcombank,BIDV,Vietinbank,,,,10.0,"Ngân hàng duyệt vay nhanh, hồ sơ đơn giản, giải ngân nhanh",Không có,9,"Ứng dụng mượt, chạy nhanh, ít lỗi bảo trì.",5,5,5,4,5,5,5, I do not use this bank product,5, I do not use this bank product,5, I do not use this bank product,,,,5,Not use in recent 1 month,Not use in recent 1 month,Not use in recent 1 month,5,,,,10.0,9.0,10.0,10.0,9.0,9.0,VPBank,VPBank,VPBank,VPBank,,,,,VPBank,VPBank,VPBank,VPBank,,,,,,1.0,,,,,,1.0,,,,,,1.0,,,,,,1.0,,,,,,0.0,,,,,,0.0,,,,,,0.0,,,,,,0.0,,,,,,1.0,,,,,,1.0,,,,,,1.0,,,,,,1.0,Q3'25,0.0,0.0,1.0203448275862068,0.0,0.0,0.0,0.0,0.0,,1.0885710097616632,,0.0,0.0,0.0,0.0,0.0,,,,,,0.0,,0.0,0.0,0.0,,0.0,0.0,0.0,,0.0,,0.0,,0.0,,0.0,,0.0,,0.0,,0.0,,0.0,,1.088203125,,0.0,,0.0,0.0,0.0,,0.0,0.0,0.0,,0.0,,0.0,0.0,0.0,0.0,,0.0,0.0,0.0,,
2358,Q1_Aug'25###40910gNc0HFwi0jhwCzT+ytpODQ==,40910gNc0HFwi0jhwCzT+ytpODQ==,Q1,MBBank,36-45,Aug'25,Q3'25,Offline,Male,Ho Chi Minh,AFF,MBBank,,,,,,MBBank,,ACB,Vietcombank,BIDV,VPBank,MSB,Vietinbank,Techcombank,,10.0,danh tiếng ngân hàng tốt nhiều người sử dụng .dịch vụ chăm sóc khách hàng tốt nhân viên chuyên nghiệp vui vẻ .,không có,10,"chạy nhanh ,bảo mật an toàn cao khó hack tài khoản .chuyển tiền miễn phí .",5,4,4,5,5,5, I do not use this bank product, I do not use this bank product,5, I do not use this bank product, I do not use this bank product,5,,,,5,Not use in recent 1 month,4,Not use in recent 1 month,Not use in recent 1 month,4.0,Call Center,gọi vài lần mới gặp được nhân viên tổng đài .,9.0,10.0,10.0,9.0,9.0,10.0,MBBank,MBBank,MBBank,MBBank,,,,,MBBank,MBBank,MBBank,MBBank,,,,,1.0,,,,,,1.0,,,,,,1.0,,,,,,1.0,,,,,,0.0,,,,,,0.0,,,,,,0.0,,,,,,0.0,,,,,,1.0,,,,,,1.0,,,,,,1.0,,,,,,1.0,,Q3'25,0.0,0.0,0.0,1.0416363636363637,0.0,0.0,0.0,0.0,0.0,0.0,0.0,1.0595873579545456,,0.0,0.0,0.0,,,,0.0,,0.0,,0.0,,0.0,0.0,0.0,,0.0,0.0,0.0,,0.0,,0.0,0.0,0.0,,,0.0,0.0,,0.0,,0.0,,0.0,,0.0,0.0,1.0596181832107845,,1.060465877757353,,0.0,,1.0596595341642756,,1.060465877757353,,0.0,,0.0,0.0,0.0,0.0,0.0,,,
2359,Q1_Aug'25###40911b99vofdBVBLsfJIcEIvVYQ==,40911b99vofdBVBLsfJIcEIvVYQ==,Q1,BIDV,36-45,Aug'25,Q3'25,Offline,Female,Ha Noi,AFF,BIDV,,,,,,BIDV,,Techcombank,,,,,,,,10.0,Ngân hàng nổi tiếng được người tin tưởng và sử dụng,không có,10,"Ứng dụng có giao diện dễ sử dụng.Chữ in to,rõ ràng",4,4,4,5,5, I do not use this bank product,5, I do not use this bank product,4, I do not use this bank product, I do not use this bank product, I do not use this bank product,4.0,Terms deposit,tôi muốn lãi suất gửi tiết kiệm thêm cao hơn,4,Not use in recent 1 month,5,5,5,4.0,Branch,Tôi muốn có thêm nhiều chi nhánh gần nhà tôi,10.0,9.0,10.0,9.0,9.0,9.0,BIDV,BIDV,BIDV,BIDV,,,,,BIDV,BIDV,Techcombank,BIDV,,,,1.0,,,,,,1.0,,,,,,1.0,,,,,,1.0,,,,,,0.0,,,,,,0.0,,,,,,0.0,,,,,,0.0,,,,,,1.0,,,,,,1.0,,,,,,0.0,,,,,,1.0,,,Q3'25,0.0,0.0,0.0,1.0751923076923076,0.0,0.0,0.0,0.0,0.0,0.0,0.0,1.0095707179930795,0.0,0.0,0.0,0.0,,,,,0.0,0.0,,0.0,0.0,0.0,0.0,0.0,,0.0,0.0,0.0,,0.0,,0.0,0.0,0.0,,,,,,,,0.0,0.0,0.0,0.0,0.0,0.0,0.0,,0.0,0.0,0.0,,1.0095416505417958,,0.0,,0.0,0.0,0.0,0.0,0.0,0.0,0.0,0.0,,
2360,Q1_Aug'25###409124Z2tJbJQCgmx2/XXa9lZ7A==,409124Z2tJbJQCgmx2/XXa9lZ7A==,Q1,VPBank,36-45,Aug'25,Q3'25,Offline,Male,Ho Chi Minh,AFF,VPBank,,,,,,VPBank,,BIDV,MBBank,MSB,Vietinbank,Techcombank,ACB,Vietcombank,,9.0,phòng giao dịch rộng nhân viên bảo vệ nhiệt tình giúp đỡ khách .lãi suất vay và lãi suất gửi tiết kiệm hấp dẫn .,ghế ngồi chờ tại chi nhánh còn ít ngồi chưa thoải mái .,9,thanh toán chi tiêu bằng ứng dụng dễ . sử dụng được ở khắp mọi nơi .,5,4,5,4,4,4, I do not use this bank product, I do not use this bank product,5, I do not use this bank product,5, I do not use this bank product,4.0,Debit,khi bị mất thẻ quy trình cấp lại thẻ mới lâu .,4,Not use in recent 1 month,Not use in recent 1 month,Not use in recent 1 month,5,4.0,Branch,ghế ngồi chờ tại phòng giao dịch ngồi không thoải mái,10.0,10.0,9.0,9.0,8.0,9.0,VPBank,VPBank,VPBank,VPBank,,,,,VPBank,VPBank,VPBank,VPBank,,,,,,1.0,,,,,,1.0,,,,,,1.0,,,,,,1.0,,,,,,0.0,,,,,,0.0,,,,,,0.0,,,,,,0.0,,,,,,1.0,,,,,,1.0,,,,,,1.0,,,,,,1.0,Q3'25,1.0202941176470588,0.0,0.0,1.0203636363636364,1.0202857142857142,1.0885365205652573,0.0,0.0,,0.0,,1.088605715871254,0.0,1.0885472752609109,0.0,0.0,,,,,,0.0,,0.0,0.0,0.0,,0.0,0.0,1.088203125,,0.0,,0.0,,0.0,,0.0,,0.0,,0.0,,0.0,,0.0,,0.0,,0.0,,1.0889143688725489,0.0,0.0,,0.0,0.0,0.0,,0.0,,0.0,0.0,1.0889143688725489,1.088203125,,0.0,0.0,0.0,,
2361,Q1_Aug'25###40913vSYoUm9NOkkjlwCq+y2GkQ==,40913vSYoUm9NOkkjlwCq+y2GkQ==,Q1,BIDV,36-45,Aug'25,Q3'25,Offline,Female,Ho Chi Minh,AFF,BIDV,Techcombank,,,,,BIDV,,MBBank,VPBank,MSB,Vietinbank,ACB,Vietcombank,,,9.0,"Nhiều chi nhánh trên toàn quốc tiện lợi để giao dịch.
Cung cấp đầy đủ dịch vụ cho khách sử dụng.",Không,10,Ứng dụng dễ sử dụng phù hợp cho người lớn tuổi ít biết về công nghệ. Chuyển tiền và nhận tiền nhanh chóng,5,4,4,5,4,5,4, I do not use this bank product,5, I do not use this bank product,5, I do not use this bank product,4.0,Credit card,Phí chậm thanh toán bị phạt khá cao so với ngân hàng khác,5,5,5,Not use in recent 1 month,4,4.0,ATM,Máy ATM đặt hơi ít ở các góc đường bất tiện khi cần rút tiền,10.0,8.0,9.0,10.0,9.0,9.0,BIDV,BIDV,BIDV,BIDV,,,,,BIDV,BIDV,BIDV,BIDV,,,,1.0,,,,,,1.0,,,,,,1.0,,,,,,1.0,,,,,,0.0,,,,,,0.0,,,,,,0.0,,,,,,0.0,,,,,,1.0,,,,,,1.0,,,,,,1.0,,,,,,1.0,,,Q3'25,1.075161290322581,1.075357142857143,0.0,0.0,0.0,1.009468443627451,0.0,1.009468443627451,0.0,0.0,0.0,0.0,0.0,0.0,0.0,0.0,,,,,0.0,0.0,,0.0,0.0,0.0,0.0,0.0,,1.0092945772058823,0.0,0.0,,0.0,,1.0096075367647055,0.0,0.0,,,,,,,,0.0,0.0,0.0,0.0,0.0,0.0,0.0,,0.0,0.0,0.0,,0.0,,0.0,,0.0,0.0,0.0,0.0,0.0,0.0,0.0,0.0,,
2362,Q1_Aug'25###409144O8pauB2lN7Nj9/mESYfzw==,409144O8pauB2lN7Nj9/mESYfzw==,Q1,MBBank,36-45,Aug'25,Q3'25,Offline,Male,Ho Chi Minh,AFF,MBBank,Vietcombank,,,,,MBBank,,VPBank,MSB,Vietinbank,Techcombank,ACB,BIDV,,,10.0,"Cung cấp nhiều sản phẩm dịch vụ, 
Đội ngũ tư vấn hiểu rõ về sản phẩm và dịch vụ tư vấn cho khách hàng gọn gàng dễ hiểu",Không có,9,"Tạo số tài khoản online không cần ra phòng giao dịch. Giao diện của ứng dụng dễ sử dụng, dễ thao tác",5,4,5,5,4,5,5, I do not use this bank product,5, I do not use this bank product, I do not use this bank product, I do not use this bank product,,,,5,Not use in recent 1 month,Not use in recent 1 month,Not use in recent 1 month,5,,,,10.0,9.0,10.0,10.0,10.0,9.0,MBBank,MBBank,MBBank,MBBank,,,,,MBBank,MBBank,MBBank,MBBank,,,,,1.0,,,,,,1.0,,,,,,1.0,,,,,,1.0,,,,,,0.0,,,,,,0.0,,,,,,0.0,,,,,,0.0,,,,,,1.0,,,,,,1.0,,,,,,1.0,,,,,,1.0,,Q3'25,0.0,1.0417241379310345,0.0,1.0416363636363637,0.0,0.0,0.0,1.0594298066448804,0.0,0.0,0.0,1.0595873579545456,,0.0,0.0,0.0,,,,0.0,,0.0,,0.0,,0.0,0.0,0.0,,0.0,0.0,0.0,,0.0,,1.0599572610294117,0.0,0.0,,,0.0,0.0,,0.0,,0.0,,0.0,,0.0,0.0,0.0,,0.0,,1.0579227941176472,,0.0,,1.060465877757353,,0.0,,0.0,0.0,0.0,0.0,0.0,,,
2363,Q1_Aug'25###409158BzBTZU4zO922N4YwxXboQ==,409158BzBTZU4zO922N4YwxXboQ==,Q1,Vietcombank,46-55,Aug'25,Q3'25,Offline,Female,Ha Noi,AFF,Vietcombank,,,,,,Vietcombank,,MSB,Vietinbank,Techcombank,ACB,BIDV,MBBank,VPBank,,10.0,"Vietcombank luôn đi đầu trong các sản phẩm thẻ tín dụng, ngoại hối, minh bạch rõ ràng về các loại phí , an toàn và bảo mật thông tin",Phòng giao dịch luôn đông người muốn tăng cường nhân sự hơn,10,"Thông tin trên app thu chi dễ hiểu giúp quản lý chi tiêu hiệu quả, thao tác thuận tiện đơn giản dễ làm, tích điểm đổi quà săn voucher",4,5,4,5,5,5,5, I do not use this bank product,5, I do not use this bank product, I do not use this bank product, I do not use this bank product,,,,5,Not use in recent 1 month,Not use in recent 1 month,5,4,4.0,ATM,"Vietcombank atm nhiều lúc tiền chỉ có mệnh giá 200 và 500, muốn cây atm cần đa dạng loại mệnh giá tiền",9.0,10.0,10.0,10.0,9.0,10.0,Vietcombank,Vietcombank,Vietcombank,Vietcombank,,,,,Vietcombank,Vietcombank,Vietcombank,Vietcombank,,,1.0,,,,,,1.0,,,,,,1.0,,,,,,1.0,,,,,,0.0,,,,,,0.0,,,,,,0.0,,,,,,0.0,,,,,,1.0,,,,,,1.0,,,,,,1.0,,,,,,1.0,,,,Q3'25,0.0,0.9090625,0.9089655172413792,0.9090322580645162,0.0,0.0,0.0,0.7784998276654411,0.0,0.7786017922794117,0.0,0.7786916593968096,0.0,0.0,0.0,0.0,,,,0.0,0.0,,0.0,0.0,,,0.0,0.0,0.0,0.0,0.0,0.0,0.0,0.0,0.0,0.0,0.0,0.7785610064338234,0.0,0.0,,0.0,,0.0,,0.0,0.0,0.0,0.0,0.7788057215073529,0.0,0.0,,0.0,,0.0,0.0,0.7786094877219756,0.0,0.0,0.0,0.0,0.0,0.0,0.0,0.0,,0.0,0.0,,
2364,Q1_Aug'25###40916DtYu4lrT7L09n9BdSqkv+w==,40916DtYu4lrT7L09n9BdSqkv+w==,Q1,MBBank,36-45,Aug'25,Q3'25,Offline,Female,Ha Noi,AFF,Techcombank,MBBank,,,,,MBBank,,Vietinbank,ACB,Vietcombank,BIDV,VPBank,MSB,,,9.0,"Mạng lưới chi nhánh và atm rộng khắp,lãi suất gửi tiết kiệm cao, có nhiều ưu đãi khi mở thẻ tín dụng",Ưu đãi hấp dẫn khi chi tiêu,10,"Tích hợp nhiều dịch vụ thanh toán điện nước, mua vé xem phim, máy bay..., màu sắc bắt mắt, app mượt rõ dàng",5,5,5,5,4,5,4, I do not use this bank product,5, I do not use this bank product, I do not use this bank product, I do not use this bank product,4.0,Credit card,Muốn có nhiều chương trình tích điểm trong chi tieu hoặc hoàn phí khi chi tieu,5,Not use in recent 1 month,Not use in recent 1 month,Not use in recent 1 month,5,,,,9.0,9.0,10.0,10.0,9.0,10.0,MBBank,MBBank,MBBank,MBBank,,,,,MBBank,MBBank,MBBank,MBBank,,,,,1.0,,,,,,1.0,,,,,,1.0,,,,,,1.0,,,,,,0.0,,,,,,0.0,,,,,,0.0,,,,,,0.0,,,,,,1.0,,,,,,1.0,,,,,,1.0,,,,,,1.0,,Q3'25,1.041777777777778,0.0,0.0,0.0,1.0417391304347827,1.0596181832107845,0.0,0.0,0.0,0.0,0.0,0.0,,1.0595289522058824,0.0,0.0,,,,0.0,,0.0,,0.0,,0.0,0.0,1.0596181832107845,,1.059860381652661,0.0,0.0,,0.0,,0.0,0.0,0.0,,,0.0,0.0,,0.0,,0.0,,0.0,,0.0,0.0,0.0,,0.0,,0.0,,0.0,,0.0,,0.0,,1.0599572610294117,0.0,0.0,0.0,1.0579227941176472,,,
2365,Q1_Aug'25###40917xfWpKTshQmx9k+LBv5EXbg==,40917xfWpKTshQmx9k+LBv5EXbg==,Q1,ACB,46-55,Aug'25,Q3'25,Offline,Male,Ho Chi Minh,AFF,ACB,,,,,,ACB,,Techcombank,Vietcombank,BIDV,MBBank,VPBank,Vietinbank,,,9.0,"Nhân viên phòng giao dịch chuyên nghiệp, xử lý giao dịch nhanh. Hệ thống ATM đặt nhiều nơi",Trụ ATM nên đặt nhiều máy cùng 1 nơi để không phải xếp hàng chờ,9,Ứng dụng đăng nhập nhanh không bị bảo trì. Gửi được tiết kiệm online trên ứng dụng với độ uy tín cao,5,4,5,4,5,4, I do not use this bank product,5,5, I do not use this bank product, I do not use this bank product, I do not use this bank product,4.0,Debit,Ít các ưu đãi khi thanh toán mua sắm và ăn uống,5,Not use in recent 1 month,5,Not use in recent 1 month,4,4.0,ATM,Mỗi trụ ATM thường chỉ đặt 1 máy nên giờ cao điểm phải xếp hàng chờ,9.0,10.0,10.0,9.0,9.0,10.0,ACB,ACB,ACB,ACB,,,,,ACB,ACB,ACB,ACB,,1.0,,,,,,1.0,,,,,,1.0,,,,,,1.0,,,,,,0.0,,,,,,0.0,,,,,,0.0,,,,,,0.0,,,,,,1.0,,,,,,1.0,,,,,,1.0,,,,,,1.0,,,,,Q3'25,1.086875,0.0,1.0870967741935484,1.087,0.0,1.1399762834821427,0.0,0.0,0.0,1.140092545638945,0.0,1.140092545638945,0.0,0.0,0.0,0.0,,,,0.0,,0.0,,0.0,0.0,0.0,,1.1398514093137253,0.0,0.0,0.0,0.0,,0.0,0.0,0.0,,0.0,,0.0,,0.0,,0.0,,1.1398514093137253,0.0,0.0,,0.0,0.0,0.0,0.0,0.0,,0.0,,0.0,0.0,1.1398514093137253,,0.0,0.0,0.0,0.0,,,0.0,0.0,,
2366,Q1_Aug'25###409184xidB2a5PlhJz2rVeJmmJg==,409184xidB2a5PlhJz2rVeJmmJg==,Q1,ACB,36-45,Aug'25,Q3'25,Offline,Female,Ho Chi Minh,AFF,ACB,,,,,,ACB,,Vietcombank,BIDV,MBBank,VPBank,MSB,Vietinbank,Techcombank,,9.0,"Có nhiều chi nhánh, 
ATM hiện đại, nạp rút tiền dễ dàng.",Không nên thu phí khi chuyển khoản cùng hệ thống,10,"Xác thực 2 lần giúp giao dịch chuẩn xác hơn, 
Kết nối mạng nhanh",4,5,4,4,5,5,5, I do not use this bank product,5, I do not use this bank product, I do not use this bank product, I do not use this bank product,,,,5,Not use in recent 1 month,Not use in recent 1 month,Not use in recent 1 month,5,,,,9.0,9.0,9.0,10.0,9.0,10.0,ACB,ACB,ACB,ACB,,,,,ACB,ACB,ACB,ACB,,1.0,,,,,,1.0,,,,,,1.0,,,,,,1.0,,,,,,0.0,,,,,,0.0,,,,,,0.0,,,,,,0.0,,,,,,1.0,,,,,,1.0,,,,,,1.0,,,,,,1.0,,,,,Q3'25,1.086875,0.0,0.0,0.0,0.0,1.1399762834821427,0.0,0.0,0.0,0.0,0.0,0.0,0.0,0.0,0.0,0.0,,,,0.0,,0.0,,0.0,0.0,0.0,,1.1398514093137253,0.0,1.1404341554330064,0.0,0.0,,0.0,0.0,0.0,,0.0,,0.0,,0.0,,0.0,,0.0,0.0,0.0,,0.0,0.0,0.0,0.0,0.0,,0.0,,0.0,0.0,0.0,,0.0,0.0,0.0,0.0,,,0.0,0.0,,
2367,Q1_Aug'25###40919wMqUYQgRYRoowKmFVrfUvQ==,40919wMqUYQgRYRoowKmFVrfUvQ==,Q1,MBBank,36-45,Aug'25,Q3'25,Offline,Male,Ha Noi,AFF,MBBank,,,,,,MBBank,,BIDV,VPBank,MSB,Vietinbank,Techcombank,ACB,Vietcombank,,10.0,"mở tài khoản miễn phí , được chọn các tài khoản số đẹp theo ý muốn , thủ tục cho vay vốn nhanh không cần nhiều giấy tờ .  Đa dạng các loại thẻ như ATM, thẻ tín dụng, thẻ ghi nợ để phù hợp với từng khách hàng",không có,10,"bảo mật tài khoản cao không lo bị hách mất tài khoản. Dễ dàng thanh toán các hóa đơn điện nước , hóa đơn mua sắm ngay trên điện thoại . Chuyển tiền không mất phí .",5,5,4,4,5,5,5, I do not use this bank product,5, I do not use this bank product,5, I do not use this bank product,,,,5,Not use in recent 1 month,Not use in recent 1 month,Not use in recent 1 month,5,,,,10.0,10.0,10.0,10.0,9.0,10.0,MBBank,MBBank,MBBank,MBBank,,,,,MBBank,MBBank,MBBank,MBBank,,,,,1.0,,,,,,1.0,,,,,,1.0,,,,,,1.0,,,,,,0.0,,,,,,0.0,,,,,,0.0,,,,,,0.0,,,,,,1.0,,,,,,1.0,,,,,,1.0,,,,,,1.0,,Q3'25,0.0,1.0417241379310345,1.0417857142857143,0.0,1.0417391304347827,0.0,0.0,1.0594298066448804,0.0,1.059550367647059,0.0,0.0,,1.0595289522058824,0.0,0.0,,,,0.0,,0.0,,0.0,,0.0,0.0,0.0,,0.0,0.0,0.0,,0.0,,1.0599572610294117,0.0,0.0,,,0.0,1.0591943359375,,0.0,,0.0,,1.0593759847689077,,0.0,0.0,0.0,,0.0,,0.0,,0.0,,0.0,,1.0599572610294117,,0.0,0.0,0.0,0.0,0.0,,,
2368,Q1_Aug'25###40920y8bC+1PVpyrpH96onhsKyg==,40920y8bC+1PVpyrpH96onhsKyg==,Q1,MBBank,46-55,Aug'25,Q3'25,Offline,Female,Ha Noi,AFF,MBBank,,,,,,MBBank,,VPBank,MSB,Vietinbank,Techcombank,ACB,Vietcombank,BIDV,,10.0,Vì MB bank là ngân hàng quân đội có độ tin cậy cao. các sản phẩm của ngân hàng đa dạng bà chất lượng dịch vụ tốt,Cần nâng cấp ứng dụng của ngân hàng trên điện thoại,9,Có nhiều hạng mục giúp người dùng cảm thấy tiện lợi khi dùng,5,5,4,4,5,5,5, I do not use this bank product,5, I do not use this bank product, I do not use this bank product, I do not use this bank product,,,,5,Not use in recent 1 month,5,Not use in recent 1 month,5,,,,10.0,10.0,10.0,10.0,9.0,10.0,MBBank,MBBank,MBBank,MBBank,,,,,MBBank,MBBank,MBBank,MBBank,,,,,1.0,,,,,,1.0,,,,,,1.0,,,,,,1.0,,,,,,0.0,,,,,,0.0,,,,,,0.0,,,,,,0.0,,,,,,1.0,,,,,,1.0,,,,,,1.0,,,,,,1.0,,Q3'25,0.0,1.0417241379310345,1.0417857142857143,1.0416363636363637,0.0,0.0,0.0,1.0594298066448804,0.0,1.059550367647059,0.0,1.0595873579545456,,0.0,0.0,0.0,,,,0.0,,0.0,,0.0,,0.0,0.0,0.0,,0.0,0.0,0.0,,0.0,,1.0599572610294117,0.0,0.0,,,0.0,0.0,,0.0,,0.0,,0.0,,1.0597723094919789,0.0,0.0,,0.0,,0.0,,1.0596595341642756,,0.0,,0.0,,0.0,0.0,0.0,0.0,0.0,,,
2369,Q1_Aug'25###40921uT5Xb/DRbpndpRHtNCtSRA==,40921uT5Xb/DRbpndpRHtNCtSRA==,Q1,MBBank,36-45,Aug'25,Q3'25,Offline,Male,Ha Noi,MAFF,MBBank,,,,,,MBBank,,VPBank,MSB,Vietinbank,Techcombank,ACB,Vietcombank,BIDV,,9.0,"Thủ tục gửi tiết kiệm nhanh và lãi suất gửi tiết kiệm cao. Hệ thống chi nhánh phòng giao dịch , các cây rút tiền ATM rộng khắp  giúp người dùng dễ dàng giao dịch. Ngân hàng hàng có độ uy tín cao được nhiều người sử dụng",miễn phí duy trì tài khoản,10,gửi tiết kiệm và vay online ngay trên điện thoại di động . Truy vấn số dư và sao kê tài khoản dễ dàng nhanh chóng,5,4,5,5,4,5,5, I do not use this bank product,5, I do not use this bank product,5, I do not use this bank product,,,,5,Not use in recent 1 month,Not use in recent 1 month,Not use in recent 1 month,5,,,,10.0,9.0,9.0,10.0,10.0,10.0,,,,,MBBank,MBBank,MBBank,MBBank,MBBank,MBBank,MBBank,MBBank,,,,,0.0,,,,,,0.0,,,,,,0.0,,,,,,0.0,,,,,,1.0,,,,,,1.0,,,,,,1.0,,,,,,1.0,,,,,,1.0,,,,,,1.0,,,,,,1.0,,,,,,1.0,,Q3'25,1.041777777777778,0.0,1.0417857142857143,1.0416363636363637,1.0417391304347827,1.0596181832107845,0.0,0.0,0.0,1.059550367647059,0.0,1.0595873579545456,,1.0595289522058824,0.0,0.0,,,,0.0,,0.0,,0.0,,0.0,0.0,1.0596181832107845,,1.059860381652661,0.0,0.0,,0.0,,0.0,0.0,0.0,,,0.0,0.0,,0.0,,0.0,,1.0593759847689077,,0.0,0.0,0.0,,0.0,,0.0,,1.0596595341642756,,0.0,,0.0,,1.0599572610294117,0.0,0.0,0.0,0.0,,,
2370,Q1_Aug'25###40922LTzR/7UCmcUcJyw22LVfTw==,40922LTzR/7UCmcUcJyw22LVfTw==,Q1,BIDV,36-45,Aug'25,Q3'25,Offline,Female,Ho Chi Minh,AFF,BIDV,,,,,,BIDV,,MSB,Vietinbank,Techcombank,ACB,Vietcombank,MBBank,VPBank,,9.0,"Gửi tiết kiệm có lãi suất ưu đãi
Miễn phí chuyển khoản và rút tiền mặt",Đặt thêm nhiều máy có chức năng gửi tiền mặt ở nhiều nơi hơn,9,"Miễn phí chuyển khoản
Bảo mật cao bằng tính năng sinh trắc học",5,4,5,4,4,5, I do not use this bank product,4,5, I do not use this bank product, I do not use this bank product, I do not use this bank product,4.0,Banca,"Giấy tờ khi tham gia bảo hiểm còn rườm rà, đòi hỏi khá nhiều",Not use in recent 1 month,Not use in recent 1 month,5,5,4,4.0,ATM,Ít máy có chức năng nạp tiền mặt trực tiếp tại ATM,10.0,9.0,10.0,9.0,9.0,9.0,BIDV,BIDV,BIDV,BIDV,,,,,BIDV,BIDV,BIDV,BIDV,,,,1.0,,,,,,1.0,,,,,,1.0,,,,,,1.0,,,,,,0.0,,,,,,0.0,,,,,,0.0,,,,,,0.0,,,,,,1.0,,,,,,1.0,,,,,,1.0,,,,,,1.0,,,Q3'25,0.0,0.0,0.0,0.0,1.075217391304348,0.0,0.0,0.0,0.0,0.0,0.0,0.0,0.0,1.0096556843891402,0.0,0.0,,,,,0.0,0.0,,0.0,0.0,0.0,0.0,0.0,,0.0,0.0,0.0,,0.0,,0.0,0.0,0.0,,,,,,,,0.0,0.0,0.0,0.0,0.0,0.0,0.0,,0.0,0.0,0.0,,0.0,,0.0,,1.010233455882353,0.0,1.0092945772058823,0.0,0.0,0.0,0.0,0.0,,
2371,Q1_Aug'25###40923FqVXIYfzoee+JoEZa7X2ZQ==,40923FqVXIYfzoee+JoEZa7X2ZQ==,Q1,VPBank,36-45,Aug'25,Q3'25,Offline,Female,Ho Chi Minh,AFF,VPBank,,,,,,VPBank,,Vietinbank,Techcombank,ACB,Vietcombank,BIDV,MBBank,MSB,,10.0,"Nằm trong top 10 ngân hàng uy tín tại việt nam, có tài chính vững mạnh, ngân hàng có ưu đãi nhiều cho khách cá nhân gửi tiết kiệm",Thấy không cần cải thiện,10,"Chuyển khoản không bị gián đoạn hoặc bị lỗi, phiên bản mới luôn được cập nhật mới nhất",5,4,5,5,4,5, I do not use this bank product, I do not use this bank product,5, I do not use this bank product, I do not use this bank product, I do not use this bank product,,,,5,Not use in recent 1 month,Not use in recent 1 month,5,Not use in recent 1 month,,,,10.0,9.0,10.0,9.0,10.0,9.0,VPBank,VPBank,VPBank,VPBank,,,,,VPBank,VPBank,VPBank,VPBank,,,,,,1.0,,,,,,1.0,,,,,,1.0,,,,,,1.0,,,,,,0.0,,,,,,0.0,,,,,,0.0,,,,,,0.0,,,,,,1.0,,,,,,1.0,,,,,,1.0,,,,,,1.0,Q3'25,0.0,0.0,0.0,1.0203636363636364,1.0202857142857142,0.0,0.0,0.0,,0.0,,1.088605715871254,0.0,1.0885472752609109,0.0,0.0,,,,,,0.0,,0.0,0.0,0.0,,0.0,0.0,0.0,,0.0,,0.0,,0.0,,0.0,,0.0,,0.0,,0.0,,0.0,,0.0,,0.0,,0.0,0.0,0.0,,0.0,0.0,1.0887798092209855,,0.0,,0.0,0.0,0.0,0.0,,0.0,1.088203125,0.0,,
2372,Q1_Aug'25###40924A85yF+sslPIy+A3WBfOPbQ==,40924A85yF+sslPIy+A3WBfOPbQ==,Q1,BIDV,36-45,Aug'25,Q3'25,Offline,Male,Ho Chi Minh,AFF,BIDV,,,,,,BIDV,,Techcombank,ACB,Vietcombank,MBBank,VPBank,MSB,Vietinbank,,9.0,"Nhân viên tư vấn tại quầy lịch sự , vui vẻ với khách hàng, ngân hàng sạch sẽ và có chỗ ngồi rộng rãi",Không có,9,"App thao tác dễ dàng, giao diện dễ nhìn và sắp xếp theo thứ tự",5,5,4,5,4,5,5, I do not use this bank product,4, I do not use this bank product,4, I do not use this bank product,4.0,Terms deposit,Chưa có các ưu đãi cao cho gửi kỳ hạn trên 1 năm,5,Not use in recent 1 month,4,Not use in recent 1 month,5,4.0,Call Center,Khi liên hệ với tổng đài chỉ toàn nghe nhạc chờ,9.0,10.0,9.0,9.0,10.0,9.0,BIDV,BIDV,BIDV,BIDV,,,,,BIDV,BIDV,BIDV,BIDV,,,,1.0,,,,,,1.0,,,,,,1.0,,,,,,1.0,,,,,,0.0,,,,,,0.0,,,,,,0.0,,,,,,0.0,,,,,,1.0,,,,,,1.0,,,,,,1.0,,,,,,1.0,,,Q3'25,1.075161290322581,0.0,0.0,1.0751923076923076,0.0,1.009468443627451,0.0,0.0,0.0,0.0,0.0,1.0095707179930795,0.0,0.0,0.0,0.0,,,,,0.0,0.0,,0.0,0.0,0.0,0.0,0.0,,1.0092945772058823,0.0,0.0,,0.0,,0.0,0.0,0.0,,,,,,,,0.0,0.0,0.0,0.0,0.0,0.0,1.0092945772058823,,0.0,0.0,0.0,,0.0,,0.0,,0.0,0.0,0.0,0.0,0.0,0.0,0.0,0.0,,
2373,Q1_Aug'25###40925fGJCF3we3/8AXR+Eoi07zQ==,40925fGJCF3we3/8AXR+Eoi07zQ==,Q1,VPBank,36-45,Aug'25,Q3'25,Offline,Female,Ha Noi,AFF,VPBank,Techcombank,,,,,VPBank,,ACB,Vietcombank,BIDV,MBBank,MSB,Vietinbank,,,9.0,Thẻ tin dụng của vp bank được hoàn tiền 15% chi tiêu và mua sắm và có được miễn phí thường niên cho khách hàng,Không có,9,Vì ngân hàng liên kêt vơi hàng nghìn đối tác nên khách hàng cua vp bank được hưởng nhiêu ưu đãi lớn khi mua sắm,5,5,5,5,4, I do not use this bank product,5, I do not use this bank product,4, I do not use this bank product, I do not use this bank product, I do not use this bank product,4.0,Terms deposit,"Lãi suât tại quầy cũng chưa đươc cao chi tu 3,5% đen 5 % tôi muốn được hưởng lãi suât tâm 7% thì tốt hơn",4,Not use in recent 1 month,Not use in recent 1 month,Not use in recent 1 month,5,4.0,Branch,Nhân viên quầy giao dịch cần nhiệt tình hơn khi tư vấn cho khách hàng,9.0,10.0,9.0,9.0,9.0,10.0,VPBank,Techcombank,VPBank,VPBank,,,,,VPBank,VPBank,VPBank,VPBank,,,,,,1.0,,,,,,0.0,,,,,,1.0,,,,,,1.0,,,,,,0.0,,,,,,0.0,,,,,,0.0,,,,,,0.0,,,,,,1.0,,,,,,1.0,,,,,,1.0,,,,,,1.0,Q3'25,0.0,0.0,0.0,0.0,1.0202857142857142,0.0,0.0,0.0,,0.0,,0.0,0.0,1.0885472752609109,0.0,0.0,,,,,,0.0,,0.0,0.0,0.0,,0.0,0.0,0.0,,0.0,,0.0,,0.0,,0.0,,0.0,,0.0,,0.0,,0.0,,0.0,,0.0,,0.0,0.0,0.0,,0.0,0.0,0.0,,0.0,,1.088203125,0.0,0.0,0.0,,0.0,1.088203125,0.0,,
2374,Q1_Aug'25###409260TR2xPgRzoAFJIl4TR0V3A==,409260TR2xPgRzoAFJIl4TR0V3A==,Q1,VPBank,36-45,Aug'25,Q3'25,Offline,Female,Ha Noi,AFF,VPBank,,,,,,VPBank,,BIDV,MBBank,MSB,Vietinbank,Techcombank,ACB,Vietcombank,,9.0,"Nhiều chi nhánh và cây ATM thuận tiện đi lại,nhiều dịch vụ và sản phẩm đứng đầu trong các ngân hàng",Không cần,10,"Ứng dụng trên app dùng mượt,luôn đổi mới giao diện cho khách hàng thấy sự mới mẻ",5,5,5,4,5, I do not use this bank product,5, I do not use this bank product,5, I do not use this bank product, I do not use this bank product, I do not use this bank product,,,,5,Not use in recent 1 month,Not use in recent 1 month,Not use in recent 1 month,Not use in recent 1 month,,,,10.0,9.0,10.0,9.0,10.0,10.0,VPBank,VPBank,VPBank,VPBank,,,,,VPBank,VPBank,VPBank,VPBank,,,,,,1.0,,,,,,1.0,,,,,,1.0,,,,,,1.0,,,,,,0.0,,,,,,0.0,,,,,,0.0,,,,,,0.0,,,,,,1.0,,,,,,1.0,,,,,,1.0,,,,,,1.0,Q3'25,1.0202941176470588,1.0202777777777776,0.0,0.0,0.0,1.0885365205652573,0.0,1.088499476613562,,0.0,,0.0,0.0,0.0,0.0,0.0,,,,,,0.0,,0.0,0.0,0.0,,1.088203125,0.0,1.088203125,,0.0,,0.0,,1.0887958282271244,,0.0,,0.0,,0.0,,0.0,,0.0,,0.0,,0.0,,0.0,0.0,0.0,,0.0,0.0,0.0,,0.0,,0.0,0.0,0.0,0.0,,0.0,0.0,0.0,,
2375,Q1_Aug'25###40927EFB6GE0zcBAYU/g3abYcvg==,40927EFB6GE0zcBAYU/g3abYcvg==,Q1,Techcombank,25-35,Aug'25,Q3'25,Offline,Male,Ha Noi,MAFF,Techcombank,,,,,,Techcombank,,MBBank,VPBank,MSB,Vietinbank,ACB,Vietcombank,BIDV,,10.0,"nhân viên phòng giao dịch nói chuyện nhẹ nhàng  tươi cười , tư vấn dễ nghe dễ hiểu cho khách hàng. ngân hàng lớn đáng tin cậy .",không có,10,"chuyển khoản nhanh  không mất phí không bị lỗi app, thuận tiện dễ sử dụng thanh toán mọi hóa đơn ngay trên điện thoại mà không phải dùng đến tiền mặt . Có chương trình sinh lời tự động hàng ngày giúp người dùng có thêm thu nhập",5,5,5,4,5,5,5, I do not use this bank product,5, I do not use this bank product, I do not use this bank product, I do not use this bank product,,,,5,Not use in recent 1 month,Not use in recent 1 month,Not use in recent 1 month,5,,,,10.0,10.0,10.0,9.0,9.0,10.0,,,,,Techcombank,Techcombank,Techcombank,Techcombank,Techcombank,Techcombank,Techcombank,Techcombank,0.0,,,,,,0.0,,,,,,0.0,,,,,,0.0,,,,,,1.0,,,,,,1.0,,,,,,1.0,,,,,,1.0,,,,,,1.0,,,,,,1.0,,,,,,1.0,,,,,,1.0,,,,,,Q3'25,0.0,0.0,0.0,0.8403076923076923,0.0,0.0,0.0,0.0,0.0,0.0,,0.9005503393665156,,0.0,0.0,0.0,,,,0.0,,0.0,,0.0,,0.0,,0.0,,0.0,,0.0,,0.0,,0.0,,0.0,0.0,0.0,,,,0.0,,0.0,,0.0,,0.0,,0.9009350490196076,,0.0,,0.9002205882352939,,0.9006766270337921,,0.0,,0.0,0.0,0.0,,,,0.0,0.0,,
2376,Q1_Aug'25###40928HnRrZw+RGRLRRyoFMkKw9w==,40928HnRrZw+RGRLRRyoFMkKw9w==,Q1,Techcombank,36-45,Aug'25,Q3'25,Offline,Female,Ha Noi,AFF,Techcombank,,,,,,Techcombank,,MSB,Vietinbank,ACB,Vietcombank,BIDV,MBBank,VPBank,,10.0,"Ngân hàng có ứng dụng trên điện thoại dễ sử dụng
Ngân hàng nổi tiếng nhiều người sử dụng,phổ thông ở Việt Nam",Không cần,10,"Ứng dụng dễ sử dụng 
Không bị giật lag khi sử dụng
các thao tác dễ dàng",5,5,4,5,5, I do not use this bank product,5, I do not use this bank product,5, I do not use this bank product, I do not use this bank product, I do not use this bank product,,,,5,Not use in recent 1 month,5,5,5,,,,10.0,10.0,10.0,10.0,10.0,10.0,MSB,Techcombank,MSB,Techcombank,,,,,Vietinbank,Techcombank,Techcombank,Techcombank,0.0,,,,,,1.0,,,,,,0.0,,,,,,1.0,,,,,,0.0,,,,,,0.0,,,,,,0.0,,,,,,0.0,,,,,,0.0,,,,,,1.0,,,,,,1.0,,,,,,1.0,,,,,,Q3'25,0.8404,0.0,0.0,0.8403076923076923,0.0,0.9006671262254901,0.0,0.0,0.0,0.0,,0.9005503393665156,,0.0,0.0,0.0,,,,0.0,,0.0,,0.900220588235294,,0.0,,0.0,,0.0,,0.0,,0.0,,0.0,,0.0,0.0,0.0,,,,0.0,,0.0,,0.0,,0.0,,0.0,,0.0,,0.0,,0.9006766270337921,,0.0,,0.0,0.0,0.0,,,,0.0,0.0,,
2377,Q1_Aug'25###40929vcl0lUY0P6Z1pZE+dE6bWw==,40929vcl0lUY0P6Z1pZE+dE6bWw==,Q1,Techcombank,46-55,Aug'25,Q3'25,Offline,Female,Ha Noi,AFF,MBBank,Techcombank,,,,,Techcombank,,Vietinbank,ACB,Vietcombank,BIDV,VPBank,MSB,,,10.0,"Ngân hàng uy tín cao và đáng tin cậy, mạng lưới rộng khắp cả nước, được nhiều người dân tin dùng.",Không có,10,"Giao diện bắt mắt, dễ sử dụng, chuyển tiền nhanh, không bị lỗi.",4,4,5,5,5, I do not use this bank product, I do not use this bank product, I do not use this bank product,5, I do not use this bank product, I do not use this bank product, I do not use this bank product,,,,4,Not use in recent 1 month,Not use in recent 1 month,Not use in recent 1 month,5,4.0,Branch,"Phòng giao dịch quá đông khách, nhiều lúc tôi phải chờ lâu.",9.0,9.0,10.0,9.0,10.0,10.0,Techcombank,Techcombank,Techcombank,Missing lable,,,,,Techcombank,Missing lable,Techcombank,Techcombank,1.0,,,,,,1.0,,,,,,1.0,,,,,,0.0,,,,,,0.0,,,,,,0.0,,,,,,0.0,,,,,,0.0,,,,,,1.0,,,,,,0.0,,,,,,1.0,,,,,,1.0,,,,,,Q3'25,0.8404,0.0,0.0,0.8403076923076923,0.0,0.9006671262254901,0.0,0.0,0.0,0.0,,0.9005503393665156,,0.0,0.0,0.0,,,,0.0,,0.0,,0.0,,0.0,,0.0,,0.9007077205882351,,0.0,,0.0,,0.0,,0.0,0.0,0.0,,,,0.0,,0.0,,0.0,,0.0,,0.0,,0.0,,0.0,,0.9006766270337921,,0.0,,0.0,0.0,0.0,,,,0.0,0.0,,
2378,Q1_Aug'25###40930tB6p7OO0qesuhYs6V+urYg==,40930tB6p7OO0qesuhYs6V+urYg==,Q1,ACB,36-45,Aug'25,Q3'25,Offline,Male,Ha Noi,AFF,ACB,BIDV,,,,,ACB,,Techcombank,Vietcombank,MBBank,VPBank,MSB,Vietinbank,,,10.0,"Ngân hàng trẻ uy tín, đội ngũ nhân viên chuyên nghiệp và nhiệt tình",Mong luôn phát huy được sự tận tâm và nhiệt tình với khách hàng,9,Giao diện thân thiện dễ thao tác. Các tính năng trên điện app dễ hiểu và thực hiện,4,4,5,4,5,5,4, I do not use this bank product,4, I do not use this bank product, I do not use this bank product, I do not use this bank product,4.0,Credit card,Lãi suất tiết kiệm cho người gửi tiền còn thấp,4,Not use in recent 1 month,Not use in recent 1 month,Not use in recent 1 month,5,4.0,Branch,Ít các chị nhánh và phòng giao dịch ở gần nhà tôi nên nhiều khi cần gấp tôi không thực hiện được các giao dịch ngay,9.0,10.0,10.0,10.0,10.0,10.0,ACB,ACB,ACB,ACB,,,,,ACB,ACB,ACB,ACB,,1.0,,,,,,1.0,,,,,,1.0,,,,,,1.0,,,,,,0.0,,,,,,0.0,,,,,,0.0,,,,,,0.0,,,,,,1.0,,,,,,1.0,,,,,,1.0,,,,,,1.0,,,,,Q3'25,0.0,0.0,0.0,1.087,0.0,0.0,0.0,0.0,0.0,0.0,0.0,1.140092545638945,0.0,0.0,0.0,0.0,,,,0.0,,0.0,,0.0,0.0,0.0,,0.0,0.0,0.0,0.0,0.0,,0.0,0.0,0.0,,0.0,,0.0,,0.0,,0.0,,0.0,0.0,0.0,,0.0,0.0,1.1399912683823528,0.0,0.0,,0.0,,1.140069939108456,0.0,1.1398514093137253,,0.0,0.0,0.0,0.0,,,0.0,0.0,,
2379,Q1_Aug'25###40931ULNfj0s32gLpHd27uRDHVg==,40931ULNfj0s32gLpHd27uRDHVg==,Q1,ACB,46-55,Aug'25,Q3'25,Offline,Male,Ha Noi,AFF,ACB,Vietcombank,,,,,ACB,,BIDV,MBBank,VPBank,MSB,Vietinbank,Techcombank,,,10.0,"La một ngân hàng cao cấp,nhân viên chuyên nghiệp, đội ngũ nhân viên trẻ năng động và chăm sóc khách hàng nhiệt tình khi đến phòng giao dịch.",Có thêm nhiều các trương trình khuyến mãi cho khách hàng,9,"Ứng dụng ít bị lỗi, bảo mật thông tin tốt",4,5,4,5,5,4,5, I do not use this bank product,5, I do not use this bank product, I do not use this bank product, I do not use this bank product,4.0,Debit,"Chưa có nhiều ưu điểm như rút tiền linh hoạt hơn,",5,Not use in recent 1 month,Not use in recent 1 month,Not use in recent 1 month,5,,,,1.0,2.0,1.0,2.0,1.0,2.0,ACB,ACB,ACB,ACB,,,,,ACB,ACB,ACB,ACB,,1.0,,,,,,1.0,,,,,,1.0,,,,,,1.0,,,,,,0.0,,,,,,0.0,,,,,,0.0,,,,,,0.0,,,,,,1.0,,,,,,1.0,,,,,,1.0,,,,,,1.0,,,,,Q3'25,0.0,0.0,0.0,1.087,0.0,0.0,0.0,0.0,0.0,0.0,0.0,1.140092545638945,0.0,0.0,0.0,0.0,,,,0.0,,0.0,,0.0,0.0,0.0,,0.0,0.0,0.0,0.0,0.0,,0.0,0.0,0.0,,0.0,,0.0,,0.0,,0.0,,0.0,0.0,0.0,,0.0,0.0,1.1399912683823528,0.0,0.0,,0.0,,1.140069939108456,0.0,1.1398514093137253,,0.0,0.0,0.0,0.0,,,0.0,0.0,,
2380,Q1_Aug'25###40932inymxOhXIHW4SQqNY4sMtg==,40932inymxOhXIHW4SQqNY4sMtg==,Q1,VPBank,25-35,Aug'25,Q3'25,Offline,Female,Ha Noi,MAFF,VPBank,,,,,,VPBank,,Vietcombank,BIDV,MBBank,MSB,Vietinbank,Techcombank,ACB,,9.0,"Ngân hàng tiên phong trong thẻ tín dụng, nhiều ưu đãi hoàn tiền cho thẻ tín dụng hấp dẫn",Nhiều chi nhánh hơn,9,"Dễ nhìn, kiểm soát chi tiêu,",4,4,4,4,5,5,5, I do not use this bank product, I do not use this bank product, I do not use this bank product, I do not use this bank product, I do not use this bank product,,,,Not use in recent 1 month,Not use in recent 1 month,Not use in recent 1 month,Not use in recent 1 month,Not use in recent 1 month,,,,9.0,9.0,9.0,9.0,9.0,9.0,,,,,VPBank,VPBank,VPBank,VPBank,VPBank,VPBank,VPBank,VPBank,,,,,,0.0,,,,,,0.0,,,,,,0.0,,,,,,0.0,,,,,,1.0,,,,,,1.0,,,,,,1.0,,,,,,1.0,,,,,,1.0,,,,,,1.0,,,,,,1.0,,,,,,1.0,Q3'25,0.0,0.0,0.0,1.0203636363636364,1.0202857142857142,0.0,0.0,0.0,,0.0,,1.088605715871254,0.0,1.0885472752609109,0.0,0.0,,,,,,0.0,,0.0,0.0,0.0,,0.0,0.0,0.0,,0.0,,0.0,,0.0,,0.0,,0.0,,0.0,,0.0,,0.0,,0.0,,0.0,,0.0,0.0,0.0,,0.0,0.0,1.0887798092209855,,0.0,,0.0,0.0,0.0,0.0,,0.0,1.088203125,0.0,,
2381,Q1_Aug'25###40933/sPTqzuAo+JSBSTn8KJsGA==,40933/sPTqzuAo+JSBSTn8KJsGA==,Q1,VPBank,36-45,Aug'25,Q3'25,Offline,Male,Ha Noi,AFF,BIDV,VPBank,,,,,VPBank,,MBBank,MSB,Vietinbank,Techcombank,ACB,Vietcombank,,,9.0,Ngân hàng phổ thông dễ tiếp cận và có nhiều trương trình khuyến mãi cho khách hàng.,Tăng thêm lãi xuất cho khoản tiết kiệm,9,Ứng dụng dễ dàng thao tác và có nhiều tính năng tiện lợi khi sử dụng.,5,5,4,5,4,4,5, I do not use this bank product,5, I do not use this bank product, I do not use this bank product, I do not use this bank product,4.0,Debit,Ít tính năng khi sử dụng,5,Not use in recent 1 month,Not use in recent 1 month,Not use in recent 1 month,4,4.0,ATM,Khi giao dịch máy bị chậm nên phải chờ lâu,9.0,10.0,10.0,9.0,9.0,9.0,VPBank,VPBank,VPBank,VPBank,,,,,VPBank,VPBank,VPBank,VPBank,,,,,,1.0,,,,,,1.0,,,,,,1.0,,,,,,1.0,,,,,,0.0,,,,,,0.0,,,,,,0.0,,,,,,0.0,,,,,,1.0,,,,,,1.0,,,,,,1.0,,,,,,1.0,Q3'25,0.0,0.0,0.0,1.0203636363636364,1.0202857142857142,0.0,0.0,0.0,,0.0,,1.088605715871254,0.0,1.0885472752609109,0.0,0.0,,,,,,0.0,,0.0,0.0,0.0,,0.0,0.0,0.0,,0.0,,0.0,,0.0,,0.0,,0.0,,0.0,,0.0,,0.0,,0.0,,0.0,,0.0,0.0,0.0,,0.0,0.0,1.0887798092209855,,0.0,,0.0,0.0,0.0,0.0,,0.0,1.088203125,0.0,,
2382,Q1_Aug'25###40934uYoLBUW4yaVc8gi3VSxRoQ==,40934uYoLBUW4yaVc8gi3VSxRoQ==,Q1,BIDV,25-35,Aug'25,Q3'25,Offline,Female,Ha Noi,MAFF,BIDV,,,,,,BIDV,,VPBank,MSB,Vietinbank,Techcombank,ACB,Vietcombank,MBBank,,10.0,"Ngân hàng nổi tiếng
Nhân viên ngân hàng có nhiều chuyên môn cao, lễ phép và lịch sự",Cần nhiều chi nhánh trải rộng khắp các quận trong thành phố hơn,10,"Ứng dụng bảo mật tốt, giao diện dễ nhìn và sử dụng. Các thao tác chuyển tiền nhanh chóng, dễ dàng sử dụng",5,5,4,5,5, I do not use this bank product,5, I do not use this bank product, I do not use this bank product, I do not use this bank product, I do not use this bank product, I do not use this bank product,,,,5,Not use in recent 1 month,5,Not use in recent 1 month,5,,,,10.0,10.0,10.0,10.0,9.0,10.0,,,,,BIDV,BIDV,BIDV,Techcombank,BIDV,BIDV,BIDV,MBBank,,,,0.0,,,,,,0.0,,,,,,0.0,,,,,,0.0,,,,,,1.0,,,,,,1.0,,,,,,1.0,,,,,,0.0,,,,,,1.0,,,,,,1.0,,,,,,1.0,,,,,,0.0,,,Q3'25,0.0,0.0,0.0,1.0751923076923076,0.0,0.0,0.0,0.0,0.0,0.0,0.0,1.0095707179930795,0.0,0.0,0.0,0.0,,,,,0.0,0.0,,0.0,0.0,0.0,0.0,0.0,,0.0,0.0,0.0,,0.0,,0.0,0.0,0.0,,,,,,,,0.0,0.0,0.0,0.0,0.0,0.0,1.0092945772058823,,0.0,0.0,0.0,,1.0095416505417958,,1.0097213402406418,,0.0,0.0,0.0,0.0,0.0,0.0,0.0,0.0,,
2383,Q1_Aug'25###40935suThuy6SdNmywscKgOISyQ==,40935suThuy6SdNmywscKgOISyQ==,Q1,ACB,36-45,Aug'25,Q3'25,Offline,Female,Ha Noi,AFF,ACB,,,,,,ACB,,MSB,Vietinbank,Techcombank,Vietcombank,BIDV,MBBank,VPBank,,9.0,"Nhân viên có trách nhiệm, cởi mở, nhiệt tình không mời chào nhiều",Không có,9,Sắp xếp các mục dễ nhìn và nhanh,4,4,5,4,4,5,5, I do not use this bank product,5, I do not use this bank product, I do not use this bank product, I do not use this bank product,,,,Not use in recent 1 month,Not use in recent 1 month,Not use in recent 1 month,Not use in recent 1 month,Not use in recent 1 month,,,,8.0,9.0,9.0,9.0,9.0,9.0,ACB,ACB,ACB,ACB,,,,,ACB,ACB,ACB,ACB,,1.0,,,,,,1.0,,,,,,1.0,,,,,,1.0,,,,,,0.0,,,,,,0.0,,,,,,0.0,,,,,,0.0,,,,,,1.0,,,,,,1.0,,,,,,1.0,,,,,,1.0,,,,,Q3'25,0.0,0.0,0.0,1.087,0.0,0.0,0.0,0.0,0.0,0.0,0.0,1.140092545638945,0.0,0.0,0.0,0.0,,,,0.0,,0.0,,0.0,0.0,0.0,,0.0,0.0,0.0,0.0,0.0,,0.0,0.0,0.0,,0.0,,0.0,,0.0,,0.0,,0.0,0.0,0.0,,0.0,0.0,1.1399912683823528,0.0,0.0,,0.0,,0.0,0.0,1.1398514093137253,,0.0,0.0,0.0,0.0,,,0.0,0.0,,
2384,Q1_Aug'25###409363bJO1yBQ7+EyNTgdHbo3iA==,409363bJO1yBQ7+EyNTgdHbo3iA==,Q1,VPBank,25-35,Aug'25,Q3'25,Offline,Female,Ha Noi,MAFF,VPBank,,,,,,VPBank,,Vietinbank,Techcombank,ACB,Vietcombank,BIDV,MBBank,MSB,,10.0,Ngân hàng bảo mật tốt. Chi nhánh ở rộng khắp trong thành phố Hà Nội cũng như ngoại tỉnh nên rất thuận tiện giao dịch,Không cần,10,"Ứng dụng có bảo mật cao
Thông tin không bị lộ hay rò rỉ ra ngoài nên tôi yên tâm khi sử dụng",5,5,5,4,5,5,5, I do not use this bank product, I do not use this bank product, I do not use this bank product, I do not use this bank product, I do not use this bank product,,,,5,Not use in recent 1 month,5,5,5,,,,10.0,10.0,10.0,10.0,10.0,9.0,,,,,VPBank,VPBank,Techcombank,VPBank,Vietcombank,VPBank,VPBank,VPBank,,,,,,0.0,,,,,,0.0,,,,,,0.0,,,,,,0.0,,,,,,1.0,,,,,,1.0,,,,,,0.0,,,,,,1.0,,,,,,0.0,,,,,,1.0,,,,,,1.0,,,,,,1.0,Q3'25,1.0202941176470588,1.0202777777777776,0.0,0.0,0.0,1.0885365205652573,0.0,1.088499476613562,,0.0,,0.0,0.0,0.0,0.0,0.0,,,,,,0.0,,0.0,0.0,0.0,,0.0,0.0,1.088203125,,0.0,,0.0,,0.0,,1.088203125,,0.0,,0.0,,0.0,,0.0,,0.0,,0.0,,0.0,0.0,0.0,,0.0,0.0,0.0,,0.0,,0.0,0.0,0.0,0.0,,0.0,0.0,0.0,,
2385,Q1_Aug'25###40937dTIz86TOEBhbi7TuA/5bhA==,40937dTIz86TOEBhbi7TuA/5bhA==,Q1,Vietcombank,46-55,Aug'25,Q3'25,Offline,Male,Ha Noi,MAFF,Vietcombank,,,,,,Vietcombank,,Techcombank,ACB,BIDV,MBBank,VPBank,Vietinbank,,,9.0,"Vietcombank là ngân hàng thương mại chủ lực,chủ đạo của nền kinh tế với hơn 60 năm hình thành và phát triển,hoạt động hiệu quả và uy tín.",Không có,10,Giao diện dễ sử dụng và có tính bảo mật cao đồng thời tích hợp nhiều tiện ích,4,5,4,5,5,5, I do not use this bank product, I do not use this bank product, I do not use this bank product, I do not use this bank product, I do not use this bank product, I do not use this bank product,,,,Not use in recent 1 month,Not use in recent 1 month,Not use in recent 1 month,Not use in recent 1 month,5,,,,9.0,10.0,10.0,10.0,10.0,9.0,,,,,Vietcombank,Vietcombank,Vietcombank,Vietcombank,Vietcombank,Vietcombank,Vietcombank,Vietcombank,,,0.0,,,,,,0.0,,,,,,0.0,,,,,,0.0,,,,,,1.0,,,,,,1.0,,,,,,1.0,,,,,,1.0,,,,,,1.0,,,,,,1.0,,,,,,1.0,,,,,,1.0,,,,Q3'25,0.0,0.0,0.0,0.9090322580645162,0.0,0.0,0.0,0.0,0.0,0.0,0.0,0.7786916593968096,0.0,0.0,0.0,0.0,,,,0.0,0.0,,0.0,0.0,,,0.0,0.0,0.0,0.0,0.0,0.0,0.0,0.0,0.0,0.0,0.0,0.0,0.0,0.0,,0.0,,0.0,,0.0,0.0,0.0,0.0,0.0,0.0,0.0,,0.0,,0.0,0.0,0.7786094877219756,0.0,0.0,0.0,0.0,0.0,0.0,0.0,0.0,,0.0,0.0,,
2386,Q1_Aug'25###409384wjZNmsmIyqcLY8HyDbFTQ==,409384wjZNmsmIyqcLY8HyDbFTQ==,Q1,ACB,25-35,Aug'25,Q3'25,Offline,Male,Ha Noi,AFF,ACB,,,,,,ACB,,Vietcombank,BIDV,MBBank,VPBank,MSB,Vietinbank,Techcombank,,10.0,Ngân hàng có nhân viên chuyên nghiệp và lịch sự,Không có,10,"Ứng dụng dễ dàng thao tác, chuyên nghiệp và nhanh chóng khi giao dịch",4,5,5,5,5, I do not use this bank product,5, I do not use this bank product,5, I do not use this bank product, I do not use this bank product, I do not use this bank product,,,,5,5,5,5,5,,,,10.0,10.0,10.0,9.0,9.0,9.0,ACB,ACB,ACB,ACB,,,,,ACB,ACB,ACB,ACB,,1.0,,,,,,1.0,,,,,,1.0,,,,,,1.0,,,,,,0.0,,,,,,0.0,,,,,,0.0,,,,,,0.0,,,,,,1.0,,,,,,1.0,,,,,,1.0,,,,,,1.0,,,,,Q3'25,0.0,0.0,0.0,1.087,0.0,0.0,0.0,0.0,0.0,0.0,0.0,1.140092545638945,0.0,0.0,0.0,0.0,,,,0.0,,0.0,,0.0,0.0,0.0,,0.0,0.0,0.0,0.0,0.0,,0.0,0.0,0.0,,0.0,,0.0,,0.0,,0.0,,0.0,0.0,0.0,,0.0,0.0,1.1399912683823528,0.0,0.0,,0.0,,0.0,0.0,1.1398514093137253,,0.0,0.0,0.0,0.0,,,0.0,0.0,,
2387,Q1_Aug'25###40939oeHgug4UC+D73qVvG9vy5g==,40939oeHgug4UC+D73qVvG9vy5g==,Q1,VPBank,46-55,Aug'25,Q3'25,Offline,Female,Ha Noi,AFF,Vietcombank,VPBank,,,,,VPBank,,BIDV,MBBank,MSB,Vietinbank,Techcombank,ACB,,,10.0,"Vì VPBank đem đến cho khách hàng cảm giác an toàn,tin cậy khi sử dụng các sản phẩm,dịch vụ",Không có,10,"Thanh toán nhanh chóng nhiều dịch vụ hoàn toàn miễn phí,bảo mật cao an toàn cho người sử dụng",5,5,4,5,5,5, I do not use this bank product, I do not use this bank product,5, I do not use this bank product, I do not use this bank product, I do not use this bank product,,,,5,Not use in recent 1 month,Not use in recent 1 month,Not use in recent 1 month,5,,,,10.0,10.0,10.0,10.0,10.0,9.0,VPBank,VPBank,VPBank,VPBank,,,,,VPBank,VPBank,VPBank,VPBank,,,,,,1.0,,,,,,1.0,,,,,,1.0,,,,,,1.0,,,,,,0.0,,,,,,0.0,,,,,,0.0,,,,,,0.0,,,,,,1.0,,,,,,1.0,,,,,,1.0,,,,,,1.0,Q3'25,0.0,1.0202777777777776,0.0,1.0203636363636364,0.0,0.0,0.0,1.088499476613562,,0.0,,1.088605715871254,0.0,0.0,0.0,0.0,,,,,,0.0,,0.0,0.0,0.0,,0.0,0.0,0.0,,0.0,,0.0,,0.0,,1.088203125,,0.0,,0.0,,0.0,,0.0,,0.0,,0.0,,0.0,0.0,0.0,,0.0,0.0,1.0887798092209855,,0.0,,0.0,0.0,0.0,0.0,,0.0,0.0,0.0,,
2388,Q1_Aug'25###40940iOZTjRvZ/Dn8ar5VJIBNiw==,40940iOZTjRvZ/Dn8ar5VJIBNiw==,Q1,Vietcombank,36-45,Aug'25,Q3'25,Offline,Female,Ha Noi,MAFF,Vietcombank,,,,,,Vietcombank,,MBBank,,,,,,,,9.0,"Ngân hàng uy tín ,lâu đời",Không có,10,"Khi vào ứng dụng nhanh , tính bảo mật khi chuyển khoản cao",5,5,4,4,4,5,5, I do not use this bank product,4, I do not use this bank product, I do not use this bank product, I do not use this bank product,4.0,Terms deposit,Lãi xuất vẫn thấp hơn 1 số ngân hàng khác,4,Not use in recent 1 month,Not use in recent 1 month,Not use in recent 1 month,5,4.0,Branch,Phòng giao dịch đôi khi đông chờ lâu,9.0,10.0,9.0,9.0,9.0,10.0,,,,,Vietcombank,Vietcombank,Vietcombank,Vietcombank,Vietcombank,Vietcombank,Vietcombank,Vietcombank,,,0.0,,,,,,0.0,,,,,,0.0,,,,,,0.0,,,,,,1.0,,,,,,1.0,,,,,,1.0,,,,,,1.0,,,,,,1.0,,,,,,1.0,,,,,,1.0,,,,,,1.0,,,,Q3'25,0.0,0.0,0.0,0.9090322580645162,0.0,0.0,0.0,0.0,0.0,0.0,0.0,0.7786916593968096,0.0,0.0,0.0,0.0,,,,0.0,0.0,,0.0,0.0,,,0.0,0.0,0.0,0.0,0.0,0.0,0.0,0.0,0.0,0.0,0.0,0.0,0.0,0.0,,0.0,,0.0,,0.0,0.0,0.0,0.0,0.0,0.0,0.0,,0.0,,0.0,0.0,0.7786094877219756,0.0,0.0,0.0,0.0,0.0,0.0,0.0,0.0,,0.0,0.0,,
2389,Q1_Aug'25###40941I/MsaV9ZCnw4oRNmdgKmiA==,40941I/MsaV9ZCnw4oRNmdgKmiA==,Q1,BIDV,36-45,Aug'25,Q3'25,Offline,Female,Ha Noi,AFF,VPBank,Vietcombank,BIDV,,,,BIDV,,MBBank,MSB,Vietinbank,Techcombank,ACB,,,,9.0,"BIDV là ngân hàng lớn tại việt nam, uy tín, đa dạng các dịch vụ phù hợp với nhiều đối tượng khách hàng,  chất lượng nhân viên phục vụ chu đáo nhiệt tình.",Không có,10,"Ứng dụng có giao diện mới, bắt mắt, đầy đủ các tính năng, tiện lợi khi dùng. Quan trọng là an toàn và bảo mật cao.",4,5,4,5,4, I do not use this bank product,5, I do not use this bank product,4, I do not use this bank product, I do not use this bank product, I do not use this bank product,4.0,Terms deposit,"Tiệt kiệm an toàn bảo mật cao, có nhiều hạn mức kỳ hạn phù hợp cho nhiều đối tượng khách hàng.",5,Not use in recent 1 month,Not use in recent 1 month,Not use in recent 1 month,Not use in recent 1 month,,,,9.0,9.0,9.0,9.0,9.0,10.0,BIDV,BIDV,Missing lable,BIDV,,,,,BIDV,BIDV,BIDV,BIDV,,,,1.0,,,,,,1.0,,,,,,0.0,,,,,,1.0,,,,,,0.0,,,,,,0.0,,,,,,0.0,,,,,,0.0,,,,,,1.0,,,,,,1.0,,,,,,1.0,,,,,,1.0,,,Q3'25,0.0,1.075357142857143,0.0,1.0751923076923076,0.0,0.0,0.0,1.009468443627451,0.0,0.0,0.0,1.0095707179930795,0.0,0.0,0.0,0.0,,,,,0.0,0.0,,0.0,0.0,0.0,0.0,0.0,,0.0,0.0,0.0,,0.0,,1.0096075367647055,0.0,0.0,,,,,,,,0.0,0.0,0.0,0.0,0.0,0.0,1.0092945772058823,,0.0,0.0,0.0,,1.0095416505417958,,0.0,,0.0,0.0,0.0,0.0,0.0,0.0,0.0,0.0,,
2390,Q1_Aug'25###40942oBF2C/+YFXngeUw0p67ejQ==,40942oBF2C/+YFXngeUw0p67ejQ==,Q1,ACB,36-45,Aug'25,Q3'25,Offline,Female,Ha Noi,AFF,ACB,BIDV,MBBank,,,,ACB,,VPBank,MSB,Vietinbank,Techcombank,Vietcombank,,,,8.0,"Phòng giao dịch sạch sẽ, thoáng mát, không phải chờ , nhân viên hỗ trợ nhiệt tình.",,9,"Ứng dụng có màu xanh mát mắt, dễ sử dụng, thao tác nhanh chóng và an toàn.",4,5,3,4,4, I do not use this bank product,4, I do not use this bank product,4, I do not use this bank product, I do not use this bank product, I do not use this bank product,4.0,Terms deposit,"Không có trương trình khuyến mãi, ưu đãi cho khách hàng có gửi hạn mức cao.",4,Not use in recent 1 month,Not use in recent 1 month,Not use in recent 1 month,3,3.0,ATM,Ít cây ATM không thuận tiện để rút tiền.,8.0,9.0,8.0,8.0,8.0,8.0,ACB,Techcombank,MBBank,Missing lable,,,,,ACB,ACB,ACB,Techcombank,,1.0,,,,,,0.0,,,,,,0.0,,,,,,0.0,,,,,,0.0,,,,,,0.0,,,,,,0.0,,,,,,0.0,,,,,,1.0,,,,,,1.0,,,,,,1.0,,,,,,0.0,,,,,Q3'25,1.086875,0.0,0.0,1.087,0.0,0.0,0.730034722222222,0.0,0.0,0.0,0.0,0.0,0.7283564814814814,0.0,0.0,0.0,,,,0.0,,0.0,,0.0,0.0,0.0,,0.0,0.0,0.0,0.7294753086419751,0.0,,0.0,0.0,0.0,,0.0,,0.0,,0.0,,0.0,,0.0,0.0,0.0,,0.0,0.0,0.0,0.7317129629629628,0.0,,0.0,,0.0,0.0,0.0,,0.0,0.0,0.0,0.0,,,0.0,0.0,,
2391,Q1_Aug'25###40943CoN7rv3X/ePaj2j/+kA0XQ==,40943CoN7rv3X/ePaj2j/+kA0XQ==,Q1,VPBank,46-55,Aug'25,Q3'25,Offline,Female,Ha Noi,AFF,MBBank,VPBank,,,,,VPBank,,MSB,Vietinbank,Techcombank,ACB,Vietcombank,BIDV,,,8.0,"Các phí dịch vụ thấp hơn, nhân viên phục vụ nhiệt tình chu đáo hơn.",,8,"Nhanh hơn, dễ sử dụng hơn, ít lỗi khi giao dịch.",4,4,3,4,4, I do not use this bank product,4, I do not use this bank product,4, I do not use this bank product, I do not use this bank product, I do not use this bank product,4.0,Credit card,"Phí lãi cao, ít được hoàn tiền khi đi mua sắm.",4,Not use in recent 1 month,Not use in recent 1 month,Not use in recent 1 month,Not use in recent 1 month,4.0,Branch,Nhân viên không được chu đáo và nhiệt tình.,8.0,8.0,8.0,8.0,8.0,9.0,VPBank,MBBank,MBBank,Missing lable,,,,,VPBank,Missing lable,VPBank,MBBank,,,,,,1.0,,,,,,0.0,,,,,,0.0,,,,,,0.0,,,,,,0.0,,,,,,0.0,,,,,,0.0,,,,,,0.0,,,,,,1.0,,,,,,0.0,,,,,,1.0,,,,,,0.0,Q3'25,0.0,0.0,0.0,1.0203636363636364,1.0202857142857142,0.0,0.0,0.0,,0.0,,0.0,0.5619444444444444,0.0,0.5619444444444442,0.0,,,,,,0.0,,0.0,0.0,0.0,,0.0,0.0,0.0,,0.0,,0.0,,0.0,,0.0,,0.0,,0.0,,0.0,,0.0,,0.0,,0.0,,0.0,0.5619444444444444,0.0,,0.0,0.0,0.0,,0.0,,0.0,0.5619444444444444,0.0,0.0,,0.0,0.0,0.0,,
2392,Q1_Aug'25###40944LoqGvAhPBYrPkKPcQbExdw==,40944LoqGvAhPBYrPkKPcQbExdw==,Q1,Techcombank,46-55,Aug'25,Q3'25,Offline,Male,Ho Chi Minh,AFF,Techcombank,,,,,,Techcombank,,Vietinbank,ACB,Vietcombank,BIDV,MBBank,VPBank,MSB,,10.0,"Ngân hàng lớn được nhiều người dùng và có nhiều trụ atm dễ rút tiền, ứng dụng chuyển tiền nhanh và miễn phí",đã tốt rồi không cần cải thiện thêm,9,"Chuyển tiền nhanh được miễn phí, bảo mật tốt thông tin khách hàng nên yên tâm, ít bảo trì",5,5,5,4,5,5,5, I do not use this bank product,4, I do not use this bank product,5, I do not use this bank product,4.0,Terms deposit,Lãi suất gửi cảm thấy ít hơn các ngân hàng khác,5,Not use in recent 1 month,Not use in recent 1 month,Not use in recent 1 month,4,4.0,ATM,Atm của techcom bank có nhiều cây chỉ cho rút từ 500k trở lên,10.0,9.0,10.0,9.0,10.0,10.0,Techcombank,Techcombank,Techcombank,Techcombank,,,,,Techcombank,Techcombank,Techcombank,Techcombank,1.0,,,,,,1.0,,,,,,1.0,,,,,,1.0,,,,,,0.0,,,,,,0.0,,,,,,0.0,,,,,,0.0,,,,,,1.0,,,,,,1.0,,,,,,1.0,,,,,,1.0,,,,,,Q3'25,0.8404,0.0,0.0,0.8403076923076923,0.8402777777777778,0.9006671262254901,0.0,0.0,0.0,0.0,,0.9005503393665156,,0.900555491727941,0.0,0.900220588235294,,,,0.0,,0.0,,0.0,,0.0,,0.900220588235294,,0.0,,0.0,,0.0,,0.0,,0.0,0.0,0.0,,,,0.0,,0.0,,0.0,,0.0,,0.0,,0.0,,0.0,,0.9006766270337921,,0.0,,0.9002205882352939,0.0,0.0,,,,0.0,0.0,,
2393,Q1_Aug'25###40945+ZQYakd3Ed1xsfZ3nGnQ9g==,40945+ZQYakd3Ed1xsfZ3nGnQ9g==,Q1,Techcombank,46-55,Aug'25,Q3'25,Offline,Male,Ha Noi,MAFF,MBBank,Techcombank,,,,,Techcombank,,ACB,Vietcombank,BIDV,VPBank,MSB,Vietinbank,,,10.0,"Có nhiều phòng giao dịch khắp nơi trên thành phố. Đa dạng sản phẩm phù hợp với nhiều khách hàng cá nhân, khách hàng cty. Nhân viên nhiệt tình hướng dẫn đầy đủ.",Không có,9,"Ap dễ dùng, thao tác đơn giản, bảo mật cao, chuyển tiền nhanh rất ít khi bị lỗi trong khi giao dịch",4,5,4,5,4, I do not use this bank product, I do not use this bank product, I do not use this bank product, I do not use this bank product, I do not use this bank product, I do not use this bank product, I do not use this bank product,,,,4,Not use in recent 1 month,Not use in recent 1 month,Not use in recent 1 month,5,4.0,Branch,"Vì phòng giao dịch luôn luôn đông khách, mỗi khi tôi giao dịch toàn phải chờ đợi khá lâu.",9.0,9.0,9.0,9.0,10.0,10.0,,,,,Techcombank,Techcombank,Techcombank,Techcombank,Techcombank,Techcombank,Techcombank,Techcombank,0.0,,,,,,0.0,,,,,,0.0,,,,,,0.0,,,,,,1.0,,,,,,1.0,,,,,,1.0,,,,,,1.0,,,,,,1.0,,,,,,1.0,,,,,,1.0,,,,,,1.0,,,,,,Q3'25,0.8404,0.8404444444444444,0.0,0.8403076923076923,0.0,0.9006671262254901,0.0,0.9004641544117645,0.0,0.0,,0.9005503393665156,,0.0,0.0,0.0,,,,0.0,,0.0,,0.0,,0.0,,0.0,,0.9007077205882351,,0.0,,0.0,,0.9006865409207159,,0.0,0.0,0.0,,,,0.0,,0.0,,0.0,,0.0,,0.9009350490196076,,0.900220588235294,,0.0,,0.0,,0.0,,0.0,0.0,0.0,,,,0.0,0.0,,
2394,Q1_Aug'25###40946b4UjJiFVGb1dh2sz5qTONw==,40946b4UjJiFVGb1dh2sz5qTONw==,Q1,Vietcombank,36-45,Aug'25,Q3'25,Offline,Female,Ha Noi,AFF,MBBank,Techcombank,Vietcombank,,,,Vietcombank,,VPBank,Vietinbank,,,,,,,7.0,Cải thiện phí dịch vụ như tin nhắn hoặc sao kê,,8,Ko cần cải thiện gì,4,4,2,4,4, I do not use this bank product, I do not use this bank product, I do not use this bank product,4,4,4, I do not use this bank product,4.0,Terms deposit,Vì lãi suất kém cạnh tranh so với các ngân hàng khác,5,4,4,Not use in recent 1 month,5,4.0,Telesales,"Vì ko có gì đặc sắc, tư vấn cũng chỉ đủ mà ko để lại sự mong muốn sử dụng tối ưu",10.0,6.0,9.0,10.0,9.0,10.0,Techcombank,VPBank,VPBank,VPBank,,,,,Vietcombank,Vietcombank,Vietcombank,VPBank,,,0.0,,,,,,0.0,,,,,,0.0,,,,,,0.0,,,,,,0.0,,,,,,0.0,,,,,,0.0,,,,,,0.0,,,,,,1.0,,,,,,1.0,,,,,,1.0,,,,,,0.0,,,,Q3'25,0.0,0.0,0.0,0.0,0.9091304347826088,0.0,0.0,0.0,0.0,0.0,0.0,0.0,0.0,0.0,1.785914702581369,0.0,,,,0.0,0.0,,0.0,0.0,,,0.0,0.0,0.0,0.0,0.0,0.0,0.0,0.0,0.0,0.0,0.0,0.0,0.0,0.0,,0.0,,0.0,,0.0,0.0,0.0,0.0,0.0,0.0,0.0,,0.0,,0.0,0.0,0.0,0.0,0.0,0.0,0.0,1.7877006172839505,0.0,0.0,0.0,,0.0,0.0,,
2395,Q1_Aug'25###409476uaa5fpnjIeVSjgrNbyRsw==,409476uaa5fpnjIeVSjgrNbyRsw==,Q1,Vietcombank,36-45,Aug'25,Q3'25,Offline,Female,Ha Noi,AFF,Techcombank,Vietcombank,,,,,Vietcombank,,MBBank,ACB,,,,,,,9.0,"Uy tín , lâu đời là ngân hàng nổi tiếng cho các doanh nghiẹp",Không có,10,"Cài app nhanh dễ đăng nhập có nhiều ứng dụng liên kết với các chương trình mua sắm ,đặt vé",5,4,4,5,4,5,5, I do not use this bank product,4, I do not use this bank product, I do not use this bank product, I do not use this bank product,4.0,Terms deposit,Lãi xuất hơi thấp,5,Not use in recent 1 month,4,Not use in recent 1 month,5,4.0,Call Center,Nhiều lúc gọi lên vẫn không gọi được,10.0,9.0,10.0,9.0,9.0,10.0,Vietcombank,Vietcombank,Vietcombank,Vietcombank,,,,,MBBank,Vietcombank,Vietcombank,Vietcombank,,,1.0,,,,,,1.0,,,,,,1.0,,,,,,1.0,,,,,,0.0,,,,,,0.0,,,,,,0.0,,,,,,0.0,,,,,,0.0,,,,,,1.0,,,,,,1.0,,,,,,1.0,,,,Q3'25,0.0,0.0,0.0,0.9090322580645162,0.0,0.0,0.0,0.0,0.0,0.0,0.0,0.7786916593968096,0.0,0.0,0.0,0.0,,,,0.0,0.0,,0.0,0.0,,,0.0,0.0,0.0,0.0,0.0,0.0,0.0,0.0,0.0,0.0,0.0,0.0,0.0,0.0,,0.0,,0.0,,0.0,0.0,0.0,0.0,0.0,0.0,0.0,,0.0,,0.0,0.0,0.7786094877219756,0.0,0.0,0.0,0.0,0.0,0.0,0.0,0.0,,0.0,0.0,,
2396,Q1_Aug'25###40948VQetZ9Afs2VdPsX6W/fwNw==,40948VQetZ9Afs2VdPsX6W/fwNw==,Q1,BIDV,46-55,Aug'25,Q3'25,Offline,Male,Ha Noi,AFF,Techcombank,Vietcombank,BIDV,,,,BIDV,,MBBank,VPBank,MSB,Vietinbank,ACB,,,,10.0,BIDV cung cấp chương trình khách hàng thân thiết linh hoạt mang lại trải nghiệm hài lòng cho mọi khách hàng sử dụng dịch vụ,Không có,10,"Giao diện bắt mắt,dễ nhìn. Ứng dụng chạy mượt mà,nhanh không bị lỗi.",5,5,4,5,5,5, I do not use this bank product, I do not use this bank product,4, I do not use this bank product, I do not use this bank product, I do not use this bank product,4.0,Terms deposit,Mức lãi suất tiền gửi chưa thật sự hấp dẫn,5,Not use in recent 1 month,Not use in recent 1 month,Not use in recent 1 month,5,,,,9.0,10.0,10.0,10.0,10.0,10.0,BIDV,BIDV,BIDV,BIDV,,,,,BIDV,BIDV,BIDV,BIDV,,,,1.0,,,,,,1.0,,,,,,1.0,,,,,,1.0,,,,,,0.0,,,,,,0.0,,,,,,0.0,,,,,,0.0,,,,,,1.0,,,,,,1.0,,,,,,1.0,,,,,,1.0,,,Q3'25,0.0,1.075357142857143,0.0,1.0751923076923076,0.0,0.0,0.0,1.009468443627451,0.0,0.0,0.0,1.0095707179930795,0.0,0.0,0.0,0.0,,,,,0.0,0.0,,0.0,0.0,0.0,0.0,0.0,,0.0,0.0,0.0,,1.010859375,,0.0,0.0,0.0,,,,,,,,0.0,0.0,0.0,0.0,0.0,0.0,0.0,,0.0,0.0,0.0,,0.0,,1.0097213402406418,,0.0,0.0,0.0,0.0,0.0,0.0,0.0,0.0,,
2397,Q1_Aug'25###40949XgCtHXsFXnbdXotHebcS4Q==,40949XgCtHXsFXnbdXotHebcS4Q==,Q1,VPBank,25-35,Aug'25,Q3'25,Offline,Female,Ho Chi Minh,MAFF,VPBank,,,,,,VPBank,,MBBank,MSB,Vietinbank,Techcombank,ACB,Vietcombank,BIDV,,9.0,"Đáp ứng  được mọi nhu cầu của khách hàng mở thẻ nhanh chóng , lãi suất tiết kiệm cao ngân hàng lớn uy tín",Không có,10,"Giao diện dễ nhìn miễn phí rút chuyển khoản, app đầy đủ các ứng dụng thanh toán hóa đơn điện nước mua sắm tiện lợi",5,4,5,5,4,5,5, I do not use this bank product,5, I do not use this bank product, I do not use this bank product, I do not use this bank product,,,,Not use in recent 1 month,Not use in recent 1 month,Not use in recent 1 month,5,5,,,,10.0,9.0,9.0,10.0,9.0,10.0,,,,,VPBank,Other,VPBank,Techcombank,VPBank,VPBank,Other,VPBank,,,,,,0.0,,,,,,0.0,,,,,,0.0,,,,,,0.0,,,,,,1.0,,,,,,0.0,,,,,,1.0,,,,,,0.0,,,,,,1.0,,,,,,1.0,,,,,,0.0,,,,,,1.0,Q3'25,0.0,0.0,1.0203448275862068,1.0203636363636364,1.0202857142857142,0.0,0.0,0.0,,1.0885710097616632,,1.088605715871254,0.0,1.0885472752609109,0.0,0.0,,,,,,0.0,,0.0,0.0,0.0,,0.0,0.0,0.0,,0.0,,0.0,,0.0,,0.0,,0.0,,0.0,,0.0,,0.0,,1.088203125,,0.0,,0.0,0.0,0.0,,0.0,0.0,1.0887798092209855,,0.0,,0.0,0.0,1.0889143688725489,0.0,,0.0,0.0,0.0,,
2398,Q1_Aug'25###40950h67VRt19ahQy0vG0SDzU1g==,40950h67VRt19ahQy0vG0SDzU1g==,Q1,ACB,36-45,Aug'25,Q3'25,Offline,Male,Ha Noi,AFF,ACB,MBBank,,,,,ACB,,VPBank,MSB,Vietinbank,Techcombank,Vietcombank,BIDV,,,10.0,"Giao dịch nhanh chóng,thuận tiện. Nhân viên nhiệt tình chuyên nghiệp.",Không có,10,"Dễ dàng sử dụng,có nhiều tiện ích vượt trội và được bảo mật nhiều lớp an toàn cho khách hàng",5,5,4,5,5,5, I do not use this bank product, I do not use this bank product,5, I do not use this bank product, I do not use this bank product, I do not use this bank product,,,,5,Not use in recent 1 month,Not use in recent 1 month,Not use in recent 1 month,5,,,,10.0,10.0,10.0,10.0,10.0,10.0,ACB,ACB,ACB,ACB,,,,,ACB,ACB,ACB,ACB,,1.0,,,,,,1.0,,,,,,1.0,,,,,,1.0,,,,,,0.0,,,,,,0.0,,,,,,0.0,,,,,,0.0,,,,,,1.0,,,,,,1.0,,,,,,1.0,,,,,,1.0,,,,,Q3'25,1.086875,0.0,1.0870967741935484,1.087,0.0,1.1399762834821427,0.0,0.0,0.0,1.140092545638945,0.0,1.140092545638945,0.0,0.0,0.0,0.0,,,,0.0,,0.0,,0.0,0.0,0.0,,0.0,0.0,0.0,0.0,1.1381031709558822,,0.0,0.0,0.0,,0.0,,0.0,,0.0,,0.0,,1.1398514093137253,0.0,0.0,,0.0,0.0,1.1399912683823528,0.0,0.0,,0.0,,0.0,0.0,1.1398514093137253,,0.0,0.0,0.0,0.0,,,0.0,0.0,,
2399,Q1_Aug'25###40951tTTiOTxeVCgOxPUoexecbQ==,40951tTTiOTxeVCgOxPUoexecbQ==,Q1,VPBank,25-35,Aug'25,Q3'25,Offline,Female,Ha Noi,MAFF,MBBank,VPBank,Techcombank,,,,VPBank,,Vietcombank,,,,,,,,10.0,"Dịch vụ tốt, chăm sóc khách hàng tận tâm, tiện ích đa dạng",hiện rất hài lòng không cần cải thiện gì thêm,10,nhiều tiện ích đa dạng,5,4,5,5,5,5,5,5,5,4,4,4,4.0,Secured Loan,lãi suất và phí chưa thật sự cạnh tranh,5,5,4,5,5,4.0,Call Center,thời gian chờ gặp tổng đài viên khá lâu.,10.0,10.0,10.0,10.0,10.0,10.0,,,,,VPBank,VPBank,VPBank,VPBank,VPBank,VPBank,VPBank,VPBank,,,,,,0.0,,,,,,0.0,,,,,,0.0,,,,,,0.0,,,,,,1.0,,,,,,1.0,,,,,,1.0,,,,,,1.0,,,,,,1.0,,,,,,1.0,,,,,,1.0,,,,,,1.0,Q3'25,0.0,1.0202777777777776,1.0203448275862068,1.0203636363636364,0.0,0.0,0.0,1.088499476613562,,1.0885710097616632,,1.088605715871254,0.0,0.0,0.0,0.0,,,,,,0.0,,0.0,0.0,0.0,,0.0,0.0,0.0,,0.0,,0.0,,1.0887958282271244,,0.0,,0.0,,0.0,,0.0,,0.0,,0.0,,1.088203125,,0.0,0.0,1.088203125,,0.0,0.0,0.0,,0.0,,0.0,0.0,0.0,0.0,,0.0,0.0,0.0,,
2400,Q1_Aug'25###40952Jvz0Hs7EJOnrQAnkjd5Q0Q==,40952Jvz0Hs7EJOnrQAnkjd5Q0Q==,Q1,Techcombank,46-55,Aug'25,Q3'25,Offline,Female,Ha Noi,AFF,Techcombank,,,,,,Techcombank,,Vietinbank,ACB,Vietcombank,BIDV,MBBank,VPBank,MSB,,10.0,Ngân hàng phục vụ rất chuyên nghiệp và có đội ngũ nhân viên rất nhiệt tình..nhanh vui vẻ với khách hàng,Nói chung la tốt tôi không có ý kiến thêm .. mong ngân hàng phát huy về phục vụ khách hàng chu đáo và nhiệt tình hơn nữa ... Là một ngân hàng đáng tin cậy để người dân gửi tiền vào. Đảm bảo và uy tín,10,Ứng dụng linh hoạt dễ sử dụng,4,4,4,4,4,4,4,4,4,4,4,4,4.0,Credit card,Mình chỉ đánh giá được như vậy,5,5,5,5,5,,,,10.0,10.0,10.0,10.0,10.0,10.0,Techcombank,Techcombank,Techcombank,Techcombank,,,,,Techcombank,Techcombank,Techcombank,Techcombank,1.0,,,,,,1.0,,,,,,1.0,,,,,,1.0,,,,,,0.0,,,,,,0.0,,,,,,0.0,,,,,,0.0,,,,,,1.0,,,,,,1.0,,,,,,1.0,,,,,,1.0,,,,,,Q3'25,0.0,0.0,0.8402499999999999,0.8403076923076923,0.0,0.0,0.0,0.0,0.0,0.9004885110294116,,0.9005503393665156,,0.0,0.0,0.0,,,,0.0,,0.0,,0.0,,0.0,,0.0,,0.0,,0.0,,0.0,,0.0,,0.0,0.0,0.0,,,,0.0,,0.9007846362229102,,0.0,,0.0,,0.9009350490196076,,0.900220588235294,,0.0,,0.0,,0.0,,0.0,0.0,0.0,,,,0.0,0.0,,
2401,Q1_Aug'25###40953dStgjeKn7KQ9yYvPgXrVSw==,40953dStgjeKn7KQ9yYvPgXrVSw==,Q1,MBBank,25-35,Aug'25,Q3'25,Offline,Male,Ha Noi,AFF,MBBank,,,,,,MBBank,,Techcombank,ACB,Vietcombank,BIDV,VPBank,Vietinbank,,,10.0,"Nhiều chính sách hỗ trợ khách hàng tốt, app dễ sử dụng",Không có,10,"App dễ sử dụng , giao diện thân thiện",4,5,5,5,5,4,5,4,5,4,4,4,4.0,Bond/Funds,Lãi suất của sản phẩm này chưa được như mong đợi của tôi,5,5,5,5,5,,,,10.0,10.0,10.0,10.0,10.0,10.0,MBBank,Missing lable,MBBank,Missing lable,,,,,MBBank,MBBank,MBBank,MBBank,,,,,1.0,,,,,,0.0,,,,,,1.0,,,,,,0.0,,,,,,0.0,,,,,,0.0,,,,,,0.0,,,,,,0.0,,,,,,1.0,,,,,,1.0,,,,,,1.0,,,,,,1.0,,Q3'25,1.041777777777778,1.0417241379310345,0.0,0.0,0.0,1.0596181832107845,0.0,1.0594298066448804,0.0,0.0,0.0,0.0,,0.0,0.0,0.0,,,,0.0,,0.0,,1.0597723094919789,,0.0,0.0,0.0,,0.0,0.0,0.0,,1.060465877757353,,0.0,0.0,0.0,,,0.0,0.0,,0.0,,0.0,,0.0,,0.0,0.0,0.0,,0.0,,0.0,,0.0,,0.0,,0.0,,0.0,0.0,0.0,0.0,0.0,,,
2402,Q1_Aug'25###40954y9uhwf187s+FnRv9OHV8yQ==,40954y9uhwf187s+FnRv9OHV8yQ==,Q1,Vietcombank,36-45,Aug'25,Q3'25,Offline,Female,Ha Noi,AFF,VPBank,Vietcombank,,,,,Vietcombank,,ACB,BIDV,MBBank,MSB,Vietinbank,Techcombank,,,10.0,Ngân hàng lớn và uy tín được bạn bè tôi và nhiều người thân của tôi lựa chọn và sử dụng,Luôn phát huy được sự chuyên nghiệp để khách hàng luôn tin tưởng và lựa chọn,10,"Giao diện chuyển tiền đơn giản và dễ thao tác, chuyển và nhận tiền nhanh, app giao dịch ít bị lỗi",4,5,4,5,5,5,4, I do not use this bank product,4, I do not use this bank product, I do not use this bank product, I do not use this bank product,4.0,Terms deposit,Lãi suất tiết kiệm năm và tháng thấp hơn so với các ngân hàng khác ngoài thị trường,5,Not use in recent 1 month,Not use in recent 1 month,Not use in recent 1 month,4,4.0,ATM,Thỉnh thoảng cây rút tiền bị lỗi giao dịch và hết tiền gây bất tiện cho khách hàng,10.0,9.0,10.0,9.0,10.0,10.0,Vietcombank,Vietcombank,Vietcombank,Vietcombank,,,,,Vietcombank,Vietcombank,Vietcombank,Vietcombank,,,1.0,,,,,,1.0,,,,,,1.0,,,,,,1.0,,,,,,0.0,,,,,,0.0,,,,,,0.0,,,,,,0.0,,,,,,1.0,,,,,,1.0,,,,,,1.0,,,,,,1.0,,,,Q3'25,0.0,0.0,0.0,0.9090322580645162,0.0,0.0,0.0,0.0,0.0,0.0,0.0,0.7786916593968096,0.0,0.0,0.0,0.0,,,,0.0,0.0,,0.0,0.0,,,0.0,0.0,0.0,0.0,0.0,0.0,0.0,0.0,0.0,0.0,0.0,0.0,0.0,0.0,,0.0,,0.0,,0.0,0.0,0.0,0.0,0.0,0.0,0.0,,0.0,,0.0,0.0,0.7786094877219756,0.0,0.0,0.0,0.0,0.0,0.0,0.0,0.0,,0.0,0.0,,
